cog_id,root,Dscore,Statistic,Pvalue,AdjPvalue,clade_name,protein_id,ssp_id,preferred_name
NOG241813,1,0.9884,6.531,3.27e-11,1.12e-7,Saccharomyces,YDR417C,4932,YDR417C
NOG241813,1,0.9884,6.531,3.27e-11,1.12e-7,Saccharomyces,YEL053W-A,4932,YEL053W-A
NOG38294,1,0.997,6.52,3.53e-11,1.2e-7,Saccharomyces,YIL142C-A,4932,YIL142C-A
NOG43640,1,0.9989,6.49,4.28e-11,1.46e-7,Saccharomyces,YPL197C,4932,YPL197C
NOG66093,1,0.961,6.443,5.87e-11,2e-7,Saccharomyces,Q0140,4932,VAR1
NOG23906,1,0.9372,6.427,6.51e-11,2.22e-7,Saccharomyces,Q0255,4932,Q0255
NOG42774,1,0.9801,6.416,6.98e-11,2.38e-7,Saccharomyces,YPL135C-A,4932,YPL135C-A
NOG233287,1,0.9632,6.403,7.62e-11,2.6e-7,Saccharomyces,YLR339C,4932,YLR339C
NOG07641,1,0.951,6.398,7.86e-11,2.68e-7,Saccharomyces,YAL004W,4932,YAL004W
NOG73141,1,0.9349,6.392,8.21e-11,2.8e-7,Saccharomyces,YNL018C,4932,YNL018C
NOG73141,1,0.9349,6.392,8.21e-11,2.8e-7,Saccharomyces,YNL034W,4932,YNL034W
NOG231961,1,0.9892,6.386,8.54e-11,2.92e-7,Saccharomyces,YLR162W,4932,YLR162W
NOG238484,1,0.9892,6.348,1.09e-10,3.71e-7,Saccharomyces,YGR160W,4932,YGR160W
COG4283,1,0.9989,6.34,1.15e-10,3.92e-7,Saccharomyces,YDR540C,4932,IRC4
NOG262320,1,0.9892,6.337,1.17e-10,3.99e-7,Saccharomyces,YDL228C,4932,YDL228C
NOG41028,1,0.9884,6.329,1.23e-10,4.2e-7,Saccharomyces,YEL030C-A,4932,YEL030C-A
NOG36949,1,0.9942,6.319,1.32e-10,4.51e-7,Saccharomyces,YCR013C,4932,YCR013C
NOG68876,1,0.9892,6.311,1.39e-10,4.74e-7,Saccharomyces,YKL083W,4932,YKL083W
NOG61869,1,0.9756,6.308,1.41e-10,4.83e-7,Saccharomyces,YJL199C,4932,MBB1
NOG231291,1,0.9349,6.3,1.49e-10,5.09e-7,Saccharomyces,YDR534C,4932,FIT1
NOG231291,1,0.9349,6.3,1.49e-10,5.09e-7,Saccharomyces,YOR383C,4932,FIT3
NOG237664,1,0.9349,6.277,1.72e-10,5.88e-7,Saccharomyces,YML083C,4932,YML083C
NOG86219,1,0.9937,6.25,2.05e-10,7e-7,Saccharomyces,Q0160,4932,SCEI
NOG65003,1,0.9954,6.25,2.05e-10,7e-7,Saccharomyces,YLR154W-B,4932,YLR154W-B
NOG34358,1,0.9794,6.243,2.14e-10,7.32e-7,Saccharomyces,YLR338W,4932,OPI9
NOG273660,1,0.9024,6.24,2.18e-10,7.45e-7,Saccharomyces,YOR304C-A,4932,BIL1
NOG09799,1,0.8666,6.24,2.18e-10,7.46e-7,Saccharomyces,YOR380W,4932,RDR1
NOG43177,1,0.9121,6.231,2.31e-10,7.89e-7,Saccharomyces,YAL055W,4932,PEX22
NOG283576,1,0.9512,6.22,2.49e-10,8.5e-7,Saccharomyces,YNR044W,4932,AGA1
COG2015,1,0.8224,6.216,2.55e-10,8.7e-7,Saccharomyces,YOL164W,4932,BDS1
NOG43865,1,0.9891,6.21,2.65e-10,9.06e-7,Saccharomyces,YJL026C-A,4932,YJL026C-A
NOG245578,1,0.9974,6.204,2.76e-10,9.41e-7,Saccharomyces,YGL102C,4932,YGL102C
NOG40477,1,0.8344,6.203,2.78e-10,9.48e-7,Saccharomyces,YLR154W-E,4932,YLR154W-E
NOG32640,1,0.8568,6.188,3.05e-10,1.04e-6,Saccharomyces,YJL161W,4932,FMP33
NOG23243,1,0.8812,6.182,3.16e-10,1.08e-6,Saccharomyces,YBR297W,4932,MAL33
NOG23243,1,0.8812,6.182,3.16e-10,1.08e-6,Saccharomyces,YFL052W,4932,ZNF1
NOG23243,1,0.8812,6.182,3.16e-10,1.08e-6,Saccharomyces,YGR288W,4932,MAL13
NOG23243,1,0.8812,6.182,3.16e-10,1.08e-6,Saccharomyces,YPR196W,4932,YPR196W
COG3506,1,0.8324,6.181,3.18e-10,1.08e-6,Saccharomyces,YJL217W,4932,REE1
NOG43132,1,0.9024,6.153,3.81e-10,1.3e-6,Saccharomyces,YDL232W,4932,OST4
NOG66658,1,0.961,6.15,3.86e-10,1.32e-6,Saccharomyces,YPR199C,4932,ARR1
NOG18491,1,0.8688,6.143,4.04e-10,1.38e-6,Saccharomyces,YGL258W,4932,VEL1
NOG18491,1,0.8688,6.143,4.04e-10,1.38e-6,Saccharomyces,YOR387C,4932,YOR387C
NOG273358,1,0.9219,6.135,4.25e-10,1.45e-6,Saccharomyces,YDR119W-A,4932,COX26
NOG254873,1,0.7983,6.126,4.51e-10,1.54e-6,Saccharomyces,YBL039W-B,4932,YBL039W-B
NOG248449,1,0.9115,6.08,6.01e-10,2.05e-6,Saccharomyces,Q0080,4932,ATP8
NOG272977,1,0.8861,6.069,6.42e-10,2.19e-6,Saccharomyces,YDL223C,4932,HBT1
COG0043,1,0.825,6.052,7.16e-10,2.44e-6,Saccharomyces,YDR539W,4932,FDC1
NOG44785,1,0.8373,6.039,7.75e-10,2.64e-6,Saccharomyces,YKL109W,4932,HAP4
NOG276696,1,0.9756,6.022,8.62e-10,2.94e-6,Saccharomyces,YEL028W,4932,YEL028W
NOG36028,1,0.9349,6.019,8.75e-10,2.99e-6,Saccharomyces,YOR382W,4932,FIT2
NOG249965,1,0.834,6.008,9.39e-10,3.21e-6,Saccharomyces,YJR094C,4932,IME1
NOG272343,1,0.8471,5.96,1.26e-9,4.31e-6,Saccharomyces,YHR185C,4932,PFS1
NOG72016,1,0.9024,5.954,1.31e-9,4.48e-6,Saccharomyces,YLR154C-H,4932,YLR154C-H
NOG72016,1,0.9024,5.954,1.31e-9,4.48e-6,Saccharomyces,YLR156C-A,4932,YLR156C-A
NOG72016,1,0.9024,5.954,1.31e-9,4.48e-6,Saccharomyces,YLR157C-C,4932,YLR157C-C
NOG72016,1,0.9024,5.954,1.31e-9,4.48e-6,Saccharomyces,YLR159C-A,4932,YLR159C-A
COG3344,1,0.8176,5.926,1.55e-9,5.29e-6,Saccharomyces,Q0050,4932,AI1
COG3344,1,0.8176,5.926,1.55e-9,5.29e-6,Saccharomyces,Q0055,4932,AI2
NOG36317,1,0.8178,5.926,1.55e-9,5.3e-6,Saccharomyces,YBR302C,4932,COS2
NOG36317,1,0.8178,5.926,1.55e-9,5.3e-6,Saccharomyces,YDL248W,4932,COS7
NOG36317,1,0.8178,5.926,1.55e-9,5.3e-6,Saccharomyces,YFL062W,4932,COS4
NOG36317,1,0.8178,5.926,1.55e-9,5.3e-6,Saccharomyces,YGL263W,4932,COS12
NOG36317,1,0.8178,5.926,1.55e-9,5.3e-6,Saccharomyces,YGR295C,4932,COS6
NOG36317,1,0.8178,5.926,1.55e-9,5.3e-6,Saccharomyces,YHL048W,4932,COS8
NOG36317,1,0.8178,5.926,1.55e-9,5.3e-6,Saccharomyces,YJR161C,4932,COS5
NOG36317,1,0.8178,5.926,1.55e-9,5.3e-6,Saccharomyces,YKL219W,4932,COS9
NOG36317,1,0.8178,5.926,1.55e-9,5.3e-6,Saccharomyces,YML132W,4932,COS3
NOG36317,1,0.8178,5.926,1.55e-9,5.3e-6,Saccharomyces,YNL336W,4932,COS1
NOG36317,1,0.8178,5.926,1.55e-9,5.3e-6,Saccharomyces,YNR075W,4932,COS10
COG0163,1,0.8361,5.923,1.58e-9,5.39e-6,Saccharomyces,YDR538W,4932,PAD1
NOG257034,1,0.8373,5.91,1.71e-9,5.84e-6,Saccharomyces,YNR063W,4932,YNR063W
NOG47046,1,0.7769,5.889,1.94e-9,6.63e-6,Saccharomyces,YLL063C,4932,AYT1
NOG29147,1,0.8286,5.884,2e-9,6.84e-6,Saccharomyces,YMR273C,4932,ZDS1
NOG27443,1,0.7787,5.864,2.26e-9,7.71e-6,Saccharomyces,YOL104C,4932,NDJ1
NOG37708,1,0.8536,5.844,2.55e-9,8.7e-6,Saccharomyces,YER115C,4932,SPR6
KOG4738,1,0.8162,5.724,5.19e-9,1.77e-5,Saccharomyces,YHR053C,4932,CUP1-1
KOG4738,1,0.8162,5.724,5.19e-9,1.77e-5,Saccharomyces,YHR055C,4932,CUP1-2
KOG4738,1,0.8162,5.724,5.19e-9,1.77e-5,Saccharomyces,YOR031W,4932,CRS5
NOG10546,1,0.8196,5.712,5.58e-9,1.9e-5,Saccharomyces,YNR062C,4932,YNR062C
NOG42691,1,0.7894,5.683,6.6e-9,2.25e-5,Saccharomyces,YJL185C,4932,ATG36
NOG247402,1,0.7513,5.568,1.29e-8,4.4e-5,Saccharomyces,YMR003W,4932,AIM34
COG0132,1,0.7439,5.532,1.58e-8,5.4e-5,Saccharomyces,YNR057C,4932,BIO4
NOG37887,1,0.7198,5.281,6.43e-8,2.19e-4,Saccharomyces,YEL059C-A,4932,SOM1
NOG05576,1,0.7204,5.155,1.27e-7,4.34e-4,Saccharomyces,YFL061W,4932,DDI2
NOG05576,1,0.7204,5.155,1.27e-7,4.34e-4,Saccharomyces,YNL335W,4932,DDI3
COG0843,1,0.5285,5.099,1.71e-7,5.82e-4,Saccharomyces,Q0045,4932,COX1
COG0843,1,0.5285,5.099,1.71e-7,5.82e-4,Saccharomyces,Q0060,4932,AI3
COG0843,1,0.5285,5.099,1.71e-7,5.82e-4,Saccharomyces,Q0065,4932,AI4
COG0843,1,0.5285,5.099,1.71e-7,5.82e-4,Saccharomyces,Q0070,4932,AI5_ALPHA
COG2808,1,0.597,5.09,1.79e-7,6.1e-4,Saccharomyces,YKL070W,4932,YKL070W
COG1845,1,0.5843,5.087,1.82e-7,6.22e-4,Saccharomyces,Q0275,4932,COX3
NOG13318,1,0.5282,4.65,1.66e-6,0.00566,Saccharomyces,YOL154W,4932,ZPS1
NOG21070,1,0.476,4.61,2.02e-6,0.00688,Saccharomyces,YLR154W-A,4932,ART2
COG0356,1,0.4749,4.584,2.29e-6,0.0078,Saccharomyces,Q0085,4932,ATP6
COG1622,1,0.4502,4.532,2.93e-6,0.00999,Saccharomyces,Q0250,4932,COX2
COG0800,1,0.488,4.485,3.65e-6,0.0124,Saccharomyces,YIR042C,4932,YIR042C
KOG4766,1,0.4893,4.272,9.69e-6,0.0331,Saccharomyces,YLR262C-A,4932,TMA7
COG1290,1,0.4193,4.142,1.72e-5,0.0588,Saccharomyces,Q0105,4932,COB
COG1290,1,0.4193,4.142,1.72e-5,0.0588,Saccharomyces,Q0110,4932,BI2
COG1290,1,0.4193,4.142,1.72e-5,0.0588,Saccharomyces,Q0115,4932,BI3
COG1290,1,0.4193,4.142,1.72e-5,0.0588,Saccharomyces,Q0120,4932,BI4
COG1228,1,0.3848,3.833,6.32e-5,0.216,Saccharomyces,YJL213W,4932,YJL213W
COG5434,1,0.371,3.404,3.33e-4,1,Saccharomyces,YJR153W,4932,PGU1
COG2017,1,0.1509,1.505,0.0662,1,Saccharomyces,YBR019C,4932,GAL10
COG2017,1,0.1509,1.505,0.0662,1,Saccharomyces,YHR210C,4932,YHR210C
COG2017,1,0.1509,1.505,0.0662,1,Saccharomyces,YNR071C,4932,YNR071C
COG1593,1,0.1407,1.415,0.0786,1,Saccharomyces,YEL070W,4932,DSF1
COG1593,1,0.1407,1.415,0.0786,1,Saccharomyces,YNR073C,4932,MAN2
NOG76994,2,1,6.483,4.51e-11,1.54e-7,Naumovozyma,YLR361C-A,4932,YLR361C-A
NOG247092,2,1,6.439,6.01e-11,2.05e-7,Naumovozyma,YDL197C,4932,ASF2
NOG39229,2,0.9512,6.415,7.02e-11,2.4e-7,Naumovozyma,YOR044W,4932,IRC23
NOG129414,2,0.8977,6.411,7.21e-11,2.46e-7,Naumovozyma,YKL096W-A,4932,CWP2
NOG271915,2,0.9403,6.356,1.03e-10,3.53e-7,Naumovozyma,YDR524C-B,4932,YDR524C-B
NOG254876,2,0.9219,6.327,1.25e-10,4.27e-7,Naumovozyma,YLR012C,4932,YLR012C
NOG33915,2,0.9024,6.325,1.27e-10,4.33e-7,Naumovozyma,YCR089W,4932,FIG2
NOG33242,2,0.9219,6.269,1.82e-10,6.22e-7,Naumovozyma,YHR195W,4932,NVJ1
NOG38081,2,0.8861,6.242,2.15e-10,7.35e-7,Naumovozyma,YBR157C,4932,ICS2
NOG39099,2,0.8587,6.231,2.32e-10,7.93e-7,Naumovozyma,YBR071W,4932,YBR071W
NOG41678,2,0.9024,6.208,2.68e-10,9.14e-7,Naumovozyma,YMR147W,4932,YMR147W
NOG231076,2,0.8782,6.153,3.8e-10,1.3e-6,Naumovozyma,YER053C-A,4932,YER053C-A
NOG251207,2,0.8391,6.131,4.37e-10,1.49e-6,Naumovozyma,YNL300W,4932,TOS6
NOG36024,2,0.9512,6.128,4.46e-10,1.52e-6,Naumovozyma,YOL028C,4932,YAP7
NOG38133,2,0.927,6.1,5.32e-10,1.82e-6,Naumovozyma,YLL049W,4932,LDB18
NOG36156,2,0.927,6.093,5.55e-10,1.89e-6,Naumovozyma,YEL025C,4932,YEL025C
NOG31819,2,0.8373,6.004,9.64e-10,3.29e-6,Naumovozyma,YIL037C,4932,PRM2
NOG230100,2,0.757,5.676,6.88e-9,2.35e-5,Naumovozyma,YMR312W,4932,ELP6
NOG22903,2,0.7737,5.557,1.37e-8,4.69e-5,Naumovozyma,YGR076C,4932,MRPL25
NOG17255,2,0.8187,5.494,1.96e-8,6.71e-5,Naumovozyma,YLR049C,4932,YLR049C
NOG38171,2,0.7766,5.478,2.15e-8,7.33e-5,Naumovozyma,YJL205C,4932,NCE101
NOG31227,2,0.711,5.21,9.43e-8,3.22e-4,Naumovozyma,YNL208W,4932,YNL208W
NOG38142,3,0.946,6.552,2.83e-11,9.68e-8,Huiozyma/Kazachstania,YER076C,4932,YER076C
NOG61961,3,0.973,6.518,3.57e-11,1.22e-7,Huiozyma/Kazachstania,YAR023C,4932,YAR023C
NOG61961,3,0.973,6.518,3.57e-11,1.22e-7,Huiozyma/Kazachstania,YAR027W,4932,UIP3
NOG61961,3,0.973,6.518,3.57e-11,1.22e-7,Huiozyma/Kazachstania,YAR028W,4932,YAR028W
NOG61961,3,0.973,6.518,3.57e-11,1.22e-7,Huiozyma/Kazachstania,YAR031W,4932,PRM9
NOG61961,3,0.973,6.518,3.57e-11,1.22e-7,Huiozyma/Kazachstania,YAR033W,4932,MST28
NOG61961,3,0.973,6.518,3.57e-11,1.22e-7,Huiozyma/Kazachstania,YCR007C,4932,YCR007C
NOG61961,3,0.973,6.518,3.57e-11,1.22e-7,Huiozyma/Kazachstania,YGL051W,4932,MST27
NOG61961,3,0.973,6.518,3.57e-11,1.22e-7,Huiozyma/Kazachstania,YGL053W,4932,PRM8
NOG276797,3,1,6.416,6.98e-11,2.38e-7,Huiozyma/Kazachstania,YMR081C,4932,ISF1
NOG22871,3,0.9512,6.416,7.02e-11,2.4e-7,Huiozyma/Kazachstania,YPL202C,4932,AFT2
NOG246348,3,0.973,6.391,8.22e-11,2.81e-7,Huiozyma/Kazachstania,YNL195C,4932,YNL195C
NOG254872,3,0.9512,6.357,1.03e-10,3.5e-7,Huiozyma/Kazachstania,YGR049W,4932,SCM4
NOG29939,3,0.9121,6.291,1.58e-10,5.38e-7,Huiozyma/Kazachstania,YLR254C,4932,NDL1
NOG256554,3,0.9349,6.275,1.74e-10,5.96e-7,Huiozyma/Kazachstania,YGR071C,4932,ENV11
NOG256554,3,0.9349,6.275,1.74e-10,5.96e-7,Huiozyma/Kazachstania,YLR373C,4932,VID22
NOG240097,3,0.9512,6.263,1.89e-10,6.44e-7,Huiozyma/Kazachstania,YOR152C,4932,ATG40
NOG26231,3,0.946,6.255,1.99e-10,6.8e-7,Huiozyma/Kazachstania,YIR021W,4932,MRS1
NOG270243,3,0.9242,6.246,2.1e-10,7.18e-7,Huiozyma/Kazachstania,YGR023W,4932,MTL1
NOG239338,3,0.9512,6.217,2.53e-10,8.62e-7,Huiozyma/Kazachstania,YBR197C,4932,YBR197C
NOG31899,3,0.9219,6.217,2.54e-10,8.67e-7,Huiozyma/Kazachstania,YFR046C,4932,CNN1
NOG273467,3,0.9242,6.199,2.84e-10,9.71e-7,Huiozyma/Kazachstania,YLR437C,4932,DIF1
NOG131437,3,0.8559,6.187,3.07e-10,1.05e-6,Huiozyma/Kazachstania,YGL176C,4932,YGL176C
NOG31767,3,0.9242,6.136,4.23e-10,1.44e-6,Huiozyma/Kazachstania,YMR206W,4932,YMR206W
NOG30818,3,0.8852,6.134,4.28e-10,1.46e-6,Huiozyma/Kazachstania,YPR134W,4932,MSS18
NOG38367,3,0.9014,6.084,5.85e-10,2e-6,Huiozyma/Kazachstania,YGR161C,4932,RTS3
NOG33232,3,0.9242,6.074,6.23e-10,2.13e-6,Huiozyma/Kazachstania,YML058W,4932,SML1
NOG270182,3,0.9242,6.065,6.59e-10,2.25e-6,Huiozyma/Kazachstania,YFR039C,4932,OSW7
NOG272528,3,0.9079,6.059,6.87e-10,2.34e-6,Huiozyma/Kazachstania,YOR324C,4932,FRT1
NOG43334,3,0.9219,6.012,9.15e-10,3.12e-6,Huiozyma/Kazachstania,YJL133C-A,4932,YJL133C-A
NOG31836,3,0.8298,5.967,1.21e-9,4.13e-6,Huiozyma/Kazachstania,YOL044W,4932,PEX15
NOG25440,3,0.8679,5.945,1.38e-9,4.71e-6,Huiozyma/Kazachstania,YLR312C,4932,ATG39
NOG57196,3,0.8949,5.939,1.44e-9,4.9e-6,Huiozyma/Kazachstania,YKR101W,4932,SIR1
NOG239828,3,0.8675,5.875,2.11e-9,7.2e-6,Huiozyma/Kazachstania,YBL031W,4932,SHE1
NOG243196,3,0.8049,5.861,2.3e-9,7.84e-6,Huiozyma/Kazachstania,YMR019W,4932,STB4
NOG29400,3,0.8019,5.728,5.09e-9,1.74e-5,Huiozyma/Kazachstania,YLR224W,4932,UCC1
NOG41305,3,0.919,5.701,5.95e-9,2.03e-5,Huiozyma/Kazachstania,YHR153C,4932,SPO16
NOG270615,3,0.7553,5.521,1.68e-8,5.74e-5,Huiozyma/Kazachstania,YLR456W,4932,YLR456W
COG0431,3,0.1598,2.068,0.0193,1,Huiozyma/Kazachstania,YLR011W,4932,LOT6
NOG62765,4,0.9156,6.401,7.72e-11,2.63e-7,Saccharomyces sensu lato,YBR012C,4932,YBR012C
NOG34888,4,0.9716,6.205,2.73e-10,9.31e-7,Saccharomyces sensu lato,YLR194C,4932,NCW2
NOG69521,4,0.9546,6.049,7.3e-10,2.49e-6,Saccharomyces sensu lato,YPL096C-A,4932,ERI1
NOG237623,4,0.8508,6.008,9.4e-10,3.21e-6,Saccharomyces sensu lato,YER187W,4932,YER187W
NOG237623,4,0.8508,6.008,9.4e-10,3.21e-6,Saccharomyces sensu lato,YGL262W,4932,YGL262W
NOG43135,4,0.8695,5.718,5.38e-9,1.84e-5,Saccharomyces sensu lato,YPR036W-A,4932,SPO24
NOG17718,5,0.9434,6.522,3.46e-11,1.18e-7,Saccharomycetales,YOL007C,4932,CSI2
NOG237605,5,0.9825,6.464,5.11e-11,1.74e-7,Saccharomycetales,YPR046W,4932,MCM16
NOG15400,5,0.9434,6.448,5.67e-11,1.94e-7,Saccharomycetales,YLR267W,4932,BOP2
NOG32878,5,1,6.426,6.53e-11,2.23e-7,Saccharomycetales,YER106W,4932,MAM1
NOG30464,5,0.927,6.41,7.27e-11,2.48e-7,Saccharomycetales,YDR227W,4932,SIR4
NOG39110,5,0.9095,6.405,7.51e-11,2.56e-7,Saccharomycetales,YNL145W,4932,MFA2
NOG26110,5,0.961,6.371,9.36e-11,3.2e-7,Saccharomycetales,YKL214C,4932,YRA2
NOG25803,5,0.9404,6.36,1.01e-10,3.43e-7,Saccharomycetales,YLR040C,4932,AFB1
NOG30786,5,0.9259,6.346,1.11e-10,3.77e-7,Saccharomycetales,YKL208W,4932,CBT1
NOG11098,5,0.965,6.337,1.17e-10,4e-7,Saccharomycetales,YLR266C,4932,PDR8
NOG240312,5,0.8986,6.323,1.28e-10,4.37e-7,Saccharomycetales,YEL072W,4932,RMD6
NOG242867,5,0.9533,6.321,1.3e-10,4.45e-7,Saccharomycetales,YNR009W,4932,NRM1
NOG44162,5,0.9065,6.318,1.32e-10,4.52e-7,Saccharomycetales,YCR024C-A,4932,PMP1
NOG44162,5,0.9065,6.318,1.32e-10,4.52e-7,Saccharomycetales,YEL017C-A,4932,PMP2
NOG34824,5,0.9142,6.31,1.39e-10,4.76e-7,Saccharomycetales,YDR260C,4932,SWM1
NOG34420,5,0.9357,6.305,1.44e-10,4.93e-7,Saccharomycetales,YBR259W,4932,YBR259W
NOG28229,5,0.8832,6.304,1.45e-10,4.95e-7,Saccharomycetales,YPL077C,4932,YPL077C
NOG231030,5,0.9095,6.296,1.53e-10,5.21e-7,Saccharomycetales,YJR011C,4932,YJR011C
NOG34530,5,0.9434,6.259,1.93e-10,6.6e-7,Saccharomycetales,YER104W,4932,RTT105
NOG28462,5,0.9708,6.258,1.96e-10,6.68e-7,Saccharomycetales,YIL122W,4932,POG1
NOG254375,5,0.961,6.257,1.96e-10,6.7e-7,Saccharomycetales,YPL186C,4932,UIP4
NOG39938,5,0.8704,6.252,2.02e-10,6.9e-7,Saccharomycetales,YGL032C,4932,AGA2
NOG18171,5,0.9825,6.252,2.03e-10,6.91e-7,Saccharomycetales,YAL028W,4932,FRT2
NOG29697,5,0.8803,6.241,2.18e-10,7.43e-7,Saccharomycetales,YER044C-A,4932,MEI4
NOG18819,5,0.961,6.239,2.21e-10,7.54e-7,Saccharomycetales,YGL090W,4932,LIF1
NOG240309,5,0.9434,6.222,2.46e-10,8.4e-7,Saccharomycetales,YPL039W,4932,YPL039W
NOG242866,5,0.9095,6.216,2.56e-10,8.73e-7,Saccharomycetales,YNR024W,4932,MPP6
NOG42318,5,0.965,6.202,2.79e-10,9.54e-7,Saccharomycetales,YDR070C,4932,FMP16
NOG35964,5,0.9241,6.195,2.92e-10,9.98e-7,Saccharomycetales,YKR022C,4932,NTR2
NOG23272,5,0.9434,6.163,3.57e-10,1.22e-6,Saccharomycetales,YOL025W,4932,LAG2
NOG35310,5,0.9357,6.155,3.76e-10,1.29e-6,Saccharomycetales,YNR004W,4932,SWM2
NOG21253,5,0.9021,6.136,4.22e-10,1.44e-6,Saccharomycetales,YCL049C,4932,YCL049C
NOG31185,5,0.9142,6.131,4.37e-10,1.49e-6,Saccharomycetales,YML037C,4932,YML037C
NOG41177,5,0.8686,6.124,4.56e-10,1.56e-6,Saccharomycetales,YOR189W,4932,IES4
NOG269520,5,0.8733,6.122,4.61e-10,1.57e-6,Saccharomycetales,YER011W,4932,TIR1
NOG269520,5,0.8733,6.122,4.61e-10,1.57e-6,Saccharomycetales,YOR010C,4932,TIR2
NOG32840,5,0.9095,6.115,4.84e-10,1.65e-6,Saccharomycetales,YER180C,4932,ISC10
NOG40588,5,0.8803,6.102,5.2400000000000005e-10,1.79e-6,Saccharomycetales,YMR219W,4932,ESC1
NOG14154,5,0.904,6.098,5.38e-10,1.84e-6,Saccharomycetales,YCL002C,4932,YCL002C
NOG283198,5,0.8832,6.094,5.5e-10,1.88e-6,Saccharomycetales,YER158C,4932,YER158C
NOG255355,5,0.9095,6.092,5.57e-10,1.9e-6,Saccharomycetales,YAL068C,4932,PAU8
NOG255355,5,0.9095,6.092,5.57e-10,1.9e-6,Saccharomycetales,YBR301W,4932,PAU24
NOG255355,5,0.9095,6.092,5.57e-10,1.9e-6,Saccharomycetales,YCR104W,4932,PAU3
NOG255355,5,0.9095,6.092,5.57e-10,1.9e-6,Saccharomycetales,YDR542W,4932,PAU10
NOG255355,5,0.9095,6.092,5.57e-10,1.9e-6,Saccharomycetales,YEL049W,4932,PAU2
NOG255355,5,0.9095,6.092,5.57e-10,1.9e-6,Saccharomycetales,YFL020C,4932,PAU5
NOG255355,5,0.9095,6.092,5.57e-10,1.9e-6,Saccharomycetales,YGL261C,4932,PAU11
NOG255355,5,0.9095,6.092,5.57e-10,1.9e-6,Saccharomycetales,YGR294W,4932,PAU12
NOG255355,5,0.9095,6.092,5.57e-10,1.9e-6,Saccharomycetales,YHL046C,4932,PAU13
NOG255355,5,0.9095,6.092,5.57e-10,1.9e-6,Saccharomycetales,YIL176C,4932,PAU14
NOG255355,5,0.9095,6.092,5.57e-10,1.9e-6,Saccharomycetales,YIR041W,4932,PAU15
NOG255355,5,0.9095,6.092,5.57e-10,1.9e-6,Saccharomycetales,YJL223C,4932,PAU1
NOG255355,5,0.9095,6.092,5.57e-10,1.9e-6,Saccharomycetales,YJR150C,4932,DAN1
NOG255355,5,0.9095,6.092,5.57e-10,1.9e-6,Saccharomycetales,YJR151C,4932,DAN4
NOG255355,5,0.9095,6.092,5.57e-10,1.9e-6,Saccharomycetales,YKL224C,4932,PAU16
NOG255355,5,0.9095,6.092,5.57e-10,1.9e-6,Saccharomycetales,YLL025W,4932,PAU17
NOG255355,5,0.9095,6.092,5.57e-10,1.9e-6,Saccharomycetales,YLL064C,4932,PAU18
NOG255355,5,0.9095,6.092,5.57e-10,1.9e-6,Saccharomycetales,YLR037C,4932,PAU23
NOG255355,5,0.9095,6.092,5.57e-10,1.9e-6,Saccharomycetales,YLR461W,4932,PAU4
NOG255355,5,0.9095,6.092,5.57e-10,1.9e-6,Saccharomycetales,YMR325W,4932,PAU19
NOG255355,5,0.9095,6.092,5.57e-10,1.9e-6,Saccharomycetales,YNR076W,4932,PAU6
NOG255355,5,0.9095,6.092,5.57e-10,1.9e-6,Saccharomycetales,YOL161C,4932,PAU20
NOG255355,5,0.9095,6.092,5.57e-10,1.9e-6,Saccharomycetales,YOR009W,4932,TIR4
NOG255355,5,0.9095,6.092,5.57e-10,1.9e-6,Saccharomycetales,YOR394W,4932,PAU21
NOG255355,5,0.9095,6.092,5.57e-10,1.9e-6,Saccharomycetales,YPL282C,4932,PAU22
NOG10136,5,0.961,6.085,5.81e-10,1.98e-6,Saccharomycetales,YBR036C,4932,CSG2
NOG27671,5,0.8879,6.084,5.86e-10,2e-6,Saccharomycetales,YNL133C,4932,FYV6
NOG40408,5,0.9095,6.08,6e-10,2.05e-6,Saccharomycetales,YFR017C,4932,IGD1
NOG31267,5,0.9317,6.079,6.06e-10,2.07e-6,Saccharomycetales,YER180C-A,4932,SLO1
NOG251208,5,0.961,6.069,6.42e-10,2.19e-6,Saccharomycetales,YLR132C,4932,USB1
NOG10744,5,0.9501,6.044,7.53e-10,2.57e-6,Saccharomycetales,YJL209W,4932,CBP1
NOG248186,5,0.8704,6.043,7.55e-10,2.58e-6,Saccharomycetales,YMR316W,4932,DIA1
NOG248186,5,0.8704,6.043,7.55e-10,2.58e-6,Saccharomycetales,YOR385W,4932,YOR385W
NOG31859,5,0.9533,6.038,7.79e-10,2.66e-6,Saccharomycetales,YPL144W,4932,POC4
NOG242868,5,0.8978,6.002,9.77e-10,3.34e-6,Saccharomycetales,YNR034W-A,4932,EGO4
NOG236198,5,0.92490000000000006,5.985,1.08e-9,3.7e-6,Saccharomycetales,YBR076W,4932,ECM8
NOG259337,5,0.761,5.939,1.44e-9,4.9099999999999996e-06,Saccharomycetales,YBL111C,4932,YBL111C
NOG259337,5,0.761,5.939,1.44e-9,4.9099999999999996e-06,Saccharomycetales,YBL113C,4932,YBL113C
NOG259337,5,0.761,5.939,1.44e-9,4.9099999999999996e-06,Saccharomycetales,YDR545W,4932,YRF1-1
NOG259337,5,0.761,5.939,1.44e-9,4.9099999999999996e-06,Saccharomycetales,YEL077C,4932,YEL077C
NOG259337,5,0.761,5.939,1.44e-9,4.9099999999999996e-06,Saccharomycetales,YER190W,4932,YRF1-2
NOG259337,5,0.761,5.939,1.44e-9,4.9099999999999996e-06,Saccharomycetales,YFL066C,4932,YFL066C
NOG259337,5,0.761,5.939,1.44e-9,4.9099999999999996e-06,Saccharomycetales,YGR296W,4932,YRF1-3
NOG259337,5,0.761,5.939,1.44e-9,4.9099999999999996e-06,Saccharomycetales,YHL050C,4932,YHL050C
NOG259337,5,0.761,5.939,1.44e-9,4.9099999999999996e-06,Saccharomycetales,YHR218W,4932,YHR218W
NOG259337,5,0.761,5.939,1.44e-9,4.9099999999999996e-06,Saccharomycetales,YHR219W,4932,YHR219W
NOG259337,5,0.761,5.939,1.44e-9,4.9099999999999996e-06,Saccharomycetales,YIL177C,4932,YIL177C
NOG259337,5,0.761,5.939,1.44e-9,4.9099999999999996e-06,Saccharomycetales,YJL225C,4932,YJL225C
NOG259337,5,0.761,5.939,1.44e-9,4.9099999999999996e-06,Saccharomycetales,YLL066C,4932,YLL066C
NOG259337,5,0.761,5.939,1.44e-9,4.9099999999999996e-06,Saccharomycetales,YLL067C,4932,YLL067C
NOG259337,5,0.761,5.939,1.44e-9,4.9099999999999996e-06,Saccharomycetales,YLR466W,4932,YRF1-4
NOG259337,5,0.761,5.939,1.44e-9,4.9099999999999996e-06,Saccharomycetales,YLR467W,4932,YRF1-5
NOG259337,5,0.761,5.939,1.44e-9,4.9099999999999996e-06,Saccharomycetales,YML133C,4932,YML133C
NOG259337,5,0.761,5.939,1.44e-9,4.9099999999999996e-06,Saccharomycetales,YNL339C,4932,YRF1-6
NOG259337,5,0.761,5.939,1.44e-9,4.9099999999999996e-06,Saccharomycetales,YOR396W,4932,YRF1-8
NOG259337,5,0.761,5.939,1.44e-9,4.9099999999999996e-06,Saccharomycetales,YPL283C,4932,YRF1-7
NOG259337,5,0.761,5.939,1.44e-9,4.9099999999999996e-06,Saccharomycetales,YPR204W,4932,YPR204W
NOG43760,5,0.9124,5.928,1.53e-9,5.22e-6,Saccharomycetales,YOR247W,4932,SRL1
NOG43760,5,0.9124,5.928,1.53e-9,5.22e-6,Saccharomycetales,YPL163C,4932,SVS1
NOG29554,5,0.8266,5.923,1.58e-9,5.38e-6,Saccharomycetales,YDR383C,4932,NKP1
NOG254488,5,0.8441,5.914,1.67e-9,5.69e-6,Saccharomycetales,YMR255W,4932,GFD1
NOG33387,5,0.9095,5.897,1.85e-9,6.32e-6,Saccharomycetales,YDL186W,4932,YDL186W
NOG272406,5,0.851,5.889,1.94e-9,6.63e-6,Saccharomycetales,YGR236C,4932,SPG1
NOG43854,5,0.8773,5.847,2.5e-9,8.53e-6,Saccharomycetales,YLR315W,4932,NKP2
NOG269971,5,0.8631,5.804,3.25e-9,1.11e-5,Saccharomycetales,YDR262W,4932,YDR262W
NOG23241,5,0.8704,5.798,3.35e-9,1.14e-5,Saccharomycetales,YKR005C,4932,YKR005C
NOG35063,5,0.8832,5.785,3.62e-9,1.24e-5,Saccharomycetales,YDL053C,4932,PBP4
NOG10365,5,0.7963,5.771,3.93e-9,1.34e-5,Saccharomycetales,YOR249C,4932,APC5
NOG27989,5,0.8773,5.767,4.03e-9,1.38e-5,Saccharomycetales,YBR107C,4932,IML3
NOG33080,5,0.8481,5.655,7.78e-9,2.66e-5,Saccharomycetales,YPL201C,4932,YIG1
NOG43251,5,0.8394,5.639,8.54e-9,2.91e-5,Saccharomycetales,YCL058W-A,4932,ADF1
NOG36711,5,0.8832,5.567,1.29e-8,4.42e-5,Saccharomycetales,YGL121C,4932,GPG1
NOG272669,5,0.851,5.56,1.35e-8,4.6e-5,Saccharomycetales,YPL068C,4932,YPL068C
COG1372,5,0.7131,5.557,1.37e-8,4.68e-5,Saccharomycetales,YDL227C,4932,HO
NOG04298,5,0.7564,5.519,1.71e-8,5.83e-5,Saccharomycetales,YBL085W,4932,BOI1
NOG32325,5,0.8148,5.455,2.45e-8,8.35e-5,Saccharomycetales,YGL108C,4932,YGL108C
NOG26833,5,0.6661,5.219,8.98e-8,3.06e-4,Saccharomycetales,YHL026C,4932,YHL026C
NOG28975,6,0.9694,6.722,8.97e-12,3.06e-8,Kluyveromyces/Lachancea/Eremothecium,YLR445W,4932,GMC2
NOG270631,6,0.9524,6.664,1.33e-11,4.55e-8,Kluyveromyces/Lachancea/Eremothecium,YKR049C,4932,FMP46
NOG19642,6,0.9713,6.656,1.41e-11,4.81e-8,Kluyveromyces/Lachancea/Eremothecium,YMR086W,4932,SEG1
NOG03608,6,1,6.644,1.53e-11,5.2100000000000003e-08,Kluyveromyces/Lachancea/Eremothecium,YLR381W,4932,CTF3
NOG231320,6,0.9821,6.618,1.82e-11,6.2e-8,Kluyveromyces/Lachancea/Eremothecium,YGR222W,4932,PET54
NOG06200,6,0.9821,6.615,1.85e-11,6.32e-8,Kluyveromyces/Lachancea/Eremothecium,YDL220C,4932,CDC13
NOG124373,6,1,6.609,1.93e-11,6.59e-8,Kluyveromyces/Lachancea/Eremothecium,YGR130C,4932,YGR130C
NOG237176,6,1,6.592,2.17e-11,7.3900000000000007e-08,Kluyveromyces/Lachancea/Eremothecium,YMR094W,4932,CTF13
NOG256032,6,1,6.587,2.25e-11,7.69e-8,Kluyveromyces/Lachancea/Eremothecium,YLR021W,4932,IRC25
NOG28921,6,0.9764,6.581,2.34e-11,7.99e-8,Kluyveromyces/Lachancea/Eremothecium,YNL176C,4932,TDA7
NOG00129,6,0.9701,6.574,2.46e-11,8.38e-8,Kluyveromyces/Lachancea/Eremothecium,YGR196C,4932,FYV8
NOG33077,6,0.9702,6.565,2.61e-11,8.91e-8,Kluyveromyces/Lachancea/Eremothecium,YML119W,4932,YML119W
NOG08050,6,1,6.564,2.61e-11,8.92e-8,Kluyveromyces/Lachancea/Eremothecium,YMR257C,4932,PET111
NOG241739,6,1,6.554,2.81e-11,9.58e-8,Kluyveromyces/Lachancea/Eremothecium,YGR179C,4932,OKP1
NOG27581,6,0.9872,6.554,2.81e-11,9.58e-8,Kluyveromyces/Lachancea/Eremothecium,YLR329W,4932,REC102
NOG08487,6,1,6.551,2.85e-11,9.73e-8,Kluyveromyces/Lachancea/Eremothecium,YFR013W,4932,IOC3
NOG08487,6,1,6.551,2.85e-11,9.73e-8,Kluyveromyces/Lachancea/Eremothecium,YOL017W,4932,ESC8
NOG28022,6,0.9764,6.549,2.89e-11,9.86e-8,Kluyveromyces/Lachancea/Eremothecium,YIR024C,4932,INA22
NOG237411,6,0.9575,6.547,2.93e-11,1e-7,Kluyveromyces/Lachancea/Eremothecium,YLR376C,4932,PSY3
NOG14964,6,0.9872,6.537,3.14e-11,1.07e-7,Kluyveromyces/Lachancea/Eremothecium,YNL164C,4932,IBD2
NOG26580,6,1,6.528,3.33e-11,1.14e-7,Kluyveromyces/Lachancea/Eremothecium,YDR357C,4932,CNL1
NOG18079,6,0.9892,6.528,3.34e-11,1.14e-7,Kluyveromyces/Lachancea/Eremothecium,YML112W,4932,CTK3
NOG07265,6,0.9892,6.508,3.81e-11,1.3e-7,Kluyveromyces/Lachancea/Eremothecium,YDR350C,4932,ATP22
NOG27930,6,1,6.506,3.85e-11,1.32e-7,Kluyveromyces/Lachancea/Eremothecium,YMR052W,4932,FAR3
NOG25966,6,0.9524,6.504,3.91e-11,1.34e-7,Kluyveromyces/Lachancea/Eremothecium,YHR143W,4932,DSE2
NOG07182,6,0.9821,6.49,4.29e-11,1.46e-7,Kluyveromyces/Lachancea/Eremothecium,YML029W,4932,USA1
NOG11404,6,1,6.488,4.35e-11,1.48e-7,Kluyveromyces/Lachancea/Eremothecium,YDR110W,4932,FOB1
NOG28243,6,0.9702,6.483,4.5e-11,1.53e-7,Kluyveromyces/Lachancea/Eremothecium,YHR127W,4932,YHR127W
NOG231202,6,0.9694,6.48,4.57e-11,1.56e-7,Kluyveromyces/Lachancea/Eremothecium,YJR039W,4932,YJR039W
NOG17565,6,1,6.478,4.63e-11,1.58e-7,Kluyveromyces/Lachancea/Eremothecium,YDL005C,4932,MED2
NOG34099,6,0.9585,6.471,4.87e-11,1.66e-7,Kluyveromyces/Lachancea/Eremothecium,YBR058C-A,4932,TSC3
NOG269437,6,0.9764,6.47,4.89e-11,1.67e-7,Kluyveromyces/Lachancea/Eremothecium,YLR363C,4932,NMD4
NOG246274,6,0.9713,6.467,5e-11,1.71e-7,Kluyveromyces/Lachancea/Eremothecium,YNL282W,4932,POP3
NOG22344,6,0.9892,6.467,5.01e-11,1.71e-7,Kluyveromyces/Lachancea/Eremothecium,YMR298W,4932,LIP1
NOG25932,6,0.9575,6.465,5.05e-11,1.73e-7,Kluyveromyces/Lachancea/Eremothecium,YHR105W,4932,YPT35
NOG21821,6,0.9892,6.463,5.14e-11,1.75e-7,Kluyveromyces/Lachancea/Eremothecium,YKR006C,4932,MRPL13
NOG07140,6,0.9821,6.463,5.14e-11,1.76e-7,Kluyveromyces/Lachancea/Eremothecium,YHR017W,4932,YSC83
NOG247093,6,0.9702,6.463,5.15e-11,1.76e-7,Kluyveromyces/Lachancea/Eremothecium,YOR342C,4932,YOR342C
NOG249692,6,0.9702,6.461,5.19e-11,1.77e-7,Kluyveromyces/Lachancea/Eremothecium,YDR123C,4932,INO2
NOG23775,6,0.9694,6.461,5.2e-11,1.77e-7,Kluyveromyces/Lachancea/Eremothecium,YHR159W,4932,TDA11
NOG07320,6,1,6.46,5.25e-11,1.79e-7,Kluyveromyces/Lachancea/Eremothecium,YOR066W,4932,MSA1
NOG06605,6,0.9375,6.458,5.3e-11,1.81e-7,Kluyveromyces/Lachancea/Eremothecium,YDL233W,4932,MFG1
NOG14133,6,0.9396,6.458,5.31e-11,1.81e-7,Kluyveromyces/Lachancea/Eremothecium,YLR190W,4932,MMR1
NOG34278,6,0.9575,6.454,5.45e-11,1.86e-7,Kluyveromyces/Lachancea/Eremothecium,YEL005C,4932,VAB2
NOG16938,6,0.9821,6.453,5.47e-11,1.87e-7,Kluyveromyces/Lachancea/Eremothecium,YPL255W,4932,BBP1
NOG12028,6,0.9794,6.453,5.47e-11,1.87e-7,Kluyveromyces/Lachancea/Eremothecium,YNL076W,4932,MKS1
NOG09614,6,0.9892,6.451,5.57e-11,1.9e-7,Kluyveromyces/Lachancea/Eremothecium,YGL036W,4932,YGL036W
NOG11054,6,0.9872,6.448,5.67e-11,1.94e-7,Kluyveromyces/Lachancea/Eremothecium,YDR285W,4932,ZIP1
NOG25887,6,0.9821,6.447,5.7e-11,1.94e-7,Kluyveromyces/Lachancea/Eremothecium,YLR073C,4932,RFU1
NOG01950,6,0.9821,6.446,5.74e-11,1.96e-7,Kluyveromyces/Lachancea/Eremothecium,YMR163C,4932,INP2
NOG04673,6,0.9594,6.444,5.8e-11,1.98e-7,Kluyveromyces/Lachancea/Eremothecium,YOL053W,4932,AIM39
NOG21746,6,0.9821,6.443,5.87e-11,2e-7,Kluyveromyces/Lachancea/Eremothecium,YGR042W,4932,MTE1
NOG254907,6,0.9694,6.438,6.06e-11,2.07e-7,Kluyveromyces/Lachancea/Eremothecium,YGL226C-A,4932,OST5
NOG256552,6,1,6.435,6.16e-11,2.1e-7,Kluyveromyces/Lachancea/Eremothecium,YLR181C,4932,VTA1
NOG25590,6,0.9702,6.435,6.16e-11,2.1e-7,Kluyveromyces/Lachancea/Eremothecium,YPL099C,4932,INA17
NOG27129,6,0.9821,6.433,6.24e-11,2.13e-7,Kluyveromyces/Lachancea/Eremothecium,YMR299C,4932,DYN3
NOG15745,6,0.9524,6.432,6.3e-11,2.15e-7,Kluyveromyces/Lachancea/Eremothecium,YHL038C,4932,CBP2
NOG22899,6,0.9713,6.431,6.33e-11,2.16e-7,Kluyveromyces/Lachancea/Eremothecium,YPL014W,4932,CIP1
NOG16826,6,0.9524,6.431,6.35e-11,2.17e-7,Kluyveromyces/Lachancea/Eremothecium,YKL042W,4932,SPC42
NOG20037,6,0.9345,6.43,6.37e-11,2.18e-7,Kluyveromyces/Lachancea/Eremothecium,YBR250W,4932,SPO23
NOG24459,6,0.9702,6.43,6.38e-11,2.18e-7,Kluyveromyces/Lachancea/Eremothecium,YLL033W,4932,IRC19
NOG34598,6,0.9892,6.429,6.42e-11,2.19e-7,Kluyveromyces/Lachancea/Eremothecium,YDR381C-A,4932,YDR381C-A
NOG14968,6,0.9415,6.428,6.47e-11,2.21e-7,Kluyveromyces/Lachancea/Eremothecium,YNL327W,4932,EGT2
NOG06135,6,0.9599,6.427,6.51e-11,2.22e-7,Kluyveromyces/Lachancea/Eremothecium,YMR179W,4932,SPT21
NOG03808,6,1,6.426,6.53e-11,2.23e-7,Kluyveromyces/Lachancea/Eremothecium,YGR166W,4932,TRS65
NOG09050,6,0.9694,6.424,6.65e-11,2.27e-7,Kluyveromyces/Lachancea/Eremothecium,YOR354C,4932,MSC6
COG0467,6,0.9892,6.423,6.7e-11,2.29e-7,Kluyveromyces/Lachancea/Eremothecium,YDR076W,4932,RAD55
NOG30272,6,0.9218,6.422,6.71e-11,2.29e-7,Kluyveromyces/Lachancea/Eremothecium,YJL170C,4932,ASG7
NOG21004,6,0.9415,6.422,6.71e-11,2.29e-7,Kluyveromyces/Lachancea/Eremothecium,YJL023C,4932,PET130
NOG14702,6,1,6.421,6.75e-11,2.3e-7,Kluyveromyces/Lachancea/Eremothecium,YGR075C,4932,PRP38
NOG25676,6,0.9764,6.419,6.84e-11,2.34e-7,Kluyveromyces/Lachancea/Eremothecium,YEL001C,4932,IRC22
NOG19653,6,0.9872,6.418,6.91e-11,2.36e-7,Kluyveromyces/Lachancea/Eremothecium,YLR018C,4932,POM34
NOG02667,6,0.9892,6.415,7.03e-11,2.4e-7,Kluyveromyces/Lachancea/Eremothecium,YAL031C,4932,GIP4
NOG21530,6,1,6.414,7.09e-11,2.42e-7,Kluyveromyces/Lachancea/Eremothecium,YGR041W,4932,BUD9
NOG21530,6,1,6.414,7.09e-11,2.42e-7,Kluyveromyces/Lachancea/Eremothecium,YLR353W,4932,BUD8
NOG07820,6,1,6.414,7.1e-11,2.42e-7,Kluyveromyces/Lachancea/Eremothecium,YMR087W,4932,YMR087W
NOG135821,6,1,6.414,7.1e-11,2.42e-7,Kluyveromyces/Lachancea/Eremothecium,YER128W,4932,VFA1
NOG06036,6,0.9892,6.411,7.21e-11,2.46e-7,Kluyveromyces/Lachancea/Eremothecium,YBR168W,4932,PEX32
NOG31114,6,0.9628,6.411,7.24e-11,2.47e-7,Kluyveromyces/Lachancea/Eremothecium,YIL016W,4932,SNL1
NOG05205,6,0.9872,6.409,7.32e-11,2.5e-7,Kluyveromyces/Lachancea/Eremothecium,YJL181W,4932,RBH1
NOG05205,6,0.9872,6.409,7.32e-11,2.5e-7,Kluyveromyces/Lachancea/Eremothecium,YJR030C,4932,RBH2
NOG24179,6,0.9821,6.406,7.47e-11,2.55e-7,Kluyveromyces/Lachancea/Eremothecium,YGR142W,4932,BTN2
NOG235373,6,1,6.404,7.55e-11,2.58e-7,Kluyveromyces/Lachancea/Eremothecium,YML062C,4932,MFT1
NOG08909,6,1,6.404,7.57e-11,2.58e-7,Kluyveromyces/Lachancea/Eremothecium,YJR043C,4932,POL32
NOG26677,6,0.9892,6.403,7.64e-11,2.61e-7,Kluyveromyces/Lachancea/Eremothecium,YEL048C,4932,TCA17
NOG259183,6,0.9892,6.402,7.66e-11,2.62e-7,Kluyveromyces/Lachancea/Eremothecium,YFL049W,4932,SWP82
NOG02266,6,0.9776,6.398,7.85e-11,2.68e-7,Kluyveromyces/Lachancea/Eremothecium,YCL034W,4932,LSB5
NOG02580,6,1,6.398,7.86e-11,2.68e-7,Kluyveromyces/Lachancea/Eremothecium,YDR186C,4932,SND1
NOG40115,6,0.9694,6.398,7.89e-11,2.69e-7,Kluyveromyces/Lachancea/Eremothecium,YIL102C-A,4932,YIL102C-A
NOG05196,6,0.9892,6.396,7.95e-11,2.72e-7,Kluyveromyces/Lachancea/Eremothecium,YHL034C,4932,SBP1
NOG240310,6,0.9226,6.395,8.04e-11,2.75e-7,Kluyveromyces/Lachancea/Eremothecium,YPL049C,4932,DIG1
NOG11501,6,0.9515,6.394,8.09e-11,2.76e-7,Kluyveromyces/Lachancea/Eremothecium,YOL063C,4932,CRT10
NOG08484,6,0.9892,6.393,8.15e-11,2.78e-7,Kluyveromyces/Lachancea/Eremothecium,YIL154C,4932,YIL154C
NOG254875,6,0.9821,6.391,8.24e-11,2.81e-7,Kluyveromyces/Lachancea/Eremothecium,YIR010W,4932,DSN1
NOG14591,6,0.9554,6.39,8.28e-11,2.83e-7,Kluyveromyces/Lachancea/Eremothecium,YOL117W,4932,RRI2
NOG23790,6,0.9396,6.39,8.31e-11,2.84e-7,Kluyveromyces/Lachancea/Eremothecium,YGL223C,4932,COG1
NOG11027,6,0.9872,6.389,8.34e-11,2.85e-7,Kluyveromyces/Lachancea/Eremothecium,YNL295W,4932,MRX6
NOG17102,6,0.9702,6.383,8.67e-11,2.96e-7,Kluyveromyces/Lachancea/Eremothecium,YKR046C,4932,PET10
NOG39231,6,0.9821,6.379,8.9e-11,3.04e-7,Kluyveromyces/Lachancea/Eremothecium,YHR152W,4932,SPO12
NOG04112,6,0.9872,6.379,8.91e-11,3.04e-7,Kluyveromyces/Lachancea/Eremothecium,YER033C,4932,ZRG8
NOG11535,6,0.9821,6.379,8.91e-11,3.04e-7,Kluyveromyces/Lachancea/Eremothecium,YDR279W,4932,RNH202
NOG25476,6,1,6.379,8.92e-11,3.05e-7,Kluyveromyces/Lachancea/Eremothecium,YGR102C,4932,GTF1
NOG14106,6,0.9821,6.377,9.01e-11,3.08e-7,Kluyveromyces/Lachancea/Eremothecium,YCL051W,4932,LRE1
NOG14106,6,0.9821,6.377,9.01e-11,3.08e-7,Kluyveromyces/Lachancea/Eremothecium,YDR528W,4932,HLR1
NOG26695,6,0.9821,6.377,9.06e-11,3.09e-7,Kluyveromyces/Lachancea/Eremothecium,YNL214W,4932,PEX17
NOG260014,6,0.9892,6.375,9.14e-11,3.12e-7,Kluyveromyces/Lachancea/Eremothecium,YPR148C,4932,YPR148C
NOG252208,6,0.9821,6.375,9.14e-11,3.12e-7,Kluyveromyces/Lachancea/Eremothecium,YCR082W,4932,AHC2
NOG15270,6,0.9872,6.374,9.19e-11,3.14e-7,Kluyveromyces/Lachancea/Eremothecium,YGR122W,4932,YGR122W
NOG04124,6,0.933,6.373,9.24e-11,3.15e-7,Kluyveromyces/Lachancea/Eremothecium,YOR073W,4932,SGO1
NOG241120,6,0.9702,6.373,9.29e-11,3.17e-7,Kluyveromyces/Lachancea/Eremothecium,YNL159C,4932,ASI2
NOG29326,6,0.9821,6.371,9.42e-11,3.21e-7,Kluyveromyces/Lachancea/Eremothecium,YNL309W,4932,STB1
NOG10548,6,1,6.369,9.49e-11,3.24e-7,Kluyveromyces/Lachancea/Eremothecium,YGR077C,4932,PEX8
NOG240311,6,0.9702,6.369,9.53e-11,3.25e-7,Kluyveromyces/Lachancea/Eremothecium,YPL052W,4932,OAZ1
NOG249845,6,0.9575,6.369,9.54e-11,3.26e-7,Kluyveromyces/Lachancea/Eremothecium,YDL176W,4932,YDL176W
NOG231203,6,0.9892,6.368,9.56e-11,3.26e-7,Kluyveromyces/Lachancea/Eremothecium,YDL180W,4932,YDL180W
NOG22951,6,0.9694,6.367,9.67e-11,3.3e-7,Kluyveromyces/Lachancea/Eremothecium,YDR494W,4932,RSM28
NOG10331,6,1,6.364,9.83e-11,3.35e-7,Kluyveromyces/Lachancea/Eremothecium,YIL139C,4932,REV7
NOG24015,6,1,6.363,9.89e-11,3.38e-7,Kluyveromyces/Lachancea/Eremothecium,YBL046W,4932,PSY4
NOG10739,6,1,6.363,9.92e-11,3.39e-7,Kluyveromyces/Lachancea/Eremothecium,YDR240C,4932,SNU56
NOG10413,6,1,6.362,9.93e-11,3.39e-7,Kluyveromyces/Lachancea/Eremothecium,YPL070W,4932,MUK1
NOG31366,6,1,6.362,9.97e-11,3.4e-7,Kluyveromyces/Lachancea/Eremothecium,YLR408C,4932,BLS1
NOG245644,6,0.9218,6.361,1e-10,3.42e-7,Kluyveromyces/Lachancea/Eremothecium,YPR101W,4932,SNT309
NOG130533,6,0.9694,6.359,1.02e-10,3.47e-7,Kluyveromyces/Lachancea/Eremothecium,YKL162C,4932,YKL162C
NOG33464,6,0.9345,6.356,1.04e-10,3.54e-7,Kluyveromyces/Lachancea/Eremothecium,YER034W,4932,YER034W
NOG26714,6,1,6.355,1.04e-10,3.56e-7,Kluyveromyces/Lachancea/Eremothecium,YLR385C,4932,SWC7
NOG21421,6,1,6.352,1.06e-10,3.62e-7,Kluyveromyces/Lachancea/Eremothecium,YOR220W,4932,RCN2
NOG34494,6,1,6.352,1.07e-10,3.64e-7,Kluyveromyces/Lachancea/Eremothecium,YBR258C,4932,SHG1
NOG40111,6,0.9643,6.35,1.07e-10,3.67e-7,Kluyveromyces/Lachancea/Eremothecium,YPL229W,4932,YPL229W
NOG08894,6,0.9472,6.348,1.09e-10,3.72e-7,Kluyveromyces/Lachancea/Eremothecium,YAL051W,4932,OAF1
NOG08894,6,0.9472,6.348,1.09e-10,3.72e-7,Kluyveromyces/Lachancea/Eremothecium,YOR363C,4932,PIP2
NOG15535,6,1,6.348,1.09e-10,3.72e-7,Kluyveromyces/Lachancea/Eremothecium,YBR128C,4932,ATG14
NOG25763,6,0.9643,6.348,1.09e-10,3.73e-7,Kluyveromyces/Lachancea/Eremothecium,YDR085C,4932,AFR1
NOG10940,6,0.9554,6.346,1.1e-10,3.77e-7,Kluyveromyces/Lachancea/Eremothecium,YDR488C,4932,PAC11
NOG15643,6,1,6.345,1.12e-10,3.81e-7,Kluyveromyces/Lachancea/Eremothecium,YGR120C,4932,COG2
NOG14137,6,0.9892,6.343,1.13e-10,3.85e-7,Kluyveromyces/Lachancea/Eremothecium,YJL192C,4932,SOP4
NOG243260,6,1,6.343,1.13e-10,3.86e-7,Kluyveromyces/Lachancea/Eremothecium,YKR007W,4932,MEH1
NOG22815,6,0.9466,6.338,1.16e-10,3.97e-7,Kluyveromyces/Lachancea/Eremothecium,YLR356W,4932,ATG33
NOG26831,6,1,6.338,1.16e-10,3.97e-7,Kluyveromyces/Lachancea/Eremothecium,YDR184C,4932,ATC1
NOG234706,6,0.9415,6.338,1.17e-10,3.99e-7,Kluyveromyces/Lachancea/Eremothecium,YLR054C,4932,OSW2
NOG234063,6,0.9794,6.336,1.18e-10,4.02e-7,Kluyveromyces/Lachancea/Eremothecium,YML017W,4932,PSP2
NOG251128,6,0.895,6.336,1.18e-10,4.02e-7,Kluyveromyces/Lachancea/Eremothecium,YJR012C,4932,YJR012C
NOG21277,6,0.9794,6.333,1.2e-10,4.09e-7,Kluyveromyces/Lachancea/Eremothecium,YDL099W,4932,BUG1
NOG17756,6,0.9702,6.331,1.22e-10,4.16e-7,Kluyveromyces/Lachancea/Eremothecium,YCL063W,4932,VAC17
NOG10102,6,0.9892,6.326,1.25e-10,4.28e-7,Kluyveromyces/Lachancea/Eremothecium,YMR160W,4932,YMR160W
NOG23381,6,0.9233,6.324,1.28e-10,4.36e-7,Kluyveromyces/Lachancea/Eremothecium,YGR081C,4932,SLX9
NOG02588,6,0.9892,6.321,1.3e-10,4.43e-7,Kluyveromyces/Lachancea/Eremothecium,YDR131C,4932,YDR131C
NOG02588,6,0.9892,6.321,1.3e-10,4.43e-7,Kluyveromyces/Lachancea/Eremothecium,YJL149W,4932,DAS1
COG3410,6,0.9491,6.321,1.3e-10,4.44e-7,Kluyveromyces/Lachancea/Eremothecium,YPL245W,4932,YPL245W
NOG36446,6,0.8958,6.321,1.3e-10,4.45e-7,Kluyveromyces/Lachancea/Eremothecium,YNL078W,4932,NIS1
NOG13422,6,1,6.319,1.32e-10,4.49e-7,Kluyveromyces/Lachancea/Eremothecium,YOR372C,4932,NDD1
NOG22332,6,0.9821,6.318,1.32e-10,4.51e-7,Kluyveromyces/Lachancea/Eremothecium,YHL025W,4932,SNF6
NOG22172,6,0.9702,6.317,1.33e-10,4.55e-7,Kluyveromyces/Lachancea/Eremothecium,YPL166W,4932,ATG29
NOG269862,6,0.9192,6.317,1.34e-10,4.56e-7,Kluyveromyces/Lachancea/Eremothecium,YKL204W,4932,EAP1
NOG19047,6,1,6.316,1.34e-10,4.57e-7,Kluyveromyces/Lachancea/Eremothecium,YDR315C,4932,IPK1
NOG238093,6,1,6.314,1.36e-10,4.64e-7,Kluyveromyces/Lachancea/Eremothecium,YMR232W,4932,FUS2
NOG05374,6,1,6.314,1.36e-10,4.65e-7,Kluyveromyces/Lachancea/Eremothecium,YJL016W,4932,TPH3
NOG28519,6,0.9821,6.314,1.36e-10,4.65e-7,Kluyveromyces/Lachancea/Eremothecium,YFR008W,4932,FAR7
NOG246165,6,0.9524,6.312,1.38e-10,4.7e-7,Kluyveromyces/Lachancea/Eremothecium,YGR239C,4932,PEX21
NOG26292,6,0.9226,6.308,1.41e-10,4.82e-7,Kluyveromyces/Lachancea/Eremothecium,YPL018W,4932,CTF19
NOG22067,6,0.9764,6.307,1.42e-10,4.86e-7,Kluyveromyces/Lachancea/Eremothecium,YNL322C,4932,KRE1
NOG26923,6,1,6.307,1.43e-10,4.87e-7,Kluyveromyces/Lachancea/Eremothecium,YGL061C,4932,DUO1
NOG15044,6,0.8715,6.306,1.43e-10,4.88e-7,Kluyveromyces/Lachancea/Eremothecium,YCL032W,4932,STE50
NOG05595,6,1,6.306,1.43e-10,4.89e-7,Kluyveromyces/Lachancea/Eremothecium,YDR310C,4932,SUM1
NOG20844,6,0.9415,6.305,1.44e-10,4.91e-7,Kluyveromyces/Lachancea/Eremothecium,YMR144W,4932,FDO1
NOG22409,6,0.8929,6.305,1.44e-10,4.93e-7,Kluyveromyces/Lachancea/Eremothecium,YLR102C,4932,APC9
NOG10424,6,1,6.305,1.44e-10,4.93e-7,Kluyveromyces/Lachancea/Eremothecium,YLR320W,4932,MMS22
NOG240630,6,0.9694,6.302,1.47e-10,5.03e-7,Kluyveromyces/Lachancea/Eremothecium,YMR282C,4932,AEP2
NOG07833,6,0.9892,6.3,1.49e-10,5.07e-7,Kluyveromyces/Lachancea/Eremothecium,YML006C,4932,GIS4
NOG235585,6,0.9524,6.3,1.49e-10,5.09e-7,Kluyveromyces/Lachancea/Eremothecium,YPL189C-A,4932,COA2
NOG04391,6,0.9872,6.299,1.49e-10,5.1e-7,Kluyveromyces/Lachancea/Eremothecium,YKL112W,4932,ABF1
NOG28165,6,0.9515,6.297,1.52e-10,5.19e-7,Kluyveromyces/Lachancea/Eremothecium,YIL119C,4932,RPI1
NOG251727,6,0.9892,6.297,1.52e-10,5.19e-7,Kluyveromyces/Lachancea/Eremothecium,YKL176C,4932,LST4
NOG245972,6,1,6.296,1.52e-10,5.2e-7,Kluyveromyces/Lachancea/Eremothecium,YPL193W,4932,RSA1
NOG14893,6,1,6.294,1.55e-10,5.29e-7,Kluyveromyces/Lachancea/Eremothecium,YKL130C,4932,SHE2
NOG01402,6,1,6.293,1.56e-10,5.31e-7,Kluyveromyces/Lachancea/Eremothecium,YIL055C,4932,YIL055C
NOG10403,6,0.9892,6.292,1.57e-10,5.36e-7,Kluyveromyces/Lachancea/Eremothecium,YLR173W,4932,YLR173W
NOG06192,6,0.9429,6.29,1.59e-10,5.42e-7,Kluyveromyces/Lachancea/Eremothecium,YPR085C,4932,ASA1
NOG31880,6,0.9575,6.289,1.59e-10,5.44e-7,Kluyveromyces/Lachancea/Eremothecium,YMR107W,4932,SPG4
NOG22089,6,1,6.289,1.6e-10,5.47e-7,Kluyveromyces/Lachancea/Eremothecium,YBR165W,4932,UBS1
NOG266536,6,0.9872,6.288,1.6e-10,5.48e-7,Kluyveromyces/Lachancea/Eremothecium,YMR187C,4932,YMR187C
NOG23918,6,0.9543,6.287,1.62e-10,5.54e-7,Kluyveromyces/Lachancea/Eremothecium,YKL052C,4932,ASK1
NOG18921,6,0.9702,6.286,1.62e-10,5.55e-7,Kluyveromyces/Lachancea/Eremothecium,YGL249W,4932,ZIP2
NOG12508,6,1,6.286,1.63e-10,5.56e-7,Kluyveromyces/Lachancea/Eremothecium,YIL071C,4932,PCI8
NOG251051,6,1,6.286,1.63e-10,5.56e-7,Kluyveromyces/Lachancea/Eremothecium,YKR037C,4932,SPC34
NOG16790,6,0.9694,6.282,1.67e-10,5.71e-7,Kluyveromyces/Lachancea/Eremothecium,YJL147C,4932,MRX5
NOG32439,6,0.9702,6.281,1.68e-10,5.75e-7,Kluyveromyces/Lachancea/Eremothecium,YER071C,4932,TDA2
NOG16578,6,1,6.28,1.69e-10,5.77e-7,Kluyveromyces/Lachancea/Eremothecium,YER153C,4932,PET122
NOG248187,6,1,6.28,1.69e-10,5.78e-7,Kluyveromyces/Lachancea/Eremothecium,YLR079W,4932,SIC1
NOG17949,6,0.9192,6.277,1.72e-10,5.88e-7,Kluyveromyces/Lachancea/Eremothecium,YOR060C,4932,SLD7
NOG10351,6,1,6.277,1.72e-10,5.88e-7,Kluyveromyces/Lachancea/Eremothecium,YPL158C,4932,AIM44
NOG21076,6,1,6.274,1.76e-10,6e-7,Kluyveromyces/Lachancea/Eremothecium,YJL173C,4932,RFA3
NOG15856,6,0.9524,6.273,1.77e-10,6.05e-7,Kluyveromyces/Lachancea/Eremothecium,YGL075C,4932,MPS2
NOG19259,6,0.9821,6.273,1.77e-10,6.05e-7,Kluyveromyces/Lachancea/Eremothecium,YKL096W,4932,CWP1
NOG35750,6,0.9594,6.272,1.78e-10,6.07e-7,Kluyveromyces/Lachancea/Eremothecium,YPL055C,4932,LGE1
NOG27171,6,0.9702,6.272,1.78e-10,6.07e-7,Kluyveromyces/Lachancea/Eremothecium,YCR076C,4932,FUB1
NOG23682,6,1,6.272,1.78e-10,6.09e-7,Kluyveromyces/Lachancea/Eremothecium,YIL132C,4932,CSM2
NOG36007,6,0.9575,6.271,1.79e-10,6.12e-7,Kluyveromyces/Lachancea/Eremothecium,YDR022C,4932,ATG31
NOG26801,6,1,6.271,1.79e-10,6.13e-7,Kluyveromyces/Lachancea/Eremothecium,YFR049W,4932,YMR31
NOG18026,6,0.8492,6.269,1.81e-10,6.19e-7,Kluyveromyces/Lachancea/Eremothecium,YAL014C,4932,SYN8
NOG256033,6,1,6.268,1.83e-10,6.24e-7,Kluyveromyces/Lachancea/Eremothecium,YMR198W,4932,CIK1
NOG256033,6,1,6.268,1.83e-10,6.24e-7,Kluyveromyces/Lachancea/Eremothecium,YPL253C,4932,VIK1
NOG17047,6,1,6.268,1.83e-10,6.24e-7,Kluyveromyces/Lachancea/Eremothecium,YGL250W,4932,RMR1
NOG19310,6,0.9821,6.267,1.84e-10,6.29e-7,Kluyveromyces/Lachancea/Eremothecium,YEL018W,4932,EAF5
NOG14931,6,0.9872,6.266,1.85e-10,6.31e-7,Kluyveromyces/Lachancea/Eremothecium,YFR042W,4932,KEG1
NOG16686,6,0.9694,6.266,1.85e-10,6.31e-7,Kluyveromyces/Lachancea/Eremothecium,YKR075C,4932,YKR075C
NOG16686,6,0.9694,6.266,1.85e-10,6.31e-7,Kluyveromyces/Lachancea/Eremothecium,YOR062C,4932,YOR062C
NOG06182,6,1,6.266,1.85e-10,6.33e-7,Kluyveromyces/Lachancea/Eremothecium,YNL199C,4932,GCR2
NOG254877,6,0.9345,6.266,1.86e-10,6.33e-7,Kluyveromyces/Lachancea/Eremothecium,YGR126W,4932,YGR126W
NOG10662,6,1,6.265,1.86e-10,6.35e-7,Kluyveromyces/Lachancea/Eremothecium,YJL146W,4932,IDS2
NOG12286,6,0.9764,6.262,1.9e-10,6.47e-7,Kluyveromyces/Lachancea/Eremothecium,YER032W,4932,FIR1
NOG05711,6,0.9821,6.262,1.9e-10,6.5e-7,Kluyveromyces/Lachancea/Eremothecium,YER124C,4932,DSE1
NOG09352,6,0.9233,6.261,1.91e-10,6.52e-7,Kluyveromyces/Lachancea/Eremothecium,YLR455W,4932,PDP3
NOG271167,6,0.9226,6.261,1.91e-10,6.53e-7,Kluyveromyces/Lachancea/Eremothecium,YOR045W,4932,TOM6
NOG03487,6,0.9303,6.261,1.91e-10,6.53e-7,Kluyveromyces/Lachancea/Eremothecium,YLR150W,4932,STM1
NOG135768,6,0.9488,6.261,1.92e-10,6.55e-7,Kluyveromyces/Lachancea/Eremothecium,YOR083W,4932,WHI5
NOG02832,6,0.9571,6.26,1.93e-10,6.58e-7,Kluyveromyces/Lachancea/Eremothecium,YBR225W,4932,YBR225W
NOG30148,6,0.9396,6.26,1.93e-10,6.59e-7,Kluyveromyces/Lachancea/Eremothecium,YLR119W,4932,SRN2
NOG10305,6,0.8874,6.256,1.97e-10,6.72e-7,Kluyveromyces/Lachancea/Eremothecium,YOR352W,4932,TFB6
NOG27588,6,0.8875,6.256,1.97e-10,6.73e-7,Kluyveromyces/Lachancea/Eremothecium,YCL066W,4932,HMLALPHA1
NOG27588,6,0.8875,6.256,1.97e-10,6.73e-7,Kluyveromyces/Lachancea/Eremothecium,YCR040W,4932,MATALPHA1
NOG07717,6,0.8387,6.255,1.98e-10,6.77e-7,Kluyveromyces/Lachancea/Eremothecium,YMR119W,4932,ASI1
NOG246349,6,0.9154,6.254,2e-10,6.81e-7,Kluyveromyces/Lachancea/Eremothecium,YKL006C-A,4932,SFT1
NOG248502,6,0.9105,6.252,2.03e-10,6.92e-7,Kluyveromyces/Lachancea/Eremothecium,YMR184W,4932,ADD37
NOG06158,6,0.9114,6.25,2.05e-10,7.01e-7,Kluyveromyces/Lachancea/Eremothecium,YOR337W,4932,TEA1
NOG31288,6,0.9147,6.25,2.06e-10,7.02e-7,Kluyveromyces/Lachancea/Eremothecium,YMR252C,4932,YMR252C
NOG31712,6,0.9821,6.249,2.07e-10,7.06e-7,Kluyveromyces/Lachancea/Eremothecium,YCR043C,4932,YCR043C
NOG22985,6,0.9892,6.249,2.07e-10,7.06e-7,Kluyveromyces/Lachancea/Eremothecium,YDR309C,4932,GIC2
NOG22985,6,0.9892,6.249,2.07e-10,7.06e-7,Kluyveromyces/Lachancea/Eremothecium,YHR061C,4932,GIC1
NOG33735,6,0.9643,6.248,2.08e-10,7.09e-7,Kluyveromyces/Lachancea/Eremothecium,YJR112W-A,4932,YJR112W-A
NOG07990,6,0.9872,6.248,2.08e-10,7.1e-7,Kluyveromyces/Lachancea/Eremothecium,YKR044W,4932,UIP5
NOG12452,6,1,6.247,2.09e-10,7.13e-7,Kluyveromyces/Lachancea/Eremothecium,YOR030W,4932,DFG16
NOG20730,6,1,6.247,2.09e-10,7.15e-7,Kluyveromyces/Lachancea/Eremothecium,YLR052W,4932,IES3
NOG26241,6,1,6.247,2.09e-10,7.15e-7,Kluyveromyces/Lachancea/Eremothecium,YPR116W,4932,RRG8
NOG05935,6,0.9702,6.246,2.1e-10,7.18e-7,Kluyveromyces/Lachancea/Eremothecium,YLR301W,4932,HRI1
NOG270386,6,0.9265,6.245,2.11e-10,7.21e-7,Kluyveromyces/Lachancea/Eremothecium,YBL029C-A,4932,YBL029C-A
NOG06322,6,0.9892,6.244,2.13e-10,7.27e-7,Kluyveromyces/Lachancea/Eremothecium,YDR138W,4932,HPR1
NOG232528,6,0.9764,6.244,2.14e-10,7.3e-7,Kluyveromyces/Lachancea/Eremothecium,YML113W,4932,DAT1
NOG29175,6,0.9048,6.243,2.14e-10,7.3e-7,Kluyveromyces/Lachancea/Eremothecium,YJR021C,4932,REC107
NOG15897,6,1,6.243,2.14e-10,7.31e-7,Kluyveromyces/Lachancea/Eremothecium,YLR135W,4932,SLX4
NOG23586,6,0.8929,6.243,2.14e-10,7.32e-7,Kluyveromyces/Lachancea/Eremothecium,YPL033C,4932,SRL4
NOG32975,6,1,6.243,2.15e-10,7.32e-7,Kluyveromyces/Lachancea/Eremothecium,YNR010W,4932,CSE2
NOG27831,6,0.9892,6.243,2.15e-10,7.34e-7,Kluyveromyces/Lachancea/Eremothecium,YNR022C,4932,MRPL50
NOG06285,6,1,6.243,2.15e-10,7.34e-7,Kluyveromyces/Lachancea/Eremothecium,YJR136C,4932,TTI2
NOG271173,6,1,6.242,2.16e-10,7.36e-7,Kluyveromyces/Lachancea/Eremothecium,YNL086W,4932,SNN1
NOG15914,6,0.9739,6.241,2.17e-10,7.42e-7,Kluyveromyces/Lachancea/Eremothecium,YPR139C,4932,LOA1
NOG38185,6,0.9345,6.24,2.19e-10,7.47e-7,Kluyveromyces/Lachancea/Eremothecium,YJL127C-B,4932,YJL127C-B
NOG243583,6,0.9226,6.239,2.2e-10,7.5e-7,Kluyveromyces/Lachancea/Eremothecium,YER092W,4932,IES5
NOG250912,6,1,6.239,2.2e-10,7.52e-7,Kluyveromyces/Lachancea/Eremothecium,YLR431C,4932,ATG23
NOG23622,6,0.9048,6.239,2.21e-10,7.54e-7,Kluyveromyces/Lachancea/Eremothecium,YOR264W,4932,DSE3
NOG231554,6,0.9892,6.238,2.22e-10,7.57e-7,Kluyveromyces/Lachancea/Eremothecium,YAL059W,4932,ECM1
NOG269760,6,0.9488,6.238,2.22e-10,7.58e-7,Kluyveromyces/Lachancea/Eremothecium,YBR108W,4932,AIM3
NOG254377,6,1,6.238,2.22e-10,7.59e-7,Kluyveromyces/Lachancea/Eremothecium,YDR239C,4932,YDR239C
NOG28170,6,0.9345,6.237,2.23e-10,7.61e-7,Kluyveromyces/Lachancea/Eremothecium,YIL009C-A,4932,EST3
NOG02912,6,0.8594,6.235,2.26e-10,7.71e-7,Kluyveromyces/Lachancea/Eremothecium,YDR150W,4932,NUM1
NOG28521,6,0.9098,6.234,2.27e-10,7.74e-7,Kluyveromyces/Lachancea/Eremothecium,YDR478W,4932,SNM1
NOG23055,6,0.9821,6.234,2.27e-10,7.75e-7,Kluyveromyces/Lachancea/Eremothecium,YKL122C,4932,SRP21
NOG17860,6,0.9643,6.234,2.28e-10,7.78e-7,Kluyveromyces/Lachancea/Eremothecium,YKR011C,4932,YKR011C
NOG19950,6,1,6.233,2.28e-10,7.79e-7,Kluyveromyces/Lachancea/Eremothecium,YAL027W,4932,SAW1
NOG08106,6,0.9821,6.232,2.31e-10,7.88e-7,Kluyveromyces/Lachancea/Eremothecium,YMR168C,4932,CEP3
NOG27864,6,0.9226,6.23,2.33e-10,7.96e-7,Kluyveromyces/Lachancea/Eremothecium,YPL168W,4932,MRX4
NOG06015,6,0.9892,6.23,2.34e-10,7.99e-7,Kluyveromyces/Lachancea/Eremothecium,YDR369C,4932,XRS2
NOG12665,6,0.9694,6.226,2.39e-10,8.15e-7,Kluyveromyces/Lachancea/Eremothecium,YJL051W,4932,IRC8
NOG231782,6,1,6.226,2.39e-10,8.17e-7,Kluyveromyces/Lachancea/Eremothecium,YLR211C,4932,ATG38
NOG35081,6,0.9554,6.225,2.4e-10,8.21e-7,Kluyveromyces/Lachancea/Eremothecium,YNL162W-A,4932,YNL162W-A
NOG08648,6,0.9892,6.224,2.42e-10,8.28e-7,Kluyveromyces/Lachancea/Eremothecium,YLR263W,4932,RED1
NOG31864,6,0.9694,6.224,2.43e-10,8.28e-7,Kluyveromyces/Lachancea/Eremothecium,YKL063C,4932,YKL063C
NOG21131,6,0.9694,6.222,2.46e-10,8.39e-7,Kluyveromyces/Lachancea/Eremothecium,YDR532C,4932,KRE28
NOG258900,6,0.9437,6.221,2.47e-10,8.42e-7,Kluyveromyces/Lachancea/Eremothecium,YBR240C,4932,THI2
NOG15982,6,1,6.22,2.49e-10,8.51e-7,Kluyveromyces/Lachancea/Eremothecium,YDR065W,4932,RRG1
NOG258000,6,0.9457,6.219,2.5e-10,8.53e-7,Kluyveromyces/Lachancea/Eremothecium,YLR423C,4932,ATG17
NOG32533,6,0.9396,6.219,2.51e-10,8.55e-7,Kluyveromyces/Lachancea/Eremothecium,YBR152W,4932,SPP381
NOG269479,6,0.8521,6.217,2.54e-10,8.66e-7,Kluyveromyces/Lachancea/Eremothecium,YDR391C,4932,YDR391C
NOG269479,6,0.8521,6.217,2.54e-10,8.66e-7,Kluyveromyces/Lachancea/Eremothecium,YOR012W,4932,YOR012W
NOG269479,6,0.8521,6.217,2.54e-10,8.66e-7,Kluyveromyces/Lachancea/Eremothecium,YOR013W,4932,IRC11
NOG14645,6,0.9293,6.216,2.55e-10,8.71e-7,Kluyveromyces/Lachancea/Eremothecium,YKR004C,4932,ECM9
NOG06085,6,0.902,6.213,2.6e-10,8.88e-7,Kluyveromyces/Lachancea/Eremothecium,YLR368W,4932,MDM30
NOG31357,6,0.9575,6.212,2.61e-10,8.9e-7,Kluyveromyces/Lachancea/Eremothecium,YML129C,4932,COX14
NOG34197,6,0.9821,6.212,2.61e-10,8.91e-7,Kluyveromyces/Lachancea/Eremothecium,YKR083C,4932,DAD2
NOG240828,6,0.9616,6.212,2.6200000000000003e-10,8.95e-7,Kluyveromyces/Lachancea/Eremothecium,YPL007C,4932,TFC8
NOG20741,6,1,6.211,2.63e-10,8.96e-7,Kluyveromyces/Lachancea/Eremothecium,YBR077C,4932,SLM4
NOG01315,6,0.9192,6.211,2.63e-10,8.97e-7,Kluyveromyces/Lachancea/Eremothecium,YDR103W,4932,STE5
NOG18874,6,0.9821,6.21,2.66e-10,9.07e-7,Kluyveromyces/Lachancea/Eremothecium,YNR045W,4932,PET494
NOG270455,6,0.8831,6.208,2.69e-10,9.18e-7,Kluyveromyces/Lachancea/Eremothecium,YGR016W,4932,YGR016W
NOG235345,6,0.9892,6.204,2.75e-10,9.4e-7,Kluyveromyces/Lachancea/Eremothecium,YPL161C,4932,BEM4
NOG258519,6,0.9821,6.203,2.77e-10,9.46e-7,Kluyveromyces/Lachancea/Eremothecium,YOR229W,4932,WTM2
NOG258519,6,0.9821,6.203,2.77e-10,9.46e-7,Kluyveromyces/Lachancea/Eremothecium,YOR230W,4932,WTM1
NOG258519,6,0.9821,6.203,2.77e-10,9.46e-7,Kluyveromyces/Lachancea/Eremothecium,YPL139C,4932,UME1
NOG245645,6,1,6.202,2.78e-10,9.5e-7,Kluyveromyces/Lachancea/Eremothecium,YDL073W,4932,AHK1
NOG246708,6,0.9226,6.2,2.82e-10,9.64e-7,Kluyveromyces/Lachancea/Eremothecium,YPR171W,4932,BSP1
NOG05537,6,1,6.2,2.83e-10,9.66e-7,Kluyveromyces/Lachancea/Eremothecium,YAL018C,4932,LDS1
NOG22495,6,1,6.199,2.85e-10,9.73e-7,Kluyveromyces/Lachancea/Eremothecium,YOR255W,4932,OSW1
NOG01838,6,1,6.197,2.87e-10,9.8e-7,Kluyveromyces/Lachancea/Eremothecium,YER147C,4932,SCC4
NOG252345,6,0.9405,6.197,2.87e-10,9.8e-7,Kluyveromyces/Lachancea/Eremothecium,YBR085C-A,4932,YBR085C-A
NOG244176,6,0.9396,6.197,2.87e-10,9.8e-7,Kluyveromyces/Lachancea/Eremothecium,YPL272C,4932,PBI1
NOG10815,6,0.9872,6.197,2.88e-10,9.82e-7,Kluyveromyces/Lachancea/Eremothecium,YPR164W,4932,MMS1
NOG245725,6,0.9694,6.195,2.91e-10,9.94e-7,Kluyveromyces/Lachancea/Eremothecium,YDR179C,4932,CSN9
NOG35738,6,0.9048,6.195,2.92e-10,9.95e-7,Kluyveromyces/Lachancea/Eremothecium,YMR148W,4932,OSW5
NOG16130,6,0.9524,6.192,2.97e-10,1.01e-6,Kluyveromyces/Lachancea/Eremothecium,YNL225C,4932,CNM67
NOG26393,6,0.9821,6.192,2.97e-10,1.02e-6,Kluyveromyces/Lachancea/Eremothecium,YER046W,4932,SPO73
NOG254376,6,0.9218,6.192,2.98e-10,1.02e-6,Kluyveromyces/Lachancea/Eremothecium,YBL081W,4932,YBL081W
NOG25046,6,0.9524,6.191,2.99e-10,1.02e-6,Kluyveromyces/Lachancea/Eremothecium,YGL025C,4932,PGD1
NOG08850,6,0.9892,6.19,3.01e-10,1.03e-6,Kluyveromyces/Lachancea/Eremothecium,YPR070W,4932,MED1
NOG245724,6,1,6.187,3.06e-10,1.05e-6,Kluyveromyces/Lachancea/Eremothecium,YLR226W,4932,BUR2
NOG02564,6,1,6.187,3.08e-10,1.05e-6,Kluyveromyces/Lachancea/Eremothecium,YMR270C,4932,RRN9
NOG06242,6,1,6.186,3.08e-10,1.05e-6,Kluyveromyces/Lachancea/Eremothecium,YML023C,4932,NSE5
NOG18670,6,0.9396,6.186,3.09e-10,1.05e-6,Kluyveromyces/Lachancea/Eremothecium,YHR184W,4932,SSP1
NOG26664,6,0.9345,6.186,3.09e-10,1.06e-6,Kluyveromyces/Lachancea/Eremothecium,YDR113C,4932,PDS1
NOG27181,6,0.9048,6.185,3.11e-10,1.06e-6,Kluyveromyces/Lachancea/Eremothecium,YJR135C,4932,MCM22
NOG235586,6,0.9401,6.185,3.11e-10,1.06e-6,Kluyveromyces/Lachancea/Eremothecium,YDR370C,4932,DXO1
NOG230038,6,0.9149,6.184,3.13e-10,1.07e-6,Kluyveromyces/Lachancea/Eremothecium,YFR032C,4932,RRT5
NOG23405,6,0.9872,6.182,3.17e-10,1.08e-6,Kluyveromyces/Lachancea/Eremothecium,YBL006C,4932,LDB7
NOG15305,6,0.9694,6.181,3.19e-10,1.09e-6,Kluyveromyces/Lachancea/Eremothecium,YLR360W,4932,VPS38
NOG31326,6,0.9821,6.181,3.19e-10,1.09e-6,Kluyveromyces/Lachancea/Eremothecium,YBR253W,4932,SRB6
NOG28225,6,1,6.18,3.2e-10,1.09e-6,Kluyveromyces/Lachancea/Eremothecium,YDR073W,4932,SNF11
NOG20985,6,0.9318,6.18,3.21e-10,1.1e-6,Kluyveromyces/Lachancea/Eremothecium,YBR255C-A,4932,RCF3
NOG27354,6,0.9524,6.179,3.22e-10,1.1e-6,Kluyveromyces/Lachancea/Eremothecium,YDL169C,4932,UGX2
NOG270176,6,0.9288,6.178,3.24e-10,1.11e-6,Kluyveromyces/Lachancea/Eremothecium,YCL028W,4932,RNQ1
NOG32404,6,0.8958,6.178,3.24e-10,1.11e-6,Kluyveromyces/Lachancea/Eremothecium,YIL161W,4932,YIL161W
NOG249506,6,0.9147,6.168,3.47e-10,1.18e-6,Kluyveromyces/Lachancea/Eremothecium,YDL218W,4932,YDL218W
NOG29113,6,0.9218,6.165,3.53e-10,1.21e-6,Kluyveromyces/Lachancea/Eremothecium,YGR206W,4932,MVB12
NOG26929,6,0.9197,6.164,3.54e-10,1.21e-6,Kluyveromyces/Lachancea/Eremothecium,YIL135C,4932,VHS2
NOG26929,6,0.9197,6.164,3.54e-10,1.21e-6,Kluyveromyces/Lachancea/Eremothecium,YNL074C,4932,MLF3
NOG256553,6,0.9821,6.164,3.55e-10,1.21e-6,Kluyveromyces/Lachancea/Eremothecium,YKR020W,4932,VPS51
NOG09440,6,1,6.163,3.57e-10,1.22e-6,Kluyveromyces/Lachancea/Eremothecium,YKL075C,4932,YKL075C
NOG08401,6,0.9821,6.163,3.57e-10,1.22e-6,Kluyveromyces/Lachancea/Eremothecium,YKL187C,4932,FAT3
NOG08401,6,0.9821,6.163,3.57e-10,1.22e-6,Kluyveromyces/Lachancea/Eremothecium,YLR413W,4932,INA1
NOG25045,6,0.9396,6.16,3.64e-10,1.24e-6,Kluyveromyces/Lachancea/Eremothecium,YMR117C,4932,SPC24
NOG20483,6,1,6.159,3.67e-10,1.25e-6,Kluyveromyces/Lachancea/Eremothecium,YDR078C,4932,SHU2
NOG244076,6,0.9702,6.158,3.68e-10,1.26e-6,Kluyveromyces/Lachancea/Eremothecium,YPL241C,4932,CIN2
NOG17887,6,0.9694,6.157,3.7e-10,1.26e-6,Kluyveromyces/Lachancea/Eremothecium,YLR219W,4932,MSC3
NOG09992,6,0.8342,6.157,3.72e-10,1.27e-6,Kluyveromyces/Lachancea/Eremothecium,YDR303C,4932,RSC3
NOG09992,6,0.8342,6.157,3.72e-10,1.27e-6,Kluyveromyces/Lachancea/Eremothecium,YHR056C,4932,RSC30
NOG239829,6,0.969,6.156,3.73e-10,1.27e-6,Kluyveromyces/Lachancea/Eremothecium,YBL107C,4932,MIX23
NOG12188,6,0.9694,6.155,3.74e-10,1.28e-6,Kluyveromyces/Lachancea/Eremothecium,YER167W,4932,BCK2
NOG21657,6,0.9872,6.155,3.75e-10,1.28e-6,Kluyveromyces/Lachancea/Eremothecium,YPL159C,4932,PET20
NOG21657,6,0.9872,6.155,3.75e-10,1.28e-6,Kluyveromyces/Lachancea/Eremothecium,YPR151C,4932,SUE1
NOG274431,6,0.8645,6.152,3.82e-10,1.31e-6,Kluyveromyces/Lachancea/Eremothecium,YKL222C,4932,YKL222C
NOG274431,6,0.8645,6.152,3.82e-10,1.31e-6,Kluyveromyces/Lachancea/Eremothecium,YOR162C,4932,YRR1
NOG274431,6,0.8645,6.152,3.82e-10,1.31e-6,Kluyveromyces/Lachancea/Eremothecium,YOR172W,4932,YRM1
NOG31818,6,0.9575,6.152,3.83e-10,1.31e-6,Kluyveromyces/Lachancea/Eremothecium,YLL042C,4932,ATG10
NOG36025,6,0.9694,6.15,3.86e-10,1.32e-6,Kluyveromyces/Lachancea/Eremothecium,YKR045C,4932,YKR045C
NOG20621,6,0.9694,6.15,3.87e-10,1.32e-6,Kluyveromyces/Lachancea/Eremothecium,YBR211C,4932,AME1
NOG230949,6,1,6.146,3.98e-10,1.36e-6,Kluyveromyces/Lachancea/Eremothecium,YGR140W,4932,CBF2
NOG40853,6,0.9534,6.138,4.17e-10,1.42e-6,Kluyveromyces/Lachancea/Eremothecium,YNL210W,4932,MER1
NOG19794,6,0.9702,6.137,4.2e-10,1.44e-6,Kluyveromyces/Lachancea/Eremothecium,YOL036W,4932,YOL036W
NOG16738,6,1,6.136,4.24e-10,1.45e-6,Kluyveromyces/Lachancea/Eremothecium,YGR084C,4932,MRP13
NOG26828,6,0.9892,6.134,4.28e-10,1.46e-6,Kluyveromyces/Lachancea/Eremothecium,YDR446W,4932,ECM11
NOG23668,6,0.9077,6.132,4.35e-10,1.48e-6,Kluyveromyces/Lachancea/Eremothecium,YLR091W,4932,GEP5
NOG23834,6,0.9375,6.13,4.38e-10,1.5e-6,Kluyveromyces/Lachancea/Eremothecium,YPL121C,4932,MEI5
NOG08368,6,0.9892,6.127,4.47e-10,1.53e-6,Kluyveromyces/Lachancea/Eremothecium,YNL187W,4932,SWT21
NOG21198,6,1,6.125,4.53e-10,1.55e-6,Kluyveromyces/Lachancea/Eremothecium,YOR279C,4932,RFM1
NOG247091,6,0.875,6.124,4.55e-10,1.55e-6,Kluyveromyces/Lachancea/Eremothecium,YKL061W,4932,BLI1
NOG14804,6,0.9396,6.122,4.63e-10,1.58e-6,Kluyveromyces/Lachancea/Eremothecium,YMR064W,4932,AEP1
NOG32603,6,0.9277,6.117,4.77e-10,1.63e-6,Kluyveromyces/Lachancea/Eremothecium,YDL160C-A,4932,MHF2
NOG26033,6,0.8894,6.115,4.82e-10,1.65e-6,Kluyveromyces/Lachancea/Eremothecium,YLR110C,4932,CCW12
NOG39172,6,0.8963,6.11,4.98e-10,1.7e-6,Kluyveromyces/Lachancea/Eremothecium,YCR097W,4932,HMRA1
NOG28527,6,0.9226,6.109,5.02e-10,1.71e-6,Kluyveromyces/Lachancea/Eremothecium,YDL129W,4932,YDL129W
NOG31928,6,0.9154,6.109,5.02e-10,1.71e-6,Kluyveromyces/Lachancea/Eremothecium,YMR256C,4932,COX7
NOG34865,6,0.9107,6.104,5.17e-10,1.76e-6,Kluyveromyces/Lachancea/Eremothecium,YHR079C-A,4932,SAE3
NOG20643,6,0.9077,6.104,5.18e-10,1.77e-6,Kluyveromyces/Lachancea/Eremothecium,YOR350C,4932,MNE1
NOG24242,6,0.9821,6.099,5.32e-10,1.82e-6,Kluyveromyces/Lachancea/Eremothecium,YNL100W,4932,MIC27
NOG271616,6,0.9524,6.094,5.5e-10,1.88e-6,Kluyveromyces/Lachancea/Eremothecium,YIR017C,4932,MET28
NOG26776,6,0.9702,6.092,5.59e-10,1.91e-6,Kluyveromyces/Lachancea/Eremothecium,YDL139C,4932,SCM3
NOG14801,6,1,6.091,5.63e-10,1.92e-6,Kluyveromyces/Lachancea/Eremothecium,YHR167W,4932,THP2
NOG24645,6,0.8622,6.089,5.67e-10,1.94e-6,Kluyveromyces/Lachancea/Eremothecium,YPL267W,4932,ACM1
NOG270884,6,0.8608,6.085,5.84e-10,1.99e-6,Kluyveromyces/Lachancea/Eremothecium,YMR294W,4932,JNM1
NOG18816,6,0.9477,6.084,5.86e-10,2e-6,Kluyveromyces/Lachancea/Eremothecium,YPR172W,4932,YPR172W
NOG12103,6,0.9014,6.083,5.9e-10,2.01e-6,Kluyveromyces/Lachancea/Eremothecium,YJR004C,4932,SAG1
NOG32329,6,0.9554,6.082,5.95e-10,2.03e-6,Kluyveromyces/Lachancea/Eremothecium,YGR030C,4932,POP6
NOG09616,6,0.9556,6.079,6.06e-10,2.07e-6,Kluyveromyces/Lachancea/Eremothecium,YPR007C,4932,REC8
NOG04601,6,0.9892,6.077,6.11e-10,2.09e-6,Kluyveromyces/Lachancea/Eremothecium,YJL019W,4932,MPS3
NOG27658,6,0.9491,6.076,6.16e-10,2.1e-6,Kluyveromyces/Lachancea/Eremothecium,YHR060W,4932,VMA22
NOG42047,6,0.9109,6.076,6.16e-10,2.1e-6,Kluyveromyces/Lachancea/Eremothecium,YGR275W,4932,RTT102
NOG24757,6,0.8476,6.074,6.24e-10,2.13e-6,Kluyveromyces/Lachancea/Eremothecium,YBR047W,4932,FMP23
NOG10462,6,0.8791,6.073,6.27e-10,2.14e-6,Kluyveromyces/Lachancea/Eremothecium,YMR111C,4932,YMR111C
NOG03667,6,0.9892,6.072,6.3e-10,2.15e-6,Kluyveromyces/Lachancea/Eremothecium,YNL103W,4932,MET4
NOG15452,6,0.9054,6.068,6.46e-10,2.2e-6,Kluyveromyces/Lachancea/Eremothecium,YOR313C,4932,SPS4
NOG259384,6,0.901,6.068,6.48e-10,2.21e-6,Kluyveromyces/Lachancea/Eremothecium,YBR216C,4932,YBP1
NOG259384,6,0.901,6.068,6.48e-10,2.21e-6,Kluyveromyces/Lachancea/Eremothecium,YGL060W,4932,YBP2
NOG32182,6,0.9014,6.068,6.49e-10,2.21e-6,Kluyveromyces/Lachancea/Eremothecium,YBR233W-A,4932,DAD3
NOG30940,6,0.9821,6.067,6.53e-10,2.23e-6,Kluyveromyces/Lachancea/Eremothecium,YNL038W,4932,GPI15
NOG40977,6,0.878,6.064,6.64e-10,2.27e-6,Kluyveromyces/Lachancea/Eremothecium,YBR194W,4932,AIM4
NOG251726,6,0.8676,6.062,6.73e-10,2.3e-6,Kluyveromyces/Lachancea/Eremothecium,YPR133W-A,4932,TOM5
NOG15601,6,0.9192,6.047,7.38e-10,2.52e-6,Kluyveromyces/Lachancea/Eremothecium,YLR199C,4932,PBA1
NOG24201,6,0.875,6.042,7.63e-10,2.61e-6,Kluyveromyces/Lachancea/Eremothecium,YNL188W,4932,KAR1
NOG17745,6,0.9853,6.039,7.73e-10,2.64e-6,Kluyveromyces/Lachancea/Eremothecium,YLR292C,4932,SEC72
NOG07773,6,0.9154,6.039,7.75e-10,2.65e-6,Kluyveromyces/Lachancea/Eremothecium,YAL056W,4932,GPB2
NOG07773,6,0.9154,6.039,7.75e-10,2.65e-6,Kluyveromyces/Lachancea/Eremothecium,YOR371C,4932,GPB1
NOG09996,6,0.9873,6.039,7.78e-10,2.66e-6,Kluyveromyces/Lachancea/Eremothecium,YOR023C,4932,AHC1
NOG238758,6,0.8952,6.037,7.85e-10,2.68e-6,Kluyveromyces/Lachancea/Eremothecium,YHR045W,4932,YHR045W
NOG28884,6,0.9065,6.031,8.14e-10,2.78e-6,Kluyveromyces/Lachancea/Eremothecium,YBL028C,4932,YBL028C
NOG17455,6,0.933,6.03,8.21e-10,2.8e-6,Kluyveromyces/Lachancea/Eremothecium,YBL010C,4932,YBL010C
NOG263110,6,0.8771,6.027,8.35e-10,2.85e-6,Kluyveromyces/Lachancea/Eremothecium,YBL086C,4932,YBL086C
NOG238483,6,0.9702,6.025,8.44e-10,2.88e-6,Kluyveromyces/Lachancea/Eremothecium,YMR159C,4932,ATG16
NOG18240,6,0.881,6.024,8.5e-10,2.9e-6,Kluyveromyces/Lachancea/Eremothecium,YDR317W,4932,HIM1
NOG25816,6,0.8782,6.023,8.57e-10,2.93e-6,Kluyveromyces/Lachancea/Eremothecium,YGL041W-A,4932,YGL041W-A
NOG05064,6,0.8231,6.019,8.78e-10,3e-6,Kluyveromyces/Lachancea/Eremothecium,YGR177C,4932,ATF2
NOG05064,6,0.8231,6.019,8.78e-10,3e-6,Kluyveromyces/Lachancea/Eremothecium,YOR377W,4932,ATF1
NOG249505,6,0.9154,6.018,8.82e-10,3.01e-6,Kluyveromyces/Lachancea/Eremothecium,YML011C,4932,RAD33
NOG01963,6,1,6.017,8.9e-10,3.04e-6,Kluyveromyces/Lachancea/Eremothecium,YDR195W,4932,REF2
NOG31003,6,0.9247,6.007,9.43e-10,3.22e-6,Kluyveromyces/Lachancea/Eremothecium,YMR133W,4932,REC114
NOG31140,6,0.9324,6.005,9.55e-10,3.26e-6,Kluyveromyces/Lachancea/Eremothecium,YNL211C,4932,MRX7
COG0736,6,0.9074,6.005,9.58e-10,3.27e-6,Kluyveromyces/Lachancea/Eremothecium,YPL148C,4932,PPT2
NOG10146,6,0.9256,6.004,9.62e-10,3.28e-6,Kluyveromyces/Lachancea/Eremothecium,YIL146C,4932,ATG32
NOG19760,6,0.898,6.003,9.66e-10,3.3e-6,Kluyveromyces/Lachancea/Eremothecium,YLR257W,4932,YLR257W
NOG00526,6,1,6,9.88e-10,3.37e-6,Kluyveromyces/Lachancea/Eremothecium,YLR095C,4932,IOC2
NOG16477,6,0.9107,5.988,1.06e-9,3.62e-6,Kluyveromyces/Lachancea/Eremothecium,YLR457C,4932,NBP1
NOG22351,6,0.9396,5.986,1.07e-9,3.66e-6,Kluyveromyces/Lachancea/Eremothecium,YDR056C,4932,EMC10
NOG257979,6,0.8773,5.984,1.09e-9,3.71e-6,Kluyveromyces/Lachancea/Eremothecium,YKR064W,4932,OAF3
NOG270691,6,0.9127,5.978,1.13e-9,3.85e-6,Kluyveromyces/Lachancea/Eremothecium,YMR164C,4932,MSS11
NOG239129,6,0.9154,5.968,1.2e-9,4.11e-6,Kluyveromyces/Lachancea/Eremothecium,YGL113W,4932,SLD3
NOG23325,6,0.9154,5.96,1.26e-9,4.29e-6,Kluyveromyces/Lachancea/Eremothecium,YDL157C,4932,YDL157C
NOG242049,6,0.8511,5.958,1.27e-9,4.35e-6,Kluyveromyces/Lachancea/Eremothecium,YEL043W,4932,YEL043W
NOG33035,6,0.9098,5.957,1.28e-9,4.38e-6,Kluyveromyces/Lachancea/Eremothecium,YOR148C,4932,SPP2
NOG233064,6,0.878,5.948,1.35e-9,4.63e-6,Kluyveromyces/Lachancea/Eremothecium,YDR082W,4932,STN1
NOG32944,6,0.8112,5.944,1.39e-9,4.76e-6,Kluyveromyces/Lachancea/Eremothecium,YBR230C,4932,OM14
NOG265534,6,0.7421,5.937,1.45e-9,4.95e-6,Kluyveromyces/Lachancea/Eremothecium,YCR106W,4932,RDS1
NOG265534,6,0.7421,5.937,1.45e-9,4.95e-6,Kluyveromyces/Lachancea/Eremothecium,YLL054C,4932,YLL054C
NOG27422,6,0.9154,5.934,1.48e-9,5.04e-6,Kluyveromyces/Lachancea/Eremothecium,YGR008C,4932,STF2
NOG27422,6,0.9154,5.934,1.48e-9,5.04e-6,Kluyveromyces/Lachancea/Eremothecium,YLR327C,4932,TMA10
NOG15376,6,0.9524,5.931,1.51e-9,5.14e-6,Kluyveromyces/Lachancea/Eremothecium,YDR014W,4932,RAD61
NOG243890,6,0.8622,5.927,1.54e-9,5.26e-6,Kluyveromyces/Lachancea/Eremothecium,YGR168C,4932,YGR168C
NOG242865,6,0.9154,5.925,1.56e-9,5.32e-6,Kluyveromyces/Lachancea/Eremothecium,YGL175C,4932,SAE2
NOG233566,6,0.8482,5.891,1.92e-9,6.54e-6,Kluyveromyces/Lachancea/Eremothecium,YDR219C,4932,MFB1
NOG259055,6,0.6868,5.887,1.97e-9,6.71e-6,Kluyveromyces/Lachancea/Eremothecium,YMR173W,4932,DDR48
NOG26619,6,0.875,5.882,2.02e-9,6.9e-6,Kluyveromyces/Lachancea/Eremothecium,YDR130C,4932,FIN1
NOG25731,6,0.8801,5.877,2.08e-9,7.12e-6,Kluyveromyces/Lachancea/Eremothecium,YJR083C,4932,ACF4
NOG27159,6,0.8975,5.861,2.3e-9,7.84e-6,Kluyveromyces/Lachancea/Eremothecium,YNR049C,4932,MSO1
NOG27601,6,0.8929,5.856,2.38e-9,8.11e-6,Kluyveromyces/Lachancea/Eremothecium,YIL024C,4932,YIL024C
NOG32940,6,0.8333,5.846,2.51e-9,8.58e-6,Kluyveromyces/Lachancea/Eremothecium,YNL314W,4932,DAL82
NOG21560,6,0.8678,5.842,2.58e-9,8.82e-6,Kluyveromyces/Lachancea/Eremothecium,YNL050C,4932,YNL050C
NOG28604,6,0.9054,5.838,2.64e-9,9.01e-6,Kluyveromyces/Lachancea/Eremothecium,YOR104W,4932,PIN2
NOG254874,6,0.875,5.838,2.65e-9,9.04e-6,Kluyveromyces/Lachancea/Eremothecium,YDL027C,4932,MRX9
NOG33496,6,0.8801,5.818,2.98e-9,1.02e-5,Kluyveromyces/Lachancea/Eremothecium,YGL146C,4932,RRT6
NOG17486,6,0.8716,5.815,3.03e-9,1.03e-5,Kluyveromyces/Lachancea/Eremothecium,YNL190W,4932,YNL190W
NOG16668,6,0.8208,5.811,3.11e-9,1.06e-5,Kluyveromyces/Lachancea/Eremothecium,YOR228C,4932,MCP1
NOG07581,6,0.8706,5.785,3.62e-9,1.24e-5,Kluyveromyces/Lachancea/Eremothecium,YBL005W,4932,PDR3
NOG07581,6,0.8706,5.785,3.62e-9,1.24e-5,Kluyveromyces/Lachancea/Eremothecium,YER184C,4932,TOG1
NOG07581,6,0.8706,5.785,3.62e-9,1.24e-5,Kluyveromyces/Lachancea/Eremothecium,YGL013C,4932,PDR1
NOG259494,6,0.882,5.772,3.92e-9,1.34e-5,Kluyveromyces/Lachancea/Eremothecium,YHR133C,4932,NSG1
NOG259494,6,0.882,5.772,3.92e-9,1.34e-5,Kluyveromyces/Lachancea/Eremothecium,YNL156C,4932,NSG2
NOG32494,6,0.8214,5.75,4.45e-9,1.52e-5,Kluyveromyces/Lachancea/Eremothecium,YIR014W,4932,YIR014W
NOG27005,6,0.8057,5.741,4.71e-9,1.61e-5,Kluyveromyces/Lachancea/Eremothecium,YML107C,4932,PML39
NOG28930,6,0.8452,5.733,4.94e-9,1.69e-5,Kluyveromyces/Lachancea/Eremothecium,YGR079W,4932,YGR079W
NOG31490,6,0.704,5.731,5e-9,1.71e-5,Kluyveromyces/Lachancea/Eremothecium,YDL012C,4932,YDL012C
NOG14253,6,0.8363,5.722,5.25e-9,1.79e-5,Kluyveromyces/Lachancea/Eremothecium,YDR420W,4932,HKR1
NOG42632,6,0.8631,5.718,5.4e-9,1.84e-5,Kluyveromyces/Lachancea/Eremothecium,YPL071C,4932,YPL071C
NOG257035,6,0.7738,5.686,6.51e-9,2.22e-5,Kluyveromyces/Lachancea/Eremothecium,YOR114W,4932,YOR114W
NOG241121,6,0.8452,5.677,6.84e-9,2.34e-5,Kluyveromyces/Lachancea/Eremothecium,YNL158W,4932,PGA1
NOG15664,6,0.7726,5.642,8.42e-9,2.88e-5,Kluyveromyces/Lachancea/Eremothecium,YDL063C,4932,SYO1
NOG31744,6,0.8503,5.564,1.32e-8,4.51e-5,Kluyveromyces/Lachancea/Eremothecium,YDR249C,4932,YDR249C
NOG252373,6,0.8512,5.554,1.39e-8,4.75e-5,Kluyveromyces/Lachancea/Eremothecium,YHR138C,4932,YHR138C
KOG0093,6,0.7549,5.549,1.44e-8,4.91e-5,Kluyveromyces/Lachancea/Eremothecium,YHR022C,4932,YHR022C
NOG247477,6,0.8185,5.541,1.5e-8,5.13e-5,Kluyveromyces/Lachancea/Eremothecium,YBR045C,4932,GIP1
KOG4739,6,0.6625,5.331,4.89e-8,1.67e-4,Kluyveromyces/Lachancea/Eremothecium,YLR394W,4932,CST9
NOG27353,6,0.7857,5.227,8.63e-8,2.95e-4,Kluyveromyces/Lachancea/Eremothecium,YGL081W,4932,YGL081W
NOG26482,6,0.6884,5.17,1.17e-7,4e-4,Kluyveromyces/Lachancea/Eremothecium,YDR031W,4932,MIX14
COG3542,6,0.5015,4.557,2.59e-6,0.00884,Kluyveromyces/Lachancea/Eremothecium,YML079W,4932,YML079W
KOG2612,6,0.5303,4.005,3.11e-5,0.106,Kluyveromyces/Lachancea/Eremothecium,YPL047W,4932,SGF11
KOG4599,6,0.5084,3.939,4.09e-5,0.14,Kluyveromyces/Lachancea/Eremothecium,YER038C,4932,KRE29
NOG30833,7,0.9526,6.79,5.6e-12,1.91e-8,Pichiomycetes,YPR010C-A,4932,YPR010C-A
NOG17244,7,0.9406,6.502,3.97e-11,1.36e-7,Pichiomycetes,YAR002W,4932,NUP60
NOG18918,7,0.9794,6.437,6.11e-11,2.09e-7,Pichiomycetes,YPR057W,4932,BRR1
NOG05584,7,0.9711,6.351,1.07e-10,3.66e-7,Pichiomycetes,YNL311C,4932,SKP2
NOG01521,7,0.9892,6.345,1.11e-10,3.8e-7,Pichiomycetes,YMR066W,4932,SOV1
NOG05857,7,0.9709,6.331,1.22e-10,4.15e-7,Pichiomycetes,YPL075W,4932,GCR1
NOG03647,7,0.8951,6.327,1.25e-10,4.26e-7,Pichiomycetes,YLR278C,4932,YLR278C
NOG258924,7,0.9118,6.211,2.63e-10,8.98e-7,Pichiomycetes,YDR520C,4932,URC2
NOG07118,7,0.931,6.211,2.63e-10,8.98e-7,Pichiomycetes,YDR356W,4932,SPC110
COG0291,7,0.8516,6.192,2.97e-10,1.01e-6,Pichiomycetes,YNL122C,4932,YNL122C
NOG253672,7,0.8573,6.187,3.07e-10,1.05e-6,Pichiomycetes,YJL132W,4932,YJL132W
NOG33662,7,0.8302,6.177,3.26e-10,1.11e-6,Pichiomycetes,YDR106W,4932,ARP10
NOG231866,7,0.9892,6.122,4.63e-10,1.58e-6,Pichiomycetes,YDL110C,4932,TMA17
NOG236136,7,0.8914,6.105,5.15e-10,1.76e-6,Pichiomycetes,YBR129C,4932,OPY1
NOG32675,7,0.8685,6.097,5.39e-10,1.84e-6,Pichiomycetes,YKR041W,4932,YKR041W
NOG05586,7,0.9312,6.045,7.47e-10,2.55e-6,Pichiomycetes,YIL136W,4932,OM45
NOG237604,7,0.8643,5.874,2.13e-9,7.27e-6,Pichiomycetes,YPR106W,4932,ISR1
NOG23858,7,0.788,5.767,4.02e-9,1.37e-5,Pichiomycetes,YHL009C,4932,YAP3
COG3560,7,0.7465,5.673,7e-9,2.39e-5,Pichiomycetes,YCL026C-A,4932,FRM2
COG3560,7,0.7465,5.673,7e-9,2.39e-5,Pichiomycetes,YCL026C-B,4932,HBN1
COG1610,7,0.7317,5.616,9.77e-9,3.34e-5,Pichiomycetes,YOR215C,4932,AIM41
COG5478,7,0.6978,5.554,1.4e-8,4.77e-5,Pichiomycetes,YMR319C,4932,FET4
KOG4624,7,0.7818,5.541,1.51e-8,5.14e-5,Pichiomycetes,YKL137W,4932,CMC1
KOG2678,7,0.708,5.412,3.12e-8,1.07e-4,Pichiomycetes,YGL098W,4932,USE1
NOG01612,7,0.6852,5.165,1.2e-7,4.11e-4,Pichiomycetes,YOL009C,4932,MDM12
NOG26371,8,0.9943,6.662,1.35e-11,4.62e-8,Saccharomycotina,YER058W,4932,PET117
NOG247833,8,0.9912,6.657,1.39e-11,4.76e-8,Saccharomycotina,YLR288C,4932,MEC3
NOG249905,8,0.9781,6.564,2.61e-11,8.92e-8,Saccharomycotina,YBR275C,4932,RIF1
NOG22358,8,0.9607,6.561,2.67e-11,9.12e-8,Saccharomycotina,YFR034C,4932,PHO4
NOG14908,8,0.9912,6.559,2.7e-11,9.22e-8,Saccharomycotina,YDR318W,4932,MCM21
NOG16527,8,0.9972,6.554,2.8e-11,9.54e-8,Saccharomycotina,YOR242C,4932,SSP2
NOG231315,8,0.976,6.532,3.25e-11,1.11e-7,Saccharomycotina,YER149C,4932,PEA2
NOG07081,8,0.9972,6.529,3.31e-11,1.13e-7,Saccharomycotina,YBR238C,4932,YBR238C
NOG07081,8,0.9972,6.529,3.31e-11,1.13e-7,Saccharomycotina,YGL107C,4932,RMD9
NOG02522,8,0.9878,6.523,3.44e-11,1.17e-7,Saccharomycotina,YJL099W,4932,CHS6
NOG02522,8,0.9878,6.523,3.44e-11,1.17e-7,Saccharomycotina,YKR027W,4932,BCH2
NOG17076,8,0.9943,6.516,3.6e-11,1.23e-7,Saccharomycotina,YOR305W,4932,RRG7
NOG08714,8,0.9817,6.512,3.71e-11,1.27e-7,Saccharomycotina,YHL029C,4932,OCA5
NOG06190,8,1,6.502,3.98e-11,1.36e-7,Saccharomycotina,YDL107W,4932,MSS2
NOG02116,8,0.9693,6.499,4.05e-11,1.38e-7,Saccharomycotina,YBL066C,4932,SEF1
NOG14376,8,1,6.499,4.05e-11,1.38e-7,Saccharomycotina,YOR174W,4932,MED4
NOG269390,8,0.9943,6.495,4.16e-11,1.42e-7,Saccharomycotina,YKL183W,4932,LOT5
NOG26005,8,0.9943,6.494,4.17e-11,1.42e-7,Saccharomycotina,YJL184W,4932,GON7
NOG04260,8,0.9878,6.492,4.24e-11,1.45e-7,Saccharomycotina,YBR130C,4932,SHE3
NOG241253,8,0.9972,6.491,4.27e-11,1.46e-7,Saccharomycotina,YBR167C,4932,POP7
NOG25128,8,0.976,6.482,4.52e-11,1.54e-7,Saccharomycotina,YNL193W,4932,YNL193W
NOG25942,8,0.9728,6.471,4.87e-11,1.66e-7,Saccharomycotina,YIL087C,4932,AIM19
NOG17633,8,0.9817,6.465,5.05e-11,1.72e-7,Saccharomycotina,YNR040W,4932,YNR040W
NOG05395,8,0.9781,6.465,5.07e-11,1.73e-7,Saccharomycotina,YDL013W,4932,SLX5
NOG09254,8,0.9869,6.46,5.22e-11,1.78e-7,Saccharomycotina,YNL236W,4932,SIN4
NOG245973,8,0.979,6.46,5.23e-11,1.79e-7,Saccharomycotina,YDR277C,4932,MTH1
NOG245973,8,0.979,6.46,5.23e-11,1.79e-7,Saccharomycotina,YOR047C,4932,STD1
NOG14890,8,0.9586,6.457,5.35e-11,1.83e-7,Saccharomycotina,YGR104C,4932,SRB5
NOG02960,8,0.9943,6.452,5.52e-11,1.89e-7,Saccharomycotina,YOR080W,4932,DIA2
NOG11153,8,0.9912,6.45,5.6e-11,1.91e-7,Saccharomycotina,YLR443W,4932,ECM7
NOG10508,8,0.9912,6.449,5.64e-11,1.93e-7,Saccharomycotina,YML043C,4932,RRN11
NOG36707,8,0.9972,6.447,5.69e-11,1.94e-7,Saccharomycotina,YBR120C,4932,CBP6
NOG09432,8,0.9804,6.438,6.03e-11,2.06e-7,Saccharomycotina,YBR272C,4932,HSM3
NOG240812,8,0.9912,6.437,6.08e-11,2.08e-7,Saccharomycotina,YJL131C,4932,AIM23
NOG21149,8,1,6.422,6.75e-11,2.3e-7,Saccharomycotina,YBL029W,4932,YBL029W
NOG28206,8,0.9205,6.418,6.88e-11,2.35e-7,Saccharomycotina,YGR106C,4932,VOA1
NOG21417,8,0.9972,6.418,6.9e-11,2.35e-7,Saccharomycotina,YOL067C,4932,RTG1
NOG18031,8,0.9878,6.416,6.98e-11,2.38e-7,Saccharomycotina,YKL186C,4932,MTR2
NOG22562,8,0.9943,6.413,7.13e-11,2.43e-7,Saccharomycotina,YGL162W,4932,SUT1
NOG22562,8,0.9943,6.413,7.13e-11,2.43e-7,Saccharomycotina,YPR009W,4932,SUT2
NOG07841,8,0.9912,6.411,7.21e-11,2.46e-7,Saccharomycotina,YPL005W,4932,AEP3
NOG19349,8,0.9878,6.398,7.88e-11,2.69e-7,Saccharomycotina,YLR404W,4932,SEI1
NOG00791,8,0.9972,6.396,8e-11,2.73e-7,Saccharomycotina,YOL144W,4932,NOP8
NOG34481,8,0.945,6.394,8.07e-11,2.76e-7,Saccharomycotina,YOL077W-A,4932,ATP19
NOG255352,8,0.9972,6.39,8.27e-11,2.82e-7,Saccharomycotina,YHR101C,4932,BIG1
NOG18377,8,0.9943,6.39,8.32e-11,2.84e-7,Saccharomycotina,YML031W,4932,NDC1
NOG09726,8,0.9671,6.388,8.38e-11,2.86e-7,Saccharomycotina,YOR298W,4932,MUM3
NOG22444,8,0.9878,6.387,8.47e-11,2.89e-7,Saccharomycotina,YBR057C,4932,MUM2
NOG269315,8,0.9659,6.386,8.51e-11,2.91e-7,Saccharomycotina,YHR109W,4932,CTM1
NOG36483,8,0.9687,6.385,8.55e-11,2.92e-7,Saccharomycotina,YBL059W,4932,YBL059W
NOG36483,8,0.9687,6.385,8.55e-11,2.92e-7,Saccharomycotina,YER093C-A,4932,AIM11
NOG23452,8,1,6.385,8.55e-11,2.92e-7,Saccharomycotina,YBR005W,4932,RCR1
NOG23452,8,1,6.385,8.55e-11,2.92e-7,Saccharomycotina,YDR003W,4932,RCR2
NOG23166,8,0.9842,6.38,8.83e-11,3.01e-7,Saccharomycotina,YJL148W,4932,RPA34
NOG10845,8,0.9456,6.38,8.87e-11,3.03e-7,Saccharomycotina,YMR258C,4932,ROY1
NOG230112,8,0.9527,6.376,9.06e-11,3.09e-7,Saccharomycotina,YMR021C,4932,MAC1
NOG02804,8,0.9972,6.376,9.07e-11,3.1e-7,Saccharomycotina,YML115C,4932,VAN1
NOG233316,8,0.9972,6.376,9.08e-11,3.1e-7,Saccharomycotina,YML048W,4932,GSF2
NOG36094,8,0.9513,6.371,9.4e-11,3.21e-7,Saccharomycotina,YOR315W,4932,SFG1
NOG09816,8,1,6.359,1.01e-10,3.46e-7,Saccharomycotina,YBR185C,4932,MBA1
NOG04235,8,0.9943,6.359,1.01e-10,3.46e-7,Saccharomycotina,YGL197W,4932,MDS3
NOG269987,8,0.9262,6.358,1.02e-10,3.48e-7,Saccharomycotina,YKL167C,4932,MRP49
NOG07920,8,0.9728,6.358,1.02e-10,3.49e-7,Saccharomycotina,YPR124W,4932,CTR1
NOG25854,8,0.9943,6.357,1.03e-10,3.51e-7,Saccharomycotina,YML108W,4932,YML108W
NOG09128,8,0.9671,6.356,1.03e-10,3.52e-7,Saccharomycotina,YML066C,4932,SMA2
NOG14561,8,0.9729,6.355,1.04e-10,3.55e-7,Saccharomycotina,YGL005C,4932,COG7
NOG248922,8,0.9842,6.353,1.06e-10,3.62e-7,Saccharomycotina,YGR128C,4932,UTP8
NOG271247,8,0.9878,6.351,1.07e-10,3.65e-7,Saccharomycotina,YHR001W-A,4932,QCR10
NOG15958,8,0.9262,6.348,1.09e-10,3.72e-7,Saccharomycotina,YOL019W,4932,YOL019W
NOG22811,8,0.9912,6.347,1.1e-10,3.76e-7,Saccharomycotina,YJR055W,4932,HIT1
NOG28291,8,0.9912,6.346,1.11e-10,3.77e-7,Saccharomycotina,YLR221C,4932,RSA3
NOG07512,8,0.9719,6.337,1.17e-10,4e-7,Saccharomycotina,YOR195W,4932,SLK19
NOG26105,8,0.976,6.336,1.18e-10,4.03e-7,Saccharomycotina,YJL062W-A,4932,COA3
NOG257882,8,0.9972,6.335,1.19e-10,4.05e-7,Saccharomycotina,YOR329C,4932,SCD5
NOG06154,8,0.9972,6.332,1.21e-10,4.13e-7,Saccharomycotina,YBR095C,4932,RXT2
NOG10838,8,0.9737,6.332,1.21e-10,4.13e-7,Saccharomycotina,YPL118W,4932,MRP51
NOG12986,8,0.9972,6.329,1.23e-10,4.2e-7,Saccharomycotina,YOR355W,4932,GDS1
NOG21808,8,1,6.329,1.23e-10,4.21e-7,Saccharomycotina,YDR463W,4932,STP1
NOG21808,8,1,6.329,1.23e-10,4.21e-7,Saccharomycotina,YHR006W,4932,STP2
NOG249693,8,0.9763,6.323,1.28e-10,4.37e-7,Saccharomycotina,YGR251W,4932,NOP19
NOG18435,8,0.979,6.322,1.29e-10,4.41e-7,Saccharomycotina,YJR112W,4932,NNF1
NOG00280,8,0.9621,6.32,1.3100000000000001e-10,4.46e-7,Saccharomycotina,YGR111W,4932,YGR111W
NOG21943,8,0.9943,6.32,1.3100000000000001e-10,4.47e-7,Saccharomycotina,YNL254C,4932,RTC4
NOG234740,8,0.9943,6.317,1.33e-10,4.55e-7,Saccharomycotina,YMR157C,4932,AIM36
NOG17490,8,0.8999,6.316,1.34e-10,4.57e-7,Saccharomycotina,YBR067C,4932,TIP1
NOG17490,8,0.8999,6.316,1.34e-10,4.57e-7,Saccharomycotina,YIL011W,4932,TIR3
NOG04762,8,0.9912,6.315,1.35e-10,4.6e-7,Saccharomycotina,YPL194W,4932,DDC1
NOG17476,8,0.9972,6.314,1.36e-10,4.63e-7,Saccharomycotina,YER067W,4932,RGI1
NOG17476,8,0.9972,6.314,1.36e-10,4.63e-7,Saccharomycotina,YIL057C,4932,RGI2
NOG27784,8,0.9972,6.312,1.38e-10,4.7e-7,Saccharomycotina,YLR363W-A,4932,YLR363W-A
NOG18668,8,0.9912,6.31,1.4e-10,4.77e-7,Saccharomycotina,YCR086W,4932,CSM1
NOG07223,8,0.9924,6.308,1.41e-10,4.82e-7,Saccharomycotina,YHR150W,4932,PEX28
NOG231553,8,0.9926,6.303,1.46e-10,4.98e-7,Saccharomycotina,YBL054W,4932,TOD6
NOG231553,8,0.9926,6.303,1.46e-10,4.98e-7,Saccharomycotina,YER088C,4932,DOT6
NOG04780,8,0.9173,6.3,1.49e-10,5.09e-7,Saccharomycotina,YOR084W,4932,LPX1
NOG249967,8,0.9812,6.3,1.49e-10,5.09e-7,Saccharomycotina,YPL034W,4932,YPL034W
NOG10393,8,0.9748,6.298,1.5e-10,5.13e-7,Saccharomycotina,YLL007C,4932,LMO1
NOG235965,8,0.9607,6.297,1.52e-10,5.18e-7,Saccharomycotina,YGL138C,4932,YGL138C
NOG11011,8,0.9842,6.295,1.54e-10,5.26e-7,Saccharomycotina,YBR203W,4932,COS111
NOG06005,8,0.9842,6.292,1.57e-10,5.36e-7,Saccharomycotina,YKL133C,4932,YKL133C
NOG06005,8,0.9842,6.292,1.57e-10,5.36e-7,Saccharomycotina,YMR115W,4932,MGR3
NOG04936,8,0.9943,6.291,1.58e-10,5.38e-7,Saccharomycotina,YGR134W,4932,CAF130
NOG02502,8,0.9972,6.291,1.58e-10,5.39e-7,Saccharomycotina,YJL116C,4932,NCA3
NOG02502,8,0.9972,6.291,1.58e-10,5.39e-7,Saccharomycotina,YKR042W,4932,UTH1
NOG08798,8,0.9912,6.29,1.59e-10,5.42e-7,Saccharomycotina,YPR084W,4932,YPR084W
NOG258234,8,0.8899,6.29,1.59e-10,5.42e-7,Saccharomycotina,YNL258C,4932,DSL1
NOG34060,8,0.9638,6.287,1.62e-10,5.54e-7,Saccharomycotina,YJL066C,4932,MPM1
NOG03665,8,0.9912,6.284,1.65e-10,5.63e-7,Saccharomycotina,YGR237C,4932,YGR237C
NOG269729,8,0.968,6.282,1.67e-10,5.71e-7,Saccharomycotina,YKL119C,4932,VPH2
NOG11144,8,0.9943,6.281,1.68e-10,5.73e-7,Saccharomycotina,YPL112C,4932,PEX25
NOG06250,8,0.9912,6.276,1.74e-10,5.94e-7,Saccharomycotina,YDR295C,4932,HDA2
NOG04402,8,0.9912,6.266,1.85e-10,6.32e-7,Saccharomycotina,YJL117W,4932,PHO86
NOG04744,8,0.9672,6.266,1.86e-10,6.34e-7,Saccharomycotina,YGL228W,4932,SHE10
NOG12363,8,0.9972,6.264,1.87e-10,6.39e-7,Saccharomycotina,YDR475C,4932,JIP4
NOG12363,8,0.9972,6.264,1.87e-10,6.39e-7,Saccharomycotina,YOR019W,4932,YOR019W
NOG02674,8,0.9972,6.261,1.91e-10,6.53e-7,Saccharomycotina,YGR026W,4932,YGR026W
NOG28480,8,0.9695,6.261,1.91e-10,6.53e-7,Saccharomycotina,YNL042W,4932,BOP3
NOG33938,8,0.9659,6.258,1.95e-10,6.64e-7,Saccharomycotina,YDR156W,4932,RPA14
NOG08473,8,0.9517,6.256,1.97e-10,6.72e-7,Saccharomycotina,YFL023W,4932,BUD27
NOG08833,8,0.9912,6.254,2e-10,6.83e-7,Saccharomycotina,YER083C,4932,GET2
NOG30380,8,0.9495,6.252,2.02e-10,6.9e-7,Saccharomycotina,YMR124W,4932,EPO1
NOG02168,8,0.9943,6.246,2.1e-10,7.18e-7,Saccharomycotina,YCL044C,4932,MGR1
NOG14417,8,0.9912,6.245,2.12e-10,7.24e-7,Saccharomycotina,YHR041C,4932,SRB2
NOG05751,8,0.9972,6.244,2.13e-10,7.26e-7,Saccharomycotina,YMR044W,4932,IOC4
NOG236468,8,0.8766,6.244,2.13e-10,7.27e-7,Saccharomycotina,YDR089W,4932,VTC5
NOG04097,8,1,6.242,2.16e-10,7.38e-7,Saccharomycotina,YDR296W,4932,MHR1
NOG238759,8,0.9537,6.241,2.17e-10,7.43e-7,Saccharomycotina,YJL103C,4932,GSM1
NOG02402,8,0.9912,6.24,2.19e-10,7.47e-7,Saccharomycotina,YMR134W,4932,ERG29
NOG235902,8,0.9912,6.239,2.21e-10,7.53e-7,Saccharomycotina,YJL157C,4932,FAR1
NOG01302,8,0.9943,6.23,2.33e-10,7.97e-7,Saccharomycotina,YDR499W,4932,LCD1
NOG09005,8,0.9355,6.229,2.34e-10,8.01e-7,Saccharomycotina,YBR138C,4932,YBR138C
NOG02039,8,0.9912,6.229,2.35e-10,8.04e-7,Saccharomycotina,YPL180W,4932,TCO89
NOG11591,8,0.9972,6.227,2.38e-10,8.11e-7,Saccharomycotina,YDR202C,4932,RAV2
NOG230700,8,0.9912,6.222,2.45e-10,8.37e-7,Saccharomycotina,YDR351W,4932,SBE2
NOG230700,8,0.9912,6.222,2.45e-10,8.37e-7,Saccharomycotina,YHR103W,4932,SBE22
NOG26949,8,0.9943,6.218,2.51e-10,8.57e-7,Saccharomycotina,YML091C,4932,RPM2
NOG21702,8,0.9633,6.216,2.55e-10,8.7e-7,Saccharomycotina,YJL096W,4932,MRPL49
NOG20036,8,0.977,6.212,2.6200000000000003e-10,8.94e-7,Saccharomycotina,YPR098C,4932,YPR098C
NOG18198,8,0.9812,6.21,2.65e-10,9.06e-7,Saccharomycotina,YGR117C,4932,YGR117C
NOG270128,8,0.9912,6.203,2.78e-10,9.48e-7,Saccharomycotina,YIR003W,4932,AIM21
NOG11006,8,0.9972,6.201,2.8e-10,9.57e-7,Saccharomycotina,YHR197W,4932,RIX1
NOG271072,8,0.9399,6.197,2.88e-10,9.83e-7,Saccharomycotina,YLR050C,4932,YLR050C
NOG00006,8,0.9869,6.195,2.92e-10,9.97e-7,Saccharomycotina,YOR051C,4932,ETT1
NOG01960,8,0.9943,6.191,2.99e-10,1.02e-6,Saccharomycotina,YBR163W,4932,EXO5
NOG15122,8,0.9912,6.188,3.04e-10,1.04e-6,Saccharomycotina,YBR098W,4932,MMS4
NOG26137,8,0.8175,6.187,3.06e-10,1.05e-6,Saccharomycotina,YFL014W,4932,HSP12
NOG35856,8,0.9491,6.179,3.22e-10,1.1e-6,Saccharomycotina,YKL018C-A,4932,YKL018C-A
NOG03466,8,0.9912,6.174,3.33e-10,1.14e-6,Saccharomycotina,YHR118C,4932,ORC6
NOG259366,8,0.8662,6.167,3.49e-10,1.19e-6,Saccharomycotina,YMR238W,4932,DFG5
NOG02866,8,0.9943,6.159,3.67e-10,1.25e-6,Saccharomycotina,YPL269W,4932,KAR9
NOG237732,8,0.8281,6.153,3.81e-10,1.3e-6,Saccharomycotina,YDL089W,4932,NUR1
NOG10126,8,0.9666,6.151,3.86e-10,1.32e-6,Saccharomycotina,YBR255W,4932,MTC4
NOG18848,8,0.8998,6.147,3.94e-10,1.35e-6,Saccharomycotina,YIL077C,4932,YIL077C
NOG246270,8,0.9943,6.139,4.14e-10,1.41e-6,Saccharomycotina,YIL127C,4932,RRT14
NOG232527,8,0.9943,6.128,4.45e-10,1.52e-6,Saccharomycotina,YMR264W,4932,CUE1
NOG236356,8,0.8998,6.124,4.55e-10,1.55e-6,Saccharomycotina,YNL166C,4932,BNI5
NOG257951,8,0.8374,6.122,4.62e-10,1.58e-6,Saccharomycotina,YLR223C,4932,IFH1
NOG10037,8,0.9733,6.119,4.72e-10,1.61e-6,Saccharomycotina,YKL185W,4932,ASH1
NOG05830,8,0.8873,6.116,4.8e-10,1.64e-6,Saccharomycotina,YHR084W,4932,STE12
NOG35397,8,0.9324,6.115,4.84e-10,1.65e-6,Saccharomycotina,YBR111W-A,4932,SUS1
NOG04581,8,0.9912,6.102,5.23e-10,1.79e-6,Saccharomycotina,YHR196W,4932,UTP9
NOG07256,8,0.9233,6.098,5.38e-10,1.84e-6,Saccharomycotina,YGR150C,4932,CCM1
NOG27318,8,0.9456,6.095,5.49e-10,1.87e-6,Saccharomycotina,YLR414C,4932,PUN1
NOG258969,8,0.9935,6.088,5.73e-10,1.96e-6,Saccharomycotina,YLR139C,4932,SLS1
NOG11415,8,0.9729,6.087,5.76e-10,1.97e-6,Saccharomycotina,YAL047C,4932,SPC72
NOG03758,8,0.9735,6.083,5.89e-10,2.01e-6,Saccharomycotina,YER008C,4932,SEC3
NOG14813,8,0.9912,6.082,5.95e-10,2.03e-6,Saccharomycotina,YDL044C,4932,MTF2
NOG14344,8,0.9943,6.071,6.36e-10,2.17e-6,Saccharomycotina,YKL142W,4932,MRP8
NOG01652,8,1,6.064,6.64e-10,2.27e-6,Saccharomycotina,YLR033W,4932,RSC58
KOG4527,8,0.9081,6.064,6.65e-10,2.27e-6,Saccharomycotina,YLR395C,4932,COX8
NOG07967,8,1,6.059,6.86e-10,2.34e-6,Saccharomycotina,YER064C,4932,VHR2
NOG07967,8,1,6.059,6.86e-10,2.34e-6,Saccharomycotina,YIL056W,4932,VHR1
NOG258295,8,0.8998,6.053,7.1e-10,2.43e-6,Saccharomycotina,YJR046W,4932,TAH11
NOG00899,8,0.9852,6.053,7.13e-10,2.43e-6,Saccharomycotina,YMR172W,4932,HOT1
NOG00899,8,0.9852,6.053,7.13e-10,2.43e-6,Saccharomycotina,YOL116W,4932,MSN1
NOG17924,8,0.8998,6.048,7.34e-10,2.51e-6,Saccharomycotina,YKR100C,4932,SKG1
NOG05027,8,0.9086,6.048,7.35e-10,2.51e-6,Saccharomycotina,YPR179C,4932,HDA3
NOG14496,8,0.8964,6.048,7.35e-10,2.51e-6,Saccharomycotina,YHR083W,4932,SAM35
NOG25836,8,0.8693,6.047,7.38e-10,2.52e-6,Saccharomycotina,YMR112C,4932,MED11
NOG281395,8,0.9029,6.047,7.39e-10,2.52e-6,Saccharomycotina,YJL061W,4932,NUP82
NOG09010,8,0.8426,6.047,7.39e-10,2.52e-6,Saccharomycotina,YJL076W,4932,NET1
NOG09010,8,0.8426,6.047,7.39e-10,2.52e-6,Saccharomycotina,YKR010C,4932,TOF2
NOG03281,8,0.9029,6.045,7.47e-10,2.55e-6,Saccharomycotina,YDR363W,4932,ESC2
NOG04257,8,0.8998,6.038,7.78e-10,2.66e-6,Saccharomycotina,YBR131W,4932,CCZ1
NOG30235,8,0.8998,6.035,7.94e-10,2.71e-6,Saccharomycotina,YLR407W,4932,YLR407W
NOG110412,8,0.8815,6.033,8.07e-10,2.76e-6,Saccharomycotina,YJR053W,4932,BFA1
NOG23297,8,0.8815,6.027,8.35e-10,2.85e-6,Saccharomycotina,YEL017W,4932,GTT3
NOG36740,8,0.976,6.027,8.38e-10,2.86e-6,Saccharomycotina,YER063W,4932,THO1
NOG07662,8,0.9322,6.021,8.66e-10,2.96e-6,Saccharomycotina,YJL089W,4932,SIP4
NOG243892,8,0.915,6.017,8.88e-10,3.03e-6,Saccharomycotina,YJR003C,4932,MRX12
NOG08371,8,0.9972,6.017,8.9e-10,3.04e-6,Saccharomycotina,YAL001C,4932,TFC3
NOG02308,8,0.8867,6.009,9.33e-10,3.19e-6,Saccharomycotina,YNL165W,4932,YNL165W
NOG231638,8,0.8998,6.002,9.77e-10,3.34e-6,Saccharomycotina,YGR247W,4932,CPD1
KOG4818,8,0.8336,5.992,1.03e-9,3.53e-6,Saccharomycotina,YGL071W,4932,AFT1
NOG234742,8,0.9972,5.989,1.06e-9,3.6e-6,Saccharomycotina,YOR158W,4932,PET123
KOG4853,8,0.7638,5.98,1.12e-9,3.82e-6,Saccharomycotina,YKL138C-A,4932,HSK3
KOG4853,8,0.7638,5.98,1.12e-9,3.82e-6,Saccharomycotina,YLR154W-C,4932,TAR1
NOG23143,8,0.8998,5.974,1.16e-9,3.95e-6,Saccharomycotina,YOR276W,4932,CAF20
NOG238296,8,0.9538,5.947,1.37e-9,4.66e-6,Saccharomycotina,YPL108W,4932,YPL108W
NOG11030,8,0.8928,5.935,1.47e-9,5.01e-6,Saccharomycotina,YOL070C,4932,NBA1
NOG04751,8,0.941,5.934,1.47e-9,5.03e-6,Saccharomycotina,YDR367W,4932,KEI1
NOG232348,8,0.9029,5.933,1.49e-9,5.08e-6,Saccharomycotina,YLR440C,4932,SEC39
NOG230065,8,0.8846,5.913,1.68e-9,5.75e-6,Saccharomycotina,YDL088C,4932,ASM4
NOG230065,8,0.8846,5.913,1.68e-9,5.75e-6,Saccharomycotina,YMR153W,4932,NUP53
NOG31565,8,0.8725,5.897,1.85e-9,6.32e-6,Saccharomycotina,YKR095W-A,4932,PCC1
NOG25610,8,0.8998,5.888,1.96e-9,6.68e-6,Saccharomycotina,YJL179W,4932,PFD1
NOG243137,8,0.8998,5.883,2.01e-9,6.87e-6,Saccharomycotina,YNL149C,4932,PGA2
NOG04278,8,0.8998,5.881,2.04e-9,6.96e-6,Saccharomycotina,YPL066W,4932,RGL1
NOG255356,8,0.778,5.878,2.07e-9,7.07e-6,Saccharomycotina,YHR182W,4932,YHR182W
NOG257903,8,0.7698,5.875,2.12e-9,7.22e-6,Saccharomycotina,YDR051C,4932,DET1
NOG14920,8,0.9493,5.872,2.15e-9,7.35e-6,Saccharomycotina,YLR326W,4932,YLR326W
NOG269522,8,0.8998,5.87,2.18e-9,7.45e-6,Saccharomycotina,YDR179W-A,4932,NVJ3
NOG44894,8,0.8501,5.863,2.28e-9,7.78e-6,Saccharomycotina,YLR227C,4932,ADY4
NOG36997,8,0.8116,5.846,2.51e-9,8.58e-6,Saccharomycotina,YFR043C,4932,IRC6
NOG45151,8,0.8725,5.84,2.6e-9,8.89e-6,Saccharomycotina,YLR094C,4932,GIS3
NOG29880,8,0.8632,5.833,2.72e-9,9.28e-6,Saccharomycotina,YER137C,4932,YER137C
NOG08138,8,0.7936,5.83,2.78e-9,9.48e-6,Saccharomycotina,YCL027W,4932,FUS1
NOG07647,8,0.9029,5.827,2.81e-9,9.61e-6,Saccharomycotina,YGR198W,4932,YPP1
KOG0486,8,0.8568,5.796,3.4e-9,1.16e-5,Saccharomycotina,YDL106C,4932,PHO2
NOG253671,8,0.8725,5.792,3.47e-9,1.18e-5,Saccharomycotina,YJL122W,4932,ALB1
NOG06627,8,0.8744,5.792,3.47e-9,1.19e-5,Saccharomycotina,YFR029W,4932,PTR3
NOG237356,8,0.9086,5.791,3.5e-9,1.19e-5,Saccharomycotina,YCL014W,4932,BUD3
NOG258828,8,0.7325,5.781,3.71e-9,1.27e-5,Saccharomycotina,YLR098C,4932,CHA4
NOG02567,8,0.8586,5.771,3.94e-9,1.35e-5,Saccharomycotina,YER161C,4932,SPT2
NOG35798,8,0.8899,5.735,4.88e-9,1.67e-5,Saccharomycotina,YDL121C,4932,YDL121C
NOG258071,8,0.7609,5.699,6.02e-9,2.05e-5,Saccharomycotina,YIL151C,4932,ESL1
NOG258071,8,0.7609,5.699,6.02e-9,2.05e-5,Saccharomycotina,YKR096W,4932,ESL2
NOG244178,8,0.8602,5.693,6.24e-9,2.13e-5,Saccharomycotina,YPR083W,4932,MDM36
NOG02853,8,0.828,5.64,8.52e-9,2.91e-5,Saccharomycotina,YLR256W,4932,HAP1
NOG15254,8,0.7478,5.535,1.56e-8,5.31e-5,Saccharomycotina,YLR141W,4932,RRN5
NOG34391,8,0.796,5.433,2.76e-8,9.44e-5,Saccharomycotina,YDR464W,4932,SPP41
NOG231974,8,0.7501,5.418,3.01e-8,1.03e-4,Saccharomycotina,YGR268C,4932,HUA1
KOG4851,8,0.7444,5.392,3.49e-8,1.19e-4,Saccharomycotina,YLR068W,4932,FYV7
KOG4148,8,0.679,5.23,8.48e-8,2.9e-4,Saccharomycotina,YBL059C-A,4932,CMC2
KOG4852,8,0.6983,5.04,2.32e-7,7.93e-4,Saccharomycotina,YDL115C,4932,IWR1
NOG257988,8,0.5718,4.919,4.36e-7,0.00149,Saccharomycotina,YJL159W,4932,HSP150
NOG257988,8,0.5718,4.919,4.36e-7,0.00149,Saccharomycotina,YJL160C,4932,PIR5
NOG257988,8,0.5718,4.919,4.36e-7,0.00149,Saccharomycotina,YKL163W,4932,PIR3
NOG257988,8,0.5718,4.919,4.36e-7,0.00149,Saccharomycotina,YKL164C,4932,PIR1
NOG12379,8,0.6012,4.639,1.75e-6,0.00597,Saccharomycotina,YDL170W,4932,UGA3
COG5135,8,0.5286,4.534,2.89e-6,0.00986,Saccharomycotina,YGR017W,4932,YGR017W
KOG4719,8,0.5451,4.326,7.58e-6,0.0259,Saccharomycotina,YJL041W,4932,NSP1
KOG4719,8,0.5451,4.326,7.58e-6,0.0259,Saccharomycotina,YLR335W,4932,NUP2
KOG4719,8,0.5451,4.326,7.58e-6,0.0259,Saccharomycotina,YOR098C,4932,NUP1
COG4725,8,0.3502,2.861,0.00211,1,Saccharomycotina,YCL055W,4932,KAR4
COG4725,8,0.3502,2.861,0.00211,1,Saccharomycotina,YGL192W,4932,IME4
NOG03671,9,0.9813,6.553,2.81e-11,9.6e-8,Pezizomycotina,YML111W,4932,BUL2
NOG03671,9,0.9813,6.553,2.81e-11,9.6e-8,Pezizomycotina,YMR275C,4932,BUL1
NOG03671,9,0.9813,6.553,2.81e-11,9.6e-8,Pezizomycotina,YNR068C,4932,YNR068C
NOG03671,9,0.9813,6.553,2.81e-11,9.6e-8,Pezizomycotina,YNR069C,4932,BSC5
NOG258367,9,0.982,6.507,3.83e-11,1.31e-7,Pezizomycotina,YML076C,4932,WAR1
NOG33811,9,0.9669,6.498,4.06e-11,1.39e-7,Pezizomycotina,YIL027C,4932,EMC5
NOG17035,9,0.9949,6.486,4.42e-11,1.51e-7,Pezizomycotina,YNL151C,4932,RPC31
NOG15451,9,0.9756,6.482,4.52e-11,1.54e-7,Pezizomycotina,YFR001W,4932,LOC1
NOG11947,9,0.9841,6.477,4.68e-11,1.6e-7,Pezizomycotina,YHR149C,4932,SKG6
NOG12544,9,0.9693,6.477,4.69e-11,1.6e-7,Pezizomycotina,YDL222C,4932,FMP45
NOG12544,9,0.9693,6.477,4.69e-11,1.6e-7,Pezizomycotina,YML052W,4932,SUR7
NOG12544,9,0.9693,6.477,4.69e-11,1.6e-7,Pezizomycotina,YNL194C,4932,YNL194C
NOG27720,9,0.9986,6.475,4.74e-11,1.62e-7,Pezizomycotina,YFL031W,4932,HAC1
NOG30295,9,0.9727,6.472,4.84e-11,1.65e-7,Pezizomycotina,YPR063C,4932,YPR063C
NOG11662,9,0.9904,6.466,5.02e-11,1.72e-7,Pezizomycotina,YGR212W,4932,SLI1
NOG02353,9,0.9694,6.463,5.14e-11,1.75e-7,Pezizomycotina,YBL014C,4932,RRN6
NOG20574,9,0.9617,6.463,5.15e-11,1.76e-7,Pezizomycotina,YOR138C,4932,RUP1
NOG04013,9,0.9633,6.444,5.83e-11,1.99e-7,Pezizomycotina,YPL072W,4932,UBP16
NOG252576,9,0.9958,6.443,5.84e-11,1.99e-7,Pezizomycotina,YGR165W,4932,MRPS35
NOG01666,9,0.949,6.416,6.98e-11,2.38e-7,Pezizomycotina,YDR421W,4932,ARO80
NOG13937,9,0.9505,6.394,8.07e-11,2.75e-7,Pezizomycotina,YJR080C,4932,AIM24
NOG08036,9,0.9605,6.373,9.28e-11,3.17e-7,Pezizomycotina,YHR151C,4932,MTC6
NOG06552,9,0.9902,6.372,9.3e-11,3.18e-7,Pezizomycotina,YBR040W,4932,FIG1
NOG02495,9,0.9645,6.37,9.46e-11,3.23e-7,Pezizomycotina,YJR061W,4932,YJR061W
NOG02495,9,0.9645,6.37,9.46e-11,3.23e-7,Pezizomycotina,YKL201C,4932,MNN4
NOG17504,9,0.9689,6.35,1.07e-10,3.67e-7,Pezizomycotina,YMR263W,4932,SAP30
NOG255791,9,0.9042,6.343,1.13e-10,3.85e-7,Pezizomycotina,YER030W,4932,CHZ1
NOG07956,9,0.9803,6.341,1.14e-10,3.89e-7,Pezizomycotina,YKL077W,4932,YKL077W
NOG26152,9,0.9188,6.328,1.24e-10,4.23e-7,Pezizomycotina,YMR225C,4932,MRPL44
NOG259569,9,0.9828,6.321,1.3e-10,4.43e-7,Pezizomycotina,YBL093C,4932,ROX3
NOG09731,9,0.9958,6.307,1.43e-10,4.87e-7,Pezizomycotina,YNL294C,4932,RIM21
NOG247331,9,0.9732,6.301,1.48e-10,5.04e-7,Pezizomycotina,YDL049C,4932,KNH1
NOG247331,9,0.9732,6.301,1.48e-10,5.04e-7,Pezizomycotina,YJL174W,4932,KRE9
NOG05623,9,0.9938,6.292,1.56e-10,5.33e-7,Pezizomycotina,YGL045W,4932,RIM8
NOG01499,9,0.9968,6.29,1.58e-10,5.41e-7,Pezizomycotina,YNL051W,4932,COG5
NOG248483,9,0.9954,6.288,1.61e-10,5.51e-7,Pezizomycotina,YPR075C,4932,OPY2
NOG41194,9,0.9118,6.284,1.65e-10,5.62e-7,Pezizomycotina,YLR295C,4932,ATP14
NOG11357,9,0.9644,6.274,1.76e-10,6e-7,Pezizomycotina,YLR352W,4932,YLR352W
NOG29536,9,0.9462,6.27,1.81e-10,6.17e-7,Pezizomycotina,YOR266W,4932,PNT1
NOG14287,9,0.9134,6.26,1.92e-10,6.57e-7,Pezizomycotina,YDL212W,4932,SHR3
NOG09613,9,0.9493,6.251,2.03e-10,6.95e-7,Pezizomycotina,YLR392C,4932,ART10
NOG21915,9,0.9444,6.248,2.08e-10,7.11e-7,Pezizomycotina,YDR079W,4932,PET100
NOG09707,9,0.9276,6.244,2.14e-10,7.3e-7,Pezizomycotina,YAL011W,4932,SWC3
NOG00454,9,0.9864,6.238,2.22e-10,7.58e-7,Pezizomycotina,YLR451W,4932,LEU3
NOG38179,9,0.889,6.232,2.31e-10,7.87e-7,Pezizomycotina,YDL045W-A,4932,MRP10
NOG01985,9,0.9794,6.232,2.31e-10,7.88e-7,Pezizomycotina,YFL048C,4932,EMP47
NOG01985,9,0.9794,6.232,2.31e-10,7.88e-7,Pezizomycotina,YLR080W,4932,EMP46
NOG01024,9,0.9638,6.222,2.45e-10,8.36e-7,Pezizomycotina,YCR030C,4932,SYP1
NOG33894,9,0.9986,6.218,2.53e-10,8.62e-7,Pezizomycotina,YKL050C,4932,YKL050C
NOG33894,9,0.9986,6.218,2.53e-10,8.62e-7,Pezizomycotina,YMR031C,4932,EIS1
NOG258747,9,0.894,6.214,2.58e-10,8.8e-7,Pezizomycotina,YHR178W,4932,STB5
NOG32398,9,0.8323,6.213,2.6e-10,8.88e-7,Pezizomycotina,YDR077W,4932,SED1
NOG32398,9,0.8323,6.213,2.6e-10,8.88e-7,Pezizomycotina,YER150W,4932,SPI1
NOG14909,9,0.9543,6.212,2.6200000000000003e-10,8.93e-7,Pezizomycotina,YLR312W-A,4932,MRPL15
NOG02753,9,0.9432,6.204,2.76e-10,9.42e-7,Pezizomycotina,YDR213W,4932,UPC2
NOG02753,9,0.9432,6.204,2.76e-10,9.42e-7,Pezizomycotina,YLR228C,4932,ECM22
NOG248335,9,0.9188,6.199,2.83e-10,9.68e-7,Pezizomycotina,YBR162W-A,4932,YSY6
NOG10183,9,0.9742,6.196,2.89e-10,9.87e-7,Pezizomycotina,YJL042W,4932,MHP1
NOG10183,9,0.9742,6.196,2.89e-10,9.87e-7,Pezizomycotina,YOR227W,4932,HER1
NOG10183,9,0.9742,6.196,2.89e-10,9.87e-7,Pezizomycotina,YPL137C,4932,GIP3
NOG270601,9,0.8739,6.194,2.93e-10,1e-6,Pezizomycotina,YDR512C,4932,EMI1
NOG263383,9,0.9163,6.185,3.1e-10,1.06e-6,Pezizomycotina,YMR126C,4932,DLT1
NOG04214,9,0.9995,6.178,3.25e-10,1.11e-6,Pezizomycotina,YGR089W,4932,NNF2
NOG24207,9,0.9491,6.174,3.33e-10,1.14e-6,Pezizomycotina,YOL110W,4932,SHR5
KOG4487,9,0.8919,6.169,3.43e-10,1.17e-6,Pezizomycotina,YHR191C,4932,CTF8
NOG38923,9,0.8401,6.167,3.48e-10,1.19e-6,Pezizomycotina,YDR286C,4932,YDR286C
NOG270676,9,0.944,6.166,3.5e-10,1.19e-6,Pezizomycotina,YOR078W,4932,BUD21
NOG09144,9,0.9251,6.164,3.56e-10,1.21e-6,Pezizomycotina,YGR014W,4932,MSB2
NOG265797,9,0.9352,6.158,3.68e-10,1.26e-6,Pezizomycotina,YJL158C,4932,CIS3
NOG270488,9,0.9049,6.152,3.84e-10,1.31e-6,Pezizomycotina,YLR104W,4932,LCL2
NOG242437,9,0.9157,6.147,3.94e-10,1.34e-6,Pezizomycotina,YDL130W-A,4932,STF1
NOG242437,9,0.9157,6.147,3.94e-10,1.34e-6,Pezizomycotina,YDL181W,4932,INH1
NOG05983,9,0.9493,6.147,3.95e-10,1.35e-6,Pezizomycotina,YJR124C,4932,YJR124C
NOG12170,9,0.9807,6.134,4.27e-10,1.46e-6,Pezizomycotina,YMR098C,4932,ATP25
NOG22238,9,0.941,6.132,4.33e-10,1.48e-6,Pezizomycotina,YLR390W-A,4932,CCW14
NOG05533,9,0.9216,6.106,5.11e-10,1.74e-6,Pezizomycotina,YDL054C,4932,MCH1
NOG70859,9,0.8892,6.094,5.5e-10,1.88e-6,Pezizomycotina,YBL090W,4932,MRP21
NOG257636,9,0.7101,6.087,5.75e-10,1.96e-6,Pezizomycotina,YAL063C,4932,FLO9
NOG257636,9,0.7101,6.087,5.75e-10,1.96e-6,Pezizomycotina,YAR050W,4932,FLO1
NOG257636,9,0.7101,6.087,5.75e-10,1.96e-6,Pezizomycotina,YHR211W,4932,FLO5
NOG257636,9,0.7101,6.087,5.75e-10,1.96e-6,Pezizomycotina,YHR213W,4932,YHR213W
NOG257636,9,0.7101,6.087,5.75e-10,1.96e-6,Pezizomycotina,YKR102W,4932,FLO10
NOG269992,9,0.8682,6.081,5.98e-10,2.04e-6,Pezizomycotina,YBL025W,4932,RRN10
NOG05033,9,0.813,6.069,6.44e-10,2.2e-6,Pezizomycotina,YKL015W,4932,PUT3
NOG04126,9,0.8449,6.064,6.64e-10,2.27e-6,Pezizomycotina,YPL248C,4932,GAL4
NOG01048,9,0.9291,6.054,7.08e-10,2.42e-6,Pezizomycotina,YML099C,4932,ARG81
NOG16603,9,0.8692,6.053,7.11e-10,2.43e-6,Pezizomycotina,YPR061C,4932,JID1
NOG249644,9,0.818,6.047,7.39e-10,2.52e-6,Pezizomycotina,YJR098C,4932,YJR098C
NOG19542,9,0.8146,6.038,7.78e-10,2.66e-6,Pezizomycotina,YDR124W,4932,YDR124W
NOG32474,9,0.8692,6.035,7.96e-10,2.72e-6,Pezizomycotina,YMR204C,4932,INP1
KOG0837,9,0.903,6.029,8.23e-10,2.81e-6,Pezizomycotina,YEL009C,4932,GCN4
NOG23257,9,0.9651,6.028,8.31e-10,2.84e-6,Pezizomycotina,YGR174C,4932,CBP4
NOG259116,9,0.9155,6.026,8.41e-10,2.87e-6,Pezizomycotina,YER080W,4932,AIM9
NOG10504,9,0.8588,6.025,8.43e-10,2.88e-6,Pezizomycotina,YGL151W,4932,NUT1
NOG12461,9,0.8543,6,9.87e-10,3.37e-6,Pezizomycotina,YGR141W,4932,VPS62
NOG12461,9,0.8543,6,9.87e-10,3.37e-6,Pezizomycotina,YPR157W,4932,TDA6
NOG23036,9,0.9038,5.998,9.97e-10,3.41e-6,Pezizomycotina,YML055W,4932,SPC2
NOG29436,9,0.8824,5.992,1.04e-9,3.55e-6,Pezizomycotina,YIL117C,4932,PRM5
NOG29436,9,0.8824,5.992,1.04e-9,3.55e-6,Pezizomycotina,YNL058C,4932,YNL058C
NOG07813,9,0.8341,5.952,1.32e-9,4.51e-6,Pezizomycotina,YDL237W,4932,AIM6
NOG21520,9,0.8763,5.933,1.49e-9,5.09e-6,Pezizomycotina,YGL079W,4932,KXD1
NOG257734,9,0.8968,5.931,1.51e-9,5.14e-6,Pezizomycotina,YDL133W,4932,SRF1
NOG269459,9,0.8623,5.924,1.57e-9,5.37e-6,Pezizomycotina,YDR181C,4932,SAS4
NOG25489,9,0.878,5.918,1.63e-9,5.57e-6,Pezizomycotina,YDL173W,4932,PAR32
NOG06596,9,0.8044,5.906,1.75e-9,5.99e-6,Pezizomycotina,YIL067C,4932,YIL067C
NOG22911,9,0.8651,5.878,2.07e-9,7.07e-6,Pezizomycotina,YGR053C,4932,YGR053C
COG0011,9,0.8183,5.874,2.13e-9,7.26e-6,Pezizomycotina,YBL001C,4932,ECM15
COG3938,9,0.8131,5.869,2.19e-9,7.49e-6,Pezizomycotina,YHL023C,4932,NPR3
NOG01949,9,0.803,5.868,2.21e-9,7.54e-6,Pezizomycotina,YJL156C,4932,SSY5
NOG21517,9,0.8,5.866,2.23e-9,7.62e-6,Pezizomycotina,YDL037C,4932,BSC1
NOG21517,9,0.8,5.866,2.23e-9,7.62e-6,Pezizomycotina,YIR019C,4932,FLO11
NOG233704,9,0.8563,5.86,2.31e-9,7.88e-6,Pezizomycotina,YDR132C,4932,YDR132C
NOG233704,9,0.8563,5.86,2.31e-9,7.88e-6,Pezizomycotina,YLR108C,4932,YLR108C
NOG13745,9,0.8281,5.83,2.77e-9,9.47e-6,Pezizomycotina,YDR207C,4932,UME6
NOG258786,9,0.8293,5.829,2.8e-9,9.55e-6,Pezizomycotina,YMR280C,4932,CAT8
NOG240308,9,0.8013,5.825,2.86e-9,9.75e-6,Pezizomycotina,YBR015C,4932,MNN2
NOG240308,9,0.8013,5.825,2.86e-9,9.75e-6,Pezizomycotina,YJL186W,4932,MNN5
NOG39827,9,0.8089,5.819,2.96e-9,1.01e-5,Pezizomycotina,YBL018C,4932,POP8
NOG244481,9,0.7985,5.815,3.02e-9,1.03e-5,Pezizomycotina,YIL098C,4932,FMC1
NOG01994,9,0.7691,5.814,3.05e-9,1.04e-5,Pezizomycotina,YLR014C,4932,PPR1
COG3207,9,0.836,5.806,3.2e-9,1.09e-5,Pezizomycotina,YDR403W,4932,DIT1
NOG30057,9,0.7984,5.732,4.97e-9,1.7e-5,Pezizomycotina,YJR056C,4932,YJR056C
NOG20233,9,0.7851,5.721,5.31e-9,1.81e-5,Pezizomycotina,YGL089C,4932,MF(ALPHA)2
NOG20233,9,0.7851,5.721,5.31e-9,1.81e-5,Pezizomycotina,YPL187W,4932,MF(ALPHA)1
NOG269473,9,0.8133,5.719,5.37e-9,1.83e-5,Pezizomycotina,YGL215W,4932,CLG1
NOG09039,9,0.8276,5.682,6.66e-9,2.27e-5,Pezizomycotina,YDR034C,4932,LYS14
NOG237315,9,0.79990000000000006,5.661,7.53e-9,2.57e-5,Pezizomycotina,YKL098W,4932,MTC2
COG0248,9,0.8375,5.653,7.87e-9,2.69e-5,Pezizomycotina,YGL252C,4932,RTG2
NOG27302,9,0.8363,5.642,8.4e-9,2.87e-5,Pezizomycotina,YPR109W,4932,YPR109W
NOG32346,9,0.7494,5.629,9.06e-9,3.09e-5,Pezizomycotina,YOL086W-A,4932,MHF1
NOG23773,9,0.7701,5.547,1.45e-8,4.95e-5,Pezizomycotina,YMR191W,4932,SPG5
KOG4618,9,0.7333,5.529,1.61e-8,5.5e-5,Pezizomycotina,YHR116W,4932,COX23
COG4126,9,0.7629,5.523,1.67e-8,5.7e-5,Pezizomycotina,YIR030C,4932,DCG1
COG1554,9,0.7067,5.4,3.34e-8,1.14e-4,Pezizomycotina,YPR026W,4932,ATH1
NOG20556,9,0.6909,5.276,6.6e-8,2.25e-4,Pezizomycotina,YPR153W,4932,MAY24
NOG06212,9,0.7804,5.254,7.42e-8,2.53e-4,Pezizomycotina,YNL054W,4932,VAC7
KOG3600,9,0.6763,5.185,1.08e-7,3.69e-4,Pezizomycotina,YDR443C,4932,SSN2
NOG40472,9,0.7229,5.082,1.87e-7,6.37e-4,Pezizomycotina,YBL043W,4932,ECM13
NOG270207,9,0.5951,5.069,2e-7,6.84e-4,Pezizomycotina,YNL008C,4932,ASI3
NOG258307,9,0.6664,5.018,2.61e-7,8.9e-4,Pezizomycotina,YOR389W,4932,YOR389W
NOG258307,9,0.6664,5.018,2.61e-7,8.9e-4,Pezizomycotina,YPL277C,4932,YPL277C
NOG31931,9,0.62,4.91,4.56e-7,0.00156,Pezizomycotina,YMR194C-B,4932,CMC4
NOG258413,9,0.5435,4.722,1.17e-6,0.00398,Pezizomycotina,YMR221C,4932,FMP42
KOG4814,9,0.4898,4.478,3.77e-6,0.0129,Pezizomycotina,YIL073C,4932,SPO22
NOG22869,9,0.495,4.156,1.62e-5,0.0554,Pezizomycotina,YDR428C,4932,BNA7
COG3386,9,0.442,3.689,1.13e-4,0.385,Pezizomycotina,YBR053C,4932,YBR053C
COG0546,9,0.1834,2.053,0.0201,1,Pezizomycotina,YOR131C,4932,YOR131C
NOG03684,10,0.9584,6.696,1.07e-11,3.65e-8,Taphrinomycotina,YDR306C,4932,YDR306C
NOG258375,10,0.9579,6.575,2.44e-11,8.32e-8,Taphrinomycotina,YPL128C,4932,TBF1
NOG05204,10,0.9808,6.559,2.71e-11,9.24e-8,Taphrinomycotina,YJR041C,4932,URB2
NOG256563,10,0.9734,6.522,3.46e-11,1.18e-7,Taphrinomycotina,YDR169C,4932,STB3
NOG269669,10,0.9822,6.519,3.54e-11,1.21e-7,Taphrinomycotina,YDR501W,4932,PLM2
NOG269669,10,0.9822,6.519,3.54e-11,1.21e-7,Taphrinomycotina,YLR183C,4932,TOS4
NOG18418,10,0.9909,6.496,4.13e-11,1.41e-7,Taphrinomycotina,YJR118C,4932,ILM1
NOG258845,10,0.9866,6.485,4.43e-11,1.51e-7,Taphrinomycotina,YFL026W,4932,STE2
NOG23942,10,0.9839,6.439,6.02e-11,2.06e-7,Taphrinomycotina,YMR311C,4932,GLC8
NOG04556,10,0.9138,6.43,6.4e-11,2.18e-7,Taphrinomycotina,YER077C,4932,MRX1
NOG10585,10,0.962,6.427,6.5e-11,2.22e-7,Taphrinomycotina,YER109C,4932,FLO8
NOG14185,10,0.9827,6.427,6.52e-11,2.23e-7,Taphrinomycotina,YGR273C,4932,YGR273C
NOG14185,10,0.9827,6.427,6.52e-11,2.23e-7,Taphrinomycotina,YMR295C,4932,YMR295C
NOG08347,10,0.9981,6.421,6.77e-11,2.31e-7,Taphrinomycotina,YIL019W,4932,FAF1
NOG249655,10,0.9822,6.402,7.68e-11,2.62e-7,Taphrinomycotina,YPL011C,4932,TAF3
NOG35623,10,0.9582,6.394,8.1e-11,2.77e-7,Taphrinomycotina,YPL233W,4932,NSL1
NOG00460,10,0.9637,6.391,8.22e-11,2.81e-7,Taphrinomycotina,YIL123W,4932,SIM1
NOG00460,10,0.9637,6.391,8.22e-11,2.81e-7,Taphrinomycotina,YMR244W,4932,YMR244W
NOG00460,10,0.9637,6.391,8.22e-11,2.81e-7,Taphrinomycotina,YNL066W,4932,SUN4
NOG22204,10,0.9643,6.379,8.9e-11,3.04e-7,Taphrinomycotina,YDR362C,4932,TFC6
NOG247333,10,0.9019,6.376,9.11e-11,3.11e-7,Taphrinomycotina,YBR162C,4932,TOS1
NOG247333,10,0.9019,6.376,9.11e-11,3.11e-7,Taphrinomycotina,YJL171C,4932,TOH1
NOG20870,10,0.9963,6.374,9.23e-11,3.15e-7,Taphrinomycotina,YAL013W,4932,DEP1
NOG245180,10,0.992,6.373,9.26e-11,3.16e-7,Taphrinomycotina,YGR131W,4932,FHN1
NOG245180,10,0.992,6.373,9.26e-11,3.16e-7,Taphrinomycotina,YPR149W,4932,NCE102
NOG236517,10,0.9877,6.37,9.44e-11,3.22e-7,Taphrinomycotina,YNR039C,4932,ZRG17
NOG33762,10,0.9924,6.368,9.56e-11,3.26e-7,Taphrinomycotina,YBR193C,4932,MED8
NOG258029,10,0.9792,6.349,1.08e-10,3.69e-7,Taphrinomycotina,YML103C,4932,NUP188
NOG03090,10,0.9439,6.335,1.19e-10,4.05e-7,Taphrinomycotina,YBR033W,4932,EDS1
NOG03090,10,0.9439,6.335,1.19e-10,4.05e-7,Taphrinomycotina,YKL038W,4932,RGT1
NOG258977,10,0.9995,6.335,1.19e-10,4.06e-7,Taphrinomycotina,YPL173W,4932,MRPL40
NOG251196,10,0.9967,6.32,1.3100000000000001e-10,4.46e-7,Taphrinomycotina,YHR187W,4932,IKI1
NOG21629,10,0.9764,6.317,1.34e-10,4.56e-7,Taphrinomycotina,YMR063W,4932,RIM9
NOG02862,10,0.9521,6.302,1.47e-10,5.02e-7,Taphrinomycotina,YPL050C,4932,MNN9
NOG12105,10,0.9126,6.274,1.76e-10,6.02e-7,Taphrinomycotina,YHR198C,4932,AIM18
NOG12105,10,0.9126,6.274,1.76e-10,6.02e-7,Taphrinomycotina,YHR199C,4932,AIM46
NOG11559,10,0.9713,6.271,1.8e-10,6.14e-7,Taphrinomycotina,YDL020C,4932,RPN4
NOG23700,10,0.9716,6.264,1.88e-10,6.42e-7,Taphrinomycotina,YLR145W,4932,RMP1
NOG10151,10,0.9604,6.24,2.19e-10,7.48e-7,Taphrinomycotina,YMR228W,4932,MTF1
NOG06336,10,0.948,6.234,2.27e-10,7.76e-7,Taphrinomycotina,YDL035C,4932,GPR1
NOG10269,10,0.9799,6.231,2.32e-10,7.93e-7,Taphrinomycotina,YLR287C,4932,YLR287C
NOG32742,10,0.8858,6.191,3e-10,1.02e-6,Taphrinomycotina,YNL216W,4932,RAP1
NOG03606,10,0.9866,6.183,3.14e-10,1.07e-6,Taphrinomycotina,YCL052C,4932,PBN1
NOG07350,10,0.8981,6.178,3.25e-10,1.11e-6,Taphrinomycotina,YBR078W,4932,ECM33
NOG07350,10,0.8981,6.178,3.25e-10,1.11e-6,Taphrinomycotina,YCL048W,4932,SPS22
NOG07350,10,0.8981,6.178,3.25e-10,1.11e-6,Taphrinomycotina,YDR055W,4932,PST1
NOG07350,10,0.8981,6.178,3.25e-10,1.11e-6,Taphrinomycotina,YDR522C,4932,SPS2
NOG12093,10,0.9933,6.171,3.39e-10,1.16e-6,Taphrinomycotina,YBR215W,4932,HPC2
NOG12773,10,0.9037,6.165,3.53e-10,1.21e-6,Taphrinomycotina,YIR011C,4932,STS1
NOG258492,10,0.9642,6.158,3.67e-10,1.25e-6,Taphrinomycotina,YOR322C,4932,LDB19
NOG05854,10,0.9626,6.148,3.93e-10,1.34e-6,Taphrinomycotina,YNL080C,4932,EOS1
NOG15770,10,0.9151,6.135,4.25e-10,1.45e-6,Taphrinomycotina,YJL025W,4932,RRN7
NOG03270,10,0.9459,6.095,5.46e-10,1.86e-6,Taphrinomycotina,YLR343W,4932,GAS2
NOG03270,10,0.9459,6.095,5.46e-10,1.86e-6,Taphrinomycotina,YMR215W,4932,GAS3
NOG03270,10,0.9459,6.095,5.46e-10,1.86e-6,Taphrinomycotina,YOL030W,4932,GAS5
NOG03270,10,0.9459,6.095,5.46e-10,1.86e-6,Taphrinomycotina,YOL132W,4932,GAS4
NOG238178,10,0.9799,6.083,5.89e-10,2.01e-6,Taphrinomycotina,YGL029W,4932,CGR1
NOG10772,10,0.9708,6.073,6.26e-10,2.14e-6,Taphrinomycotina,YML002W,4932,YML002W
NOG10772,10,0.9708,6.073,6.26e-10,2.14e-6,Taphrinomycotina,YML003W,4932,YML003W
NOG271015,10,0.8363,6.048,7.35e-10,2.51e-6,Taphrinomycotina,YMR123W,4932,PKR1
NOG26573,10,0.9038,6.039,7.75e-10,2.65e-6,Taphrinomycotina,YKL011C,4932,CCE1
NOG04502,10,0.8862,6.029,8.26e-10,2.82e-6,Taphrinomycotina,YKL046C,4932,DCW1
NOG04185,10,0.8892,6.015,8.99e-10,3.07e-6,Taphrinomycotina,YCL061C,4932,MRC1
NOG10298,10,0.861,6.014,9.05e-10,3.09e-6,Taphrinomycotina,YBR150C,4932,TBS1
NOG10298,10,0.861,6.014,9.05e-10,3.09e-6,Taphrinomycotina,YOL089C,4932,HAL9
NOG01805,10,0.8976,6.006,9.48e-10,3.24e-6,Taphrinomycotina,YKL057C,4932,NUP120
NOG40769,10,0.8768,5.996,1.01e-9,3.45e-6,Taphrinomycotina,YFR011C,4932,MIC19
NOG03640,10,0.9915,5.955,1.3e-9,4.44e-6,Taphrinomycotina,YER022W,4932,SRB4
NOG08472,10,0.8844,5.878,2.08e-9,7.11e-6,Taphrinomycotina,YDR254W,4932,CHL4
NOG17146,10,0.8916,5.872,2.16e-9,7.36e-6,Taphrinomycotina,YDR162C,4932,NBP2
NOG07911,10,0.8604,5.835,2.69e-9,9.19e-6,Taphrinomycotina,YMR065W,4932,KAR5
KOG4748,10,0.8024,5.682,6.64e-9,2.27e-5,Taphrinomycotina,YDR245W,4932,MNN10
KOG4748,10,0.8024,5.682,6.64e-9,2.27e-5,Taphrinomycotina,YJL183W,4932,MNN11
NOG30025,10,0.7355,5.262,7.11e-8,2.43e-4,Taphrinomycotina,YDR493W,4932,MZM1
KOG1510,10,0.7012,5.032,2.42e-7,8.27e-4,Taphrinomycotina,YDR308C,4932,SRB7
KOG4756,10,0.6516,4.786,8.52e-7,0.00291,Taphrinomycotina,YBR282W,4932,MRPL27
NOG02011,10,0.5766,4.579,2.34e-6,0.00798,Taphrinomycotina,YOR155C,4932,ISN1
KOG1258,10,0.5663,4.488,3.59e-6,0.0123,Taphrinomycotina,YDR235W,4932,PRP42
KOG1258,10,0.5663,4.488,3.59e-6,0.0123,Taphrinomycotina,YML046W,4932,PRP39
KOG2669,10,0.6008,4.412,5.12e-6,0.0175,Taphrinomycotina,YDR289C,4932,RTT103
KOG3378,10,0.398,3.384,3.57e-4,1,Taphrinomycotina,YGR234W,4932,YHB1
KOG3378,10,0.398,3.384,3.57e-4,1,Taphrinomycotina,YNL234W,4932,YNL234W
NOG19223,11,0.9895,6.453,5.48e-11,1.87e-7,Basidiomycota,YGR113W,4932,DAM1
NOG257537,11,0.965,6.446,5.76e-11,1.97e-7,Basidiomycota,YDR348C,4932,PAL1
NOG257537,11,0.965,6.446,5.76e-11,1.97e-7,Basidiomycota,YHR097C,4932,YHR097C
NOG258635,11,0.982,6.435,6.19e-11,2.11e-7,Basidiomycota,YIL130W,4932,ASG1
NOG258635,11,0.982,6.435,6.19e-11,2.11e-7,Basidiomycota,YJL206C,4932,YJL206C
NOG253946,11,0.9826,6.416,7.01e-11,2.39e-7,Basidiomycota,YOR188W,4932,MSB1
NOG258918,11,0.9267,6.409,7.32e-11,2.5e-7,Basidiomycota,YOR049C,4932,RSB1
NOG246595,11,0.9885,6.375,9.17e-11,3.13e-7,Basidiomycota,YAL053W,4932,FLC2
NOG246595,11,0.9885,6.375,9.17e-11,3.13e-7,Basidiomycota,YGL139W,4932,FLC3
NOG246595,11,0.9885,6.375,9.17e-11,3.13e-7,Basidiomycota,YOR365C,4932,YOR365C
NOG246595,11,0.9885,6.375,9.17e-11,3.13e-7,Basidiomycota,YPL221W,4932,FLC1
NOG12769,11,0.9375,6.352,1.07e-10,3.64e-7,Basidiomycota,YML128C,4932,MSC1
COG1648,11,0.9749,6.349,1.08e-10,3.69e-7,Basidiomycota,YBR213W,4932,MET8
COG4282,11,0.9986,6.303,1.46e-10,4.97e-7,Basidiomycota,YGR229C,4932,SMI1
NOG38747,11,0.9384,6.301,1.48e-10,5.05e-7,Basidiomycota,YMR059W,4932,SEN15
NOG272161,11,0.9513,6.283,1.66e-10,5.67e-7,Basidiomycota,YDR016C,4932,DAD1
NOG07951,11,0.9539,6.265,1.87e-10,6.37e-7,Basidiomycota,YFL013C,4932,IES1
NOG30942,11,0.9829,6.26,1.93e-10,6.59e-7,Basidiomycota,YMR014W,4932,BUD22
NOG269851,11,0.9058,6.236,2.24e-10,7.66e-7,Basidiomycota,YCR028C-A,4932,RIM1
NOG239466,11,0.9777,6.233,2.29e-10,7.81e-7,Basidiomycota,YGL093W,4932,SPC105
NOG22740,11,0.8841,6.233,2.29e-10,7.83e-7,Basidiomycota,YPL067C,4932,YPL067C
NOG06563,11,0.868,6.221,2.46e-10,8.41e-7,Basidiomycota,YIR018W,4932,YAP5
NOG03018,11,0.987,6.217,2.54e-10,8.67e-7,Basidiomycota,YIL090W,4932,ICE2
NOG05225,11,0.9253,6.215,2.56e-10,8.74e-7,Basidiomycota,YNL291C,4932,MID1
NOG08055,11,0.8858,6.214,2.58e-10,8.8e-7,Basidiomycota,YDR458C,4932,HEH2
NOG08055,11,0.8858,6.214,2.58e-10,8.8e-7,Basidiomycota,YML034W,4932,SRC1
NOG19295,11,0.9102,6.21,2.64e-10,9.02e-7,Basidiomycota,YLR309C,4932,IMH1
NOG259060,11,0.937,6.209,2.67e-10,9.1e-7,Basidiomycota,YIL140W,4932,AXL2
NOG32340,11,0.9928,6.205,2.74e-10,9.35e-7,Basidiomycota,YDR498C,4932,SEC20
NOG237077,11,0.9687,6.196,2.89e-10,9.87e-7,Basidiomycota,YMR200W,4932,ROT1
NOG26136,11,0.9846,6.188,3.04e-10,1.04e-6,Basidiomycota,YKL178C,4932,STE3
COG3582,11,0.8503,6.177,3.26e-10,1.11e-6,Basidiomycota,YOR052C,4932,TMC1
COG1457,11,0.8924,6.154,3.78e-10,1.29e-6,Basidiomycota,YER056C,4932,FCY2
COG1457,11,0.8924,6.154,3.78e-10,1.29e-6,Basidiomycota,YER060W,4932,FCY21
COG1457,11,0.8924,6.154,3.78e-10,1.29e-6,Basidiomycota,YER060W-A,4932,FCY22
COG1457,11,0.8924,6.154,3.78e-10,1.29e-6,Basidiomycota,YGL186C,4932,TPN1
COG5212,11,0.8978,6.154,3.78e-10,1.29e-6,Basidiomycota,YGL248W,4932,PDE1
NOG40556,11,0.9015,6.15,3.88e-10,1.32e-6,Basidiomycota,YDR201W,4932,SPC19
NOG258131,11,0.8408,6.146,3.98e-10,1.36e-6,Basidiomycota,YDR479C,4932,PEX29
KOG4522,11,0.885,6.133,4.32e-10,1.47e-6,Basidiomycota,YCR081W,4932,SRB8
NOG32907,11,0.8988,6.108,5.04e-10,1.72e-6,Basidiomycota,YDR320C-A,4932,DAD4
NOG06394,11,0.8852,6.089,5.67e-10,1.94e-6,Basidiomycota,YGR197C,4932,SNG1
NOG06394,11,0.8852,6.089,5.67e-10,1.94e-6,Basidiomycota,YJR015W,4932,YJR015W
NOG272349,11,0.9428,6.085,5.81e-10,1.98e-6,Basidiomycota,YKL108W,4932,SLD2
NOG02559,11,0.9905,6.072,6.31e-10,2.15e-6,Basidiomycota,YLR250W,4932,SSP120
NOG259057,11,0.8595,6.017,8.91e-10,3.04e-6,Basidiomycota,YER185W,4932,PUG1
NOG259057,11,0.8595,6.017,8.91e-10,3.04e-6,Basidiomycota,YGR213C,4932,RTA1
NOG259057,11,0.8595,6.017,8.91e-10,3.04e-6,Basidiomycota,YLR046C,4932,YLR046C
NOG24766,11,0.8259,5.993,1.03e-9,3.51e-6,Basidiomycota,YDR231C,4932,COX20
COG1953,11,0.8077,5.954,1.31e-9,4.46e-6,Basidiomycota,YBL042C,4932,FUI1
COG1953,11,0.8077,5.954,1.31e-9,4.46e-6,Basidiomycota,YBR021W,4932,FUR4
COG1953,11,0.8077,5.954,1.31e-9,4.46e-6,Basidiomycota,YIR028W,4932,DAL4
COG1953,11,0.8077,5.954,1.31e-9,4.46e-6,Basidiomycota,YLR237W,4932,THI7
COG1953,11,0.8077,5.954,1.31e-9,4.46e-6,Basidiomycota,YOR071C,4932,NRT1
COG1953,11,0.8077,5.954,1.31e-9,4.46e-6,Basidiomycota,YOR192C,4932,THI72
NOG31115,11,0.9172,5.93,1.51e-9,5.16e-6,Basidiomycota,YAL034W-A,4932,MTW1
NOG38931,11,0.8672,5.894,1.88e-9,6.43e-6,Basidiomycota,YML081C-A,4932,ATP18
NOG05220,11,0.7967,5.846,2.52e-9,8.59e-6,Basidiomycota,YOR087W,4932,YVC1
NOG18253,11,0.8107,5.788,3.56e-9,1.22e-5,Basidiomycota,YKL051W,4932,SFK1
KOG4121,11,0.8377,5.782,3.7e-9,1.26e-5,Basidiomycota,YKR082W,4932,NUP133
NOG35204,11,0.7933,5.763,4.13e-9,1.41e-5,Basidiomycota,YHR087W,4932,RTC3
NOG19294,11,0.8549,5.734,4.91e-9,1.67e-5,Basidiomycota,YKR085C,4932,MRPL20
NOG05039,11,0.7818,5.65,8.01e-9,2.73e-5,Basidiomycota,YDR229W,4932,IVY1
NOG258082,11,0.7666,5.602,1.06e-8,3.62e-5,Basidiomycota,YJL020C,4932,BBC1
KOG4504,11,0.7664,5.583,1.19e-8,4.05e-5,Basidiomycota,YPR079W,4932,MRL1
COG5524,11,0.8102,5.557,1.38e-8,4.7e-5,Basidiomycota,YBR054W,4932,YRO2
COG5524,11,0.8102,5.557,1.38e-8,4.7e-5,Basidiomycota,YCR021C,4932,HSP30
COG5524,11,0.8102,5.557,1.38e-8,4.7e-5,Basidiomycota,YDR033W,4932,MRH1
KOG4775,11,0.7117,5.555,1.39e-8,4.74e-5,Basidiomycota,YLL003W,4932,SFI1
NOG19306,11,0.6946,5.477,2.16e-8,7.39e-5,Basidiomycota,YBR156C,4932,SLI15
KOG4488,11,0.6425,5.347,4.47e-8,1.53e-4,Basidiomycota,YDL085C-A,4932,YDL085C-A
NOG272157,11,0.6522,5.234,8.29e-8,2.83e-4,Basidiomycota,YNL015W,4932,PBI2
KOG4754,11,0.6329,5.093,1.76e-7,6.01e-4,Basidiomycota,YKL128C,4932,PMU1
KOG4595,11,0.5828,4.843,6.39e-7,0.00218,Basidiomycota,YNL260C,4932,LTO1
NOG26848,11,0.6316,4.771,9.17e-7,0.00313,Basidiomycota,YFL010C,4932,WWM1
COG2079,11,0.5207,4.615,1.96e-6,0.0067,Basidiomycota,YPR002W,4932,PDH1
KOG1901,11,0.4837,4.28,9.36e-6,0.032,Basidiomycota,YDR374C,4932,PHO92
KOG1418,11,0.4471,4.133,1.79e-5,0.061,Basidiomycota,YJL093C,4932,TOK1
COG1621,11,0.3264,3.39,3.5e-4,1,Basidiomycota,YIL162W,4932,SUC2
NOG02647,12,0.9946,6.644,1.52e-11,5.2100000000000003e-08,Mucoromycota,YOR301W,4932,RAX1
NOG259278,12,0.9845,6.579,2.38e-11,8.11e-8,Mucoromycota,YMR091C,4932,NPL6
NOG06183,12,0.9929,6.483,4.5e-11,1.54e-7,Mucoromycota,YJL123C,4932,MTC1
NOG11801,12,0.9679,6.456,5.37e-11,1.83e-7,Mucoromycota,YNL152W,4932,INN1
COG5087,12,0.9841,6.45,5.6e-11,1.91e-7,Mucoromycota,YLL002W,4932,RTT109
NOG31771,12,0.9866,6.424,6.65e-11,2.27e-7,Mucoromycota,YMR244C-A,4932,COA6
NOG258704,12,0.9857,6.4,7.78e-11,2.66e-7,Mucoromycota,YGR004W,4932,PEX31
NOG258704,12,0.9857,6.4,7.78e-11,2.66e-7,Mucoromycota,YLR324W,4932,PEX30
NOG02350,12,0.9095,6.378,8.95e-11,3.06e-7,Mucoromycota,YDR104C,4932,SPO71
NOG11885,12,0.9933,6.364,9.83e-11,3.36e-7,Mucoromycota,YJR092W,4932,BUD4
NOG257962,12,0.9901,6.323,1.28e-10,4.37e-7,Mucoromycota,YLR203C,4932,MSS51
NOG22162,12,0.9427,6.302,1.47e-10,5.02e-7,Mucoromycota,YJL178C,4932,ATG27
NOG07188,12,0.908,6.296,1.53e-10,5.22e-7,Mucoromycota,YBR280C,4932,SAF1
NOG269258,12,0.9685,6.284,1.65e-10,5.64e-7,Mucoromycota,YPL254W,4932,HFI1
NOG01913,12,0.985,6.28,1.69e-10,5.77e-7,Mucoromycota,YLR084C,4932,RAX2
NOG08546,12,0.9693,6.264,1.87e-10,6.4e-7,Mucoromycota,YML127W,4932,RSC9
NOG271042,12,0.9424,6.251,2.04e-10,6.97e-7,Mucoromycota,YIL156W-B,4932,YIL156W-B
NOG257042,12,0.846,6.242,2.16e-10,7.36e-7,Mucoromycota,YDL067C,4932,COX9
COG5309,12,0.9377,6.232,2.3e-10,7.85e-7,Mucoromycota,YGL028C,4932,SCW11
COG5309,12,0.9377,6.232,2.3e-10,7.85e-7,Mucoromycota,YGR279C,4932,SCW4
COG5309,12,0.9377,6.232,2.3e-10,7.85e-7,Mucoromycota,YGR282C,4932,BGL2
COG5309,12,0.9377,6.232,2.3e-10,7.85e-7,Mucoromycota,YMR305C,4932,SCW10
NOG31811,12,0.884,6.192,2.97e-10,1.01e-6,Mucoromycota,YNL213C,4932,RRG9
NOG251749,12,0.9155,6.153,3.8e-10,1.3e-6,Mucoromycota,YNL215W,4932,IES2
NOG37894,12,0.8869,6.106,5.1e-10,1.74e-6,Mucoromycota,YOL026C,4932,MIM1
NOG30973,12,0.8619,6.075,6.22e-10,2.12e-6,Mucoromycota,YDR100W,4932,TVP15
NOG258164,12,0.8987,6.071,6.37e-10,2.17e-6,Mucoromycota,YIR023W,4932,DAL81
NOG24456,12,0.8412,6.054,7.05e-10,2.41e-6,Mucoromycota,YLR332W,4932,MID2
NOG271081,12,0.8218,6.024,8.53e-10,2.91e-6,Mucoromycota,YCL005W-A,4932,VMA9
NOG07958,12,0.8957,6.024,8.53e-10,2.91e-6,Mucoromycota,YEL036C,4932,ANP1
NOG246334,12,0.89,6.02,8.72e-10,2.98e-6,Mucoromycota,YCR061W,4932,YCR061W
NOG246334,12,0.89,6.02,8.72e-10,2.98e-6,Mucoromycota,YNL237W,4932,YTP1
NOG269716,12,0.8765,6.001,9.79e-10,3.34e-6,Mucoromycota,YDR476C,4932,YDR476C
NOG30752,12,0.8938,5.99,1.05e-9,3.59e-6,Mucoromycota,YBR269C,4932,SDH8
NOG06405,12,0.866,5.952,1.32e-9,4.52e-6,Mucoromycota,YHR131C,4932,YHR131C
NOG06405,12,0.866,5.952,1.32e-9,4.52e-6,Mucoromycota,YNL144C,4932,YNL144C
COG1275,12,0.8245,5.947,1.37e-9,4.67e-6,Mucoromycota,YPL092W,4932,SSU1
NOG14636,12,0.8627,5.93,1.51e-9,5.16e-6,Mucoromycota,YOR043W,4932,WHI2
NOG31161,12,0.8267,5.924,1.57e-9,5.36e-6,Mucoromycota,YCL012C,4932,YCL012C
COG5498,12,0.7702,5.901,1.81e-9,6.18e-6,Mucoromycota,YLR144C,4932,ACF2
COG5498,12,0.7702,5.901,1.81e-9,6.18e-6,Mucoromycota,YNR067C,4932,DSE4
KOG3841,12,0.8063,5.893,1.9e-9,6.48e-6,Mucoromycota,YBR083W,4932,TEC1
KOG4844,12,0.8645,5.822,2.91e-9,9.94e-6,Mucoromycota,YGR215W,4932,RSM27
KOG1773,12,0.8293,5.804,3.23e-9,1.1e-5,Mucoromycota,YDL123W,4932,SNA4
KOG1773,12,0.8293,5.804,3.23e-9,1.1e-5,Mucoromycota,YDR276C,4932,PMP3
KOG1773,12,0.8293,5.804,3.23e-9,1.1e-5,Mucoromycota,YDR525W-A,4932,SNA2
KOG1773,12,0.8293,5.804,3.23e-9,1.1e-5,Mucoromycota,YJL151C,4932,SNA3
KOG3601,12,0.8262,5.793,3.45e-9,1.18e-5,Mucoromycota,YGR136W,4932,LSB1
KOG3601,12,0.8262,5.793,3.45e-9,1.18e-5,Mucoromycota,YPR154W,4932,PIN3
KOG4034,12,0.8168,5.79,3.53e-9,1.2e-5,Mucoromycota,YCR071C,4932,IMG2
KOG3989,12,0.7889,5.788,3.57e-9,1.22e-5,Mucoromycota,YHR140W,4932,YHR140W
KOG3105,12,0.7477,5.771,3.93e-9,1.34e-5,Mucoromycota,YDR081C,4932,PDC2
NOG41027,12,0.8395,5.749,4.48e-9,1.53e-5,Mucoromycota,YDR322C-A,4932,TIM11
COG3673,12,0.8697,5.733,4.94e-9,1.69e-5,Mucoromycota,YEL023C,4932,YEL023C
NOG21617,12,0.8039,5.679,6.77e-9,2.31e-5,Mucoromycota,YIL101C,4932,XBP1
KOG4123,12,0.7429,5.65,8.03e-9,2.74e-5,Mucoromycota,YOR149C,4932,SMP3
COG4702,12,0.7595,5.648,8.1e-9,2.77e-5,Mucoromycota,YBR137W,4932,YBR137W
COG0738,12,0.8184,5.639,8.53e-9,2.91e-5,Mucoromycota,YOL137W,4932,BSC6
COG5279,12,0.7817,5.566,1.3e-8,4.44e-5,Mucoromycota,YDL117W,4932,CYK3
NOG05627,12,0.7628,5.548,1.45e-8,4.94e-5,Mucoromycota,YCL036W,4932,GFD2
NOG05627,12,0.7628,5.548,1.45e-8,4.94e-5,Mucoromycota,YDR514C,4932,YDR514C
NOG258329,12,0.7806,5.477,2.16e-8,7.38e-5,Mucoromycota,YPR089W,4932,YPR089W
KOG4114,12,0.7496,5.443,2.62e-8,8.93e-5,Mucoromycota,YJR034W,4932,PET191
KOG4533,12,0.7034,5.418,3.02e-8,1.03e-4,Mucoromycota,YOR238W,4932,YOR238W
KOG4157,12,0.7227,5.394,3.44e-8,1.17e-4,Mucoromycota,YHL028W,4932,WSC4
KOG4157,12,0.7227,5.394,3.44e-8,1.17e-4,Mucoromycota,YNL283C,4932,WSC2
KOG4157,12,0.7227,5.394,3.44e-8,1.17e-4,Mucoromycota,YOL105C,4932,WSC3
KOG4157,12,0.7227,5.394,3.44e-8,1.17e-4,Mucoromycota,YOR008C,4932,SLG1
NOG272255,12,0.7443,5.362,4.11e-8,1.4e-4,Mucoromycota,YDR259C,4932,YAP6
NOG272255,12,0.7443,5.362,4.11e-8,1.4e-4,Mucoromycota,YOR028C,4932,CIN5
COG5075,12,0.7242,5.356,4.25e-8,1.45e-4,Mucoromycota,YLR270W,4932,DCS1
COG5075,12,0.7242,5.356,4.25e-8,1.45e-4,Mucoromycota,YOR173W,4932,DCS2
KOG3719,12,0.6798,5.271,6.77e-8,2.31e-4,Mucoromycota,YAR035W,4932,YAT1
KOG3719,12,0.6798,5.271,6.77e-8,2.31e-4,Mucoromycota,YER024W,4932,YAT2
NOG37899,12,0.6589,5.247,7.71e-8,2.63e-4,Mucoromycota,YLR099W-A,4932,MIM2
NOG269356,12,0.7293,5.221,8.89e-8,3.04e-4,Mucoromycota,YOR223W,4932,DSC3
NOG258652,12,0.7256,5.193,1.03e-7,3.53e-4,Mucoromycota,YBR151W,4932,APD1
KOG4143,12,0.6879,5.186,1.08e-7,3.67e-4,Mucoromycota,YMR202W,4932,ERG2
KOG3873,12,0.7326,5.182,1.1e-7,3.75e-4,Mucoromycota,YER019W,4932,ISC1
COG3579,12,0.6307,5.103,1.67e-7,5.71e-4,Mucoromycota,YNL239W,4932,LAP3
KOG3435,12,0.6192,4.91,4.56e-7,0.00156,Mucoromycota,YBR268W,4932,MRPL37
KOG3451,12,0.5796,4.859,5.91e-7,0.00202,Mucoromycota,YDR079C-A,4932,TFB5
NOG17320,13,0.9317,6.531,3.27e-11,1.12e-7,Chytridiomycota,YBR122C,4932,MRPL36
NOG240827,13,0.9588,6.526,3.37e-11,1.15e-7,Chytridiomycota,YGR097W,4932,ASK10
NOG240827,13,0.9588,6.526,3.37e-11,1.15e-7,Chytridiomycota,YIL105C,4932,SLM1
NOG240827,13,0.9588,6.526,3.37e-11,1.15e-7,Chytridiomycota,YNL047C,4932,SLM2
NOG240827,13,0.9588,6.526,3.37e-11,1.15e-7,Chytridiomycota,YPR115W,4932,RGC1
NOG07165,13,0.988,6.499,4.04e-11,1.38e-7,Chytridiomycota,YLL006W,4932,MMM1
NOG271109,13,0.9852,6.482,4.51e-11,1.54e-7,Chytridiomycota,YGL166W,4932,CUP2
NOG271109,13,0.9852,6.482,4.51e-11,1.54e-7,Chytridiomycota,YPR008W,4932,HAA1
NOG00146,13,0.9635,6.459,5.26e-11,1.79e-7,Chytridiomycota,YJL054W,4932,TIM54
NOG00684,13,0.9628,6.456,5.36e-11,1.83e-7,Chytridiomycota,YGR086C,4932,PIL1
NOG00684,13,0.9628,6.456,5.36e-11,1.83e-7,Chytridiomycota,YPL004C,4932,LSP1
NOG00669,13,0.9545,6.399,7.8e-11,2.66e-7,Chytridiomycota,YDR393W,4932,SHE9
NOG01787,13,0.9735,6.369,9.53e-11,3.25e-7,Chytridiomycota,YFL047W,4932,RGD2
NOG249796,13,0.9523,6.365,9.78e-11,3.34e-7,Chytridiomycota,YOR216C,4932,RUD3
COG1183,13,0.9583,6.344,1.12e-10,3.82e-7,Chytridiomycota,YER026C,4932,CHO1
NOG18256,13,0.9168,6.343,1.13e-10,3.85e-7,Chytridiomycota,YIL157C,4932,COA1
NOG01862,13,0.9694,6.341,1.14e-10,3.91e-7,Chytridiomycota,YDR222W,4932,YDR222W
NOG01862,13,0.9694,6.341,1.14e-10,3.91e-7,Chytridiomycota,YDR346C,4932,SVF1
NOG01862,13,0.9694,6.341,1.14e-10,3.91e-7,Chytridiomycota,YLR225C,4932,YLR225C
NOG11384,13,0.9244,6.332,1.21e-10,4.13e-7,Chytridiomycota,YNL206C,4932,RTT106
NOG258789,13,0.9864,6.309,1.4e-10,4.8e-7,Chytridiomycota,YMR100W,4932,MUB1
NOG32642,13,0.9407,6.281,1.69e-10,5.75e-7,Chytridiomycota,YLR283W,4932,YLR283W
COG1893,13,0.9548,6.277,1.73e-10,5.9e-7,Chytridiomycota,YDL144C,4932,YDL144C
COG1893,13,0.9548,6.277,1.73e-10,5.9e-7,Chytridiomycota,YDR197W,4932,CBS2
COG1893,13,0.9548,6.277,1.73e-10,5.9e-7,Chytridiomycota,YDR251W,4932,PAM1
COG1893,13,0.9548,6.277,1.73e-10,5.9e-7,Chytridiomycota,YHR063C,4932,PAN5
COG1893,13,0.9548,6.277,1.73e-10,5.9e-7,Chytridiomycota,YPL032C,4932,SVL3
NOG24433,13,0.9602,6.267,1.84e-10,6.27e-7,Chytridiomycota,YKL054C,4932,DEF1
COG0599,13,0.9016,6.258,1.95e-10,6.66e-7,Chytridiomycota,YJR111C,4932,PXP2
NOG08788,13,0.9735,6.254,2e-10,6.84e-7,Chytridiomycota,YPR049C,4932,ATG11
NOG02833,13,0.98,6.242,2.16e-10,7.37e-7,Chytridiomycota,YNL279W,4932,PRM1
NOG05361,13,0.9494,6.231,2.32e-10,7.91e-7,Chytridiomycota,YAL009W,4932,SPO7
COG2270,13,0.8762,6.208,2.68e-10,9.15e-7,Chytridiomycota,YCL038C,4932,ATG22
COG5020,13,0.8921,6.17,3.42e-10,1.17e-6,Chytridiomycota,YBR199W,4932,KTR4
COG5020,13,0.8921,6.17,3.42e-10,1.17e-6,Chytridiomycota,YBR205W,4932,KTR3
COG5020,13,0.8921,6.17,3.42e-10,1.17e-6,Chytridiomycota,YDR483W,4932,KRE2
COG5020,13,0.8921,6.17,3.42e-10,1.17e-6,Chytridiomycota,YIL085C,4932,KTR7
COG5020,13,0.8921,6.17,3.42e-10,1.17e-6,Chytridiomycota,YJL139C,4932,YUR1
COG5020,13,0.8921,6.17,3.42e-10,1.17e-6,Chytridiomycota,YKR061W,4932,KTR2
COG5020,13,0.8921,6.17,3.42e-10,1.17e-6,Chytridiomycota,YNL029C,4932,KTR5
COG5020,13,0.8921,6.17,3.42e-10,1.17e-6,Chytridiomycota,YOR099W,4932,KTR1
COG5020,13,0.8921,6.17,3.42e-10,1.17e-6,Chytridiomycota,YPL053C,4932,KTR6
COG2236,13,0.906,6.153,3.8e-10,1.3e-6,Chytridiomycota,YDR399W,4932,HPT1
COG2236,13,0.906,6.153,3.8e-10,1.3e-6,Chytridiomycota,YJR133W,4932,XPT1
NOG32571,13,0.9373,6.151,3.86e-10,1.32e-6,Chytridiomycota,YKL138C,4932,MRPL31
NOG00819,13,0.9766,6.143,4.05e-10,1.38e-6,Chytridiomycota,YMR129W,4932,POM152
NOG11152,13,0.8786,6.114,4.86e-10,1.66e-6,Chytridiomycota,YGL164C,4932,YRB30
NOG11210,13,0.9642,6.066,6.55e-10,2.24e-6,Chytridiomycota,YBR141C,4932,BMT2
NOG26271,13,0.889,5.972,1.17e-9,4.01e-6,Chytridiomycota,YKL089W,4932,MIF2
KOG4781,13,0.7561,5.954,1.31e-9,4.47e-6,Chytridiomycota,YBL095W,4932,MRX3
KOG4781,13,0.7561,5.954,1.31e-9,4.47e-6,Chytridiomycota,YER182W,4932,FMP10
NOG19265,13,0.8106,5.95,1.34e-9,4.56e-6,Chytridiomycota,YPL041C,4932,MRX11
KOG4704,13,0.8285,5.934,1.48e-9,5.04e-6,Chytridiomycota,YKL047W,4932,ANR2
COG3777,13,0.9733,5.928,1.53e-9,5.24e-6,Chytridiomycota,YHR067W,4932,HTD2
KOG4711,13,0.8079,5.924,1.57e-9,5.37e-6,Chytridiomycota,YDL231C,4932,BRE4
KOG4711,13,0.8079,5.924,1.57e-9,5.37e-6,Chytridiomycota,YGL140C,4932,YGL140C
NOG15479,13,0.9051,5.878,2.08e-9,7.1e-6,Chytridiomycota,YOR252W,4932,TMA16
NOG257599,13,0.8144,5.853,2.42e-9,8.26e-6,Chytridiomycota,YER114C,4932,BOI2
NOG06328,13,0.8482,5.782,3.68e-9,1.26e-5,Chytridiomycota,YHR155W,4932,LAM1
NOG06328,13,0.8482,5.782,3.68e-9,1.26e-5,Chytridiomycota,YNL257C,4932,SIP3
NOG11081,13,0.8818,5.764,4.11e-9,1.4e-5,Chytridiomycota,YAL034C,4932,FUN19
NOG11081,13,0.8818,5.764,4.11e-9,1.4e-5,Chytridiomycota,YOR338W,4932,YOR338W
COG3961,13,0.7843,5.723,5.22e-9,1.78e-5,Chytridiomycota,YDL080C,4932,THI3
COG3961,13,0.7843,5.723,5.22e-9,1.78e-5,Chytridiomycota,YDR380W,4932,ARO10
COG3961,13,0.7843,5.723,5.22e-9,1.78e-5,Chytridiomycota,YGR087C,4932,PDC6
COG3961,13,0.7843,5.723,5.22e-9,1.78e-5,Chytridiomycota,YLR044C,4932,PDC1
COG3961,13,0.7843,5.723,5.22e-9,1.78e-5,Chytridiomycota,YLR134W,4932,PDC5
COG3194,13,0.7884,5.705,5.82e-9,1.99e-5,Chytridiomycota,YIR032C,4932,DAL3
NOG01822,13,0.801,5.704,5.86e-9,2e-5,Chytridiomycota,YJR140C,4932,HIR3
NOG07540,13,0.7909,5.697,6.1e-9,2.08e-5,Chytridiomycota,YOR118W,4932,RTC5
KOG4539,13,0.8632,5.674,6.97e-9,2.38e-5,Chytridiomycota,YDL183C,4932,YDL183C
NOG04328,13,0.6662,5.657,7.68e-9,2.62e-5,Chytridiomycota,YNL091W,4932,NST1
KOG4573,13,0.7719,5.634,8.79e-9,3e-5,Chytridiomycota,YPR185W,4932,ATG13
NOG08704,13,0.7206,5.615,9.8e-9,3.35e-5,Chytridiomycota,YOL051W,4932,GAL11
COG0239,13,0.7247,5.595,1.1e-8,3.77e-5,Chytridiomycota,YOR390W,4932,FEX1
COG0239,13,0.7247,5.595,1.1e-8,3.77e-5,Chytridiomycota,YPL279C,4932,FEX2
COG0391,13,0.6665,5.546,1.46e-8,4.98e-5,Chytridiomycota,YNL011C,4932,YNL011C
COG2730,13,0.6946,5.533,1.57e-8,5.37e-5,Chytridiomycota,YBR056W,4932,YBR056W
COG2730,13,0.6946,5.533,1.57e-8,5.37e-5,Chytridiomycota,YDR261C,4932,EXG2
COG2730,13,0.6946,5.533,1.57e-8,5.37e-5,Chytridiomycota,YLR300W,4932,EXG1
COG2730,13,0.6946,5.533,1.57e-8,5.37e-5,Chytridiomycota,YOR190W,4932,SPR1
COG1584,13,0.7433,5.508,1.81e-8,6.18e-5,Chytridiomycota,YCR010C,4932,ADY2
COG1584,13,0.7433,5.508,1.81e-8,6.18e-5,Chytridiomycota,YDR384C,4932,ATO3
COG1584,13,0.7433,5.508,1.81e-8,6.18e-5,Chytridiomycota,YNR002C,4932,ATO2
KOG4366,13,0.6941,5.447,2.56e-8,8.74e-5,Chytridiomycota,YBR096W,4932,YBR096W
KOG4525,13,0.7217,5.335,4.79e-8,1.63e-4,Chytridiomycota,YIL108W,4932,YIL108W
KOG4690,13,0.6957,5.263,7.07e-8,2.41e-4,Chytridiomycota,YPL107W,4932,YPL107W
NOG24195,13,0.6951,5.211,9.4e-8,3.21e-4,Chytridiomycota,YMR265C,4932,YMR265C
COG0007,13,0.6618,5.185,1.08e-7,3.7e-4,Chytridiomycota,YKR069W,4932,MET1
COG3616,13,0.5337,5.178,1.12e-7,3.83e-4,Chytridiomycota,YGL196W,4932,DSD1
COG0819,13,0.6118,5.147,1.32e-7,4.51e-4,Chytridiomycota,YCR020C,4932,PET18
COG0065,13,0.6825,5.055,2.15e-7,7.34e-4,Chytridiomycota,YGL009C,4932,LEU1
COG0715,13,0.5649,4.902,4.74e-7,0.00162,Chytridiomycota,YDL244W,4932,THI13
COG0715,13,0.5649,4.902,4.74e-7,0.00162,Chytridiomycota,YFL058W,4932,THI5
COG0715,13,0.5649,4.902,4.74e-7,0.00162,Chytridiomycota,YJR156C,4932,THI11
COG0715,13,0.5649,4.902,4.74e-7,0.00162,Chytridiomycota,YNL332W,4932,THI12
COG5324,14,0.9957,6.591,2.18e-11,7.46e-8,Blastocladiomycota,YJL087C,4932,TRL1
NOG09120,14,0.9047,6.576,2.42e-11,8.27e-8,Blastocladiomycota,YER118C,4932,SHO1
COG5153,14,0.9896,6.514,3.65e-11,1.25e-7,Blastocladiomycota,YCR068W,4932,ATG15
COG5037,14,0.9783,6.459,5.28e-11,1.8e-7,Blastocladiomycota,YEL007W,4932,MIT1
COG5037,14,0.9783,6.459,5.28e-11,1.8e-7,Blastocladiomycota,YHR177W,4932,YHR177W
NOG232697,14,0.9418,6.458,5.3e-11,1.81e-7,Blastocladiomycota,YDR423C,4932,CAD1
NOG232697,14,0.9418,6.458,5.3e-11,1.81e-7,Blastocladiomycota,YML007W,4932,YAP1
NOG02740,14,0.8964,6.42,6.8e-11,2.32e-7,Blastocladiomycota,YOR198C,4932,BFR1
COG4359,14,0.9868,6.411,7.21e-11,2.46e-7,Blastocladiomycota,YNL010W,4932,YNL010W
NOG257818,14,0.932,6.4,7.75e-11,2.64e-7,Blastocladiomycota,YIL041W,4932,GVP36
NOG258437,14,0.9806,6.391,8.25e-11,2.82e-7,Blastocladiomycota,YLL021W,4932,SPA2
NOG03299,14,0.896,6.391,8.26e-11,2.82e-7,Blastocladiomycota,YMR302C,4932,YME2
COG0672,14,0.8671,6.374,9.21e-11,3.14e-7,Blastocladiomycota,YBR207W,4932,FTH1
COG0672,14,0.8671,6.374,9.21e-11,3.14e-7,Blastocladiomycota,YER145C,4932,FTR1
COG5538,14,0.9619,6.351,1.07e-10,3.65e-7,Blastocladiomycota,YBR171W,4932,SEC66
COG4850,14,0.9463,6.349,1.08e-10,3.7e-7,Blastocladiomycota,YNL094W,4932,APP1
NOG03598,14,0.9708,6.344,1.12e-10,3.81e-7,Blastocladiomycota,YLR055C,4932,SPT8
NOG10473,14,0.9555,6.328,1.24e-10,4.23e-7,Blastocladiomycota,YAR014C,4932,BUD14
NOG03624,14,0.9558,6.315,1.35e-10,4.61e-7,Blastocladiomycota,YLR319C,4932,BUD6
NOG38102,14,0.9273,6.312,1.38e-10,4.7e-7,Blastocladiomycota,YGR105W,4932,VMA21
NOG06649,14,0.8793,6.311,1.39e-10,4.73e-7,Blastocladiomycota,YHL024W,4932,RIM4
COG1387,14,0.9532,6.304,1.45e-10,4.95e-7,Blastocladiomycota,YFR025C,4932,HIS2
NOG12982,14,0.9945,6.301,1.47e-10,5.03e-7,Blastocladiomycota,YDR470C,4932,UGO1
NOG257439,14,0.9179,6.293,1.56e-10,5.32e-7,Blastocladiomycota,YML020W,4932,YML020W
NOG17551,14,0.9594,6.241,2.18e-10,7.44e-7,Blastocladiomycota,YPL228W,4932,CET1
NOG27619,14,0.8409,6.217,2.54e-10,8.66e-7,Blastocladiomycota,YPR170W-B,4932,YPR170W-B
NOG00429,14,0.9353,6.211,2.63e-10,8.99e-7,Blastocladiomycota,YPL260W,4932,CUB1
NOG258155,14,0.927,6.201,2.81e-10,9.59e-7,Blastocladiomycota,YOR296W,4932,YOR296W
NOG233628,14,0.9358,6.186,3.09e-10,1.06e-6,Blastocladiomycota,YDR359C,4932,EAF1
NOG01361,14,0.9133,6.138,4.17e-10,1.42e-6,Blastocladiomycota,YHR194W,4932,MDM31
NOG01361,14,0.9133,6.138,4.17e-10,1.42e-6,Blastocladiomycota,YOR147W,4932,MDM32
NOG06888,14,0.9439,6.129,4.43e-10,1.51e-6,Blastocladiomycota,YAL010C,4932,MDM10
NOG07730,14,0.8922,6.12,4.67e-10,1.59e-6,Blastocladiomycota,YBR007C,4932,DSF2
NOG04863,14,0.9755,6.107,5.06e-10,1.73e-6,Blastocladiomycota,YBL034C,4932,STU1
NOG13615,14,0.8381,6.084,5.86e-10,2e-6,Blastocladiomycota,YMR155W,4932,YMR155W
NOG14982,14,0.8048,6.079,6.04e-10,2.06e-6,Blastocladiomycota,YCL047C,4932,POF1
NOG21196,14,0.9883,6.071,6.35e-10,2.17e-6,Blastocladiomycota,YKR065C,4932,PAM17
NOG04785,14,0.9218,6.069,6.42e-10,2.19e-6,Blastocladiomycota,YGL219C,4932,MDM34
NOG04005,14,0.871,6.055,7.01e-10,2.39e-6,Blastocladiomycota,YDR028C,4932,REG1
NOG01239,14,0.8912,6.046,7.44e-10,2.54e-6,Blastocladiomycota,YPL133C,4932,RDS2
NOG257692,14,0.8254,6.031,8.17e-10,2.79e-6,Blastocladiomycota,YIR007W,4932,EGH1
NOG08693,14,0.8134,6.022,8.64e-10,2.95e-6,Blastocladiomycota,YOL048C,4932,RRT8
NOG24703,14,0.8812,6.017,8.88e-10,3.03e-6,Blastocladiomycota,YMR071C,4932,TVP18
NOG04827,14,0.8988,6.013,9.12e-10,3.11e-6,Blastocladiomycota,YNR018W,4932,RCF2
NOG15095,14,0.8381,5.993,1.03e-9,3.51e-6,Blastocladiomycota,YHR124W,4932,NDT80
NOG02049,14,0.8249,5.984,1.09e-9,3.72e-6,Blastocladiomycota,YLR063W,4932,BMT6
NOG258143,14,0.7554,5.981,1.11e-9,3.78e-6,Blastocladiomycota,YOR129C,4932,AFI1
NOG18251,14,0.8954,5.97,1.19e-9,4.05e-6,Blastocladiomycota,YIL093C,4932,RSM25
COG2021,14,0.8568,5.966,1.22e-9,4.16e-6,Blastocladiomycota,YNL277W,4932,MET2
NOG08027,14,0.8854,5.94,1.42e-9,4.86e-6,Blastocladiomycota,YJR054W,4932,KCH1
NOG08027,14,0.8854,5.94,1.42e-9,4.86e-6,Blastocladiomycota,YML047C,4932,PRM6
KOG4747,14,0.851,5.94,1.43e-9,4.87e-6,Blastocladiomycota,YDL235C,4932,YPD1
COG5264,14,0.756,5.912,1.69e-9,5.77e-6,Blastocladiomycota,YER072W,4932,VTC1
COG5264,14,0.756,5.912,1.69e-9,5.77e-6,Blastocladiomycota,YFL004W,4932,VTC2
COG5264,14,0.756,5.912,1.69e-9,5.77e-6,Blastocladiomycota,YPL019C,4932,VTC3
NOG03088,14,0.8955,5.907,1.74e-9,5.96e-6,Blastocladiomycota,YHR142W,4932,CHS7
KOG4484,14,0.8202,5.904,1.77e-9,6.04e-6,Blastocladiomycota,YGR271C-A,4932,EFG1
KOG4614,14,0.835,5.9,1.82e-9,6.2e-6,Blastocladiomycota,YLR393W,4932,ATP10
KOG4532,14,0.8523,5.894,1.89e-9,6.45e-6,Blastocladiomycota,YLR149C,4932,YLR149C
NOG00346,14,0.844,5.89,1.93e-9,6.6e-6,Blastocladiomycota,YMR307W,4932,GAS1
COG0722,14,0.8938,5.881,2.04e-9,6.97e-6,Blastocladiomycota,YBR249C,4932,ARO4
COG0722,14,0.8938,5.881,2.04e-9,6.97e-6,Blastocladiomycota,YDR035W,4932,ARO3
NOG04083,14,0.855,5.868,2.2e-9,7.51e-6,Blastocladiomycota,YMR237W,4932,BCH1
NOG04083,14,0.855,5.868,2.2e-9,7.51e-6,Blastocladiomycota,YOR299W,4932,BUD7
COG0726,14,0.7739,5.868,2.2e-9,7.53e-6,Blastocladiomycota,YLR307W,4932,CDA1
COG0726,14,0.7739,5.868,2.2e-9,7.53e-6,Blastocladiomycota,YLR308W,4932,CDA2
NOG31138,14,0.8496,5.866,2.23e-9,7.6e-6,Blastocladiomycota,YDR377W,4932,ATP17
NOG08908,14,0.7945,5.862,2.29e-9,7.81e-6,Blastocladiomycota,YKL043W,4932,PHD1
NOG08908,14,0.7945,5.862,2.29e-9,7.81e-6,Blastocladiomycota,YMR016C,4932,SOK2
NOG00009,14,0.7897,5.858,2.35e-9,8.01e-6,Blastocladiomycota,YGR266W,4932,YGR266W
NOG263760,14,0.781,5.855,2.38e-9,8.13e-6,Blastocladiomycota,YML109W,4932,ZDS2
NOG14761,14,0.7839,5.844,2.54e-9,8.69e-6,Blastocladiomycota,YJR144W,4932,MGM101
COG0135,14,0.8273,5.843,2.57e-9,8.76e-6,Blastocladiomycota,YDR007W,4932,TRP1
COG2428,14,0.8538,5.832,2.74e-9,9.35e-6,Blastocladiomycota,YOR021C,4932,SFM1
COG1774,14,0.8409,5.826,2.84e-9,9.69e-6,Blastocladiomycota,YDR505C,4932,PSP1
COG1774,14,0.8409,5.826,2.84e-9,9.69e-6,Blastocladiomycota,YLR177W,4932,YLR177W
NOG271095,14,0.8344,5.82,2.94e-9,1.01e-5,Blastocladiomycota,YCR015C,4932,CTO1
NOG39471,14,0.8243,5.792,3.47e-9,1.19e-5,Blastocladiomycota,YHR059W,4932,FYV4
NOG12067,14,0.8779,5.783,3.67e-9,1.25e-5,Blastocladiomycota,YHL020C,4932,OPI1
NOG29286,14,0.7926,5.777,3.8e-9,1.3e-5,Blastocladiomycota,YJR086W,4932,STE18
COG1635,14,0.7743,5.771,3.94e-9,1.34e-5,Blastocladiomycota,YGR144W,4932,THI4
COG1956,14,0.7032,5.769,3.99e-9,1.36e-5,Blastocladiomycota,YKL069W,4932,YKL069W
NOG00260,14,0.888,5.729,5.04e-9,1.72e-5,Blastocladiomycota,YDR072C,4932,IPT1
NOG00260,14,0.888,5.729,5.04e-9,1.72e-5,Blastocladiomycota,YKL004W,4932,AUR1
COG4360,14,0.7055,5.717,5.42e-9,1.85e-5,Blastocladiomycota,YCL050C,4932,APA1
COG4360,14,0.7055,5.717,5.42e-9,1.85e-5,Blastocladiomycota,YDR530C,4932,APA2
NOG04982,14,0.7624,5.689,6.4e-9,2.19e-5,Blastocladiomycota,YKL072W,4932,STB6
NOG04982,14,0.7624,5.689,6.4e-9,2.19e-5,Blastocladiomycota,YMR053C,4932,STB2
NOG250870,14,0.8266,5.688,6.45e-9,2.2e-5,Blastocladiomycota,YLR187W,4932,SKG3
NOG250870,14,0.8266,5.688,6.45e-9,2.2e-5,Blastocladiomycota,YNL278W,4932,CAF120
NOG10516,14,0.8731,5.686,6.48e-9,2.21e-5,Blastocladiomycota,YBR239C,4932,ERT1
NOG31005,14,0.7658,5.645,8.26e-9,2.82e-5,Blastocladiomycota,YGR235C,4932,MIC26
KOG4771,14,0.8009,5.633,8.83e-9,3.02e-5,Blastocladiomycota,YER002W,4932,NOP16
NOG34791,14,0.7861,5.614,9.89e-9,3.38e-5,Blastocladiomycota,YJL003W,4932,COX16
KOG2262,14,0.7259,5.613,9.97e-9,3.4e-5,Blastocladiomycota,YJL212C,4932,OPT1
KOG2262,14,0.7259,5.613,9.97e-9,3.4e-5,Blastocladiomycota,YPR194C,4932,OPT2
COG3387,14,0.7418,5.593,1.11e-8,3.8e-5,Blastocladiomycota,YIL099W,4932,SGA1
COG0131,14,0.7094,5.54,1.51e-8,5.16e-5,Blastocladiomycota,YOR202W,4932,HIS3
COG5085,14,0.7692,5.536,1.55e-8,5.28e-5,Blastocladiomycota,YGL247W,4932,BRR6
COG5085,14,0.7692,5.536,1.55e-8,5.28e-5,Blastocladiomycota,YHR036W,4932,BRL1
NOG257967,14,0.7698,5.511,1.79e-8,6.11e-5,Blastocladiomycota,YBL007C,4932,SLA1
NOG03677,14,0.7298,5.507,1.82e-8,6.22e-5,Blastocladiomycota,YDR161W,4932,ACL4
KOG4224,14,0.7192,5.473,2.21e-8,7.55e-5,Blastocladiomycota,YEL013W,4932,VAC8
NOG257690,14,0.7391,5.472,2.23e-8,7.62e-5,Blastocladiomycota,YOR017W,4932,PET127
COG0684,14,0.716,5.443,2.63e-8,8.97e-5,Blastocladiomycota,YER010C,4932,YER010C
NOG13474,14,0.7844,5.439,2.67e-8,9.13e-5,Blastocladiomycota,YGL110C,4932,CUE3
NOG02581,14,0.7286,5.435,2.74e-8,9.36e-5,Blastocladiomycota,YGR157W,4932,CHO2
COG0287,14,0.7024,5.404,3.27e-8,1.11e-4,Blastocladiomycota,YBR166C,4932,TYR1
KOG4701,14,0.7063,5.402,3.3e-8,1.13e-4,Blastocladiomycota,YLR286C,4932,CTS1
COG0512,14,0.7245,5.355,4.27e-8,1.46e-4,Blastocladiomycota,YKL211C,4932,TRP3
COG0351,14,0.6759,5.339,4.67e-8,1.6e-4,Blastocladiomycota,YOL055C,4932,THI20
COG0351,14,0.6759,5.339,4.67e-8,1.6e-4,Blastocladiomycota,YPL258C,4932,THI21
COG0351,14,0.6759,5.339,4.67e-8,1.6e-4,Blastocladiomycota,YPR121W,4932,THI22
COG0440,14,0.6756,5.332,4.87e-8,1.66e-4,Blastocladiomycota,YCL009C,4932,ILV6
COG2145,14,0.6881,5.328,4.97e-8,1.7e-4,Blastocladiomycota,YPL214C,4932,THI6
NOG259146,14,0.6457,5.299,5.83e-8,1.99e-4,Blastocladiomycota,YJR078W,4932,BNA2
COG5065,14,0.689,5.295,5.96e-8,2.03e-4,Blastocladiomycota,YBR106W,4932,PHO88
COG0106,14,0.6823,5.287,6.23e-8,2.13e-4,Blastocladiomycota,YIL020C,4932,HIS6
KOG4842,14,0.7269,5.276,6.61e-8,2.26e-4,Blastocladiomycota,YHR134W,4932,WSS1
COG0648,14,0.6434,5.267,6.95e-8,2.37e-4,Blastocladiomycota,YKL114C,4932,APN1
KOG0916,14,0.6913,5.266,6.95e-8,2.37e-4,Blastocladiomycota,YGR032W,4932,GSC2
KOG0916,14,0.6913,5.266,6.95e-8,2.37e-4,Blastocladiomycota,YLR342W,4932,FKS1
KOG0916,14,0.6913,5.266,6.95e-8,2.37e-4,Blastocladiomycota,YMR306W,4932,FKS3
COG4586,14,0.7264,5.261,7.15e-8,2.44e-4,Blastocladiomycota,YFL028C,4932,CAF16
COG1297,14,0.6954,5.254,7.43e-8,2.54e-4,Blastocladiomycota,YGL114W,4932,YGL114W
KOG1546,14,0.7297,5.218,9.02e-8,3.08e-4,Blastocladiomycota,YOR197W,4932,MCA1
COG3774,14,0.7073,5.217,9.1e-8,3.11e-4,Blastocladiomycota,YBR161W,4932,CSH1
COG3774,14,0.7073,5.217,9.1e-8,3.11e-4,Blastocladiomycota,YGL038C,4932,OCH1
COG3774,14,0.7073,5.217,9.1e-8,3.11e-4,Blastocladiomycota,YJR075W,4932,HOC1
COG3774,14,0.7073,5.217,9.1e-8,3.11e-4,Blastocladiomycota,YPL057C,4932,SUR1
NOG17189,14,0.6783,5.183,1.09e-7,3.73e-4,Blastocladiomycota,YBR270C,4932,BIT2
NOG17189,14,0.6783,5.183,1.09e-7,3.73e-4,Blastocladiomycota,YJL058C,4932,BIT61
COG0054,14,0.6939,5.18,1.11e-7,3.8e-4,Blastocladiomycota,YOL143C,4932,RIB4
COG4240,14,0.7169,5.168,1.18e-7,4.03e-4,Blastocladiomycota,YGR205W,4932,TDA10
COG2966,14,0.6453,5.148,1.32e-7,4.49e-4,Blastocladiomycota,YJL107C,4932,YJL107C
COG2966,14,0.6453,5.148,1.32e-7,4.49e-4,Blastocladiomycota,YJL108C,4932,PRM10
COG5366,14,0.671,5.105,1.65e-7,5.65e-4,Blastocladiomycota,YNL085W,4932,MKT1
COG0136,14,0.6783,5.064,2.05e-7,7e-4,Blastocladiomycota,YDR158W,4932,HOM2
COG0133,14,0.6711,5.056,2.14e-7,7.31e-4,Blastocladiomycota,YGL026C,4932,TRP5
COG0083,14,0.7195,5.056,2.15e-7,7.32e-4,Blastocladiomycota,YHR025W,4932,THR1
COG0307,14,0.7037,5.045,2.27e-7,7.74e-4,Blastocladiomycota,YBR256C,4932,RIB5
COG0077,14,0.6884,5.035,2.39e-7,8.16e-4,Blastocladiomycota,YNL316C,4932,PHA2
COG0040,14,0.6698,5.026,2.51e-7,8.56e-4,Blastocladiomycota,YER055C,4932,HIS1
NOG255246,14,0.5984,5.022,2.56e-7,8.75e-4,Blastocladiomycota,YML050W,4932,AIM32
COG0159,14,0.6938,5.021,2.58e-7,8.8e-4,Blastocladiomycota,YGL026C,4932,TRP5
KOG2536,14,0.7255,4.965,3.43e-7,0.00117,Blastocladiomycota,YIL070C,4932,MAM33
COG0807,14,0.702,4.962,3.49e-7,0.00119,Blastocladiomycota,YBL033C,4932,RIB1
COG0807,14,0.702,4.962,3.49e-7,0.00119,Blastocladiomycota,YDR487C,4932,RIB3
COG0547,14,0.6905,4.96,3.53e-7,0.00121,Blastocladiomycota,YDR354W,4932,TRP4
COG0598,14,0.6825,4.953,3.66e-7,0.00125,Blastocladiomycota,YFL050C,4932,ALR2
COG0598,14,0.6825,4.953,3.66e-7,0.00125,Blastocladiomycota,YKL064W,4932,MNR2
COG0598,14,0.6825,4.953,3.66e-7,0.00125,Blastocladiomycota,YOL130W,4932,ALR1
COG0798,14,0.6086,4.948,3.75e-7,0.00128,Blastocladiomycota,YPR201W,4932,ARR3
NOG17203,14,0.6454,4.94,3.9e-7,0.00133,Blastocladiomycota,YER001W,4932,MNN1
NOG17203,14,0.6454,4.94,3.9e-7,0.00133,Blastocladiomycota,YGL257C,4932,MNT2
NOG17203,14,0.6454,4.94,3.9e-7,0.00133,Blastocladiomycota,YIL014W,4932,MNT3
NOG17203,14,0.6454,4.94,3.9e-7,0.00133,Blastocladiomycota,YNR059W,4932,MNT4
COG0139,14,0.6724,4.932,4.08e-7,0.00139,Blastocladiomycota,YCL030C,4932,HIS4
COG0129,14,0.656,4.891,5.02e-7,0.00171,Blastocladiomycota,YJR016C,4932,ILV3
COG1605,14,0.663,4.889,5.08e-7,0.00173,Blastocladiomycota,YPR060C,4932,ARO7
COG0079,14,0.6469,4.886,5.14e-7,0.00175,Blastocladiomycota,YIL116W,4932,HIS5
COG0147,14,0.6856,4.861,5.83e-7,0.00199,Blastocladiomycota,YER090W,4932,TRP2
COG0147,14,0.6856,4.861,5.83e-7,0.00199,Blastocladiomycota,YNR033W,4932,ABZ1
COG0107,14,0.63,4.857,5.97e-7,0.00204,Blastocladiomycota,YBR248C,4932,HIS7
COG0082,14,0.6793,4.807,7.65e-7,0.00261,Blastocladiomycota,YGL148W,4932,ARO2
COG0418,14,0.6813,4.732,1.11e-6,0.00379,Blastocladiomycota,YLR420W,4932,URA4
COG0059,14,0.6476,4.718,1.19e-6,0.00407,Blastocladiomycota,YLR355C,4932,ILV5
COG0502,14,0.4941,4.71,1.24e-6,0.00422,Blastocladiomycota,YGR286C,4932,BIO2
COG0134,14,0.6676,4.676,1.47e-6,0.005,Blastocladiomycota,YKL211C,4932,TRP3
KOG4843,14,0.4988,4.507,3.29e-6,0.0112,Blastocladiomycota,YDL076C,4932,RXT3
KOG4140,15,0.979,6.665,1.32e-11,4.5e-8,Metazoa,YGL066W,4932,SGF73
KOG1318,15,0.9821,6.569,2.54e-11,8.67e-8,Metazoa,YBL103C,4932,RTG3
KOG1318,15,0.9821,6.569,2.54e-11,8.67e-8,Metazoa,YJR060W,4932,CBF1
KOG4056,15,0.9989,6.547,2.93e-11,1e-7,Metazoa,YGR082W,4932,TOM20
COG5019,15,0.9389,6.545,2.98e-11,1.02e-7,Metazoa,YCR002C,4932,CDC10
COG5019,15,0.9389,6.545,2.98e-11,1.02e-7,Metazoa,YDL225W,4932,SHS1
COG5019,15,0.9389,6.545,2.98e-11,1.02e-7,Metazoa,YDR218C,4932,SPR28
COG5019,15,0.9389,6.545,2.98e-11,1.02e-7,Metazoa,YGR059W,4932,SPR3
COG5019,15,0.9389,6.545,2.98e-11,1.02e-7,Metazoa,YHR107C,4932,CDC12
COG5019,15,0.9389,6.545,2.98e-11,1.02e-7,Metazoa,YJR076C,4932,CDC11
COG5019,15,0.9389,6.545,2.98e-11,1.02e-7,Metazoa,YLR314C,4932,CDC3
KOG1478,15,0.9837,6.524,3.43e-11,1.17e-7,Metazoa,YLR100W,4932,ERG27
KOG1003,15,0.9792,6.473,4.81e-11,1.64e-7,Metazoa,YIL138C,4932,TPM2
KOG1003,15,0.9792,6.473,4.81e-11,1.64e-7,Metazoa,YNL079C,4932,TPM1
KOG3976,15,0.9887,6.458,5.3e-11,1.81e-7,Metazoa,YPL078C,4932,ATP4
KOG3712,15,0.9223,6.432,6.29e-11,2.15e-7,Metazoa,YLR176C,4932,RFX1
KOG0132,15,0.888,6.385,8.57e-11,2.92e-7,Metazoa,YNL251C,4932,NRD1
KOG1325,15,0.9265,6.371,9.38e-11,3.2e-7,Metazoa,YMR006C,4932,PLB2
KOG1325,15,0.9265,6.371,9.38e-11,3.2e-7,Metazoa,YMR008C,4932,PLB1
KOG1325,15,0.9265,6.371,9.38e-11,3.2e-7,Metazoa,YNL012W,4932,SPO1
KOG1325,15,0.9265,6.371,9.38e-11,3.2e-7,Metazoa,YOL011W,4932,PLB3
KOG4035,15,0.9943,6.365,9.78e-11,3.34e-7,Metazoa,YDL146W,4932,LDB17
KOG3630,15,0.8554,6.346,1.1e-10,3.77e-7,Metazoa,YIL115C,4932,NUP159
KOG4812,15,0.9942,6.344,1.12e-10,3.81e-7,Metazoa,YBR290W,4932,BSD2
KOG3836,15,0.9544,6.317,1.34e-10,4.56e-7,Metazoa,YIR033W,4932,MGA2
KOG3836,15,0.9544,6.317,1.34e-10,4.56e-7,Metazoa,YKL020C,4932,SPT23
KOG4773,15,0.9721,6.303,1.46e-10,4.99e-7,Metazoa,YBR200W,4932,BEM1
KOG2710,15,0.9289,6.285,1.64e-10,5.59e-7,Metazoa,YDL240W,4932,LRG1
KOG2710,15,0.9289,6.285,1.64e-10,5.59e-7,Metazoa,YDR389W,4932,SAC7
KOG2710,15,0.9289,6.285,1.64e-10,5.59e-7,Metazoa,YOR134W,4932,BAG7
KOG2260,15,0.918,6.281,1.68e-10,5.74e-7,Metazoa,YDR168W,4932,CDC37
KOG4097,15,0.9873,6.28,1.7e-10,5.79e-7,Metazoa,YDR178W,4932,SDH4
KOG4097,15,0.9873,6.28,1.7e-10,5.79e-7,Metazoa,YLR164W,4932,SHH4
KOG4097,15,0.9873,6.28,1.7e-10,5.79e-7,Metazoa,YOR297C,4932,TIM18
KOG3907,15,0.8951,6.25,2.05e-10,7.01e-7,Metazoa,YOR079C,4932,ATX2
KOG4076,15,0.9939,6.249,2.07e-10,7.07e-7,Metazoa,YHR132W-A,4932,IGO2
KOG4076,15,0.9939,6.249,2.07e-10,7.07e-7,Metazoa,YNL157W,4932,IGO1
KOG4253,15,0.9479,6.242,2.17e-10,7.4e-7,Metazoa,YGL020C,4932,GET1
KOG4077,15,0.9934,6.24,2.19e-10,7.47e-7,Metazoa,YHR051W,4932,COX6
KOG3739,15,0.9942,6.23,2.33e-10,7.95e-7,Metazoa,YOL078W,4932,AVO1
KOG4778,15,0.9345,6.23,2.34e-10,7.98e-7,Metazoa,YDR462W,4932,MRPL28
KOG3337,15,0.99,6.22,2.48e-10,8.46e-7,Metazoa,YLR193C,4932,UPS1
KOG3791,15,0.966,6.216,2.54e-10,8.68e-7,Metazoa,YOR359W,4932,VTS1
KOG3481,15,0.8377,6.216,2.55e-10,8.69e-7,Metazoa,YKL053C-A,4932,MDM35
KOG4339,15,0.9291,6.203,2.77e-10,9.46e-7,Metazoa,YNL233W,4932,BNI4
KOG3983,15,0.9605,6.201,2.81e-10,9.6e-7,Metazoa,YDR372C,4932,VPS74
COG0333,15,0.9372,6.194,2.93e-10,1e-6,Metazoa,YCR003W,4932,MRPL32
KOG4019,15,0.8608,6.193,2.95e-10,1.01e-6,Metazoa,YKL159C,4932,RCN1
KOG4103,15,0.9115,6.187,3.08e-10,1.05e-6,Metazoa,YPR020W,4932,ATP20
KOG2629,15,0.8337,6.183,3.14e-10,1.07e-6,Metazoa,YGL153W,4932,PEX14
KOG3986,15,0.9081,6.175,3.3e-10,1.13e-6,Metazoa,YER054C,4932,GIP2
KOG3986,15,0.9081,6.175,3.3e-10,1.13e-6,Metazoa,YIL045W,4932,PIG2
KOG3986,15,0.9081,6.175,3.3e-10,1.13e-6,Metazoa,YLR273C,4932,PIG1
KOG3986,15,0.9081,6.175,3.3e-10,1.13e-6,Metazoa,YOR178C,4932,GAC1
KOG0547,15,0.9315,6.174,3.33e-10,1.14e-6,Metazoa,YHR117W,4932,TOM71
KOG0547,15,0.9315,6.174,3.33e-10,1.14e-6,Metazoa,YNL121C,4932,TOM70
KOG4096,15,0.8536,6.168,3.45e-10,1.18e-6,Metazoa,YPL098C,4932,MGR2
COG5189,15,0.9914,6.167,3.48e-10,1.19e-6,Metazoa,YLR403W,4932,SFP1
COG5145,15,0.9347,6.165,3.52e-10,1.2e-6,Metazoa,YMR201C,4932,RAD14
KOG4324,15,0.9772,6.16,3.64e-10,1.24e-6,Metazoa,YNL272C,4932,SEC2
KOG3750,15,0.9855,6.136,4.24e-10,1.45e-6,Metazoa,YDR319C,4932,YFT2
KOG3750,15,0.9855,6.136,4.24e-10,1.45e-6,Metazoa,YGL126W,4932,SCS3
KOG4784,15,0.8367,6.133,4.32e-10,1.48e-6,Metazoa,YJR141W,4932,IPA1
KOG3902,15,0.9649,6.127,4.47e-10,1.53e-6,Metazoa,YDR392W,4932,SPT3
KOG4829,15,0.8609,6.125,4.55e-10,1.55e-6,Metazoa,YCR016W,4932,YCR016W
KOG2199,15,0.9292,6.1,5.31e-10,1.81e-6,Metazoa,YHL002W,4932,HSE1
NOG21533,15,0.8245,6.096,5.45e-10,1.86e-6,Metazoa,YPL162C,4932,YPL162C
KOG4620,15,0.7742,6.091,5.6e-10,1.91e-6,Metazoa,YDR379C-A,4932,SDH6
KOG0527,15,0.9193,6.082,5.93e-10,2.02e-6,Metazoa,YPR065W,4932,ROX1
KOG4168,15,0.8575,6.06,6.82e-10,2.33e-6,Metazoa,YJL011C,4932,RPC17
KOG1101,15,0.84,6.051,7.19e-10,2.46e-6,Metazoa,YJR089W,4932,BIR1
NOG03389,15,0.859,6.05,7.24e-10,2.47e-6,Metazoa,YOL148C,4932,SPT20
KOG1842,15,0.9635,6.037,7.84e-10,2.68e-6,Metazoa,YDR323C,4932,PEP7
KOG3366,15,0.8613,6.03,8.21e-10,2.8e-6,Metazoa,YKL016C,4932,ATP7
KOG4051,15,0.8513,6.028,8.32e-10,2.84e-6,Metazoa,YNL136W,4932,EAF7
KOG4111,15,0.8497,6.018,8.84e-10,3.02e-6,Metazoa,YNL131W,4932,TOM22
KOG4774,15,0.839,6.01,9.27e-10,3.16e-6,Metazoa,YJR067C,4932,YAE1
KOG3065,15,0.8774,6,9.89e-10,3.37e-6,Metazoa,YGR009C,4932,SEC9
KOG3065,15,0.8774,6,9.89e-10,3.37e-6,Metazoa,YMR017W,4932,SPO20
KOG2588,15,0.8456,5.997,1.01e-9,3.44e-6,Metazoa,YOR032C,4932,HMS1
KOG2588,15,0.8456,5.997,1.01e-9,3.44e-6,Metazoa,YOR344C,4932,TYE7
KOG3933,15,0.8962,5.992,1.04e-9,3.54e-6,Metazoa,YDR175C,4932,RSM24
KOG1414,15,0.8866,5.981,1.11e-9,3.79e-6,Metazoa,YER045C,4932,ACA1
KOG1414,15,0.8866,5.981,1.11e-9,3.79e-6,Metazoa,YIL036W,4932,CST6
KOG1414,15,0.8866,5.981,1.11e-9,3.79e-6,Metazoa,YNL167C,4932,SKO1
KOG2823,15,0.8411,5.96,1.26e-9,4.3e-6,Metazoa,YPL146C,4932,NOP53
KOG4093,15,0.8486,5.953,1.32e-9,4.5e-6,Metazoa,YPL225W,4932,YPL225W
KOG1854,15,0.8573,5.946,1.37e-9,4.69e-6,Metazoa,YKR016W,4932,MIC60
COG1716,15,0.8618,5.929,1.52e-9,5.19e-6,Metazoa,YDR200C,4932,VPS64
COG1716,15,0.8618,5.929,1.52e-9,5.19e-6,Metazoa,YHR115C,4932,DMA1
COG1716,15,0.8618,5.929,1.52e-9,5.19e-6,Metazoa,YLR238W,4932,FAR10
COG1716,15,0.8618,5.929,1.52e-9,5.19e-6,Metazoa,YNL116W,4932,DMA2
KOG4116,15,0.8878,5.92,1.61e-9,5.5e-6,Metazoa,YJL166W,4932,QCR8
KOG4462,15,0.7962,5.91,1.71e-9,5.85e-6,Metazoa,YLR337C,4932,VRP1
KOG3717,15,0.8248,5.904,1.77e-9,6.05e-6,Metazoa,YML042W,4932,CAT2
KOG3494,15,0.8185,5.898,1.84e-9,6.3e-6,Metazoa,YGR183C,4932,QCR9
KOG4075,15,0.9974,5.89,1.93e-9,6.6e-6,Metazoa,YGL226W,4932,MTC3
KOG4075,15,0.9974,5.89,1.93e-9,6.6e-6,Metazoa,YIL111W,4932,COX5B
KOG4075,15,0.9974,5.89,1.93e-9,6.6e-6,Metazoa,YNL052W,4932,COX5A
COG5237,15,0.8897,5.884,2e-9,6.84e-6,Metazoa,YCR044C,4932,PER1
COG2335,15,0.864,5.858,2.35e-9,8.01e-6,Metazoa,YLR001C,4932,YLR001C
KOG3162,15,0.8695,5.829,2.78e-9,9.5e-6,Metazoa,YER050C,4932,RSM18
COG2259,15,0.896,5.826,2.84e-9,9.69e-6,Metazoa,YGR284C,4932,ERV29
KOG1709,15,0.7912,5.825,2.85e-9,9.74e-6,Metazoa,YDR465C,4932,RMT2
KOG0750,15,0.8568,5.786,3.61e-9,1.23e-5,Metazoa,YDL198C,4932,GGC1
KOG3089,15,0.8107,5.772,3.92e-9,1.34e-5,Metazoa,YLR003C,4932,CMS1
KOG0771,15,0.7605,5.764,4.1e-9,1.4e-5,Metazoa,YCR067C,4932,SED4
KOG0771,15,0.7605,5.764,4.1e-9,1.4e-5,Metazoa,YNR026C,4932,SEC12
KOG4612,15,0.7785,5.741,4.7e-9,1.6e-5,Metazoa,YDR115W,4932,MRX14
KOG3004,15,0.8359,5.728,5.09e-9,1.74e-5,Metazoa,YMR048W,4932,CSM3
KOG3156,15,0.8785,5.718,5.4e-9,1.84e-5,Metazoa,YFL046W,4932,FMP32
KOG1603,15,0.7967,5.717,5.43e-9,1.85e-5,Metazoa,YNL259C,4932,ATX1
KOG4089,15,0.7636,5.702,5.91e-9,2.02e-5,Metazoa,YDR405W,4932,MRP20
COG0360,15,0.8172,5.694,6.2e-9,2.12e-5,Metazoa,YKL003C,4932,MRP17
COG1946,15,0.739,5.661,7.54e-9,2.57e-5,Metazoa,YJR019C,4932,TES1
KOG1338,15,0.7506,5.655,7.81e-9,2.66e-5,Metazoa,YDR257C,4932,RKM4
KOG4689,15,0.7472,5.626,9.21e-9,3.14e-5,Metazoa,YOR166C,4932,SWT1
KOG2190,15,0.8327,5.616,9.8e-9,3.34e-5,Metazoa,YBL032W,4932,HEK2
KOG2190,15,0.8327,5.616,9.8e-9,3.34e-5,Metazoa,YBR233W,4932,PBP2
KOG3469,15,0.8005,5.605,1.04e-8,3.55e-5,Metazoa,YGL191W,4932,COX13
KOG1791,15,0.8067,5.604,1.05e-8,3.58e-5,Metazoa,YKL014C,4932,URB1
KOG0766,15,0.7379,5.531,1.59e-8,5.43e-5,Metazoa,YDL119C,4932,HEM25
KOG4012,15,0.7666,5.526,1.64e-8,5.6e-5,Metazoa,YPL127C,4932,HHO1
KOG4431,15,0.7445,5.515,1.75e-8,5.97e-5,Metazoa,YML030W,4932,RCF1
KOG3385,15,0.7488,5.511,1.78e-8,6.08e-5,Metazoa,YIL004C,4932,BET1
COG3751,15,0.8086,5.496,1.94e-8,6.64e-5,Metazoa,YER049W,4932,TPA1
KOG4709,15,0.7625,5.484,2.08e-8,7.11e-5,Metazoa,YDR412W,4932,RRP17
COG3332,15,0.7851,5.48,2.13e-8,7.27e-5,Metazoa,YGR127W,4932,YGR127W
KOG2162,15,0.7883,5.475,2.19e-8,7.46e-5,Metazoa,YDR206W,4932,EBS1
KOG2162,15,0.7883,5.475,2.19e-8,7.46e-5,Metazoa,YLR233C,4932,EST1
KOG4149,15,0.7998,5.453,2.48e-8,8.47e-5,Metazoa,YKL195W,4932,MIA40
KOG1910,15,0.7532,5.447,2.57e-8,8.76e-5,Metazoa,YLR454W,4932,FMP27
KOG1910,15,0.7532,5.447,2.57e-8,8.76e-5,Metazoa,YPR117W,4932,YPR117W
KOG4138,15,0.6862,5.446,2.58e-8,8.8e-5,Metazoa,YLR218C,4932,COA4
COG5072,15,0.7066,5.428,2.85e-8,9.74e-5,Metazoa,YBL009W,4932,ALK2
COG5072,15,0.7066,5.428,2.85e-8,9.74e-5,Metazoa,YGL021W,4932,ALK1
KOG4363,15,0.7445,5.421,2.96e-8,1.01e-4,Metazoa,YPR018W,4932,RLF2
KOG0590,15,0.7868,5.416,3.05e-8,1.04e-4,Metazoa,YBR274W,4932,CHK1
KOG0590,15,0.7868,5.416,3.05e-8,1.04e-4,Metazoa,YCR008W,4932,SAT4
KOG0590,15,0.7868,5.416,3.05e-8,1.04e-4,Metazoa,YDL025C,4932,RTK1
KOG0590,15,0.7868,5.416,3.05e-8,1.04e-4,Metazoa,YDL214C,4932,PRR2
KOG0590,15,0.7868,5.416,3.05e-8,1.04e-4,Metazoa,YJL165C,4932,HAL5
KOG0590,15,0.7868,5.416,3.05e-8,1.04e-4,Metazoa,YKL168C,4932,KKQ8
KOG0590,15,0.7868,5.416,3.05e-8,1.04e-4,Metazoa,YNL183C,4932,NPR1
KOG0590,15,0.7868,5.416,3.05e-8,1.04e-4,Metazoa,YOR267C,4932,HRK1
KOG2974,15,0.7478,5.404,3.26e-8,1.11e-4,Metazoa,YPR143W,4932,RRP15
COG5232,15,0.7951,5.403,3.28e-8,1.12e-4,Metazoa,YPL094C,4932,SEC62
KOG4604,15,0.649,5.397,3.39e-8,1.16e-4,Metazoa,YCL057C-A,4932,MIC10
KOG4183,15,0.7357,5.392,3.48e-8,1.19e-4,Metazoa,YNL248C,4932,RPA49
COG2175,15,0.6754,5.385,3.63e-8,1.24e-4,Metazoa,YHL021C,4932,AIM17
COG2175,15,0.6754,5.385,3.63e-8,1.24e-4,Metazoa,YLL057C,4932,JLP1
KOG3364,15,0.7576,5.376,3.81e-8,1.3e-4,Metazoa,YIL065C,4932,FIS1
COG0737,15,0.7188,5.324,5.07e-8,1.73e-4,Metazoa,YHR202W,4932,YHR202W
KOG1733,15,0.7375,5.272,6.75e-8,2.3e-4,Metazoa,YGR181W,4932,TIM13
KOG0255,15,0.683,5.213,9.29e-8,3.17e-4,Metazoa,YBR008C,4932,FLR1
KOG0255,15,0.683,5.213,9.29e-8,3.17e-4,Metazoa,YBR043C,4932,QDR3
KOG0255,15,0.683,5.213,9.29e-8,3.17e-4,Metazoa,YBR180W,4932,DTR1
KOG0255,15,0.683,5.213,9.29e-8,3.17e-4,Metazoa,YGR138C,4932,TPO2
KOG0255,15,0.683,5.213,9.29e-8,3.17e-4,Metazoa,YHR048W,4932,YHK8
KOG0255,15,0.683,5.213,9.29e-8,3.17e-4,Metazoa,YIL120W,4932,QDR1
KOG0255,15,0.683,5.213,9.29e-8,3.17e-4,Metazoa,YIL121W,4932,QDR2
KOG0255,15,0.683,5.213,9.29e-8,3.17e-4,Metazoa,YLL028W,4932,TPO1
KOG0255,15,0.683,5.213,9.29e-8,3.17e-4,Metazoa,YNL065W,4932,AQR1
KOG0255,15,0.683,5.213,9.29e-8,3.17e-4,Metazoa,YNR055C,4932,HOL1
KOG0255,15,0.683,5.213,9.29e-8,3.17e-4,Metazoa,YOR273C,4932,TPO4
KOG0255,15,0.683,5.213,9.29e-8,3.17e-4,Metazoa,YPR156C,4932,TPO3
KOG3028,15,0.7606,5.203,9.83e-8,3.36e-4,Metazoa,YMR060C,4932,SAM37
KOG4449,15,0.6554,5.118,1.55e-7,5.28e-4,Metazoa,YNL070W,4932,TOM7
KOG4836,15,0.6212,5.049,2.22e-7,7.59e-4,Metazoa,YGR033C,4932,TIM21
KOG4772,15,0.6647,5.013,2.68e-7,9.15e-4,Metazoa,YPL083C,4932,SEN54
KOG1295,15,0.6519,4.968,3.38e-7,0.00116,Metazoa,YGR072W,4932,UPF3
COG0257,15,0.5806,4.954,3.64e-7,0.00124,Metazoa,YPL183W-A,4932,RTC6
KOG1179,15,0.6321,4.911,4.54e-7,0.00155,Metazoa,YBR041W,4932,FAT1
KOG4764,15,0.6057,4.865,5.72e-7,0.00195,Metazoa,YDR363W-A,4932,SEM1
KOG3489,15,0.6416,4.863,5.78e-7,0.00197,Metazoa,YJR135W-A,4932,TIM8
KOG1994,15,0.5963,4.717,1.19e-6,0.00408,Metazoa,YLR271W,4932,CMG1
KOG0591,15,0.5692,4.642,1.72e-6,0.00588,Metazoa,YAR018C,4932,KIN3
KOG1633,15,0.5215,4.598,2.14e-6,0.00729,Metazoa,YER051W,4932,JHD1
KOG4109,15,0.4986,4.253,1.06e-5,0.036,Metazoa,YDR469W,4932,SDC1
KOG2953,15,0.4755,4.137,1.76e-5,0.0601,Metazoa,YDL189W,4932,RBS1
KOG4356,15,0.5021,4.085,2.2e-5,0.0752,Metazoa,YHR034C,4932,PIH1
KOG3582,15,0.4462,3.913,4.55e-5,0.155,Metazoa,YOL108C,4932,INO4
KOG3655,16,0.9311,6.548,2.92e-11,9.95e-8,Amoebozoa,YCR088W,4932,ABP1
KOG1736,16,0.8994,6.386,8.51e-11,2.9e-7,Amoebozoa,YDR063W,4932,AIM7
COG0327,16,0.901,6.383,8.65e-11,2.95e-7,Amoebozoa,YGL221C,4932,NIF3
COG1785,16,0.8311,6.379,8.9e-11,3.04e-7,Amoebozoa,YDR481C,4932,PHO8
KOG3763,16,0.9358,6.375,9.17e-11,3.13e-7,Amoebozoa,YPL169C,4932,MEX67
KOG3671,16,0.9261,6.338,1.17e-10,3.98e-7,Amoebozoa,YOR181W,4932,LAS17
KOG3771,16,0.9583,6.333,1.2e-10,4.1e-7,Amoebozoa,YCR009C,4932,RVS161
KOG3771,16,0.9583,6.333,1.2e-10,4.1e-7,Amoebozoa,YDR388W,4932,RVS167
KOG1704,16,0.8704,6.327,1.25e-10,4.26e-7,Amoebozoa,YDR379W,4932,RGA2
KOG1704,16,0.8704,6.327,1.25e-10,4.26e-7,Amoebozoa,YOR127W,4932,RGA1
KOG0980,16,0.9549,6.314,1.36e-10,4.65e-7,Amoebozoa,YNL243W,4932,SLA2
KOG4136,16,0.8486,6.31,1.4e-10,4.78e-7,Amoebozoa,YHR181W,4932,SVP26
KOG1450,16,0.9389,6.309,1.4e-10,4.79e-7,Amoebozoa,YBR260C,4932,RGD1
KOG1450,16,0.9389,6.309,1.4e-10,4.79e-7,Amoebozoa,YER155C,4932,BEM2
KOG4191,16,0.9389,6.306,1.43e-10,4.89e-7,Amoebozoa,YDR176W,4932,NGG1
KOG4002,16,0.9568,6.287,1.62e-10,5.52e-7,Amoebozoa,YLL023C,4932,POM33
KOG4002,16,0.9568,6.287,1.62e-10,5.52e-7,Amoebozoa,YLR064W,4932,PER33
KOG3680,16,0.9149,6.273,1.77e-10,6.05e-7,Amoebozoa,YNL127W,4932,FAR11
KOG4269,16,0.9308,6.269,1.82e-10,6.21e-7,Amoebozoa,YPL115C,4932,BEM3
KOG3565,16,0.9317,6.223,2.43e-10,8.31e-7,Amoebozoa,YHR114W,4932,BZZ1
KOG3780,16,0.8755,6.217,2.54e-10,8.66e-7,Amoebozoa,YBL101C,4932,ECM21
KOG3780,16,0.8755,6.217,2.54e-10,8.66e-7,Amoebozoa,YFR022W,4932,ROG3
KOG3780,16,0.8755,6.217,2.54e-10,8.66e-7,Amoebozoa,YGR068C,4932,ART5
KOG3780,16,0.8755,6.217,2.54e-10,8.66e-7,Amoebozoa,YJL084C,4932,ALY2
KOG3780,16,0.8755,6.217,2.54e-10,8.66e-7,Amoebozoa,YKR021W,4932,ALY1
KOG3780,16,0.8755,6.217,2.54e-10,8.66e-7,Amoebozoa,YOR018W,4932,ROD1
KOG3780,16,0.8755,6.217,2.54e-10,8.66e-7,Amoebozoa,YPR030W,4932,CSR2
KOG3519,16,0.9151,6.216,2.55e-10,8.69e-7,Amoebozoa,YAL041W,4932,CDC24
COG2009,16,0.8548,6.215,2.57e-10,8.78e-7,Amoebozoa,YKL141W,4932,SDH3
COG2009,16,0.8548,6.215,2.57e-10,8.78e-7,Amoebozoa,YMR118C,4932,SHH3
KOG3875,16,0.9501,6.185,3.1e-10,1.06e-6,Amoebozoa,YLR191W,4932,PEX13
KOG3691,16,0.8972,6.185,3.11e-10,1.06e-6,Amoebozoa,YPR055W,4932,SEC8
KOG4031,16,0.958,6.165,3.52e-10,1.2e-6,Amoebozoa,YGR167W,4932,CLC1
KOG2689,16,0.865,6.129,4.42e-10,1.51e-6,Amoebozoa,YBR273C,4932,UBX7
KOG2689,16,0.865,6.129,4.42e-10,1.51e-6,Amoebozoa,YJL048C,4932,UBX6
COG5261,16,0.9309,6.126,4.51e-10,1.54e-6,Amoebozoa,YPL242C,4932,IQG1
KOG1894,16,0.8456,6.116,4.8e-10,1.64e-6,Amoebozoa,YDR527W,4932,RBA50
KOG4592,16,0.9665,6.098,5.37e-10,1.83e-6,Amoebozoa,YCR077C,4932,PAT1
KOG4100,16,0.7813,6.063,6.69e-10,2.28e-6,Amoebozoa,YDR511W,4932,SDH7
KOG2208,16,0.9149,6.054,7.07e-10,2.41e-6,Amoebozoa,YJL080C,4932,SCP160
KOG2208,16,0.9149,6.054,7.07e-10,2.41e-6,Amoebozoa,YLL032C,4932,YLL032C
KOG3790,16,0.8382,6.037,7.85e-10,2.68e-6,Amoebozoa,YPL030W,4932,TRM44
KOG1747,16,0.8747,6.012,9.17e-10,3.13e-6,Amoebozoa,YGR080W,4932,TWF1
KOG3924,16,0.7989,5.998,9.99e-10,3.41e-6,Amoebozoa,YDR440W,4932,DOT1
KOG3979,16,0.81,5.965,1.23e-9,4.18e-6,Amoebozoa,YCR017C,4932,CWH43
KOG3783,16,0.828,5.926,1.55e-9,5.29e-6,Amoebozoa,YJL082W,4932,IML2
KOG3783,16,0.828,5.926,1.55e-9,5.29e-6,Amoebozoa,YKR018C,4932,YKR018C
KOG4645,16,0.8428,5.924,1.57e-9,5.37e-6,Amoebozoa,YCR073C,4932,SSK22
KOG4645,16,0.8428,5.924,1.57e-9,5.37e-6,Amoebozoa,YNR031C,4932,SSK2
COG0383,16,0.728,5.915,1.66e-9,5.68e-6,Amoebozoa,YGL156W,4932,AMS1
KOG3417,16,0.8777,5.913,1.68e-9,5.72e-6,Amoebozoa,YAL024C,4932,LTE1
KOG3417,16,0.8777,5.913,1.68e-9,5.72e-6,Amoebozoa,YCL068C,4932,YCL068C
KOG3417,16,0.8777,5.913,1.68e-9,5.72e-6,Amoebozoa,YCR038C,4932,BUD5
KOG3417,16,0.8777,5.913,1.68e-9,5.72e-6,Amoebozoa,YLR310C,4932,CDC25
KOG0490,16,0.8634,5.91,1.71e-9,5.85e-6,Amoebozoa,YDR451C,4932,YHP1
KOG0490,16,0.8634,5.91,1.71e-9,5.85e-6,Amoebozoa,YML027W,4932,YOX1
COG5067,16,0.8246,5.899,1.83e-9,6.25e-6,Amoebozoa,YDR052C,4932,DBF4
KOG4406,16,0.8406,5.895,1.87e-9,6.4e-6,Amoebozoa,YJL201W,4932,ECM25
COG3408,16,0.786,5.891,1.91e-9,6.54e-6,Amoebozoa,YPR184W,4932,GDB1
KOG3823,16,0.843,5.872,2.15e-9,7.34e-6,Amoebozoa,YLR114C,4932,AVL9
KOG0615,16,0.8172,5.855,2.39e-9,8.15e-6,Amoebozoa,YDL101C,4932,DUN1
KOG0615,16,0.8172,5.855,2.39e-9,8.15e-6,Amoebozoa,YPL153C,4932,RAD53
KOG3596,16,0.7401,5.855,2.39e-9,8.16e-6,Amoebozoa,YLR087C,4932,CSF1
COG5244,16,0.7942,5.848,2.49e-9,8.49e-6,Amoebozoa,YCL029C,4932,BIK1
COG5244,16,0.7942,5.848,2.49e-9,8.49e-6,Amoebozoa,YPL174C,4932,NIP100
KOG1693,16,0.803,5.819,2.97e-9,1.01e-5,Amoebozoa,YAL007C,4932,ERP2
KOG1693,16,0.803,5.819,2.97e-9,1.01e-5,Amoebozoa,YDL018C,4932,ERP3
KOG1693,16,0.803,5.819,2.97e-9,1.01e-5,Amoebozoa,YOR016C,4932,ERP4
KOG1453,16,0.8426,5.813,3.07e-9,1.05e-5,Amoebozoa,YDR379W,4932,RGA2
KOG1453,16,0.8426,5.813,3.07e-9,1.05e-5,Amoebozoa,YOR127W,4932,RGA1
KOG3715,16,0.7986,5.811,3.1e-9,1.06e-5,Amoebozoa,YGR057C,4932,LST7
KOG3996,16,0.8294,5.8,3.31e-9,1.13e-5,Amoebozoa,YAL039C,4932,CYC3
KOG3996,16,0.8294,5.8,3.31e-9,1.13e-5,Amoebozoa,YKL087C,4932,CYT2
KOG3694,16,0.8376,5.797,3.38e-9,1.15e-5,Amoebozoa,YER093C,4932,TSC11
KOG3589,16,0.7672,5.795,3.41e-9,1.16e-5,Amoebozoa,YLR452C,4932,SST2
KOG3589,16,0.7672,5.795,3.41e-9,1.16e-5,Amoebozoa,YOR107W,4932,RGS2
KOG3789,16,0.8173,5.795,3.41e-9,1.16e-5,Amoebozoa,YEL062W,4932,NPR2
COG1167,16,0.7554,5.787,3.58e-9,1.22e-5,Amoebozoa,YER152C,4932,YER152C
COG1167,16,0.7554,5.787,3.58e-9,1.22e-5,Amoebozoa,YGL202W,4932,ARO8
COG1167,16,0.7554,5.787,3.58e-9,1.22e-5,Amoebozoa,YHR137W,4932,ARO9
KOG0755,16,0.8063,5.785,3.64e-9,1.24e-5,Amoebozoa,YKL120W,4932,OAC1
KOG0295,16,0.7376,5.777,3.8e-9,1.3e-5,Amoebozoa,YOR269W,4932,PAC1
KOG1008,16,0.7318,5.763,4.13e-9,1.41e-5,Amoebozoa,YBL104C,4932,SEA4
KOG2595,16,0.8222,5.738,4.78e-9,1.63e-5,Amoebozoa,YFL027C,4932,GYP8
COG5422,16,0.8155,5.737,4.82e-9,1.65e-5,Amoebozoa,YGR070W,4932,ROM1
COG5422,16,0.8155,5.737,4.82e-9,1.65e-5,Amoebozoa,YLR371W,4932,ROM2
COG5422,16,0.8155,5.737,4.82e-9,1.65e-5,Amoebozoa,YLR425W,4932,TUS1
KOG0426,16,0.8937,5.734,4.89e-9,1.67e-5,Amoebozoa,YMR022W,4932,UBC7
KOG3548,16,0.7958,5.722,5.26e-9,1.79e-5,Amoebozoa,YDR217C,4932,RAD9
KOG4653,16,0.7381,5.72,5.31e-9,1.81e-5,Amoebozoa,YMR185W,4932,RTP1
KOG1690,16,0.8102,5.706,5.78e-9,1.97e-5,Amoebozoa,YAR002C-A,4932,ERP1
KOG1690,16,0.8102,5.706,5.78e-9,1.97e-5,Amoebozoa,YGL002W,4932,ERP6
KOG1690,16,0.8102,5.706,5.78e-9,1.97e-5,Amoebozoa,YHR110W,4932,ERP5
KOG3508,16,0.7678,5.702,5.91e-9,2.02e-5,Amoebozoa,YKL092C,4932,BUD2
COG0427,16,0.672,5.652,7.95e-9,2.71e-5,Amoebozoa,YBL015W,4932,ACH1
COG5199,16,0.7444,5.616,9.76e-9,3.33e-5,Amoebozoa,YOR367W,4932,SCP1
COG5432,16,0.7342,5.602,1.06e-8,3.61e-5,Amoebozoa,YCR066W,4932,RAD18
KOG0754,16,0.7601,5.597,1.09e-8,3.72e-5,Amoebozoa,YOR222W,4932,ODC2
KOG0754,16,0.7601,5.597,1.09e-8,3.72e-5,Amoebozoa,YPL134C,4932,ODC1
KOG1089,16,0.7505,5.518,1.72e-8,5.86e-5,Amoebozoa,YJR110W,4932,YMR1
KOG2226,16,0.7764,5.474,2.2e-8,7.51e-5,Amoebozoa,YLR436C,4932,ECM30
COG1985,16,0.7898,5.42,2.99e-8,1.02e-4,Amoebozoa,YBR153W,4932,RIB7
COG1985,16,0.7898,5.42,2.99e-8,1.02e-4,Amoebozoa,YLR429W,4932,CRN1
KOG0642,16,0.7222,5.405,3.25e-8,1.11e-4,Amoebozoa,YMR029C,4932,FAR8
KOG2504,16,0.7505,5.398,3.36e-8,1.15e-4,Amoebozoa,YKL221W,4932,MCH2
KOG2504,16,0.7505,5.398,3.36e-8,1.15e-4,Amoebozoa,YNL125C,4932,ESBP6
KOG2504,16,0.7505,5.398,3.36e-8,1.15e-4,Amoebozoa,YOL119C,4932,MCH4
KOG2504,16,0.7505,5.398,3.36e-8,1.15e-4,Amoebozoa,YOR306C,4932,MCH5
KOG3767,16,0.7497,5.359,4.19e-8,1.43e-4,Amoebozoa,YOR271C,4932,FSF1
KOG0694,16,0.7417,5.277,6.58e-8,2.25e-4,Amoebozoa,YBL105C,4932,PKC1
KOG3975,16,0.6565,5.248,7.7e-8,2.63e-4,Amoebozoa,YPR147C,4932,YPR147C
COG0350,16,0.6191,5.202,9.86e-8,3.37e-4,Amoebozoa,YDL200C,4932,MGT1
KOG0751,16,0.7018,5.193,1.04e-7,3.53e-4,Amoebozoa,YPR021C,4932,AGC1
KOG4466,16,0.6461,5.072,1.97e-7,6.72e-4,Amoebozoa,YIL084C,4932,SDS3
KOG3194,16,0.6466,5.062,2.07e-7,7.07e-4,Amoebozoa,YOR368W,4932,RAD17
KOG3946,16,0.6131,5.009,2.73e-7,9.33e-4,Amoebozoa,YFR018C,4932,YFR018C
KOG4113,16,0.5312,4.665,1.54e-6,0.00527,Amoebozoa,YPR017C,4932,DSS4
KOG3247,16,0.6241,4.633,1.8e-6,0.00614,Amoebozoa,YIL104C,4932,SHQ1
KOG3995,16,0.5057,4.57,2.43e-6,0.00831,Amoebozoa,YJR025C,4932,BNA1
KOG4147,16,0.5222,4.552,2.66e-6,0.00908,Amoebozoa,YKR074W,4932,AIM29
KOG3675,16,0.5252,4.477,3.79e-6,0.0129,Amoebozoa,YOL057W,4932,YOL057W
COG2023,16,0.5244,4.333,7.34e-6,0.0251,Amoebozoa,YIR015W,4932,RPR2
KOG3046,17,0.9418,6.471,4.88e-11,1.67e-7,Viridiplantae,YPR168W,4932,NUT2
KOG2215,17,0.9864,6.466,5.04e-11,1.72e-7,Viridiplantae,YBR102C,4932,EXO84
KOG2846,17,0.9582,6.444,5.8199999999999997e-11,1.99e-7,Viridiplantae,YHR192W,4932,LNP1
COG1215,17,0.9137,6.405,7.5e-11,2.56e-7,Viridiplantae,YBR023C,4932,CHS3
COG1215,17,0.9137,6.405,7.5e-11,2.56e-7,Viridiplantae,YBR038W,4932,CHS2
COG1215,17,0.9137,6.405,7.5e-11,2.56e-7,Viridiplantae,YNL192W,4932,CHS1
KOG1825,17,0.9162,6.402,7.65e-11,2.61e-7,Viridiplantae,YIL129C,4932,TAO3
KOG2101,17,0.8974,6.36,1.01e-10,3.44e-7,Viridiplantae,YML104C,4932,MDM1
KOG3455,17,0.9495,6.356,1.03e-10,3.53e-7,Viridiplantae,YER044C,4932,ERG28
KOG3894,17,0.8474,6.332,1.21e-10,4.13e-7,Viridiplantae,YOR075W,4932,UFE1
KOG1926,17,0.902,6.323,1.28e-10,4.37e-7,Viridiplantae,YEL055C,4932,POL5
KOG2676,17,0.8329,6.309,1.41e-10,4.8e-7,Viridiplantae,YCR054C,4932,CTR86
KOG2530,17,0.8997,6.301,1.48e-10,5.06e-7,Viridiplantae,YMR211W,4932,DML1
COG1996,17,0.8064,6.294,1.55e-10,5.29e-7,Viridiplantae,YHR143W-A,4932,RPC10
KOG2022,17,0.8947,6.289,1.6e-10,5.45e-7,Viridiplantae,YGL016W,4932,KAP122
KOG3393,17,0.9113,6.287,1.61e-10,5.51e-7,Viridiplantae,YOL129W,4932,VPS68
KOG4186,17,0.9271,6.268,1.82e-10,6.23e-7,Viridiplantae,YOL147C,4932,PEX11
KOG1962,17,0.9147,6.26,1.92e-10,6.55e-7,Viridiplantae,YDL072C,4932,YET3
KOG1962,17,0.9147,6.26,1.92e-10,6.55e-7,Viridiplantae,YKL065C,4932,YET1
KOG1962,17,0.9147,6.26,1.92e-10,6.55e-7,Viridiplantae,YMR040W,4932,YET2
KOG1877,17,0.9314,6.26,1.93e-10,6.58e-7,Viridiplantae,YMR212C,4932,EFR3
KOG2973,17,0.8564,6.25,2.05e-10,6.99e-7,Viridiplantae,YGR187C,4932,HGH1
KOG4455,17,0.755,6.244,2.13e-10,7.26e-7,Viridiplantae,YLL014W,4932,EMC6
KOG4463,17,0.8085,6.244,2.13e-10,7.27e-7,Viridiplantae,YOL073C,4932,DSC2
KOG2885,17,0.8995,6.242,2.16e-10,7.37e-7,Viridiplantae,YKL082C,4932,RRP14
KOG2637,17,0.8555,6.236,2.25e-10,7.67e-7,Viridiplantae,YKL143W,4932,LTV1
KOG4718,17,0.8425,6.234,2.27e-10,7.75e-7,Viridiplantae,YLR007W,4932,NSE1
KOG2603,17,0.8586,6.233,2.29e-10,7.83e-7,Viridiplantae,YML019W,4932,OST6
KOG2603,17,0.8586,6.233,2.29e-10,7.83e-7,Viridiplantae,YOR085W,4932,OST3
KOG4813,17,0.9397,6.203,2.78e-10,9.48e-7,Viridiplantae,YLR192C,4932,HCR1
COG5062,17,0.8756,6.198,2.85e-10,9.74e-7,Viridiplantae,YJL091C,4932,GWT1
COG2930,17,0.847,6.188,3.04e-10,1.04e-6,Viridiplantae,YFR024C-A,4932,LSB3
COG2930,17,0.847,6.188,3.04e-10,1.04e-6,Viridiplantae,YHR016C,4932,YSC84
KOG4299,17,0.8683,6.185,3.11e-10,1.06e-6,Viridiplantae,YMR075W,4932,RCO1
KOG4563,17,0.8304,6.179,3.22e-10,1.1e-6,Viridiplantae,YLL022C,4932,HIF1
KOG2347,17,0.9106,6.177,3.28e-10,1.12e-6,Viridiplantae,YDR166C,4932,SEC5
KOG2393,17,0.9032,6.176,3.28e-10,1.12e-6,Viridiplantae,YGR186W,4932,TFG1
COG1949,17,0.8334,6.176,3.3e-10,1.13e-6,Viridiplantae,YLR059C,4932,REX2
KOG2911,17,0.8917,6.17,3.42e-10,1.17e-6,Viridiplantae,YJL049W,4932,CHM7
KOG3745,17,0.9145,6.17,3.42e-10,1.17e-6,Viridiplantae,YJL204C,4932,RCY1
KOG3745,17,0.9145,6.17,3.42e-10,1.17e-6,Viridiplantae,YLR166C,4932,SEC10
KOG2459,17,0.8726,6.155,3.76e-10,1.28e-6,Viridiplantae,YDR434W,4932,GPI17
KOG1983,17,0.8661,6.154,3.77e-10,1.29e-6,Viridiplantae,YBL106C,4932,SRO77
KOG1983,17,0.8661,6.154,3.77e-10,1.29e-6,Viridiplantae,YPR032W,4932,SRO7
KOG2652,17,0.9323,6.154,3.77e-10,1.29e-6,Viridiplantae,YOR194C,4932,TOA1
KOG2354,17,0.8547,6.152,3.83e-10,1.31e-6,Viridiplantae,YKR025W,4932,RPC37
COG5090,17,0.8848,6.142,4.06e-10,1.39e-6,Viridiplantae,YGR005C,4932,TFG2
COG5195,17,0.8633,6.142,4.07e-10,1.39e-6,Viridiplantae,YEL044W,4932,IES6
KOG0681,17,0.8837,6.142,4.09e-10,1.4e-6,Viridiplantae,YNL059C,4932,ARP5
KOG3061,17,0.8872,6.133,4.32e-10,1.47e-6,Viridiplantae,YBR173C,4932,UMP1
KOG2538,17,0.8362,6.128,4.44e-10,1.52e-6,Viridiplantae,YLL004W,4932,ORC3
KOG2993,17,0.8521,6.119,4.72e-10,1.61e-6,Viridiplantae,YNL242W,4932,ATG2
COG0530,17,0.8361,6.115,4.84e-10,1.65e-6,Viridiplantae,YDL206W,4932,YDL206W
COG0530,17,0.8361,6.115,4.84e-10,1.65e-6,Viridiplantae,YJR106W,4932,ECM27
KOG4134,17,0.8813,6.108,5.05e-10,1.72e-6,Viridiplantae,YOR340C,4932,RPA43
KOG3457,17,0.811,6.097,5.41e-10,1.85e-6,Viridiplantae,YER019C-A,4932,SBH2
KOG3457,17,0.811,6.097,5.41e-10,1.85e-6,Viridiplantae,YER087C-B,4932,SBH1
KOG3380,17,0.8979,6.096,5.44e-10,1.86e-6,Viridiplantae,YIL062C,4932,ARC15
KOG1632,17,0.8368,6.092,5.57e-10,1.9e-6,Viridiplantae,YPL138C,4932,SPP1
KOG1933,17,0.8153,6.086,5.79e-10,1.98e-6,Viridiplantae,YPL006W,4932,NCR1
KOG3724,17,0.8646,6.084,5.85e-10,2e-6,Viridiplantae,YFL025C,4932,BST1
KOG2149,17,0.8528,6.076,6.16e-10,2.1e-6,Viridiplantae,YHR085W,4932,IPI1
KOG2594,17,0.8144,6.069,6.43e-10,2.2e-6,Viridiplantae,YNL119W,4932,NCS2
KOG3386,17,0.8517,6.061,6.74e-10,2.3e-6,Viridiplantae,YHR175W,4932,CTR2
KOG3386,17,0.8517,6.061,6.74e-10,2.3e-6,Viridiplantae,YLR411W,4932,CTR3
KOG2079,17,0.8511,6.055,7.03e-10,2.4e-6,Viridiplantae,YAL002W,4932,VPS8
KOG4008,17,0.8094,6.053,7.11e-10,2.43e-6,Viridiplantae,YCL031C,4932,RRP7
KOG1772,17,0.897,6.034,7.98e-10,2.72e-6,Viridiplantae,YHR039C-A,4932,VMA10
KOG4680,17,0.8757,6.016,8.91e-10,3.04e-6,Viridiplantae,YDL046W,4932,NPC2
KOG1875,17,0.8638,6.006,9.5e-10,3.24e-6,Viridiplantae,YLR071C,4932,RGR1
KOG2873,17,0.8422,5.995,1.02e-9,3.48e-6,Viridiplantae,YPL215W,4932,CBP3
KOG0870,17,0.8549,5.994,1.02e-9,3.49e-6,Viridiplantae,YDR121W,4932,DPB4
KOG1974,17,0.8524,5.982,1.1e-9,3.77e-6,Viridiplantae,YNL273W,4932,TOF1
KOG2081,17,0.8778,5.976,1.15e-9,3.91e-6,Viridiplantae,YOR160W,4932,MTR10
KOG2552,17,0.8628,5.972,1.17e-9,4.01e-6,Viridiplantae,YLR459W,4932,GAB1
KOG4674,17,0.7824,5.968,1.2e-9,4.09e-6,Viridiplantae,YIL149C,4932,MLP2
KOG4674,17,0.7824,5.968,1.2e-9,4.09e-6,Viridiplantae,YKR095W,4932,MLP1
KOG2398,17,0.9257,5.968,1.2e-9,4.1e-6,Viridiplantae,YMR032W,4932,HOF1
COG1186,17,0.8205,5.965,1.23e-9,4.19e-6,Viridiplantae,YOL114C,4932,PTH4
COG5073,17,0.8666,5.963,1.24e-9,4.23e-6,Viridiplantae,YBR105C,4932,VID24
COG5073,17,0.8666,5.963,1.24e-9,4.23e-6,Viridiplantae,YGR066C,4932,YGR066C
KOG3439,17,0.811,5.963,1.24e-9,4.24e-6,Viridiplantae,YBR217W,4932,ATG12
COG5369,17,0.8456,5.957,1.29e-9,4.39e-6,Viridiplantae,YIL017C,4932,VID28
COG2225,17,0.7571,5.939,1.43e-9,4.89e-6,Viridiplantae,YIR031C,4932,DAL7
COG2225,17,0.7571,5.939,1.43e-9,4.89e-6,Viridiplantae,YNL117W,4932,MLS1
KOG3122,17,0.8493,5.935,1.47e-9,5.02e-6,Viridiplantae,YDL150W,4932,RPC53
KOG2329,17,0.7799,5.932,1.5e-9,5.12e-6,Viridiplantae,YBR183W,4932,YPC1
KOG2329,17,0.7799,5.932,1.5e-9,5.12e-6,Viridiplantae,YPL087W,4932,YDC1
KOG3034,17,0.859,5.927,1.54e-9,5.27e-6,Viridiplantae,YDR361C,4932,BCP1
KOG2174,17,0.8348,5.925,1.56e-9,5.32e-6,Viridiplantae,YJR044C,4932,VPS55
KOG4066,17,0.7879,5.918,1.63e-9,5.55e-6,Viridiplantae,YML036W,4932,CGI121
KOG1822,17,0.8529,5.914,1.67e-9,5.7e-6,Viridiplantae,YJL207C,4932,LAA1
KOG4210,17,0.805,5.908,1.73e-9,5.91e-6,Viridiplantae,YGR159C,4932,NSR1
KOG4210,17,0.805,5.908,1.73e-9,5.91e-6,Viridiplantae,YNL175C,4932,NOP13
COG2032,17,0.8119,5.908,1.73e-9,5.92e-6,Viridiplantae,YJR104C,4932,SOD1
KOG3702,17,0.8106,5.903,1.79e-9,6.11e-6,Viridiplantae,YGL122C,4932,NAB2
KOG2043,17,0.8189,5.897,1.86e-9,6.34e-6,Viridiplantae,YHR154W,4932,RTT107
COG5254,17,0.8375,5.891,1.92e-9,6.57e-6,Viridiplantae,YLR242C,4932,ARV1
KOG2428,17,0.8054,5.887,1.97e-9,6.72e-6,Viridiplantae,YOR123C,4932,LEO1
KOG2830,17,0.8761,5.885,1.99e-9,6.81e-6,Viridiplantae,YMR028W,4932,TAP42
KOG2345,17,0.8326,5.879,2.06e-9,7.04e-6,Viridiplantae,YPL236C,4932,ENV7
COG1369,17,0.8431,5.873,2.13e-9,7.28e-6,Viridiplantae,YAL033W,4932,POP5
KOG2407,17,0.8861,5.869,2.19e-9,7.49e-6,Viridiplantae,YHR188C,4932,GPI16
KOG3662,17,0.7862,5.861,2.3e-9,7.86e-6,Viridiplantae,YDR182W,4932,CDC1
KOG3662,17,0.7862,5.861,2.3e-9,7.86e-6,Viridiplantae,YIL039W,4932,TED1
KOG3949,17,0.8228,5.857,2.36e-9,8.06e-6,Viridiplantae,YPL101W,4932,ELP4
KOG3144,17,0.7634,5.852,2.43e-9,8.31e-6,Viridiplantae,YDR302W,4932,GPI11
KOG2729,17,0.8485,5.851,2.44e-9,8.33e-6,Viridiplantae,YBR210W,4932,ERV15
KOG2729,17,0.8485,5.851,2.44e-9,8.33e-6,Viridiplantae,YGL054C,4932,ERV14
KOG1862,17,0.7861,5.839,2.62e-9,8.94e-6,Viridiplantae,YBR172C,4932,SMY2
KOG1862,17,0.7861,5.839,2.62e-9,8.94e-6,Viridiplantae,YPL105C,4932,SYH1
KOG2979,17,0.8143,5.839,2.62e-9,8.95e-6,Viridiplantae,YEL019C,4932,MMS21
COG1881,17,0.8123,5.838,2.64e-9,9.01e-6,Viridiplantae,YDR322W,4932,MRPL35
COG1881,17,0.8123,5.838,2.64e-9,9.01e-6,Viridiplantae,YLR178C,4932,TFS1
COG1881,17,0.8123,5.838,2.64e-9,9.01e-6,Viridiplantae,YLR179C,4932,YLR179C
KOG1188,17,0.8107,5.823,2.88e-9,9.84e-6,Viridiplantae,YNL035C,4932,YNL035C
KOG4444,17,0.7581,5.814,3.04e-9,1.04e-5,Viridiplantae,YDR329C,4932,PEX3
KOG4090,17,0.8385,5.799,3.34e-9,1.14e-5,Viridiplantae,YMR002W,4932,MIX17
KOG1039,17,0.7574,5.793,3.45e-9,1.18e-5,Viridiplantae,YPL054W,4932,LEE1
KOG1953,17,0.8083,5.79,3.52e-9,1.2e-5,Viridiplantae,YDR407C,4932,TRS120
KOG4102,17,0.8058,5.786,3.6e-9,1.23e-5,Viridiplantae,YFR003C,4932,YPI1
KOG1931,17,0.8113,5.778,3.79e-9,1.29e-5,Viridiplantae,YMR218C,4932,TRS130
COG5224,17,0.8229,5.771,3.93e-9,1.34e-5,Viridiplantae,YGL237C,4932,HAP2
KOG2976,17,0.8329,5.77,3.95e-9,1.35e-5,Viridiplantae,YPL149W,4932,ATG5
KOG4524,17,0.7861,5.766,4.05e-9,1.38e-5,Viridiplantae,YKL033W,4932,TTI1
COG1205,17,0.7648,5.765,4.09e-9,1.4e-5,Viridiplantae,YDR291W,4932,HRQ1
KOG2543,17,0.7876,5.763,4.14e-9,1.41e-5,Viridiplantae,YNL261W,4932,ORC5
KOG3566,17,0.8489,5.761,4.17e-9,1.43e-5,Viridiplantae,YLR088W,4932,GAA1
KOG2816,17,0.782,5.729,5.06e-9,1.73e-5,Viridiplantae,YJL163C,4932,YJL163C
KOG2950,17,0.7778,5.725,5.18e-9,1.77e-5,Viridiplantae,YHR156C,4932,LIN1
COG2273,17,0.8051,5.714,5.52e-9,1.89e-5,Viridiplantae,YEL040W,4932,UTR2
COG2273,17,0.8051,5.714,5.52e-9,1.89e-5,Viridiplantae,YGR143W,4932,SKN1
COG2273,17,0.8051,5.714,5.52e-9,1.89e-5,Viridiplantae,YGR189C,4932,CRH1
COG2273,17,0.8051,5.714,5.52e-9,1.89e-5,Viridiplantae,YLR213C,4932,CRR1
COG2273,17,0.8051,5.714,5.52e-9,1.89e-5,Viridiplantae,YPR159W,4932,KRE6
COG2608,17,0.7279,5.707,5.76e-9,1.97e-5,Viridiplantae,YMR038C,4932,CCS1
KOG1982,17,0.8095,5.705,5.81e-9,1.98e-5,Viridiplantae,YGL246C,4932,RAI1
KOG2253,17,0.7066,5.703,5.89e-9,2.01e-5,Viridiplantae,YGR013W,4932,SNU71
KOG2341,17,0.72,5.702,5.92e-9,2.02e-5,Viridiplantae,YMR005W,4932,TAF4
KOG4640,17,0.7333,5.681,6.69e-9,2.28e-5,Viridiplantae,YDR118W,4932,APC4
KOG3112,17,0.7103,5.655,7.81e-9,2.67e-5,Viridiplantae,YKL206C,4932,ADD66
KOG3336,17,0.8146,5.652,7.92e-9,2.7e-5,Viridiplantae,YDR185C,4932,UPS3
KOG3336,17,0.8146,5.652,7.92e-9,2.7e-5,Viridiplantae,YLR168C,4932,UPS2
KOG2389,17,0.7304,5.643,8.33e-9,2.84e-5,Viridiplantae,YML114C,4932,TAF8
KOG4267,17,0.7132,5.64,8.5e-9,2.9e-5,Viridiplantae,YJR085C,4932,YJR085C
KOG2217,17,0.8566,5.628,9.13e-9,3.12e-5,Viridiplantae,YOR308C,4932,SNU66
KOG2751,17,0.8492,5.618,9.64e-9,3.29e-5,Viridiplantae,YPL120W,4932,VPS30
KOG4835,17,0.6962,5.589,1.14e-8,3.9e-5,Viridiplantae,YHR081W,4932,LRP1
COG5220,17,0.8181,5.581,1.19e-8,4.08e-5,Viridiplantae,YDR460W,4932,TFB3
KOG4032,17,0.782,5.562,1.33e-8,4.55e-5,Viridiplantae,YLR435W,4932,TSR2
KOG3269,17,0.6654,5.552,1.41e-8,4.82e-5,Viridiplantae,YLR065C,4932,ENV10
KOG4346,17,0.7433,5.551,1.42e-8,4.86e-5,Viridiplantae,YGR099W,4932,TEL2
KOG1642,17,0.6894,5.523,1.67e-8,5.7e-5,Viridiplantae,YPL123C,4932,RNY1
COG5174,17,0.8193,5.516,1.73e-8,5.91e-5,Viridiplantae,YKR062W,4932,TFA2
KOG0915,17,0.7299,5.515,1.74e-8,5.95e-5,Viridiplantae,YHL030W,4932,ECM29
KOG0798,17,0.7211,5.514,1.75e-8,5.98e-5,Viridiplantae,YCL016C,4932,DCC1
KOG0570,17,0.7044,5.436,2.72e-8,9.28e-5,Viridiplantae,YOL135C,4932,MED7
KOG2218,17,0.7236,5.43,2.82e-8,9.63e-5,Viridiplantae,YGL145W,4932,TIP20
KOG4776,17,0.6664,5.416,3.04e-8,1.04e-4,Viridiplantae,YBR231C,4932,SWC5
KOG4526,17,0.7093,5.353,4.33e-8,1.48e-4,Viridiplantae,YGR147C,4932,NAT2
KOG3126,17,0.7509,5.333,4.82e-8,1.65e-4,Viridiplantae,YIL114C,4932,POR2
KOG3126,17,0.7509,5.333,4.82e-8,1.65e-4,Viridiplantae,YNL055C,4932,POR1
KOG1271,17,0.7156,5.302,5.74e-8,1.96e-4,Viridiplantae,YIL064W,4932,EFM4
KOG2897,17,0.6054,5.295,5.95e-8,2.03e-4,Viridiplantae,YDR485C,4932,VPS72
KOG3145,17,0.6439,5.248,7.7e-8,2.63e-4,Viridiplantae,YCR075C,4932,ERS1
COG2256,17,0.6688,5.243,7.91e-8,2.7e-4,Viridiplantae,YNL218W,4932,MGS1
KOG2271,17,0.7001,5.198,1e-7,3.43e-4,Viridiplantae,YJR042W,4932,NUP85
KOG4112,17,0.6417,5.137,1.4e-7,4.77e-4,Viridiplantae,YJR010C-A,4932,SPC1
COG5119,17,0.6087,5.13,1.45e-7,4.94e-4,Viridiplantae,YKL086W,4932,SRX1
COG0168,17,0.7082,5.122,1.51e-7,5.15e-4,Viridiplantae,YJL129C,4932,TRK1
COG0168,17,0.7082,5.122,1.51e-7,5.15e-4,Viridiplantae,YKR050W,4932,TRK2
KOG4593,17,0.6474,5.095,1.74e-7,5.95e-4,Viridiplantae,YGL086W,4932,MAD1
KOG3362,17,0.5967,5.085,1.84e-7,6.28e-4,Viridiplantae,YML041C,4932,VPS71
KOG1814,17,0.6258,5.059,2.11e-7,7.2e-4,Viridiplantae,YML068W,4932,ITT1
KOG4780,17,0.6324,5.044,2.28e-7,7.77e-4,Viridiplantae,YDR066C,4932,RTR2
KOG4780,17,0.6324,5.044,2.28e-7,7.77e-4,Viridiplantae,YER139C,4932,RTR1
KOG2821,17,0.5768,4.937,3.97e-7,0.00136,Viridiplantae,YNL230C,4932,ELA1
COG2801,17,0.5728,4.932,4.07e-7,0.00139,Viridiplantae,YAR009C,4932,YAR009C
COG2801,17,0.5728,4.932,4.07e-7,0.00139,Viridiplantae,YAR010C,4932,YAR010C
COG2801,17,0.5728,4.932,4.07e-7,0.00139,Viridiplantae,YBL005W-A,4932,YBL005W-A
COG2801,17,0.5728,4.932,4.07e-7,0.00139,Viridiplantae,YBL005W-B,4932,YBL005W-B
COG2801,17,0.5728,4.932,4.07e-7,0.00139,Viridiplantae,YBL100W-A,4932,YBL100W-A
COG2801,17,0.5728,4.932,4.07e-7,0.00139,Viridiplantae,YBL100W-B,4932,YBL100W-B
COG2801,17,0.5728,4.932,4.07e-7,0.00139,Viridiplantae,YBR012W-A,4932,YBR012W-A
COG2801,17,0.5728,4.932,4.07e-7,0.00139,Viridiplantae,YBR012W-B,4932,YBR012W-B
COG2801,17,0.5728,4.932,4.07e-7,0.00139,Viridiplantae,YCL019W,4932,YCL019W
COG2801,17,0.5728,4.932,4.07e-7,0.00139,Viridiplantae,YCL020W,4932,YCL020W
COG2801,17,0.5728,4.932,4.07e-7,0.00139,Viridiplantae,YDR034C-C,4932,YDR034C-C
COG2801,17,0.5728,4.932,4.07e-7,0.00139,Viridiplantae,YDR034C-D,4932,YDR034C-D
COG2801,17,0.5728,4.932,4.07e-7,0.00139,Viridiplantae,YDR098C-A,4932,YDR098C-A
COG2801,17,0.5728,4.932,4.07e-7,0.00139,Viridiplantae,YDR098C-B,4932,YDR098C-B
COG2801,17,0.5728,4.932,4.07e-7,0.00139,Viridiplantae,YDR170W-A,4932,YDR170W-A
COG2801,17,0.5728,4.932,4.07e-7,0.00139,Viridiplantae,YDR210C-C,4932,YDR210C-C
COG2801,17,0.5728,4.932,4.07e-7,0.00139,Viridiplantae,YDR210C-D,4932,YDR210C-D
COG2801,17,0.5728,4.932,4.07e-7,0.00139,Viridiplantae,YDR210W-A,4932,YDR210W-A
COG2801,17,0.5728,4.932,4.07e-7,0.00139,Viridiplantae,YDR210W-B,4932,YDR210W-B
COG2801,17,0.5728,4.932,4.07e-7,0.00139,Viridiplantae,YDR261C-C,4932,YDR261C-C
COG2801,17,0.5728,4.932,4.07e-7,0.00139,Viridiplantae,YDR261C-D,4932,YDR261C-D
COG2801,17,0.5728,4.932,4.07e-7,0.00139,Viridiplantae,YDR261W-A,4932,YDR261W-A
COG2801,17,0.5728,4.932,4.07e-7,0.00139,Viridiplantae,YDR261W-B,4932,YDR261W-B
COG2801,17,0.5728,4.932,4.07e-7,0.00139,Viridiplantae,YDR316W-A,4932,YMR051C
COG2801,17,0.5728,4.932,4.07e-7,0.00139,Viridiplantae,YDR316W-B,4932,YDR316W-B
COG2801,17,0.5728,4.932,4.07e-7,0.00139,Viridiplantae,YDR365W-A,4932,YDR365W-A
COG2801,17,0.5728,4.932,4.07e-7,0.00139,Viridiplantae,YDR365W-B,4932,YDR365W-B
COG2801,17,0.5728,4.932,4.07e-7,0.00139,Viridiplantae,YER137C-A,4932,YER137C-A
COG2801,17,0.5728,4.932,4.07e-7,0.00139,Viridiplantae,YER138C,4932,YER138C
COG2801,17,0.5728,4.932,4.07e-7,0.00139,Viridiplantae,YER159C-A,4932,YER159C-A
COG2801,17,0.5728,4.932,4.07e-7,0.00139,Viridiplantae,YER160C,4932,YER160C
COG2801,17,0.5728,4.932,4.07e-7,0.00139,Viridiplantae,YFL002W-A,4932,YFL002W-A
COG2801,17,0.5728,4.932,4.07e-7,0.00139,Viridiplantae,YFL002W-B,4932,YFL002W-B
COG2801,17,0.5728,4.932,4.07e-7,0.00139,Viridiplantae,YGR027W-A,4932,YGR027W-A
COG2801,17,0.5728,4.932,4.07e-7,0.00139,Viridiplantae,YGR027W-B,4932,YGR027W-B
COG2801,17,0.5728,4.932,4.07e-7,0.00139,Viridiplantae,YGR038C-A,4932,YGR038C-A
COG2801,17,0.5728,4.932,4.07e-7,0.00139,Viridiplantae,YGR038C-B,4932,YGR038C-B
COG2801,17,0.5728,4.932,4.07e-7,0.00139,Viridiplantae,YGR109W-A,4932,YGR109W-A
COG2801,17,0.5728,4.932,4.07e-7,0.00139,Viridiplantae,YGR109W-B,4932,YGR109W-B
COG2801,17,0.5728,4.932,4.07e-7,0.00139,Viridiplantae,YGR161C-C,4932,YGR161C-C
COG2801,17,0.5728,4.932,4.07e-7,0.00139,Viridiplantae,YGR161C-D,4932,YGR161C-D
COG2801,17,0.5728,4.932,4.07e-7,0.00139,Viridiplantae,YGR161W-A,4932,YFL002W-B
COG2801,17,0.5728,4.932,4.07e-7,0.00139,Viridiplantae,YGR161W-B,4932,YGR161W-B
COG2801,17,0.5728,4.932,4.07e-7,0.00139,Viridiplantae,YHL009W-A,4932,YHL009W-A
COG2801,17,0.5728,4.932,4.07e-7,0.00139,Viridiplantae,YHL009W-B,4932,YHL009W-B
COG2801,17,0.5728,4.932,4.07e-7,0.00139,Viridiplantae,YHR214C-B,4932,YHR214C-B
COG2801,17,0.5728,4.932,4.07e-7,0.00139,Viridiplantae,YHR214C-C,4932,YHR214C-C
COG2801,17,0.5728,4.932,4.07e-7,0.00139,Viridiplantae,YIL082W,4932,TY3A-I
COG2801,17,0.5728,4.932,4.07e-7,0.00139,Viridiplantae,YIL082W-A,4932,YIL082W-A
COG2801,17,0.5728,4.932,4.07e-7,0.00139,Viridiplantae,YJL113W,4932,YJL113W
COG2801,17,0.5728,4.932,4.07e-7,0.00139,Viridiplantae,YJL114W,4932,YJL114W
COG2801,17,0.5728,4.932,4.07e-7,0.00139,Viridiplantae,YJR026W,4932,YJR026W
COG2801,17,0.5728,4.932,4.07e-7,0.00139,Viridiplantae,YJR027W,4932,YJR027W
COG2801,17,0.5728,4.932,4.07e-7,0.00139,Viridiplantae,YJR028W,4932,YJR028W
COG2801,17,0.5728,4.932,4.07e-7,0.00139,Viridiplantae,YJR029W,4932,YJR029W
COG2801,17,0.5728,4.932,4.07e-7,0.00139,Viridiplantae,YLR035C-A,4932,YLR035C-A
COG2801,17,0.5728,4.932,4.07e-7,0.00139,Viridiplantae,YLR157C-A,4932,YLR157C-A
COG2801,17,0.5728,4.932,4.07e-7,0.00139,Viridiplantae,YLR157C-B,4932,YLR157C-B
COG2801,17,0.5728,4.932,4.07e-7,0.00139,Viridiplantae,YLR227W-A,4932,YLR227W-A
COG2801,17,0.5728,4.932,4.07e-7,0.00139,Viridiplantae,YLR227W-B,4932,YLR227W-B
COG2801,17,0.5728,4.932,4.07e-7,0.00139,Viridiplantae,YLR256W-A,4932,YLR256W-A
COG2801,17,0.5728,4.932,4.07e-7,0.00139,Viridiplantae,YLR410W-A,4932,YLR410W-A
COG2801,17,0.5728,4.932,4.07e-7,0.00139,Viridiplantae,YLR410W-B,4932,YLR410W-B
COG2801,17,0.5728,4.932,4.07e-7,0.00139,Viridiplantae,YML039W,4932,YML039W
COG2801,17,0.5728,4.932,4.07e-7,0.00139,Viridiplantae,YML040W,4932,YJR026W
COG2801,17,0.5728,4.932,4.07e-7,0.00139,Viridiplantae,YML045W,4932,YML045W
COG2801,17,0.5728,4.932,4.07e-7,0.00139,Viridiplantae,YML045W-A,4932,YML045W-A
COG2801,17,0.5728,4.932,4.07e-7,0.00139,Viridiplantae,YMR045C,4932,YMR045C
COG2801,17,0.5728,4.932,4.07e-7,0.00139,Viridiplantae,YMR046C,4932,YMR046C
COG2801,17,0.5728,4.932,4.07e-7,0.00139,Viridiplantae,YMR050C,4932,YMR050C
COG2801,17,0.5728,4.932,4.07e-7,0.00139,Viridiplantae,YMR051C,4932,YMR051C
COG2801,17,0.5728,4.932,4.07e-7,0.00139,Viridiplantae,YNL054W-A,4932,YNL054W-A
COG2801,17,0.5728,4.932,4.07e-7,0.00139,Viridiplantae,YNL284C-A,4932,YNL284C-A
COG2801,17,0.5728,4.932,4.07e-7,0.00139,Viridiplantae,YNL284C-B,4932,YNL284C-B
COG2801,17,0.5728,4.932,4.07e-7,0.00139,Viridiplantae,YOL103W-A,4932,YOL103W-A
COG2801,17,0.5728,4.932,4.07e-7,0.00139,Viridiplantae,YOL103W-B,4932,YOL103W-B
COG2801,17,0.5728,4.932,4.07e-7,0.00139,Viridiplantae,YOR142W-A,4932,YOR142W-A
COG2801,17,0.5728,4.932,4.07e-7,0.00139,Viridiplantae,YOR142W-B,4932,YOR142W-B
COG2801,17,0.5728,4.932,4.07e-7,0.00139,Viridiplantae,YOR192C-A,4932,YOR192C-A
COG2801,17,0.5728,4.932,4.07e-7,0.00139,Viridiplantae,YOR192C-B,4932,YOR192C-B
COG2801,17,0.5728,4.932,4.07e-7,0.00139,Viridiplantae,YOR343W-A,4932,YOR343W-A
COG2801,17,0.5728,4.932,4.07e-7,0.00139,Viridiplantae,YOR343W-B,4932,YOR343W-B
COG2801,17,0.5728,4.932,4.07e-7,0.00139,Viridiplantae,YPL257W-A,4932,YDR365W-A
COG2801,17,0.5728,4.932,4.07e-7,0.00139,Viridiplantae,YPL257W-B,4932,YPL257W-B
COG2801,17,0.5728,4.932,4.07e-7,0.00139,Viridiplantae,YPR137C-A,4932,YPR137C-A
COG2801,17,0.5728,4.932,4.07e-7,0.00139,Viridiplantae,YPR137C-B,4932,YPR137C-B
COG2801,17,0.5728,4.932,4.07e-7,0.00139,Viridiplantae,YPR158C-C,4932,YPR158C-C
COG2801,17,0.5728,4.932,4.07e-7,0.00139,Viridiplantae,YPR158C-D,4932,YPR158C-D
COG2801,17,0.5728,4.932,4.07e-7,0.00139,Viridiplantae,YPR158W-A,4932,YOR142W-A
COG2801,17,0.5728,4.932,4.07e-7,0.00139,Viridiplantae,YPR158W-B,4932,YPR158W-B
KOG2690,17,0.5904,4.915,4.45e-7,0.00152,Viridiplantae,YDR068W,4932,DOS2
KOG4657,17,0.55,4.908,4.59e-7,0.00157,Viridiplantae,YER018C,4932,SPC25
KOG3131,17,0.5921,4.846,6.29e-7,0.00215,Viridiplantae,YLR412W,4932,BER1
COG2091,17,0.5518,4.715,1.21e-6,0.00413,Viridiplantae,YGL154C,4932,LYS5
KOG1640,17,0.5822,4.692,1.36e-6,0.00463,Viridiplantae,YIL049W,4932,DFG10
KOG1792,17,0.5791,4.66,1.58e-6,0.00539,Viridiplantae,YDL204W,4932,RTN2
KOG1792,17,0.5791,4.66,1.58e-6,0.00539,Viridiplantae,YDR233C,4932,RTN1
KOG1761,17,0.4786,4.483,3.68e-6,0.0126,Viridiplantae,YDL092W,4932,SRP14
COG0191,17,0.5517,4.476,3.81e-6,0.013,Viridiplantae,YKL060C,4932,FBA1
KOG1181,17,0.5131,4.436,4.58e-6,0.0156,Viridiplantae,YFR016C,4932,YFR016C
KOG1181,17,0.5131,4.436,4.58e-6,0.0156,Viridiplantae,YLR330W,4932,CHS5
KOG3495,17,0.4825,4.282,9.27e-6,0.0316,Viridiplantae,YPL271W,4932,ATP15
KOG1382,17,0.4135,3.778,7.91e-5,0.27,Viridiplantae,YAR071W,4932,PHO11
KOG1382,17,0.4135,3.778,7.91e-5,0.27,Viridiplantae,YBR092C,4932,PHO3
KOG1382,17,0.4135,3.778,7.91e-5,0.27,Viridiplantae,YBR093C,4932,PHO5
KOG1382,17,0.4135,3.778,7.91e-5,0.27,Viridiplantae,YDL024C,4932,DIA3
KOG1382,17,0.4135,3.778,7.91e-5,0.27,Viridiplantae,YHR215W,4932,PHO12
KOG2173,18,0.8781,6.46,5.23e-11,1.79e-7,Discoba,YDL149W,4932,ATG9
COG1597,18,0.8697,6.375,9.16e-11,3.13e-7,Discoba,YLR260W,4932,LCB5
COG1597,18,0.8697,6.375,9.16e-11,3.13e-7,Discoba,YOR171C,4932,LCB4
COG3265,18,0.8854,6.277,1.73e-10,5.91e-7,Discoba,YDR248C,4932,YDR248C
KOG2592,18,0.9309,6.263,1.89e-10,6.46e-7,Discoba,YDR105C,4932,TMS1
KOG2344,18,0.8655,6.241,2.17e-10,7.42e-7,Discoba,YJL085W,4932,EXO70
KOG2238,18,0.9207,6.222,2.45e-10,8.36e-7,Discoba,YPR091C,4932,NVJ2
COG1696,18,0.9082,6.219,2.5e-10,8.52e-7,Discoba,YGL084C,4932,GUP1
COG1696,18,0.9082,6.219,2.5e-10,8.52e-7,Discoba,YPL189W,4932,GUP2
COG2939,18,0.8891,6.218,2.52e-10,8.62e-7,Discoba,YBR139W,4932,YBR139W
COG2939,18,0.8891,6.218,2.52e-10,8.62e-7,Discoba,YGL203C,4932,KEX1
COG2939,18,0.8891,6.218,2.52e-10,8.62e-7,Discoba,YMR297W,4932,PRC1
KOG2809,18,0.8922,6.211,2.63e-10,8.96e-7,Discoba,YGR280C,4932,PXR1
KOG2809,18,0.8922,6.211,2.63e-10,8.96e-7,Discoba,YMR269W,4932,TMA23
KOG1876,18,0.9268,6.209,2.67e-10,9.13e-7,Discoba,YKL013C,4932,ARC19
KOG2147,18,0.8804,6.207,2.7e-10,9.21e-7,Discoba,YDL148C,4932,NOP14
KOG2063,18,0.8712,6.195,2.92e-10,9.98e-7,Discoba,YDL077C,4932,VAM6
KOG2063,18,0.8712,6.195,2.92e-10,9.98e-7,Discoba,YDR495C,4932,VPS3
KOG3318,18,0.8917,6.191,2.99e-10,1.02e-6,Discoba,YGL231C,4932,EMC4
KOG1666,18,0.9144,6.177,3.26e-10,1.11e-6,Discoba,YMR197C,4932,VTI1
KOG0318,18,0.9026,6.175,3.3e-10,1.13e-6,Discoba,YMR092C,4932,AIP1
COG5391,18,0.9197,6.165,3.53e-10,1.2e-6,Discoba,YDL113C,4932,ATG20
COG5391,18,0.9197,6.165,3.53e-10,1.2e-6,Discoba,YDR425W,4932,SNX41
COG5391,18,0.9197,6.165,3.53e-10,1.2e-6,Discoba,YJL036W,4932,SNX4
COG5391,18,0.9197,6.165,3.53e-10,1.2e-6,Discoba,YKR078W,4932,YKR078W
COG5391,18,0.9197,6.165,3.53e-10,1.2e-6,Discoba,YMR004W,4932,MVP1
COG5391,18,0.9197,6.165,3.53e-10,1.2e-6,Discoba,YOR069W,4932,VPS5
COG5391,18,0.9197,6.165,3.53e-10,1.2e-6,Discoba,YOR132W,4932,VPS17
COG5391,18,0.9197,6.165,3.53e-10,1.2e-6,Discoba,YOR357C,4932,SNX3
COG5391,18,0.9197,6.165,3.53e-10,1.2e-6,Discoba,YPR097W,4932,YPR097W
KOG2257,18,0.8688,6.15,3.86e-10,1.32e-6,Discoba,YDR437W,4932,GPI19
KOG1967,18,0.8962,6.135,4.27e-10,1.46e-6,Discoba,YIL128W,4932,MET18
KOG0836,18,0.8701,6.128,4.44e-10,1.52e-6,Discoba,YKL007W,4932,CAP1
KOG1523,18,0.9302,6.118,4.73e-10,1.61e-6,Discoba,YBR234C,4932,ARC40
COG0288,18,0.8404,6.115,4.83e-10,1.65e-6,Discoba,YNL036W,4932,NCE103
KOG0286,18,0.8741,6.109,5.01e-10,1.71e-6,Discoba,YOR212W,4932,STE4
COG5105,18,0.9106,6.108,5.05e-10,1.73e-6,Discoba,YGR203W,4932,YCH1
COG5105,18,0.9106,6.108,5.05e-10,1.73e-6,Discoba,YMR036C,4932,MIH1
COG5105,18,0.9106,6.108,5.05e-10,1.73e-6,Discoba,YPR200C,4932,ARR2
COG1020,18,0.8856,6.108,5.06e-10,1.73e-6,Discoba,YBR115C,4932,LYS2
KOG0277,18,0.8435,6.096,5.43e-10,1.85e-6,Discoba,YDR142C,4932,PEX7
KOG2110,18,0.8706,6.085,5.82e-10,1.99e-6,Discoba,YFR021W,4932,ATG18
KOG2110,18,0.8706,6.085,5.82e-10,1.99e-6,Discoba,YPL100W,4932,ATG21
COG5026,18,0.8892,6.078,6.08e-10,2.08e-6,Discoba,YCL040W,4932,GLK1
COG5026,18,0.8892,6.078,6.08e-10,2.08e-6,Discoba,YDR516C,4932,EMI2
COG5026,18,0.8892,6.078,6.08e-10,2.08e-6,Discoba,YFR053C,4932,HXK1
COG5026,18,0.8892,6.078,6.08e-10,2.08e-6,Discoba,YGL253W,4932,HXK2
COG5026,18,0.8892,6.078,6.08e-10,2.08e-6,Discoba,YLR446W,4932,YLR446W
KOG3155,18,0.9033,6.061,6.77e-10,2.31e-6,Discoba,YLR370C,4932,ARC18
KOG1729,18,0.8834,6.052,7.14e-10,2.44e-6,Discoba,YDR313C,4932,PIB1
KOG1729,18,0.8834,6.052,7.14e-10,2.44e-6,Discoba,YGL023C,4932,PIB2
KOG1362,18,0.8509,6.051,7.21e-10,2.46e-6,Discoba,YOR161C,4932,PNS1
COG1859,18,0.8849,6.048,7.35e-10,2.51e-6,Discoba,YOL102C,4932,TPT1
KOG1818,18,0.9024,6.042,7.62e-10,2.6e-6,Discoba,YNR006W,4932,VPS27
KOG1997,18,0.8521,6.04,7.69e-10,2.63e-6,Discoba,YLR422W,4932,DCK1
KOG1692,18,0.883,6.025,8.46e-10,2.89e-6,Discoba,YGL200C,4932,EMP24
KOG2505,18,0.8827,6.023,8.54e-10,2.91e-6,Discoba,YDR049W,4932,VMS1
KOG1192,18,0.7569,6.017,8.89e-10,3.04e-6,Discoba,YLR189C,4932,ATG26
KOG1020,18,0.8945,5.978,1.13e-9,3.86e-6,Discoba,YDR180W,4932,SCC2
KOG1183,18,0.8704,5.975,1.15e-9,3.92e-6,Discoba,YGR216C,4932,GPI1
KOG2434,18,0.8496,5.975,1.15e-9,3.93e-6,Discoba,YKL125W,4932,RRN3
COG4229,18,0.7634,5.969,1.2e-9,4.09e-6,Discoba,YEL038W,4932,UTR4
KOG4779,18,0.7518,5.968,1.2e-9,4.11e-6,Discoba,YER074W-A,4932,YOS1
KOG2777,18,0.8875,5.959,1.27e-9,4.33e-6,Discoba,YGL243W,4932,TAD1
KOG1839,18,0.7742,5.956,1.29e-9,4.41e-6,Discoba,YMR012W,4932,CLU1
KOG3329,18,0.7796,5.949,1.35e-9,4.6e-6,Discoba,YJR074W,4932,MOG1
KOG0082,18,0.8906,5.938,1.44e-9,4.9099999999999996e-06,Discoba,YER020W,4932,GPA2
KOG0082,18,0.8906,5.938,1.44e-9,4.9099999999999996e-06,Discoba,YHR005C,4932,GPA1
KOG1815,18,0.8998,5.934,1.48e-9,5.04e-6,Discoba,YKR017C,4932,HEL1
KOG1771,18,0.8439,5.931,1.51e-9,5.15e-6,Discoba,YGL142C,4932,GPI10
COG4690,18,0.9075,5.928,1.53e-9,5.23e-6,Discoba,YNR035C,4932,ARC35
COG0010,18,0.8918,5.92,1.61e-9,5.51e-6,Discoba,YPL111W,4932,CAR1
KOG1835,18,0.8034,5.893,1.9e-9,6.48e-6,Discoba,YJL039C,4932,NUP192
KOG2176,18,0.9416,5.875,2.11e-9,7.2e-6,Discoba,YGL233W,4932,SEC15
KOG4562,18,0.8244,5.864,2.26e-9,7.73e-6,Discoba,YDR288W,4932,NSE3
COG5235,18,0.8352,5.861,2.3e-9,7.86e-6,Discoba,YNL312W,4932,RFA2
KOG4067,18,0.8762,5.852,2.43e-9,8.31e-6,Discoba,YOL032W,4932,OPI10
KOG3683,18,0.7953,5.836,2.68e-9,9.13e-6,Discoba,YPL024W,4932,RMI1
KOG0997,18,0.8845,5.822,2.91e-9,9.93e-6,Discoba,YGL124C,4932,MON1
KOG3059,18,0.8647,5.82,2.95e-9,1.01e-5,Discoba,YPL076W,4932,GPI2
KOG2913,18,0.8655,5.812,3.08e-9,1.05e-5,Discoba,YBR147W,4932,RTC2
KOG2913,18,0.8655,5.812,3.08e-9,1.05e-5,Discoba,YDR090C,4932,YDR090C
KOG2913,18,0.8655,5.812,3.08e-9,1.05e-5,Discoba,YDR352W,4932,YPQ2
KOG2913,18,0.8655,5.812,3.08e-9,1.05e-5,Discoba,YMR010W,4932,ANY1
KOG2913,18,0.8655,5.812,3.08e-9,1.05e-5,Discoba,YOL092W,4932,YPQ1
KOG3118,18,0.7994,5.779,3.77e-9,1.29e-5,Discoba,YDL153C,4932,SAS10
COG2008,18,0.773,5.759,4.24e-9,1.45e-5,Discoba,YEL046C,4932,GLY1
COG2030,18,0.8143,5.737,4.82e-9,1.65e-5,Discoba,YKR009C,4932,FOX2
KOG0037,18,0.7841,5.735,4.89e-9,1.67e-5,Discoba,YGR058W,4932,PEF1
KOG4174,18,0.7761,5.687,6.46e-9,2.2e-5,Discoba,YIL096C,4932,BMT5
COG3325,18,0.7437,5.675,6.93e-9,2.37e-5,Discoba,YDR371W,4932,CTS2
COG2376,18,0.7737,5.66,7.59e-9,2.59e-5,Discoba,YFL053W,4932,DAK2
COG2376,18,0.7737,5.66,7.59e-9,2.59e-5,Discoba,YML070W,4932,DAK1
KOG3174,18,0.8337,5.639,8.56e-9,2.92e-5,Discoba,YIL034C,4932,CAP2
KOG2845,18,0.8245,5.633,8.86e-9,3.03e-5,Discoba,YKR023W,4932,YKR023W
COG1864,18,0.8119,5.631,8.98e-9,3.06e-5,Discoba,YJL208C,4932,NUC1
KOG3881,18,0.7588,5.624,9.33e-9,3.19e-5,Discoba,YGL111W,4932,NSA1
KOG4198,18,0.7244,5.601,1.06e-8,3.64e-5,Discoba,YDL167C,4932,NRP1
COG1072,18,0.663,5.572,1.26e-8,4.29e-5,Discoba,YFR007W,4932,YFH7
KOG3470,18,0.7067,5.563,1.32e-8,4.52e-5,Discoba,YOR265W,4932,RBL2
KOG0169,18,0.7825,5.555,1.39e-8,4.74e-5,Discoba,YPL268W,4932,PLC1
KOG3928,18,0.7261,5.553,1.41e-8,4.8e-5,Discoba,YGL129C,4932,RSM23
COG2130,18,0.6667,5.501,1.89e-8,6.45e-5,Discoba,YML131W,4932,YML131W
KOG2301,18,0.7325,5.477,2.16e-8,7.37e-5,Discoba,YGR217W,4932,CCH1
KOG4151,18,0.7585,5.445,2.6e-8,8.87e-5,Discoba,YOR035C,4932,SHE4
KOG2811,18,0.684,5.287,6.23e-8,2.13e-4,Discoba,YOL125W,4932,TRM13
KOG0562,18,0.6301,5.247,7.74e-8,2.64e-4,Discoba,YOR258W,4932,HNT3
COG1590,18,0.5597,4.687,1.39e-6,0.00473,Discoba,YGL050W,4932,TYW3
KOG2204,18,0.5236,4.554,2.63e-6,0.00897,Discoba,YLR057W,4932,MNL2
KOG3350,18,0.5155,4.393,5.6e-6,0.0191,Discoba,YGR001C,4932,EFM5
COG0731,18,0.4606,4.175,1.49e-5,0.0509,Discoba,YPL207W,4932,TYW1
KOG4652,18,0.4343,4.056,2.49e-5,0.0851,Discoba,YIL072W,4932,HOP1
COG2423,18,0.441,3.912,4.57e-5,0.156,Discoba,YGL159W,4932,YGL159W
KOG3142,19,0.9133,6.544,2.99e-11,1.02e-7,Rhodophyta,YNL044W,4932,YIP3
KOG1952,19,0.9343,6.365,9.77e-11,3.34e-7,Rhodophyta,YNL023C,4932,FAP1
KOG1755,19,0.9672,6.312,1.38e-10,4.7e-7,Rhodophyta,YOR122C,4932,PFY1
COG0607,19,0.8977,6.294,1.55e-10,5.28e-7,Rhodophyta,YOR285W,4932,RDL1
COG0607,19,0.8977,6.294,1.55e-10,5.28e-7,Rhodophyta,YOR286W,4932,RDL2
COG5247,19,0.8906,6.285,1.64e-10,5.58e-7,Rhodophyta,YER159C,4932,BUR6
KOG4469,19,0.7922,6.281,1.68e-10,5.72e-7,Rhodophyta,YDR137W,4932,RGP1
COG1791,19,0.8576,6.24,2.19e-10,7.47e-7,Rhodophyta,YMR009W,4932,ADI1
KOG0251,19,0.9241,6.24,2.19e-10,7.48e-7,Rhodophyta,YGR241C,4932,YAP1802
KOG0251,19,0.9241,6.24,2.19e-10,7.48e-7,Rhodophyta,YHR161C,4932,YAP1801
COG5150,19,0.9064,6.239,2.2e-10,7.5e-7,Rhodophyta,YDR397C,4932,NCB2
KOG0308,19,0.8218,6.223,2.44e-10,8.34e-7,Rhodophyta,YOL087C,4932,DUF1
COG2816,19,0.7626,6.199,2.83e-10,9.67e-7,Rhodophyta,YGL067W,4932,NPY1
COG1657,19,0.9013,6.189,3.02e-10,1.03e-6,Rhodophyta,YHR072W,4932,ERG7
KOG2895,19,0.7823,6.186,3.08e-10,1.05e-6,Rhodophyta,YGR149W,4932,GPC1
COG2935,19,0.8612,6.166,3.5e-10,1.19e-6,Rhodophyta,YGL017W,4932,ATE1
COG5641,19,0.8839,6.136,4.23e-10,1.44e-6,Rhodophyta,YCR018C,4932,SRD1
COG5641,19,0.8839,6.136,4.23e-10,1.44e-6,Rhodophyta,YER040W,4932,GLN3
COG5641,19,0.8839,6.136,4.23e-10,1.44e-6,Rhodophyta,YFL021W,4932,GAT1
COG5641,19,0.8839,6.136,4.23e-10,1.44e-6,Rhodophyta,YIR013C,4932,GAT4
COG5641,19,0.8839,6.136,4.23e-10,1.44e-6,Rhodophyta,YJL110C,4932,GZF3
COG5641,19,0.8839,6.136,4.23e-10,1.44e-6,Rhodophyta,YKR034W,4932,DAL80
COG5641,19,0.8839,6.136,4.23e-10,1.44e-6,Rhodophyta,YLR013W,4932,GAT3
COG5641,19,0.8839,6.136,4.23e-10,1.44e-6,Rhodophyta,YMR136W,4932,GAT2
COG5641,19,0.8839,6.136,4.23e-10,1.44e-6,Rhodophyta,YPL021W,4932,ECM23
KOG2210,19,0.9174,6.114,4.86e-10,1.66e-6,Rhodophyta,YHR001W,4932,OSH7
KOG2210,19,0.9174,6.114,4.86e-10,1.66e-6,Rhodophyta,YKR003W,4932,OSH6
KOG2210,19,0.9174,6.114,4.86e-10,1.66e-6,Rhodophyta,YOR237W,4932,HES1
KOG2210,19,0.9174,6.114,4.86e-10,1.66e-6,Rhodophyta,YPL145C,4932,KES1
COG2941,19,0.8389,6.096,5.45e-10,1.86e-6,Rhodophyta,YOR125C,4932,CAT5
KOG1844,19,0.8826,6.094,5.51e-10,1.88e-6,Rhodophyta,YJL105W,4932,SET4
KOG1844,19,0.8826,6.094,5.51e-10,1.88e-6,Rhodophyta,YKR029C,4932,SET3
KOG1844,19,0.8826,6.094,5.51e-10,1.88e-6,Rhodophyta,YPL181W,4932,CTI6
KOG2006,19,0.892,6.078,6.09e-10,2.08e-6,Rhodophyta,YLR039C,4932,RIC1
KOG3741,19,0.8121,6.059,6.86e-10,2.34e-6,Rhodophyta,YKL025C,4932,PAN3
COG5162,19,0.8496,5.999,9.91e-10,3.38e-6,Rhodophyta,YDR167W,4932,TAF10
KOG2447,19,0.8139,5.966,1.22e-9,4.16e-6,Rhodophyta,YMR149W,4932,SWP1
COG0620,19,0.7946,5.956,1.29e-9,4.4e-6,Rhodophyta,YER091C,4932,MET6
KOG0621,19,0.7474,5.92,1.61e-9,5.49e-6,Rhodophyta,YJR100C,4932,AIM25
KOG3856,19,0.7658,5.908,1.73e-9,5.9e-6,Rhodophyta,YJR082C,4932,EAF6
COG0679,19,0.7965,5.886,1.98e-9,6.76e-6,Rhodophyta,YBR287W,4932,YBR287W
COG0679,19,0.7965,5.886,1.98e-9,6.76e-6,Rhodophyta,YLR152C,4932,YLR152C
COG0679,19,0.7965,5.886,1.98e-9,6.76e-6,Rhodophyta,YNL095C,4932,YNL095C
COG0679,19,0.7965,5.886,1.98e-9,6.76e-6,Rhodophyta,YOR092W,4932,ECM3
COG5123,19,0.8657,5.885,1.99e-9,6.78e-6,Rhodophyta,YKL058W,4932,TOA2
COG0173,19,0.8235,5.849,2.48e-9,8.46e-6,Rhodophyta,YPL104W,4932,MSD1
KOG1981,19,0.7552,5.821,2.92e-9,9.96e-6,Rhodophyta,YDR006C,4932,SOK1
KOG4302,19,0.7128,5.772,3.91e-9,1.33e-5,Rhodophyta,YOR058C,4932,ASE1
KOG4142,19,0.8003,5.738,4.78e-9,1.63e-5,Rhodophyta,YJR073C,4932,OPI3
KOG3440,19,0.7875,5.735,4.88e-9,1.67e-5,Rhodophyta,YDR529C,4932,QCR7
COG0655,19,0.7481,5.655,7.8e-9,2.66e-5,Rhodophyta,YBR052C,4932,RFS1
COG0655,19,0.7481,5.655,7.8e-9,2.66e-5,Rhodophyta,YCR004C,4932,YCP4
COG0655,19,0.7481,5.655,7.8e-9,2.66e-5,Rhodophyta,YDR032C,4932,PST2
KOG3352,19,0.7433,5.461,2.37e-8,8.1e-5,Rhodophyta,YGL187C,4932,COX4
KOG3801,19,0.632,5.352,4.36e-8,1.49e-4,Rhodophyta,YER048W-A,4932,ISD11
COG0071,19,0.6931,5.281,6.41e-8,2.19e-4,Rhodophyta,YBR072W,4932,HSP26
COG0071,19,0.6931,5.281,6.41e-8,2.19e-4,Rhodophyta,YDR171W,4932,HSP42
KOG1172,19,0.6372,5.265,6.99e-8,2.39e-4,Rhodophyta,YNL275W,4932,BOR1
KOG1634,19,0.6655,5.212,9.36e-8,3.2e-4,Rhodophyta,YKL005C,4932,BYE1
COG0259,19,0.674,5.204,9.76e-8,3.33e-4,Rhodophyta,YBR035C,4932,PDX3
COG2046,19,0.6499,5.136,1.4e-7,4.79e-4,Rhodophyta,YJR010W,4932,MET3
KOG2431,19,0.6332,5.12,1.53e-7,5.21e-4,Rhodophyta,YJR131W,4932,MNS1
COG0267,19,0.6242,5.034,2.4e-7,8.19e-4,Rhodophyta,YML009C,4932,MRPL39
COG0385,19,0.5217,4.724,1.16e-6,0.00395,Rhodophyta,YDR182W-A,4932,YDR182W-A
COG0385,19,0.5217,4.724,1.16e-6,0.00395,Rhodophyta,YMR034C,4932,RCH1
COG3844,19,0.5393,4.574,2.39e-6,0.00817,Rhodophyta,YLR231C,4932,BNA5
COG5398,19,0.5084,4.519,3.11e-6,0.0106,Rhodophyta,YLR205C,4932,HMX1
COG1085,19,0.5309,4.425,4.82e-6,0.0165,Rhodophyta,YBR018C,4932,GAL7
KOG1583,19,0.4557,4.218,1.23e-5,0.0421,Rhodophyta,YEL004W,4932,YEA4
COG0044,19,0.4757,4.093,2.13e-5,0.0727,Rhodophyta,YIR027C,4932,DAL1
COG0612,20,1,6.682,1.18e-11,4.03e-8,SAR,YBL045C,4932,COR1
COG0612,20,1,6.682,1.18e-11,4.03e-8,SAR,YHR024C,4932,MAS2
COG0612,20,1,6.682,1.18e-11,4.03e-8,SAR,YLR163C,4932,MAS1
COG0612,20,1,6.682,1.18e-11,4.03e-8,SAR,YPR191W,4932,QCR2
COG5103,20,0.9917,6.661,1.36e-11,4.64e-8,SAR,YCR093W,4932,CDC39
COG0038,20,0.9696,6.641,1.56e-11,5.31e-8,SAR,YCR001W,4932,YCR1W
COG0038,20,0.9696,6.641,1.56e-11,5.31e-8,SAR,YJR040W,4932,GEF1
KOG4548,20,0.9169,6.61,1.92e-11,6.57e-8,SAR,YNL252C,4932,MRPL17
COG5117,20,0.9848,6.609,1.93e-11,6.6e-8,SAR,YLR002C,4932,NOC3
COG3346,20,0.9032,6.595,2.13e-11,7.26e-8,SAR,YGR112W,4932,SHY1
COG0471,20,0.9233,6.583,2.3e-11,7.87e-8,SAR,YCR037C,4932,PHO87
COG0471,20,0.9233,6.583,2.3e-11,7.87e-8,SAR,YJL198W,4932,PHO90
COG0471,20,0.9233,6.583,2.3e-11,7.87e-8,SAR,YNR013C,4932,PHO91
COG0760,20,0.9543,6.583,2.3e-11,7.87e-8,SAR,YJR017C,4932,ESS1
COG5219,20,0.983,6.571,2.5e-11,8.53e-8,SAR,YMR247C,4932,RKR1
COG0372,20,0.9614,6.571,2.5e-11,8.53e-8,SAR,YCR005C,4932,CIT2
COG0372,20,0.9614,6.571,2.5e-11,8.53e-8,SAR,YNR001C,4932,CIT1
COG0372,20,0.9614,6.571,2.5e-11,8.53e-8,SAR,YPR001W,4932,CIT3
KOG2140,20,0.9565,6.569,2.52e-11,8.62e-8,SAR,YGR278W,4932,CWC22
COG5098,20,0.9882,6.567,2.56e-11,8.75e-8,SAR,YLR272C,4932,YCS4
KOG0285,20,0.9969,6.561,2.67e-11,9.12e-8,SAR,YPL151C,4932,PRP46
COG2238,20,0.9811,6.559,2.71e-11,9.24e-8,SAR,YNL302C,4932,RPS19B
COG2238,20,0.9811,6.559,2.71e-11,9.24e-8,SAR,YOL121C,4932,RPS19A
COG1678,20,0.9541,6.558,2.73e-11,9.33e-8,SAR,YGR180C,4932,RNR4
COG1678,20,0.9541,6.558,2.73e-11,9.33e-8,SAR,YJL026W,4932,RNR2
COG3897,20,0.9968,6.543,3.02e-11,1.03e-7,SAR,YIL110W,4932,HPM1
COG3897,20,0.9968,6.543,3.02e-11,1.03e-7,SAR,YLR285W,4932,NNT1
KOG3068,20,0.8881,6.536,3.15e-11,1.08e-7,SAR,YJR050W,4932,ISY1
COG5644,20,0.99,6.532,3.24e-11,1.11e-7,SAR,YML093W,4932,UTP14
COG1024,20,0.9596,6.528,3.33e-11,1.14e-7,SAR,YDR036C,4932,EHD3
COG1024,20,0.9596,6.528,3.33e-11,1.14e-7,SAR,YLR284C,4932,ECI1
COG1024,20,0.9596,6.528,3.33e-11,1.14e-7,SAR,YOR180C,4932,DCI1
COG5138,20,0.8924,6.526,3.38e-11,1.15e-7,SAR,YOL146W,4932,PSF3
KOG1823,20,0.9782,6.522,3.47e-11,1.18e-7,SAR,YBL004W,4932,UTP20
KOG2061,20,0.9887,6.522,3.48e-11,1.19e-7,SAR,YOL022C,4932,TSR4
KOG3368,20,0.9711,6.522,3.48e-11,1.19e-7,SAR,YML077W,4932,BET5
KOG2048,20,0.8945,6.516,3.61e-11,1.23e-7,SAR,YDR324C,4932,UTP4
KOG2034,20,0.9603,6.514,3.65e-11,1.25e-7,SAR,YLR148W,4932,PEP3
KOG1691,20,0.9696,6.514,3.67e-11,1.25e-7,SAR,YML012W,4932,ERV25
KOG1861,20,0.9518,6.513,3.67e-11,1.25e-7,SAR,YPR045C,4932,THP3
COG5108,20,0.9581,6.513,3.68e-11,1.26e-7,SAR,YFL036W,4932,RPO41
COG0221,20,0.9988,6.508,3.82e-11,1.3e-7,SAR,YBR011C,4932,IPP1
COG0221,20,0.9988,6.508,3.82e-11,1.3e-7,SAR,YMR267W,4932,PPA2
COG5325,20,0.9988,6.503,3.92e-11,1.34e-7,SAR,YOL018C,4932,TLG2
COG5325,20,0.9988,6.503,3.92e-11,1.34e-7,SAR,YOR036W,4932,PEP12
COG5325,20,0.9988,6.503,3.92e-11,1.34e-7,SAR,YOR106W,4932,VAM3
KOG2635,20,0.9976,6.502,3.96e-11,1.35e-7,SAR,YFR051C,4932,RET2
KOG0301,20,0.9543,6.502,3.97e-11,1.36e-7,SAR,YKL213C,4932,DOA1
COG1730,20,0.9882,6.501,3.98e-11,1.36e-7,SAR,YML094W,4932,GIM5
KOG2027,20,0.9379,6.486,4.41e-11,1.5e-7,SAR,YNL265C,4932,IST1
COG5604,20,0.9822,6.486,4.41e-11,1.51e-7,SAR,YOR206W,4932,NOC2
COG5071,20,0.9985,6.485,4.43e-11,1.51e-7,SAR,YDL147W,4932,RPN5
COG0167,20,0.9962,6.484,4.48e-11,1.53e-7,SAR,YKL216W,4932,URA1
COG0076,20,0.9066,6.483,4.5e-11,1.53e-7,SAR,YDR294C,4932,DPL1
COG0076,20,0.9066,6.483,4.5e-11,1.53e-7,SAR,YMR250W,4932,GAD1
COG5113,20,0.9765,6.482,4.54e-11,1.55e-7,SAR,YDL190C,4932,UFD2
COG0339,20,0.9959,6.481,4.55e-11,1.55e-7,SAR,YCL057W,4932,PRD1
COG0339,20,0.9959,6.481,4.55e-11,1.55e-7,SAR,YKL134C,4932,OCT1
COG5239,20,0.9652,6.48,4.6e-11,1.57e-7,SAR,YAL021C,4932,CCR4
COG5239,20,0.9652,6.48,4.6e-11,1.57e-7,SAR,YML118W,4932,NGL3
COG5239,20,0.9652,6.48,4.6e-11,1.57e-7,SAR,YMR285C,4932,NGL2
COG5239,20,0.9652,6.48,4.6e-11,1.57e-7,SAR,YOL042W,4932,NGL1
KOG2654,20,0.8913,6.479,4.6e-11,1.57e-7,SAR,YGL174W,4932,BUD13
KOG3284,20,0.929,6.477,4.67e-11,1.59e-7,SAR,YPL065W,4932,VPS28
KOG0896,20,0.9463,6.476,4.71e-11,1.61e-7,SAR,YGL087C,4932,MMS2
COG3175,20,0.9444,6.476,4.72e-11,1.61e-7,SAR,YPL132W,4932,COX11
KOG1213,20,0.9681,6.474,4.76e-11,1.63e-7,SAR,YDL003W,4932,MCD1
COG1362,20,0.9573,6.474,4.78e-11,1.63e-7,SAR,YHR113W,4932,APE4
COG1362,20,0.9573,6.474,4.78e-11,1.63e-7,SAR,YKL103C,4932,APE1
COG0330,20,0.9608,6.471,4.87e-11,1.66e-7,SAR,YGR132C,4932,PHB1
COG0330,20,0.9608,6.471,4.87e-11,1.66e-7,SAR,YGR231C,4932,PHB2
KOG1337,20,0.966,6.47,4.9e-11,1.67e-7,SAR,YBR030W,4932,RKM3
KOG1337,20,0.966,6.47,4.9e-11,1.67e-7,SAR,YDR198C,4932,RKM2
KOG1337,20,0.966,6.47,4.9e-11,1.67e-7,SAR,YHL039W,4932,EFM1
KOG1337,20,0.966,6.47,4.9e-11,1.67e-7,SAR,YPL208W,4932,RKM1
COG0439,20,0.9479,6.47,4.91e-11,1.68e-7,SAR,YMR207C,4932,HFA1
COG0439,20,0.9479,6.47,4.91e-11,1.68e-7,SAR,YNR016C,4932,ACC1
COG0523,20,0.9466,6.467,4.99e-11,1.7e-7,SAR,YNR029C,4932,YNR029C
COG2867,20,0.921,6.466,5.03e-11,1.72e-7,SAR,YOL008W,4932,COQ10
KOG2762,20,0.9255,6.465,5.05e-11,1.73e-7,SAR,YBL082C,4932,ALG3
COG5204,20,0.9399,6.465,5.07e-11,1.73e-7,SAR,YGR063C,4932,SPT4
COG5034,20,0.8763,6.465,5.07e-11,1.73e-7,SAR,YHR090C,4932,YNG2
COG5034,20,0.8763,6.465,5.07e-11,1.73e-7,SAR,YNL097C,4932,PHO23
COG5034,20,0.8763,6.465,5.07e-11,1.73e-7,SAR,YOR064C,4932,YNG1
KOG2560,20,0.9288,6.464,5.11e-11,1.75e-7,SAR,YDR088C,4932,SLU7
COG5069,20,0.9634,6.463,5.12e-11,1.75e-7,SAR,YDR129C,4932,SAC6
KOG0122,20,0.8997,6.463,5.13e-11,1.75e-7,SAR,YDR429C,4932,TIF35
COG2101,20,0.9881,6.463,5.14e-11,1.76e-7,SAR,YER148W,4932,SPT15
COG5657,20,1,6.462,5.17e-11,1.77e-7,SAR,YGL238W,4932,CSE1
COG5657,20,1,6.462,5.17e-11,1.77e-7,SAR,YGL241W,4932,KAP114
COG5657,20,1,6.462,5.17e-11,1.77e-7,SAR,YPL125W,4932,KAP120
KOG0007,20,0.9581,6.461,5.2e-11,1.78e-7,SAR,YJL203W,4932,PRP21
KOG0831,20,0.918,6.458,5.31e-11,1.81e-7,SAR,YOR245C,4932,DGA1
KOG1415,20,0.9622,6.458,5.32e-11,1.82e-7,SAR,YJR099W,4932,YUH1
COG1562,20,0.9267,6.458,5.32e-11,1.82e-7,SAR,YHR190W,4932,ERG9
COG4178,20,0.8735,6.455,5.4e-11,1.85e-7,SAR,YKL188C,4932,PXA2
COG4178,20,0.8735,6.455,5.4e-11,1.85e-7,SAR,YPL147W,4932,PXA1
KOG1898,20,0.9997,6.454,5.43e-11,1.85e-7,SAR,YML049C,4932,RSE1
KOG1296,20,0.8566,6.454,5.44e-11,1.86e-7,SAR,YCR090C,4932,YCR090C
COG2759,20,0.9426,6.452,5.5e-11,1.88e-7,SAR,YBR084W,4932,MIS1
COG2759,20,0.9426,6.452,5.5e-11,1.88e-7,SAR,YGR204W,4932,ADE3
COG5243,20,0.9989,6.452,5.51e-11,1.88e-7,SAR,YDR143C,4932,SAN1
COG5243,20,0.9989,6.452,5.51e-11,1.88e-7,SAR,YOL013C,4932,HRD1
KOG3341,20,0.9718,6.449,5.64e-11,1.92e-7,SAR,YPL002C,4932,SNF8
KOG3251,20,0.9162,6.447,5.7e-11,1.95e-7,SAR,YLR078C,4932,BOS1
KOG3081,20,0.9473,6.44,5.96e-11,2.03e-7,SAR,YIL076W,4932,SEC28
KOG2427,20,0.893,6.439,6.02e-11,2.05e-7,SAR,YGL082W,4932,YGL082W
KOG2427,20,0.893,6.439,6.02e-11,2.05e-7,SAR,YPL191C,4932,YPL191C
COG5102,20,0.9869,6.438,6.07e-11,2.07e-7,SAR,YBL102W,4932,SFT2
KOG3293,20,0.9687,6.438,6.07e-11,2.07e-7,SAR,YER112W,4932,LSM4
COG2183,20,0.9746,6.437,6.1e-11,2.08e-7,SAR,YGR116W,4932,SPT6
COG2097,20,0.9975,6.437,6.11e-11,2.09e-7,SAR,YDL075W,4932,RPL31A
COG2097,20,0.9975,6.437,6.11e-11,2.09e-7,SAR,YLR406C,4932,RPL31B
COG0626,20,0.9812,6.437,6.11e-11,2.09e-7,SAR,YAL012W,4932,CYS3
COG0626,20,0.9812,6.437,6.11e-11,2.09e-7,SAR,YFR055W,4932,IRC7
COG0626,20,0.9812,6.437,6.11e-11,2.09e-7,SAR,YGL184C,4932,STR3
COG0626,20,0.9812,6.437,6.11e-11,2.09e-7,SAR,YHR112C,4932,YHR112C
COG0626,20,0.9812,6.437,6.11e-11,2.09e-7,SAR,YJR130C,4932,STR2
COG0626,20,0.9812,6.437,6.11e-11,2.09e-7,SAR,YLL058W,4932,YLL058W
COG0626,20,0.9812,6.437,6.11e-11,2.09e-7,SAR,YLR303W,4932,MET17
COG0626,20,0.9812,6.437,6.11e-11,2.09e-7,SAR,YML082W,4932,YML082W
COG0050,20,0.9487,6.436,6.14e-11,2.1e-7,SAR,YOR187W,4932,TUF1
KOG2983,20,0.9384,6.434,6.23e-11,2.13e-7,SAR,YLR215C,4932,CDC123
COG0449,20,0.9994,6.433,6.25e-11,2.13e-7,SAR,YKL104C,4932,GFA1
COG0449,20,0.9994,6.433,6.25e-11,2.13e-7,SAR,YMR084W,4932,YMR084W
COG0449,20,0.9994,6.433,6.25e-11,2.13e-7,SAR,YMR085W,4932,YMR085W
COG0449,20,0.9994,6.433,6.25e-11,2.13e-7,SAR,YNL191W,4932,DUG3
COG0689,20,0.9971,6.432,6.31e-11,2.15e-7,SAR,YGR095C,4932,RRP46
COG0689,20,0.9971,6.432,6.31e-11,2.15e-7,SAR,YGR158C,4932,MTR3
COG0689,20,0.9971,6.432,6.31e-11,2.15e-7,SAR,YGR195W,4932,SKI6
COG5022,20,0.9683,6.429,6.41e-11,2.19e-7,SAR,YAL029C,4932,MYO4
COG5022,20,0.9683,6.429,6.41e-11,2.19e-7,SAR,YHR023W,4932,MYO1
COG5022,20,0.9683,6.429,6.41e-11,2.19e-7,SAR,YKL129C,4932,MYO3
COG5022,20,0.9683,6.429,6.41e-11,2.19e-7,SAR,YMR109W,4932,MYO5
COG5022,20,0.9683,6.429,6.41e-11,2.19e-7,SAR,YOR326W,4932,MYO2
KOG2165,20,0.9207,6.428,6.45e-11,2.2e-7,SAR,YLR127C,4932,APC2
COG5222,20,0.9906,6.425,6.59e-11,2.25e-7,SAR,YKL059C,4932,MPE1
COG5086,20,0.9171,6.424,6.64e-11,2.27e-7,SAR,YDR489W,4932,SLD5
COG0473,20,0.9615,6.424,6.65e-11,2.27e-7,SAR,YCL018W,4932,LEU2
COG0473,20,0.9615,6.424,6.65e-11,2.27e-7,SAR,YIL094C,4932,LYS12
COG0473,20,0.9615,6.424,6.65e-11,2.27e-7,SAR,YNL037C,4932,IDH1
COG0473,20,0.9615,6.424,6.65e-11,2.27e-7,SAR,YOR136W,4932,IDH2
COG5603,20,0.9557,6.423,6.7e-11,2.29e-7,SAR,YBR254C,4932,TRS20
COG0211,20,0.8646,6.418,6.89e-11,2.35e-7,SAR,YNL005C,4932,MRP7
COG1398,20,0.9315,6.417,6.93e-11,2.37e-7,SAR,YGL055W,4932,OLE1
COG5333,20,0.968,6.417,6.97e-11,2.38e-7,SAR,YJL006C,4932,CTK2
COG5333,20,0.968,6.417,6.97e-11,2.38e-7,SAR,YNL025C,4932,SSN8
COG5333,20,0.968,6.417,6.97e-11,2.38e-7,SAR,YPR025C,4932,CCL1
KOG3477,20,0.8333,6.416,6.99e-11,2.39e-7,SAR,YLL018C-A,4932,COX19
KOG2675,20,0.9883,6.416,7e-11,2.39e-7,SAR,YNL138W,4932,SRV2
COG3474,20,0.9576,6.416,7.02e-11,2.4e-7,SAR,YEL039C,4932,CYC7
COG3474,20,0.9576,6.416,7.02e-11,2.4e-7,SAR,YJR048W,4932,CYC1
KOG1858,20,0.972,6.414,7.1e-11,2.42e-7,SAR,YNL172W,4932,APC1
KOG1248,20,0.9525,6.412,7.18e-11,2.45e-7,SAR,YPL012W,4932,RRP12
KOG0039,20,0.9245,6.412,7.19e-11,2.45e-7,SAR,YGL160W,4932,AIM14
KOG0039,20,0.9245,6.412,7.19e-11,2.45e-7,SAR,YKL220C,4932,FRE2
KOG0039,20,0.9245,6.412,7.19e-11,2.45e-7,SAR,YLL051C,4932,FRE6
KOG0039,20,0.9245,6.412,7.19e-11,2.45e-7,SAR,YLR047C,4932,FRE8
KOG0039,20,0.9245,6.412,7.19e-11,2.45e-7,SAR,YLR214W,4932,FRE1
KOG0039,20,0.9245,6.412,7.19e-11,2.45e-7,SAR,YNR060W,4932,FRE4
KOG0039,20,0.9245,6.412,7.19e-11,2.45e-7,SAR,YOL152W,4932,FRE7
KOG0039,20,0.9245,6.412,7.19e-11,2.45e-7,SAR,YOR381W,4932,FRE3
KOG0039,20,0.9245,6.412,7.19e-11,2.45e-7,SAR,YOR384W,4932,FRE5
COG5600,20,0.9964,6.412,7.19e-11,2.45e-7,SAR,YJR084W,4932,YJR084W
COG5600,20,0.9964,6.412,7.19e-11,2.45e-7,SAR,YOL072W,4932,THP1
COG0199,20,0.9124,6.411,7.22e-11,2.46e-7,SAR,YDL061C,4932,RPS29B
COG0199,20,0.9124,6.411,7.22e-11,2.46e-7,SAR,YLR388W,4932,RPS29A
COG0199,20,0.9124,6.411,7.22e-11,2.46e-7,SAR,YPR166C,4932,MRP2
COG0308,20,0.9927,6.411,7.23e-11,2.47e-7,SAR,YHR047C,4932,AAP1
COG0308,20,0.9927,6.411,7.23e-11,2.47e-7,SAR,YIL137C,4932,TMA108
COG0308,20,0.9927,6.411,7.23e-11,2.47e-7,SAR,YKL157W,4932,APE2
COG0308,20,0.9927,6.411,7.23e-11,2.47e-7,SAR,YNL045W,4932,LAP2
COG0404,20,0.9255,6.411,7.23e-11,2.47e-7,SAR,YDR019C,4932,GCV1
KOG3339,20,0.9327,6.41,7.27e-11,2.48e-7,SAR,YBR070C,4932,ALG14
COG0400,20,0.938,6.409,7.31e-11,2.49e-7,SAR,YLR118C,4932,YLR118C
KOG0282,20,0.9683,6.405,7.51e-11,2.56e-7,SAR,YDR364C,4932,CDC40
COG5046,20,0.9072,6.405,7.51e-11,2.56e-7,SAR,YDR005C,4932,MAF1
COG0074,20,0.9652,6.405,7.51e-11,2.57e-7,SAR,YOR142W,4932,LSC1
COG1813,20,0.9751,6.403,7.6e-11,2.6e-7,SAR,YOR298C-A,4932,MBF1
COG5580,20,0.9781,6.402,7.67e-11,2.62e-7,SAR,YDR214W,4932,AHA1
COG5580,20,0.9781,6.402,7.67e-11,2.62e-7,SAR,YNL281W,4932,HCH1
COG5601,20,0.9498,6.401,7.71e-11,2.63e-7,SAR,YDL165W,4932,CDC36
COG0605,20,0.9986,6.4,7.75e-11,2.65e-7,SAR,YDR347W,4932,MRP1
COG0605,20,0.9986,6.4,7.75e-11,2.65e-7,SAR,YHR008C,4932,SOD2
COG0605,20,0.9986,6.4,7.75e-11,2.65e-7,SAR,YJR101W,4932,RSM26
COG0265,20,0.9932,6.4,7.76e-11,2.65e-7,SAR,YIL007C,4932,NAS2
COG0265,20,0.9932,6.4,7.76e-11,2.65e-7,SAR,YNL123W,4932,NMA111
KOG0752,20,0.9961,6.4,7.79e-11,2.66e-7,SAR,YGR096W,4932,TPC1
KOG0752,20,0.9961,6.4,7.79e-11,2.66e-7,SAR,YHR002W,4932,LEU5
KOG0752,20,0.9961,6.4,7.79e-11,2.66e-7,SAR,YPR011C,4932,YPR011C
COG1232,20,0.9349,6.4,7.79e-11,2.66e-7,SAR,YER014W,4932,HEM14
KOG3400,20,0.9779,6.399,7.8e-11,2.66e-7,SAR,YOR224C,4932,RPB8
COG5191,20,0.9813,6.398,7.87e-11,2.69e-7,SAR,YDR449C,4932,UTP6
KOG0394,20,0.9662,6.398,7.89e-11,2.69e-7,SAR,YML001W,4932,YPT7
COG0321,20,0.9289,6.398,7.89e-11,2.69e-7,SAR,YLR239C,4932,LIP2
KOG1435,20,0.9286,6.395,8.01e-11,2.73e-7,SAR,YGL012W,4932,ERG4
KOG1435,20,0.9286,6.395,8.01e-11,2.73e-7,SAR,YNL280C,4932,ERG24
COG2025,20,0.9045,6.395,8.04e-11,2.74e-7,SAR,YPR004C,4932,AIM45
KOG2054,20,0.9744,6.394,8.08e-11,2.76e-7,SAR,YGR090W,4932,UTP22
KOG1735,20,0.9726,6.394,8.09e-11,2.76e-7,SAR,YLL050C,4932,COF1
COG5535,20,0.9439,6.393,8.11e-11,2.77e-7,SAR,YDR314C,4932,RAD34
COG5535,20,0.9439,6.393,8.11e-11,2.77e-7,SAR,YER162C,4932,RAD4
COG0506,20,0.9087,6.393,8.15e-11,2.78e-7,SAR,YLR142W,4932,PUT1
COG5054,20,0.9489,6.393,8.16e-11,2.79e-7,SAR,YGR029W,4932,ERV1
COG5054,20,0.9489,6.393,8.16e-11,2.79e-7,SAR,YPR037C,4932,ERV2
COG5077,20,0.9927,6.392,8.2e-11,2.8e-7,SAR,YMR304W,4932,UBP15
COG5077,20,0.9927,6.392,8.2e-11,2.8e-7,SAR,YOR124C,4932,UBP2
COG0045,20,0.9683,6.39,8.31e-11,2.84e-7,SAR,YGR244C,4932,LSC2
COG0340,20,0.9451,6.389,8.35e-11,2.85e-7,SAR,YDL141W,4932,BPL1
KOG1525,20,0.8889,6.388,8.38e-11,2.86e-7,SAR,YMR076C,4932,PDS5
KOG0647,20,0.9849,6.386,8.5e-11,2.9e-7,SAR,YER107C,4932,GLE2
KOG0153,20,0.8978,6.386,8.52e-11,2.91e-7,SAR,YBR065C,4932,ECM2
KOG1087,20,0.8964,6.385,8.55e-11,2.92e-7,SAR,YDR358W,4932,GGA1
KOG1087,20,0.8964,6.385,8.55e-11,2.92e-7,SAR,YHR108W,4932,GGA2
COG5137,20,0.9838,6.384,8.6e-11,2.94e-7,SAR,YJL115W,4932,ASF1
COG0508,20,0.962,6.383,8.69e-11,2.97e-7,SAR,YDR148C,4932,KGD2
COG0508,20,0.962,6.383,8.69e-11,2.97e-7,SAR,YGR193C,4932,PDX1
COG0508,20,0.962,6.383,8.69e-11,2.97e-7,SAR,YNL071W,4932,LAT1
COG5111,20,0.9915,6.379,8.91e-11,3.04e-7,SAR,YNR003C,4932,RPC34
COG5184,20,1,6.379,8.91e-11,3.04e-7,SAR,YAL020C,4932,ATS1
COG5184,20,1,6.379,8.91e-11,3.04e-7,SAR,YGL097W,4932,SRM1
COG5184,20,1,6.379,8.91e-11,3.04e-7,SAR,YLR077W,4932,FMP25
COG0022,20,0.9596,6.378,8.96e-11,3.06e-7,SAR,YBR221C,4932,PDB1
KOG1243,20,0.9632,6.378,8.98e-11,3.07e-7,SAR,YOR112W,4932,CEX1
KOG2141,20,0.9408,6.377,9.03e-11,3.08e-7,SAR,YLR336C,4932,SGD1
KOG2641,20,0.9598,6.377,9.05e-11,3.09e-7,SAR,YKR051W,4932,YKR051W
KOG0953,20,0.9528,6.376,9.07e-11,3.1e-7,SAR,YPL029W,4932,SUV3
KOG1043,20,0.9505,6.376,9.08e-11,3.1e-7,SAR,YOL027C,4932,MDM38
KOG1043,20,0.9505,6.376,9.08e-11,3.1e-7,SAR,YPR125W,4932,YLH47
KOG0036,20,0.9271,6.375,9.16e-11,3.13e-7,SAR,YNL083W,4932,SAL1
COG5537,20,0.9357,6.375,9.17e-11,3.13e-7,SAR,YIL026C,4932,IRR1
KOG1125,20,0.9523,6.373,9.24e-11,3.16e-7,SAR,YDR244W,4932,PEX5
KOG1125,20,0.9523,6.373,9.24e-11,3.16e-7,SAR,YMR018W,4932,PEX9
KOG2055,20,0.9929,6.373,9.25e-11,3.16e-7,SAR,YJL069C,4932,UTP18
KOG3037,20,0.9035,6.373,9.29e-11,3.17e-7,SAR,YLR421C,4932,RPN13
COG5183,20,0.9887,6.372,9.34e-11,3.19e-7,SAR,YIL030C,4932,SSM4
KOG1590,20,0.8835,6.37,9.43e-11,3.22e-7,SAR,YGL080W,4932,MPC1
COG5061,20,0.9578,6.37,9.46e-11,3.23e-7,SAR,YML130C,4932,ERO1
COG5181,20,0.9855,6.369,9.5e-11,3.24e-7,SAR,YMR288W,4932,HSH155
COG0465,20,0.9683,6.366,9.69e-11,3.31e-7,SAR,YDR375C,4932,BCS1
COG0465,20,0.9683,6.366,9.69e-11,3.31e-7,SAR,YER017C,4932,AFG3
COG0465,20,0.9683,6.366,9.69e-11,3.31e-7,SAR,YMR089C,4932,YTA12
COG0465,20,0.9683,6.366,9.69e-11,3.31e-7,SAR,YPR024W,4932,YME1
COG0284,20,0.9619,6.366,9.72e-11,3.32e-7,SAR,YMR292W,4932,GOT1
COG0223,20,0.9357,6.366,9.72e-11,3.32e-7,SAR,YBL013W,4932,FMT1
KOG3818,20,0.9301,6.364,9.81e-11,3.35e-7,SAR,YPR175W,4932,DPB2
KOG0118,20,1,6.364,9.83e-11,3.35e-7,SAR,YBR119W,4932,MUD1
KOG0118,20,1,6.364,9.83e-11,3.35e-7,SAR,YBR212W,4932,NGR1
KOG0118,20,1,6.364,9.83e-11,3.35e-7,SAR,YCL011C,4932,GBP2
KOG0118,20,1,6.364,9.83e-11,3.35e-7,SAR,YDL051W,4932,LHP1
KOG0118,20,1,6.364,9.83e-11,3.35e-7,SAR,YDL209C,4932,CWC2
KOG0118,20,1,6.364,9.83e-11,3.35e-7,SAR,YDL224C,4932,WHI4
KOG0118,20,1,6.364,9.83e-11,3.35e-7,SAR,YHR086W,4932,NAM8
KOG0118,20,1,6.364,9.83e-11,3.35e-7,SAR,YML117W,4932,NAB6
KOG0118,20,1,6.364,9.83e-11,3.35e-7,SAR,YNL004W,4932,HRB1
KOG0118,20,1,6.364,9.83e-11,3.35e-7,SAR,YNL016W,4932,PUB1
KOG0118,20,1,6.364,9.83e-11,3.35e-7,SAR,YNL197C,4932,WHI3
KOG0118,20,1,6.364,9.83e-11,3.35e-7,SAR,YOL041C,4932,NOP12
KOG0118,20,1,6.364,9.83e-11,3.35e-7,SAR,YPL184C,4932,MRN1
KOG0118,20,1,6.364,9.83e-11,3.35e-7,SAR,YPL190C,4932,NAB3
KOG0118,20,1,6.364,9.83e-11,3.35e-7,SAR,YPR163C,4932,TIF3
KOG2908,20,0.9985,6.363,9.86e-11,3.37e-7,SAR,YDR427W,4932,RPN9
KOG1703,20,0.9136,6.363,9.91e-11,3.38e-7,SAR,YDL240W,4932,LRG1
KOG1703,20,0.9136,6.363,9.91e-11,3.38e-7,SAR,YKR090W,4932,PXL1
KOG1441,20,0.9298,6.362,9.95e-11,3.4e-7,SAR,YJL193W,4932,YJL193W
KOG1441,20,0.9298,6.362,9.95e-11,3.4e-7,SAR,YOR307C,4932,SLY41
KOG2798,20,0.935,6.362,9.97e-11,3.41e-7,SAR,YMR209C,4932,YMR209C
KOG2798,20,0.935,6.362,9.97e-11,3.41e-7,SAR,YNL092W,4932,YNL092W
COG5354,20,1,6.362,9.98e-11,3.41e-7,SAR,YGR054W,4932,YGR054W
COG5354,20,1,6.362,9.98e-11,3.41e-7,SAR,YOR361C,4932,PRT1
COG0224,20,0.9434,6.361,1e-10,3.41e-7,SAR,YBR039W,4932,ATP3
KOG0289,20,0.9333,6.361,1.01e-10,3.43e-7,SAR,YLL036C,4932,PRP19
KOG1446,20,0.9348,6.36,1.01e-10,3.44e-7,SAR,YKL018W,4932,SWD2
COG5241,20,0.9603,6.358,1.02e-10,3.49e-7,SAR,YML095C,4932,RAD10
COG1003,20,0.9024,6.357,1.03e-10,3.52e-7,SAR,YMR189W,4932,GCV2
COG5201,20,0.9908,6.357,1.03e-10,3.52e-7,SAR,YDR328C,4932,SKP1
COG5208,20,0.9611,6.356,1.04e-10,3.55e-7,SAR,YBR278W,4932,DPB3
COG5208,20,0.9611,6.356,1.04e-10,3.55e-7,SAR,YJL065C,4932,DLS1
COG5208,20,0.9611,6.356,1.04e-10,3.55e-7,SAR,YOR358W,4932,HAP5
COG0756,20,0.9283,6.355,1.04e-10,3.57e-7,SAR,YBR252W,4932,DUT1
COG0349,20,0.9888,6.354,1.05e-10,3.57e-7,SAR,YOR001W,4932,RRP6
COG5387,20,0.9297,6.354,1.05e-10,3.59e-7,SAR,YJL180C,4932,ATP12
KOG2581,20,0.9786,6.354,1.05e-10,3.59e-7,SAR,YER021W,4932,RPN3
COG2227,20,0.9623,6.354,1.05e-10,3.59e-7,SAR,YOL096C,4932,COQ3
KOG4155,20,0.9527,6.353,1.05e-10,3.6e-7,SAR,YDR030C,4932,RAD28
KOG4155,20,0.9527,6.353,1.05e-10,3.6e-7,SAR,YGL213C,4932,SKI8
KOG4155,20,0.9527,6.353,1.05e-10,3.6e-7,SAR,YJL112W,4932,MDV1
KOG4155,20,0.9527,6.353,1.05e-10,3.6e-7,SAR,YKR036C,4932,CAF4
KOG4155,20,0.9527,6.353,1.05e-10,3.6e-7,SAR,YNL253W,4932,TEX1
KOG2154,20,0.9856,6.352,1.06e-10,3.62e-7,SAR,YPR144C,4932,NOC4
KOG1915,20,0.9668,6.352,1.06e-10,3.63e-7,SAR,YLR117C,4932,CLF1
KOG0401,20,0.9374,6.352,1.07e-10,3.64e-7,SAR,YGL049C,4932,TIF4632
KOG0401,20,0.9374,6.352,1.07e-10,3.64e-7,SAR,YGR162W,4932,TIF4631
KOG4547,20,0.8699,6.352,1.07e-10,3.64e-7,SAR,YDR398W,4932,UTP5
COG0501,20,0.9878,6.351,1.07e-10,3.66e-7,SAR,YJR117W,4932,STE24
COG0501,20,0.9878,6.351,1.07e-10,3.66e-7,SAR,YKR087C,4932,OMA1
COG5038,20,0.959,6.351,1.07e-10,3.66e-7,SAR,YML072C,4932,TCB3
COG5038,20,0.959,6.351,1.07e-10,3.66e-7,SAR,YNL087W,4932,TCB2
COG5038,20,0.959,6.351,1.07e-10,3.66e-7,SAR,YOR086C,4932,TCB1
COG1341,20,0.974,6.35,1.07e-10,3.67e-7,SAR,YLL035W,4932,GRC3
COG0659,20,0.9377,6.35,1.08e-10,3.68e-7,SAR,YBR294W,4932,SUL1
COG0659,20,0.9377,6.35,1.08e-10,3.68e-7,SAR,YGR125W,4932,YGR125W
COG0659,20,0.9377,6.35,1.08e-10,3.68e-7,SAR,YLR092W,4932,SUL2
COG0659,20,0.9377,6.35,1.08e-10,3.68e-7,SAR,YPR003C,4932,YPR003C
COG1053,20,0.9544,6.35,1.08e-10,3.68e-7,SAR,YEL047C,4932,FRD1
COG1053,20,0.9544,6.35,1.08e-10,3.68e-7,SAR,YJL045W,4932,YJL045W
COG1053,20,0.9544,6.35,1.08e-10,3.68e-7,SAR,YJR051W,4932,OSM1
COG1053,20,0.9544,6.35,1.08e-10,3.68e-7,SAR,YKL148C,4932,SDH1
KOG1127,20,0.8759,6.35,1.08e-10,3.69e-7,SAR,YPR189W,4932,SKI3
COG0499,20,0.9982,6.349,1.08e-10,3.69e-7,SAR,YER043C,4932,SAH1
COG0331,20,0.9432,6.349,1.08e-10,3.7e-7,SAR,YKL182W,4932,FAS1
COG0331,20,0.9432,6.349,1.08e-10,3.7e-7,SAR,YOR221C,4932,MCT1
COG0331,20,0.9432,6.349,1.08e-10,3.7e-7,SAR,YPL231W,4932,FAS2
COG5531,20,0.9073,6.349,1.09e-10,3.7e-7,SAR,YCR052W,4932,RSC6
COG5531,20,0.9073,6.349,1.09e-10,3.7e-7,SAR,YMR233W,4932,TRI1
COG5531,20,0.9073,6.349,1.09e-10,3.7e-7,SAR,YNR023W,4932,SNF12
COG5531,20,0.9073,6.349,1.09e-10,3.7e-7,SAR,YOR295W,4932,UAF30
KOG2397,20,0.9683,6.349,1.09e-10,3.71e-7,SAR,YDR221W,4932,GTB1
KOG1620,20,0.9936,6.348,1.09e-10,3.73e-7,SAR,YDR017C,4932,KCS1
KOG1620,20,0.9936,6.348,1.09e-10,3.73e-7,SAR,YDR173C,4932,ARG82
COG0421,20,0.932,6.347,1.1e-10,3.75e-7,SAR,YLR146C,4932,SPE4
COG0421,20,0.932,6.347,1.1e-10,3.75e-7,SAR,YPR069C,4932,SPE3
KOG2769,20,0.9023,6.346,1.1e-10,3.77e-7,SAR,YDR473C,4932,PRP3
KOG1363,20,0.9783,6.345,1.11e-10,3.79e-7,SAR,YDL091C,4932,UBX3
KOG1363,20,0.9783,6.345,1.11e-10,3.79e-7,SAR,YML013W,4932,UBX2
KOG3077,20,0.8757,6.344,1.12e-10,3.81e-7,SAR,YLR128W,4932,DCN1
KOG0812,20,0.9865,6.344,1.12e-10,3.82e-7,SAR,YLR026C,4932,SED5
KOG3060,20,0.9186,6.344,1.12e-10,3.83e-7,SAR,YJR088C,4932,EMC2
COG0408,20,0.9223,6.343,1.13e-10,3.85e-7,SAR,YDR044W,4932,HEM13
COG0654,20,0.9608,6.343,1.13e-10,3.85e-7,SAR,YBL098W,4932,BNA4
COG0654,20,0.9608,6.343,1.13e-10,3.85e-7,SAR,YGR175C,4932,ERG1
COG0654,20,0.9608,6.343,1.13e-10,3.85e-7,SAR,YGR255C,4932,COQ6
KOG4206,20,0.9332,6.34,1.15e-10,3.91e-7,SAR,YIR009W,4932,MSL1
KOG2864,20,0.9279,6.34,1.15e-10,3.92e-7,SAR,YBL020W,4932,RFT1
KOG2760,20,0.9683,6.34,1.15e-10,3.93e-7,SAR,YLR417W,4932,VPS36
KOG2490,20,0.9298,6.337,1.17e-10,3.99e-7,SAR,YER140W,4932,EMP65
KOG0416,20,0.9413,6.336,1.18e-10,4.01e-7,SAR,YEL012W,4932,UBC8
KOG2444,20,0.9822,6.336,1.18e-10,4.02e-7,SAR,YPR169W,4932,JIP5
COG1390,20,0.9979,6.336,1.18e-10,4.03e-7,SAR,YOR332W,4932,VMA4
COG0790,20,0.9985,6.335,1.18e-10,4.04e-7,SAR,YBL061C,4932,SKT5
COG0790,20,0.9985,6.335,1.18e-10,4.04e-7,SAR,YDL203C,4932,ACK1
COG0790,20,0.9985,6.335,1.18e-10,4.04e-7,SAR,YER096W,4932,SHC1
COG0790,20,0.9985,6.335,1.18e-10,4.04e-7,SAR,YLR207W,4932,HRD3
COG5142,20,0.9626,6.335,1.19e-10,4.05e-7,SAR,YPL196W,4932,OXR1
KOG1782,20,0.885,6.335,1.19e-10,4.05e-7,SAR,YJL124C,4932,LSM1
KOG1874,20,0.9161,6.334,1.19e-10,4.07e-7,SAR,YNL139C,4932,THO2
COG5176,20,0.983,6.334,1.19e-10,4.08e-7,SAR,YLR116W,4932,MSL5
KOG1274,20,0.946,6.332,1.21e-10,4.13e-7,SAR,YPR135W,4932,CTF4
COG0271,20,0.9564,6.33,1.22e-10,4.17e-7,SAR,YAL044W-A,4932,BOL1
COG0271,20,0.9564,6.33,1.22e-10,4.17e-7,SAR,YAL046C,4932,BOL3
COG0271,20,0.9564,6.33,1.22e-10,4.17e-7,SAR,YGL220W,4932,BOL2
COG2240,20,0.9391,6.33,1.23e-10,4.2e-7,SAR,YEL029C,4932,BUD16
COG2240,20,0.9391,6.33,1.23e-10,4.2e-7,SAR,YNR027W,4932,BUD17
KOG2740,20,0.9679,6.329,1.23e-10,4.21e-7,SAR,YBR288C,4932,APM3
KOG3499,20,0.9593,6.327,1.25e-10,4.25e-7,SAR,YLR325C,4932,RPL38
COG1413,20,0.9575,6.327,1.25e-10,4.26e-7,SAR,YJR070C,4932,LIA1
KOG1076,20,0.9936,6.327,1.25e-10,4.27e-7,SAR,YMR309C,4932,NIP1
COG5539,20,0.9964,6.325,1.27e-10,4.33e-7,SAR,YFL044C,4932,OTU1
COG5539,20,0.9964,6.325,1.27e-10,4.33e-7,SAR,YHL013C,4932,OTU2
COG5214,20,0.9024,6.325,1.27e-10,4.33e-7,SAR,YBL035C,4932,POL12
COG5596,20,0.9096,6.323,1.28e-10,4.38e-7,SAR,YDL217C,4932,TIM22
COG5596,20,0.9096,6.323,1.28e-10,4.38e-7,SAR,YJL143W,4932,TIM17
COG5596,20,0.9096,6.323,1.28e-10,4.38e-7,SAR,YNR017W,4932,TIM23
COG0445,20,0.9988,6.323,1.29e-10,4.39e-7,SAR,YAL042W,4932,ERV46
COG0445,20,0.9988,6.323,1.29e-10,4.39e-7,SAR,YGL236C,4932,MTO1
COG0445,20,0.9988,6.323,1.29e-10,4.39e-7,SAR,YML067C,4932,ERV41
COG1218,20,0.9663,6.322,1.29e-10,4.4e-7,SAR,YOL064C,4932,MET22
COG0706,20,0.9574,6.322,1.29e-10,4.4e-7,SAR,YER154W,4932,OXA1
COG0706,20,0.9574,6.322,1.29e-10,4.4e-7,SAR,YGR062C,4932,COX18
KOG3071,20,0.9491,6.322,1.29e-10,4.41e-7,SAR,YCR034W,4932,ELO2
KOG3071,20,0.9491,6.322,1.29e-10,4.41e-7,SAR,YJL196C,4932,ELO1
KOG3071,20,0.9491,6.322,1.29e-10,4.41e-7,SAR,YLR372W,4932,ELO3
KOG2837,20,0.9545,6.322,1.29e-10,4.41e-7,SAR,YOR077W,4932,RTS2
COG0705,20,0.9402,6.321,1.3e-10,4.43e-7,SAR,YGR101W,4932,PCP1
KOG0764,20,0.9546,6.321,1.3e-10,4.44e-7,SAR,YEL006W,4932,YEA6
KOG0764,20,0.9546,6.321,1.3e-10,4.44e-7,SAR,YIL006W,4932,YIA6
KOG0764,20,0.9546,6.321,1.3e-10,4.44e-7,SAR,YIL134W,4932,FLX1
COG0028,20,0.8822,6.32,1.3100000000000001e-10,4.47e-7,SAR,YEL020C,4932,PXP1
COG0028,20,0.8822,6.32,1.3100000000000001e-10,4.47e-7,SAR,YMR108W,4932,ILV2
COG0318,20,0.9558,6.319,1.32e-10,4.5e-7,SAR,YBR222C,4932,PCS60
COG0318,20,0.9558,6.319,1.32e-10,4.5e-7,SAR,YOR093C,4932,CMR2
KOG0749,20,0.9584,6.318,1.32e-10,4.51e-7,SAR,YBL030C,4932,PET9
KOG0749,20,0.9584,6.318,1.32e-10,4.51e-7,SAR,YBR085W,4932,AAC3
KOG0749,20,0.9584,6.318,1.32e-10,4.51e-7,SAR,YMR056C,4932,AAC1
KOG3133,20,0.8555,6.317,1.33e-10,4.56e-7,SAR,YDL065C,4932,PEX19
KOG1110,20,0.9401,6.317,1.34e-10,4.56e-7,SAR,YPL170W,4932,DAP1
KOG3277,20,0.8945,6.315,1.35e-10,4.6e-7,SAR,YNL310C,4932,ZIM17
KOG3228,20,0.8878,6.315,1.35e-10,4.61e-7,SAR,YDR163W,4932,CWC15
KOG3038,20,0.8365,6.315,1.35e-10,4.62e-7,SAR,YCL010C,4932,SGF29
KOG3080,20,0.9479,6.315,1.35e-10,4.62e-7,SAR,YKL172W,4932,EBP2
KOG2773,20,0.8873,6.315,1.35e-10,4.63e-7,SAR,YDR299W,4932,BFR2
KOG0279,20,0.9915,6.315,1.36e-10,4.63e-7,SAR,YMR116C,4932,ASC1
COG0355,20,0.9349,6.313,1.37e-10,4.68e-7,SAR,YDL004W,4932,ATP16
COG0723,20,0.9577,6.311,1.38e-10,4.72e-7,SAR,YEL024W,4932,RIP1
COG0109,20,0.9565,6.311,1.38e-10,4.72e-7,SAR,YPL172C,4932,COX10
COG0222,20,0.946,6.311,1.39e-10,4.74e-7,SAR,YGL068W,4932,MNP1
COG1048,20,0.9538,6.309,1.41e-10,4.8e-7,SAR,YDR234W,4932,LYS4
COG1048,20,0.9538,6.309,1.41e-10,4.8e-7,SAR,YJL200C,4932,ACO2
COG1048,20,0.9538,6.309,1.41e-10,4.8e-7,SAR,YLR304C,4932,ACO1
COG5647,20,1,6.308,1.41e-10,4.81e-7,SAR,YDL132W,4932,CDC53
COG5647,20,1,6.308,1.41e-10,4.81e-7,SAR,YGR003W,4932,CUL3
COG5647,20,1,6.308,1.41e-10,4.81e-7,SAR,YJL047C,4932,RTT101
COG0207,20,0.8941,6.307,1.42e-10,4.85e-7,SAR,YOR074C,4932,CDC21
COG0685,20,0.9251,6.307,1.42e-10,4.85e-7,SAR,YGL125W,4932,MET13
COG0685,20,0.9251,6.307,1.42e-10,4.85e-7,SAR,YKR066C,4932,CCP1
COG0685,20,0.9251,6.307,1.42e-10,4.85e-7,SAR,YPL023C,4932,MET12
KOG1879,20,0.9621,6.307,1.42e-10,4.86e-7,SAR,YOR336W,4932,KRE5
COG5097,20,0.8611,6.307,1.43e-10,4.87e-7,SAR,YHR058C,4932,MED6
COG1400,20,0.9766,6.305,1.44e-10,4.93e-7,SAR,YML105C,4932,SEC65
COG0519,20,0.9543,6.303,1.46e-10,4.97e-7,SAR,YMR217W,4932,GUA1
COG2443,20,0.9028,6.302,1.47e-10,5.03e-7,SAR,YDR086C,4932,SSS1
COG4901,20,0.9792,6.301,1.48e-10,5.05e-7,SAR,YGR027C,4932,RPS25A
COG4901,20,0.9792,6.301,1.48e-10,5.05e-7,SAR,YLR333C,4932,RPS25B
COG0119,20,0.899,6.301,1.48e-10,5.06e-7,SAR,YDL131W,4932,LYS21
COG0119,20,0.899,6.301,1.48e-10,5.06e-7,SAR,YDL182W,4932,LYS20
COG0119,20,0.899,6.301,1.48e-10,5.06e-7,SAR,YNL104C,4932,LEU4
COG0119,20,0.899,6.301,1.48e-10,5.06e-7,SAR,YOR108W,4932,LEU9
KOG3208,20,0.9123,6.3,1.48e-10,5.06e-7,SAR,YHL031C,4932,GOS1
COG1928,20,0.9347,6.3,1.48e-10,5.07e-7,SAR,YAL023C,4932,PMT2
COG1928,20,0.9347,6.3,1.48e-10,5.07e-7,SAR,YDL093W,4932,PMT5
COG1928,20,0.9347,6.3,1.48e-10,5.07e-7,SAR,YDL095W,4932,PMT1
COG1928,20,0.9347,6.3,1.48e-10,5.07e-7,SAR,YDR307W,4932,PMT7
COG1928,20,0.9347,6.3,1.48e-10,5.07e-7,SAR,YGR199W,4932,PMT6
COG1928,20,0.9347,6.3,1.48e-10,5.07e-7,SAR,YJR143C,4932,PMT4
COG1928,20,0.9347,6.3,1.48e-10,5.07e-7,SAR,YOR321W,4932,PMT3
KOG3372,20,0.9438,6.3,1.49e-10,5.09e-7,SAR,YLR066W,4932,SPC3
KOG2031,20,0.9432,6.299,1.5e-10,5.12e-7,SAR,YBR223C,4932,TDP1
COG5197,20,0.9687,6.297,1.51e-10,5.17e-7,SAR,YNL263C,4932,YIF1
COG0154,20,0.9241,6.296,1.53e-10,5.21e-7,SAR,YBR208C,4932,"DUR1,2"
COG0154,20,0.9241,6.296,1.53e-10,5.21e-7,SAR,YDR242W,4932,AMD2
COG0154,20,0.9241,6.296,1.53e-10,5.21e-7,SAR,YMR293C,4932,HER2
COG0398,20,0.9855,6.295,1.54e-10,5.24e-7,SAR,YKR088C,4932,TVP38
KOG3482,20,0.9651,6.295,1.54e-10,5.25e-7,SAR,YPR182W,4932,SMX3
KOG0826,20,0.9048,6.295,1.54e-10,5.25e-7,SAR,YMR026C,4932,PEX12
KOG3117,20,0.9448,6.293,1.56e-10,5.31e-7,SAR,YER127W,4932,LCP5
COG5165,20,0.991,6.292,1.56e-10,5.34e-7,SAR,YML069W,4932,POB3
KOG1104,20,0.8839,6.292,1.57e-10,5.36e-7,SAR,YMR125W,4932,STO1
COG5169,20,0.9009,6.291,1.57e-10,5.38e-7,SAR,YGL073W,4932,HSF1
COG5169,20,0.9009,6.291,1.57e-10,5.38e-7,SAR,YGR249W,4932,MGA1
COG5169,20,0.9009,6.291,1.57e-10,5.38e-7,SAR,YHR206W,4932,SKN7
COG5169,20,0.9009,6.291,1.57e-10,5.38e-7,SAR,YJR147W,4932,HMS2
COG5169,20,0.9009,6.291,1.57e-10,5.38e-7,SAR,YOR140W,4932,SFL1
COG0702,20,0.9487,6.291,1.58e-10,5.38e-7,SAR,YER004W,4932,FMP52
COG0702,20,0.9487,6.291,1.58e-10,5.38e-7,SAR,YLR290C,4932,COQ11
COG0702,20,0.9487,6.291,1.58e-10,5.38e-7,SAR,YMR090W,4932,YMR090W
KOG1210,20,0.9846,6.29,1.59e-10,5.43e-7,SAR,YBR265W,4932,TSC10
KOG3188,20,0.9392,6.289,1.6e-10,5.46e-7,SAR,YKL207W,4932,EMC3
COG2086,20,0.9074,6.287,1.62e-10,5.52e-7,SAR,YGR207C,4932,CIR1
KOG1092,20,0.9943,6.287,1.62e-10,5.52e-7,SAR,YOR070C,4932,GYP1
KOG0396,20,0.8971,6.285,1.64e-10,5.58e-7,SAR,YIL097W,4932,FYV10
COG0234,20,0.9491,6.285,1.64e-10,5.61e-7,SAR,YOR020C,4932,HSP10
KOG4018,20,0.8871,6.284,1.65e-10,5.63e-7,SAR,YDR152W,4932,GIR2
COG5216,20,0.9235,6.283,1.66e-10,5.66e-7,SAR,YBL071W-A,4932,KTI11
KOG1088,20,0.9772,6.283,1.66e-10,5.66e-7,SAR,YNR046W,4932,TRM112
KOG2516,20,0.8599,6.282,1.67e-10,5.71e-7,SAR,YNR030W,4932,ALG12
COG5259,20,0.9533,6.281,1.68e-10,5.73e-7,SAR,YFR037C,4932,RSC8
COG5259,20,0.9533,6.281,1.68e-10,5.73e-7,SAR,YJL176C,4932,SWI3
COG0182,20,0.8763,6.281,1.68e-10,5.73e-7,SAR,YPR118W,4932,MRI1
KOG2280,20,0.9313,6.281,1.68e-10,5.74e-7,SAR,YPL045W,4932,VPS16
COG5125,20,0.8985,6.281,1.68e-10,5.75e-7,SAR,YDL105W,4932,NSE4
COG0176,20,0.9071,6.28,1.69e-10,5.77e-7,SAR,YGR043C,4932,NQM1
COG0176,20,0.9071,6.28,1.69e-10,5.77e-7,SAR,YLR354C,4932,TAL1
KOG4197,20,0.9497,6.279,1.7e-10,5.82e-7,SAR,YLR067C,4932,PET309
COG1932,20,0.8886,6.278,1.71e-10,5.84e-7,SAR,YOR184W,4932,SER1
COG1272,20,0.9717,6.278,1.71e-10,5.84e-7,SAR,YDR492W,4932,IZH1
COG1272,20,0.9717,6.278,1.71e-10,5.84e-7,SAR,YLR023C,4932,IZH3
COG1272,20,0.9717,6.278,1.71e-10,5.84e-7,SAR,YOL002C,4932,IZH2
COG1272,20,0.9717,6.278,1.71e-10,5.84e-7,SAR,YOL101C,4932,IZH4
COG1603,20,0.9192,6.278,1.71e-10,5.84e-7,SAR,YHR062C,4932,RPP1
COG0452,20,0.9985,6.278,1.71e-10,5.84e-7,SAR,YIL083C,4932,CAB2
COG0452,20,0.9985,6.278,1.71e-10,5.84e-7,SAR,YKL088W,4932,CAB3
COG0452,20,0.9985,6.278,1.71e-10,5.84e-7,SAR,YKR072C,4932,SIS2
COG0452,20,0.9985,6.278,1.71e-10,5.84e-7,SAR,YOR054C,4932,VHS3
KOG1064,20,0.987,6.277,1.72e-10,5.88e-7,SAR,YJR033C,4932,RAV1
COG5164,20,0.9762,6.275,1.75e-10,5.99e-7,SAR,YML010W,4932,SPT5
COG5230,20,0.9023,6.274,1.76e-10,6.01e-7,SAR,YDR013W,4932,PSF1
COG0055,20,0.9608,6.274,1.76e-10,6.02e-7,SAR,YJR119C,4932,JHD2
COG0055,20,0.9608,6.274,1.76e-10,6.02e-7,SAR,YJR121W,4932,ATP2
COG0055,20,0.9608,6.274,1.76e-10,6.02e-7,SAR,YMR176W,4932,ECM5
COG5407,20,0.9754,6.273,1.77e-10,6.03e-7,SAR,YOR254C,4932,SEC63
COG0346,20,0.8676,6.273,1.77e-10,6.03e-7,SAR,YML004C,4932,GLO1
COG5131,20,0.9182,6.273,1.77e-10,6.04e-7,SAR,YIL008W,4932,URM1
KOG2047,20,0.9542,6.273,1.77e-10,6.04e-7,SAR,YDR416W,4932,SYF1
KOG3445,20,0.8224,6.272,1.78e-10,6.07e-7,SAR,YPR100W,4932,MRPL51
COG0604,20,0.9487,6.272,1.79e-10,6.1e-7,SAR,YBL068W-A,4932,YBL068W-A
COG0604,20,0.9487,6.272,1.79e-10,6.1e-7,SAR,YBL069W,4932,AST1
COG0604,20,0.9487,6.272,1.79e-10,6.1e-7,SAR,YBR026C,4932,ETR1
COG0604,20,0.9487,6.272,1.79e-10,6.1e-7,SAR,YBR046C,4932,ZTA1
COG0604,20,0.9487,6.272,1.79e-10,6.1e-7,SAR,YCR102C,4932,YCR102C
COG0604,20,0.9487,6.272,1.79e-10,6.1e-7,SAR,YER101C,4932,AST2
COG0604,20,0.9487,6.272,1.79e-10,6.1e-7,SAR,YLR460C,4932,YLR460C
COG0604,20,0.9487,6.272,1.79e-10,6.1e-7,SAR,YMR152W,4932,YIM1
COG0604,20,0.9487,6.272,1.79e-10,6.1e-7,SAR,YNL134C,4932,YNL134C
COG5031,20,0.9189,6.269,1.81e-10,6.19e-7,SAR,YDR204W,4932,COQ4
KOG0804,20,0.9545,6.269,1.82e-10,6.2e-7,SAR,YHL010C,4932,ETP1
COG5543,20,0.8432,6.268,1.83e-10,6.23e-7,SAR,YMR259C,4932,TRM732
COG0571,20,0.8987,6.267,1.84e-10,6.27e-7,SAR,YMR024W,4932,MRPL3
COG0571,20,0.8987,6.267,1.84e-10,6.27e-7,SAR,YMR239C,4932,RNT1
COG2857,20,0.9547,6.266,1.85e-10,6.31e-7,SAR,YOR065W,4932,CYT1
COG0285,20,0.9653,6.266,1.85e-10,6.33e-7,SAR,YKL132C,4932,RMA1
COG0285,20,0.9653,6.266,1.85e-10,6.33e-7,SAR,YMR113W,4932,FOL3
COG0285,20,0.9653,6.266,1.85e-10,6.33e-7,SAR,YOR241W,4932,MET7
COG0576,20,0.96,6.266,1.86e-10,6.34e-7,SAR,YOR232W,4932,MGE1
KOG1477,20,0.9857,6.263,1.88e-10,6.43e-7,SAR,YGL227W,4932,VID30
KOG1477,20,0.9857,6.263,1.88e-10,6.43e-7,SAR,YKL124W,4932,SSH4
KOG1477,20,0.9857,6.263,1.88e-10,6.43e-7,SAR,YMR171C,4932,EAR1
KOG1851,20,0.835,6.263,1.89e-10,6.46e-7,SAR,YFL007W,4932,BLM10
COG0466,20,0.9094,6.263,1.89e-10,6.46e-7,SAR,YBL022C,4932,PIM1
COG0170,20,0.9909,6.261,1.91e-10,6.53e-7,SAR,YMR013C,4932,SEC59
COG0170,20,0.9909,6.261,1.91e-10,6.53e-7,SAR,YOR311C,4932,DGK1
KOG2429,20,0.8238,6.26,1.92e-10,6.56e-7,SAR,YHR204W,4932,MNL1
KOG3195,20,0.9591,6.258,1.95e-10,6.66e-7,SAR,YDR084C,4932,TVP23
COG0031,20,0.9815,6.257,1.96e-10,6.68e-7,SAR,YGR012W,4932,MCY1
COG0031,20,0.9815,6.257,1.96e-10,6.68e-7,SAR,YGR155W,4932,CYS4
KOG1963,20,0.9452,6.256,1.97e-10,6.73e-7,SAR,YPL126W,4932,NAN1
KOG1156,20,1,6.256,1.97e-10,6.74e-7,SAR,YDL040C,4932,NAT1
COG5202,20,0.9056,6.256,1.97e-10,6.74e-7,SAR,YOR175C,4932,ALE1
KOG1938,20,0.9227,6.256,1.98e-10,6.75e-7,SAR,YDR108W,4932,TRS85
COG0033,20,0.9668,6.255,1.98e-10,6.78e-7,SAR,YKL127W,4932,PGM1
COG0033,20,0.9668,6.255,1.98e-10,6.78e-7,SAR,YMR105C,4932,PGM2
KOG1922,20,0.9745,6.253,2.01e-10,6.86e-7,SAR,YIL159W,4932,BNR1
KOG1922,20,0.9745,6.253,2.01e-10,6.86e-7,SAR,YNL271C,4932,BNI1
COG5095,20,0.9423,6.253,2.01e-10,6.88e-7,SAR,YGL112C,4932,TAF6
COG0015,20,0.9647,6.253,2.01e-10,6.88e-7,SAR,YLR359W,4932,ADE13
COG0475,20,0.7774,6.253,2.02e-10,6.88e-7,SAR,YJL094C,4932,KHA1
KOG0009,20,0.8545,6.251,2.04e-10,6.96e-7,SAR,YLR287C-A,4932,RPS30A
KOG0009,20,0.8545,6.251,2.04e-10,6.96e-7,SAR,YOR182C,4932,RPS30B
COG0538,20,0.9436,6.25,2.05e-10,7e-7,SAR,YDL066W,4932,IDP1
COG0538,20,0.9436,6.25,2.05e-10,7e-7,SAR,YLR174W,4932,IDP2
COG0538,20,0.9436,6.25,2.05e-10,7e-7,SAR,YNL009W,4932,IDP3
KOG3331,20,0.9092,6.248,2.08e-10,7.09e-7,SAR,YLR439W,4932,MRPL4
KOG0126,20,0.9573,6.247,2.1e-10,7.15e-7,SAR,YIR005W,4932,IST3
COG5182,20,0.9963,6.246,2.1e-10,7.17e-7,SAR,YMR240C,4932,CUS1
KOG0894,20,0.9242,6.246,2.11e-10,7.2e-7,SAR,YER100W,4932,UBC6
COG5152,20,0.9154,6.245,2.12e-10,7.24e-7,SAR,YLR323C,4932,CWC24
KOG2604,20,0.9462,6.244,2.14e-10,7.3e-7,SAR,YER157W,4932,COG3
KOG2696,20,0.9325,6.243,2.14e-10,7.31e-7,SAR,YPL001W,4932,HAT1
COG1723,20,0.9474,6.243,2.14e-10,7.31e-7,SAR,YDL001W,4932,RMD1
COG1723,20,0.9474,6.243,2.14e-10,7.31e-7,SAR,YDR282C,4932,MRX10
COG1723,20,0.9474,6.243,2.14e-10,7.31e-7,SAR,YFR048W,4932,RMD8
KOG2863,20,0.9827,6.242,2.17e-10,7.4e-7,SAR,YKL149C,4932,DBR1
COG0151,20,0.8572,6.241,2.17e-10,7.41e-7,SAR,YGL234W,4932,"ADE5,7"
COG0498,20,0.8503,6.241,2.17e-10,7.42e-7,SAR,YCR053W,4932,THR4
COG0179,20,0.9088,6.241,2.18e-10,7.44e-7,SAR,YNL168C,4932,FMP41
COG5636,20,0.9583,6.24,2.18e-10,7.45e-7,SAR,YKR071C,4932,DRE2
KOG1848,20,0.9136,6.24,2.19e-10,7.47e-7,SAR,YNL297C,4932,MON2
COG4888,20,0.855,6.24,2.19e-10,7.49e-7,SAR,YKL160W,4932,ELF1
COG5180,20,0.9172,6.24,2.19e-10,7.49e-7,SAR,YGR178C,4932,PBP1
KOG2445,20,0.9219,6.239,2.21e-10,7.54e-7,SAR,YGL100W,4932,SEH1
COG1748,20,0.8688,6.238,2.21e-10,7.55e-7,SAR,YIR034C,4932,LYS1
COG1748,20,0.8688,6.238,2.21e-10,7.55e-7,SAR,YNR050C,4932,LYS9
KOG0120,20,0.9769,6.238,2.21e-10,7.55e-7,SAR,YKL074C,4932,MUD2
COG0642,20,0.9484,6.237,2.23e-10,7.62e-7,SAR,YGL059W,4932,PKP2
COG0642,20,0.9484,6.237,2.23e-10,7.62e-7,SAR,YHR206W,4932,SKN7
COG0642,20,0.9484,6.237,2.23e-10,7.62e-7,SAR,YIL042C,4932,PKP1
COG0642,20,0.9484,6.237,2.23e-10,7.62e-7,SAR,YIL147C,4932,SLN1
COG0642,20,0.9484,6.237,2.23e-10,7.62e-7,SAR,YLR006C,4932,SSK1
KOG3758,20,0.8972,6.237,2.23e-10,7.63e-7,SAR,YNL041C,4932,COG6
KOG1869,20,0.8609,6.235,2.26e-10,7.71e-7,SAR,YDR482C,4932,CWC21
COG2124,20,0.9421,6.235,2.26e-10,7.72e-7,SAR,YDR402C,4932,DIT2
COG2124,20,0.9421,6.235,2.26e-10,7.72e-7,SAR,YHR007C,4932,ERG11
COG2124,20,0.9421,6.235,2.26e-10,7.72e-7,SAR,YMR015C,4932,ERG5
KOG0767,20,0.9608,6.234,2.27e-10,7.76e-7,SAR,YER053C,4932,PIC2
KOG0767,20,0.9608,6.234,2.27e-10,7.76e-7,SAR,YJR077C,4932,MIR1
COG5179,20,0.9463,6.234,2.28e-10,7.77e-7,SAR,YGR274C,4932,TAF1
KOG1073,20,0.9391,6.234,2.28e-10,7.78e-7,SAR,YPR129W,4932,SCD6
COG0112,20,0.9617,6.232,2.3e-10,7.85e-7,SAR,YBR263W,4932,SHM1
COG0112,20,0.9617,6.232,2.3e-10,7.85e-7,SAR,YLR058C,4932,SHM2
COG0536,20,0.9375,6.232,2.31e-10,7.88e-7,SAR,YHR168W,4932,MTG2
KOG3091,20,0.8853,6.23,2.33e-10,7.95e-7,SAR,YGR119C,4932,NUP57
COG1096,20,0.904,6.23,2.33e-10,7.96e-7,SAR,YNL232W,4932,CSL4
KOG1656,20,0.9605,6.229,2.34e-10,8e-7,SAR,YLR025W,4932,SNF7
COG5093,20,0.9638,6.229,2.34e-10,8e-7,SAR,YJL072C,4932,PSF2
KOG0121,20,0.9826,6.228,2.36e-10,8.06e-7,SAR,YPL178W,4932,CBC2
COG1965,20,0.8859,6.227,2.37e-10,8.11e-7,SAR,YDL120W,4932,YFH1
KOG2053,20,0.8574,6.226,2.39e-10,8.17e-7,SAR,YOL076W,4932,MDM20
KOG2240,20,0.9374,6.226,2.39e-10,8.17e-7,SAR,YDR252W,4932,BTT1
KOG2240,20,0.9374,6.226,2.39e-10,8.17e-7,SAR,YPL037C,4932,EGD1
COG5215,20,0.9712,6.226,2.4e-10,8.19e-7,SAR,YLR347C,4932,KAP95
KOG2587,20,0.8731,6.225,2.41e-10,8.22e-7,SAR,YPR190C,4932,RPC82
COG0104,20,0.957,6.225,2.41e-10,8.23e-7,SAR,YNL220W,4932,ADE12
KOG1140,20,0.9466,6.224,2.42e-10,8.25e-7,SAR,YGR184C,4932,UBR1
KOG1140,20,0.9466,6.224,2.42e-10,8.25e-7,SAR,YLR024C,4932,UBR2
COG0095,20,0.9641,6.224,2.42e-10,8.25e-7,SAR,YJL046W,4932,AIM22
KOG0128,20,0.8347,6.223,2.43e-10,8.3e-7,SAR,YMR268C,4932,PRP24
KOG2376,20,0.899,6.223,2.44e-10,8.32e-7,SAR,YPL210C,4932,SRP72
COG5160,20,0.9988,6.222,2.45e-10,8.36e-7,SAR,YIL031W,4932,ULP2
COG5160,20,0.9988,6.222,2.45e-10,8.36e-7,SAR,YPL020C,4932,ULP1
COG1111,20,0.8689,6.222,2.46e-10,8.4e-7,SAR,YIR002C,4932,MPH1
COG2267,20,0.9272,6.222,2.46e-10,8.41e-7,SAR,YKL094W,4932,YJU3
COG4281,20,0.9649,6.22,2.49e-10,8.49e-7,SAR,YGR037C,4932,ACB1
KOG0280,20,0.9342,6.218,2.52e-10,8.6e-7,SAR,YBR246W,4932,RRT2
COG0262,20,0.9485,6.217,2.53e-10,8.64e-7,SAR,YOR236W,4932,DFR1
KOG0788,20,0.9147,6.217,2.54e-10,8.66e-7,SAR,YOL052C,4932,SPE2
KOG2515,20,0.9102,6.216,2.55e-10,8.71e-7,SAR,YNL219C,4932,ALG9
KOG1878,20,0.9051,6.216,2.55e-10,8.72e-7,SAR,YCR033W,4932,SNT1
COG0692,20,0.9877,6.216,2.56e-10,8.73e-7,SAR,YML021C,4932,UNG1
COG4775,20,0.868,6.215,2.57e-10,8.76e-7,SAR,YNL026W,4932,SAM50
COG0203,20,0.903,6.215,2.57e-10,8.76e-7,SAR,YJL063C,4932,MRPL8
COG0481,20,0.9497,6.215,2.57e-10,8.77e-7,SAR,YLR289W,4932,GUF1
KOG0800,20,1,6.214,2.58e-10,8.82e-7,SAR,YBR062C,4932,YBR062C
KOG0800,20,1,6.214,2.58e-10,8.82e-7,SAR,YPR093C,4932,ASR1
COG0235,20,0.8878,6.213,2.6e-10,8.87e-7,SAR,YJR024C,4932,MDE1
KOG2074,20,0.8398,6.213,2.6e-10,8.88e-7,SAR,YDR311W,4932,TFB1
COG0138,20,0.8611,6.213,2.6e-10,8.88e-7,SAR,YLR028C,4932,ADE16
COG0138,20,0.8611,6.213,2.6e-10,8.88e-7,SAR,YMR120C,4932,ADE17
KOG1871,20,0.9377,6.212,2.6200000000000003e-10,8.94e-7,SAR,YER151C,4932,UBP3
KOG2168,20,0.8677,6.212,2.6200000000000003e-10,8.95e-7,SAR,YFR002W,4932,NIC96
COG3000,20,0.9365,6.211,2.64e-10,9e-7,SAR,YDR297W,4932,SUR2
COG3000,20,0.9365,6.211,2.64e-10,9e-7,SAR,YGR060W,4932,ERG25
COG3000,20,0.9365,6.211,2.64e-10,9e-7,SAR,YLR056W,4932,ERG3
COG3000,20,0.9365,6.211,2.64e-10,9e-7,SAR,YMR272C,4932,SCS7
COG5109,20,0.8929,6.211,2.64e-10,9.01e-7,SAR,YDR255C,4932,RMD5
COG0461,20,0.9542,6.21,2.64e-10,9.02e-7,SAR,YEL021W,4932,URA3
COG0461,20,0.9542,6.21,2.64e-10,9.02e-7,SAR,YML106W,4932,URA5
COG0461,20,0.9542,6.21,2.64e-10,9.02e-7,SAR,YMR271C,4932,URA10
COG5290,20,0.8974,6.21,2.66e-10,9.07e-7,SAR,YLR384C,4932,IKI3
KOG1944,20,0.8772,6.209,2.67e-10,9.12e-7,SAR,YLR251W,4932,SYM1
KOG1944,20,0.8772,6.209,2.67e-10,9.12e-7,SAR,YOR292C,4932,YOR292C
COG0695,20,0.9592,6.207,2.7e-10,9.22e-7,SAR,YBR014C,4932,GRX7
COG0695,20,0.9592,6.207,2.7e-10,9.22e-7,SAR,YCL035C,4932,GRX1
COG0695,20,0.9592,6.207,2.7e-10,9.22e-7,SAR,YDL010W,4932,GRX6
COG0695,20,0.9592,6.207,2.7e-10,9.22e-7,SAR,YDR513W,4932,GRX2
COG0695,20,0.9592,6.207,2.7e-10,9.22e-7,SAR,YLR364W,4932,GRX8
COG0695,20,0.9592,6.207,2.7e-10,9.22e-7,SAR,YPL156C,4932,PRM4
COG5161,20,0.9662,6.207,2.7e-10,9.23e-7,SAR,YDR301W,4932,CFT1
KOG3511,20,0.8816,6.206,2.72e-10,9.28e-7,SAR,YBL017C,4932,PEP1
KOG3511,20,0.8816,6.206,2.72e-10,9.28e-7,SAR,YCR099C,4932,YCR099C
KOG3511,20,0.8816,6.206,2.72e-10,9.28e-7,SAR,YCR100C,4932,YCR100C
KOG3511,20,0.8816,6.206,2.72e-10,9.28e-7,SAR,YCR101C,4932,YCR101C
KOG3511,20,0.8816,6.206,2.72e-10,9.28e-7,SAR,YIL173W,4932,VTH1
KOG3511,20,0.8816,6.206,2.72e-10,9.28e-7,SAR,YJL222W,4932,VTH2
KOG3511,20,0.8816,6.206,2.72e-10,9.28e-7,SAR,YNR065C,4932,YNR065C
KOG3511,20,0.8816,6.206,2.72e-10,9.28e-7,SAR,YNR066C,4932,YNR066C
COG0023,20,0.9995,6.204,2.76e-10,9.42e-7,SAR,YJR014W,4932,TMA22
COG0023,20,0.9995,6.204,2.76e-10,9.42e-7,SAR,YNL244C,4932,SUI1
KOG1032,20,0.9426,6.203,2.77e-10,9.47e-7,SAR,YDR326C,4932,YSP2
KOG1032,20,0.9426,6.203,2.77e-10,9.47e-7,SAR,YFL042C,4932,LAM5
KOG1032,20,0.9426,6.203,2.77e-10,9.47e-7,SAR,YHR080C,4932,LAM4
KOG1032,20,0.9426,6.203,2.77e-10,9.47e-7,SAR,YLR072W,4932,LAM6
KOG2327,20,0.9042,6.203,2.78e-10,9.48e-7,SAR,YMR284W,4932,YKU70
KOG3224,20,0.9285,6.202,2.78e-10,9.5e-7,SAR,YPR040W,4932,TIP41
COG0578,20,0.9191,6.202,2.79e-10,9.52e-7,SAR,YIL155C,4932,GUT2
COG2214,20,1,6.202,2.79e-10,9.54e-7,SAR,YER048C,4932,CAJ1
COG2214,20,1,6.202,2.79e-10,9.54e-7,SAR,YIR004W,4932,DJP1
COG2214,20,1,6.202,2.79e-10,9.54e-7,SAR,YLR008C,4932,PAM18
COG2214,20,1,6.202,2.79e-10,9.54e-7,SAR,YNL328C,4932,MDJ2
COG0406,20,0.97,6.201,2.8e-10,9.56e-7,SAR,YIL107C,4932,PFK26
COG0406,20,0.97,6.201,2.8e-10,9.56e-7,SAR,YJL155C,4932,FBP26
COG0406,20,0.97,6.201,2.8e-10,9.56e-7,SAR,YLR345W,4932,YLR345W
COG0406,20,0.97,6.201,2.8e-10,9.56e-7,SAR,YNL108C,4932,YNL108C
COG0406,20,0.97,6.201,2.8e-10,9.56e-7,SAR,YOL136C,4932,PFK27
COG0406,20,0.97,6.201,2.8e-10,9.56e-7,SAR,YOR110W,4932,TFC7
COG5541,20,0.9806,6.201,2.81e-10,9.58e-7,SAR,YPL010W,4932,RET3
KOG1278,20,0.9588,6.2,2.82e-10,9.62e-7,SAR,YDR107C,4932,TMN2
KOG1278,20,0.9588,6.2,2.82e-10,9.62e-7,SAR,YER113C,4932,TMN3
KOG1278,20,0.9588,6.2,2.82e-10,9.62e-7,SAR,YLR083C,4932,EMP70
COG0209,20,0.9675,6.2,2.82e-10,9.62e-7,SAR,YER070W,4932,RNR1
COG0209,20,0.9675,6.2,2.82e-10,9.62e-7,SAR,YIL066C,4932,RNR3
COG5148,20,0.982,6.199,2.84e-10,9.69e-7,SAR,YHR200W,4932,RPN10
COG0236,20,0.9543,6.199,2.84e-10,9.7e-7,SAR,YKL192C,4932,ACP1
KOG2575,20,0.8655,6.199,2.84e-10,9.71e-7,SAR,YOR002W,4932,ALG6
COG5296,20,0.8361,6.199,2.85e-10,9.72e-7,SAR,YGL244W,4932,RTF1
KOG1470,20,0.9001,6.199,2.85e-10,9.73e-7,SAR,YLR380W,4932,CSR1
KOG1470,20,0.9001,6.199,2.85e-10,9.73e-7,SAR,YNL231C,4932,PDR16
KOG1470,20,0.9001,6.199,2.85e-10,9.73e-7,SAR,YNL264C,4932,PDR17
COG0458,20,0.9533,6.198,2.86e-10,9.76e-7,SAR,YJL130C,4932,URA2
COG0458,20,0.9533,6.198,2.86e-10,9.76e-7,SAR,YJR109C,4932,CPA2
COG0458,20,0.9533,6.198,2.86e-10,9.76e-7,SAR,YOR303W,4932,CPA1
KOG2072,20,0.9367,6.197,2.87e-10,9.8e-7,SAR,YBR079C,4932,RPG1
KOG3869,20,0.7837,6.197,2.87e-10,9.81e-7,SAR,YNL245C,4932,CWC25
KOG4130,20,0.8826,6.196,2.9e-10,9.89e-7,SAR,YMR274C,4932,RCE1
KOG2291,20,0.9395,6.195,2.91e-10,9.92e-7,SAR,YJL002C,4932,OST1
KOG2910,20,0.9174,6.195,2.91e-10,9.94e-7,SAR,YMR077C,4932,VPS20
KOG1396,20,0.9127,6.194,2.92e-10,9.98e-7,SAR,YOR154W,4932,SLP1
COG0345,20,0.9397,6.194,2.93e-10,1e-6,SAR,YER023W,4932,PRO3
COG2132,20,0.8143,6.194,2.93e-10,1e-6,SAR,YDR506C,4932,GMC1
COG2132,20,0.8143,6.194,2.93e-10,1e-6,SAR,YFL041W,4932,FET5
COG2132,20,0.8143,6.194,2.93e-10,1e-6,SAR,YMR058W,4932,FET3
KOG2076,20,0.9674,6.19,3.01e-10,1.03e-6,SAR,YGR047C,4932,TFC4
KOG0773,20,0.8047,6.189,3.03e-10,1.03e-6,SAR,YCL067C,4932,HMLALPHA2
KOG0773,20,0.8047,6.189,3.03e-10,1.03e-6,SAR,YCR039C,4932,MATALPHA2
KOG0773,20,0.8047,6.189,3.03e-10,1.03e-6,SAR,YCR096C,4932,HMRA2
KOG0773,20,0.8047,6.189,3.03e-10,1.03e-6,SAR,YGL096W,4932,TOS8
KOG0773,20,0.8047,6.189,3.03e-10,1.03e-6,SAR,YPL177C,4932,CUP9
COG1877,20,0.8472,6.186,3.08e-10,1.05e-6,SAR,YBR126C,4932,TPS1
COG1877,20,0.8472,6.186,3.08e-10,1.05e-6,SAR,YDR074W,4932,TPS2
COG1877,20,0.8472,6.186,3.08e-10,1.05e-6,SAR,YML100W,4932,TSL1
COG1877,20,0.8472,6.186,3.08e-10,1.05e-6,SAR,YMR261C,4932,TPS3
KOG0756,20,0.8988,6.186,3.09e-10,1.06e-6,SAR,YBR291C,4932,CTP1
KOG0756,20,0.8988,6.186,3.09e-10,1.06e-6,SAR,YFR045W,4932,YFR045W
KOG0756,20,0.8988,6.186,3.09e-10,1.06e-6,SAR,YJR095W,4932,SFC1
KOG0756,20,0.8988,6.186,3.09e-10,1.06e-6,SAR,YMR241W,4932,YHM2
COG1501,20,0.9837,6.184,3.13e-10,1.07e-6,SAR,YBR229C,4932,ROT2
KOG2228,20,0.8885,6.183,3.14e-10,1.07e-6,SAR,YPR162C,4932,ORC4
KOG2343,20,0.9286,6.183,3.14e-10,1.07e-6,SAR,YEL053C,4932,MAK10
COG0509,20,0.9326,6.183,3.15e-10,1.08e-6,SAR,YAL044C,4932,GCV3
COG0174,20,0.8557,6.182,3.16e-10,1.08e-6,SAR,YPR035W,4932,GLN1
KOG3314,20,0.9399,6.181,3.18e-10,1.09e-6,SAR,YNR020C,4932,ATP23
COG5602,20,0.8995,6.181,3.18e-10,1.09e-6,SAR,YOL004W,4932,SIN3
KOG3460,20,0.9394,6.181,3.19e-10,1.09e-6,SAR,YLR438C-A,4932,LSM3
COG0277,20,0.9204,6.18,3.21e-10,1.1e-6,SAR,YDL174C,4932,DLD1
COG0277,20,0.9204,6.18,3.21e-10,1.1e-6,SAR,YDL178W,4932,DLD2
COG0277,20,0.9204,6.18,3.21e-10,1.1e-6,SAR,YEL071W,4932,DLD3
COG0277,20,0.9204,6.18,3.21e-10,1.1e-6,SAR,YML086C,4932,ALO1
COG0671,20,0.9633,6.179,3.23e-10,1.1e-6,SAR,YDR284C,4932,DPP1
COG0671,20,0.9633,6.179,3.23e-10,1.1e-6,SAR,YDR503C,4932,LPP1
COG0671,20,0.9633,6.179,3.23e-10,1.1e-6,SAR,YGR036C,4932,CAX4
COG0671,20,0.9633,6.179,3.23e-10,1.1e-6,SAR,YJL134W,4932,LCB3
COG0671,20,0.9633,6.179,3.23e-10,1.1e-6,SAR,YKR053C,4932,YSR3
KOG2422,20,0.9437,6.179,3.23e-10,1.1e-6,SAR,YDR333C,4932,RQC1
KOG2478,20,0.8396,6.178,3.24e-10,1.11e-6,SAR,YBR279W,4932,PAF1
COG1063,20,0.8829,6.177,3.27e-10,1.12e-6,SAR,YAL060W,4932,BDH1
COG1063,20,0.8829,6.177,3.27e-10,1.12e-6,SAR,YAL061W,4932,BDH2
COG1063,20,0.8829,6.177,3.27e-10,1.12e-6,SAR,YDL246C,4932,SOR2
COG1063,20,0.8829,6.177,3.27e-10,1.12e-6,SAR,YJR159W,4932,SOR1
COG1063,20,0.8829,6.177,3.27e-10,1.12e-6,SAR,YLR070C,4932,XYL2
COG5050,20,0.9823,6.177,3.27e-10,1.12e-6,SAR,YHR123W,4932,EPT1
COG5050,20,0.9823,6.177,3.27e-10,1.12e-6,SAR,YNL130C,4932,CPT1
KOG1781,20,0.8942,6.176,3.29e-10,1.12e-6,SAR,YNL147W,4932,LSM7
COG5033,20,0.9737,6.173,3.34e-10,1.14e-6,SAR,YNL107W,4932,YAF9
COG5033,20,0.9737,6.173,3.34e-10,1.14e-6,SAR,YOR213C,4932,SAS5
COG5033,20,0.9737,6.173,3.34e-10,1.14e-6,SAR,YPL129W,4932,TAF14
KOG2066,20,0.9359,6.172,3.37e-10,1.15e-6,SAR,YDR080W,4932,VPS41
KOG4068,20,0.8853,6.17,3.42e-10,1.17e-6,SAR,YJR102C,4932,VPS25
COG0190,20,0.9056,6.169,3.45e-10,1.18e-6,SAR,YKR080W,4932,MTD1
COG1075,20,0.8538,6.168,3.45e-10,1.18e-6,SAR,YBR204C,4932,LDH1
COG1075,20,0.8538,6.168,3.45e-10,1.18e-6,SAR,YDR058C,4932,TGL2
COG5173,20,0.8983,6.166,3.5e-10,1.19e-6,SAR,YIL068C,4932,SEC6
COG1011,20,0.9255,6.166,3.5e-10,1.2e-6,SAR,YER037W,4932,PHM8
COG1011,20,0.9255,6.166,3.5e-10,1.2e-6,SAR,YGL224C,4932,SDT1
COG1011,20,0.9255,6.166,3.5e-10,1.2e-6,SAR,YHR100C,4932,GEP4
COG1011,20,0.9255,6.166,3.5e-10,1.2e-6,SAR,YMR130W,4932,YMR130W
KOG2401,20,0.8421,6.165,3.53e-10,1.2e-6,SAR,YKL090W,4932,CUE2
KOG2401,20,0.8421,6.165,3.53e-10,1.2e-6,SAR,YPL199C,4932,YPL199C
KOG1964,20,0.8521,6.164,3.55e-10,1.21e-6,SAR,YDL116W,4932,NUP84
COG0407,20,0.8795,6.164,3.55e-10,1.21e-6,SAR,YDR047W,4932,HEM12
KOG2417,20,0.8144,6.163,3.56e-10,1.22e-6,SAR,YHR078W,4932,YHR078W
COG1816,20,0.9903,6.163,3.57e-10,1.22e-6,SAR,YBR284W,4932,YBR284W
COG1816,20,0.9903,6.163,3.57e-10,1.22e-6,SAR,YJL070C,4932,YJL070C
COG1816,20,0.9903,6.163,3.57e-10,1.22e-6,SAR,YML035C,4932,AMD1
COG1816,20,0.9903,6.163,3.57e-10,1.22e-6,SAR,YNL141W,4932,AAH1
KOG0495,20,0.9336,6.163,3.57e-10,1.22e-6,SAR,YBR055C,4932,PRP6
KOG2021,20,0.9301,6.163,3.57e-10,1.22e-6,SAR,YKL205W,4932,LOS1
COG5144,20,0.9835,6.163,3.58e-10,1.22e-6,SAR,YPL122C,4932,TFB2
COG0661,20,0.9683,6.162,3.59e-10,1.23e-6,SAR,YGL119W,4932,COQ8
COG0661,20,0.9683,6.162,3.59e-10,1.23e-6,SAR,YLR253W,4932,MCP2
COG0661,20,0.9683,6.162,3.59e-10,1.23e-6,SAR,YPL109C,4932,YPL109C
KOG0963,20,0.8075,6.161,3.62e-10,1.24e-6,SAR,YKL179C,4932,COY1
KOG2164,20,0.9544,6.16,3.64e-10,1.24e-6,SAR,YER116C,4932,SLX8
KOG2164,20,0.9544,6.16,3.64e-10,1.24e-6,SAR,YLR427W,4932,MAG2
KOG1746,20,0.8772,6.159,3.66e-10,1.25e-6,SAR,YOR103C,4932,OST2
COG0181,20,0.8775,6.159,3.66e-10,1.25e-6,SAR,YDL205C,4932,HEM3
KOG2220,20,0.9677,6.158,3.68e-10,1.26e-6,SAR,YOR275C,4932,RIM20
KOG2220,20,0.9677,6.158,3.68e-10,1.26e-6,SAR,YPL084W,4932,BRO1
KOG2568,20,0.8473,6.157,3.7e-10,1.26e-6,SAR,YHL017W,4932,YHL017W
KOG2568,20,0.8473,6.157,3.7e-10,1.26e-6,SAR,YKL039W,4932,PTM1
COG1599,20,0.9992,6.157,3.7e-10,1.26e-6,SAR,YAR007C,4932,RFA1
KOG2103,20,0.9431,6.157,3.71e-10,1.26e-6,SAR,YCL045C,4932,EMC1
COG0567,20,0.9613,6.156,3.73e-10,1.27e-6,SAR,YIL125W,4932,KGD1
COG5070,20,0.933,6.155,3.75e-10,1.28e-6,SAR,YER039C,4932,HVG1
COG5070,20,0.933,6.155,3.75e-10,1.28e-6,SAR,YER039C-A,4932,YER039C-A
COG5070,20,0.933,6.155,3.75e-10,1.28e-6,SAR,YGL225W,4932,VRG4
COG5094,20,0.8802,6.155,3.75e-10,1.28e-6,SAR,YMR236W,4932,TAF9
COG0402,20,0.858,6.155,3.76e-10,1.28e-6,SAR,YDL238C,4932,GUD1
COG5623,20,0.9855,6.152,3.82e-10,1.3e-6,SAR,YOR250C,4932,CLP1
KOG2026,20,0.9113,6.152,3.83e-10,1.31e-6,SAR,YFR005C,4932,SAD1
COG5459,20,0.916,6.151,3.85e-10,1.32e-6,SAR,YKL155C,4932,RSM22
KOG3281,20,0.9067,6.15,3.88e-10,1.33e-6,SAR,YNL315C,4932,ATP11
KOG0092,20,0.9037,6.149,3.89e-10,1.33e-6,SAR,YBR264C,4932,YPT10
KOG0092,20,0.9037,6.149,3.89e-10,1.33e-6,SAR,YKR014C,4932,YPT52
KOG0092,20,0.9037,6.149,3.89e-10,1.33e-6,SAR,YNL093W,4932,YPT53
KOG0092,20,0.9037,6.149,3.89e-10,1.33e-6,SAR,YOR089C,4932,VPS21
COG1025,20,0.9539,6.149,3.9e-10,1.33e-6,SAR,YLR389C,4932,STE23
COG1025,20,0.9539,6.149,3.9e-10,1.33e-6,SAR,YPR122W,4932,AXL1
COG0365,20,0.9513,6.149,3.9e-10,1.33e-6,SAR,YAL054C,4932,ACS1
COG0365,20,0.9513,6.149,3.9e-10,1.33e-6,SAR,YLR153C,4932,ACS2
KOG2662,20,0.8499,6.148,3.92e-10,1.34e-6,SAR,YOR334W,4932,MRS2
KOG2662,20,0.8499,6.148,3.92e-10,1.34e-6,SAR,YPL060W,4932,MFM1
COG1308,20,0.9931,6.148,3.93e-10,1.34e-6,SAR,YHR193C,4932,EGD2
KOG1655,20,0.9815,6.145,4e-10,1.37e-6,SAR,YDR486C,4932,VPS60
COG5209,20,0.9978,6.144,4.02e-10,1.37e-6,SAR,YNL288W,4932,CAF40
COG1382,20,0.9646,6.143,4.04e-10,1.38e-6,SAR,YLR200W,4932,YKE2
COG1382,20,0.9646,6.143,4.04e-10,1.38e-6,SAR,YNL153C,4932,GIM3
KOG2642,20,0.8269,6.143,4.06e-10,1.39e-6,SAR,YGR227W,4932,DIE2
KOG0392,20,0.9294,6.142,4.07e-10,1.39e-6,SAR,YPL082C,4932,MOT1
COG0657,20,0.8473,6.14,4.12e-10,1.41e-6,SAR,YGR263C,4932,SAY1
KOG0293,20,0.9152,6.139,4.14e-10,1.41e-6,SAR,YCL039W,4932,GID7
COG0241,20,0.9147,6.139,4.15e-10,1.42e-6,SAR,YMR156C,4932,TPP1
KOG1507,20,0.8954,6.139,4.15e-10,1.42e-6,SAR,YKR048C,4932,NAP1
COG0276,20,0.9346,6.138,4.17e-10,1.42e-6,SAR,YOR176W,4932,HEM15
COG2226,20,0.9586,6.137,4.2e-10,1.43e-6,SAR,YML110C,4932,COQ5
KOG1649,20,0.8493,6.136,4.23e-10,1.44e-6,SAR,YBR289W,4932,SNF5
KOG1649,20,0.8493,6.136,4.23e-10,1.44e-6,SAR,YLR321C,4932,SFH1
KOG3480,20,0.8047,6.136,4.24e-10,1.45e-6,SAR,YBR091C,4932,TIM12
KOG3480,20,0.8047,6.136,4.24e-10,1.45e-6,SAR,YHR005C-A,4932,TIM10
KOG4727,20,0.8567,6.135,4.26e-10,1.45e-6,SAR,YDL098C,4932,SNU23
COG0145,20,0.8756,6.135,4.27e-10,1.46e-6,SAR,YKL215C,4932,OXP1
COG0299,20,0.8324,6.133,4.3e-10,1.47e-6,SAR,YDR408C,4932,ADE8
COG0724,20,1,6.131,4.37e-10,1.49e-6,SAR,YBL051C,4932,PIN4
COG0724,20,1,6.131,4.37e-10,1.49e-6,SAR,YDL213C,4932,NOP6
COG0724,20,1,6.131,4.37e-10,1.49e-6,SAR,YDR432W,4932,NPL3
COG0724,20,1,6.131,4.37e-10,1.49e-6,SAR,YGL044C,4932,RNA15
COG0724,20,1,6.131,4.37e-10,1.49e-6,SAR,YGR156W,4932,PTI1
COG0724,20,1,6.131,4.37e-10,1.49e-6,SAR,YGR250C,4932,RIE1
COG0724,20,1,6.131,4.37e-10,1.49e-6,SAR,YIL061C,4932,SNP1
KOG3485,20,0.8215,6.131,4.37e-10,1.49e-6,SAR,YNL138W-A,4932,YSF3
COG0214,20,0.9048,6.129,4.41e-10,1.51e-6,SAR,YFL059W,4932,SNZ3
COG0214,20,0.9048,6.129,4.41e-10,1.51e-6,SAR,YMR096W,4932,SNZ1
COG0214,20,0.9048,6.129,4.41e-10,1.51e-6,SAR,YNL333W,4932,SNZ2
COG0214,20,0.9048,6.129,4.41e-10,1.51e-6,SAR,YOR126C,4932,IAH1
KOG0412,20,0.976,6.129,4.41e-10,1.51e-6,SAR,YPR105C,4932,COG4
COG5156,20,0.9742,6.129,4.42e-10,1.51e-6,SAR,YGL240W,4932,DOC1
COG0113,20,0.8697,6.129,4.43e-10,1.51e-6,SAR,YGL040C,4932,HEM2
COG0386,20,0.863,6.128,4.45e-10,1.52e-6,SAR,YBR244W,4932,GPX2
COG0386,20,0.863,6.128,4.45e-10,1.52e-6,SAR,YIR037W,4932,HYR1
COG0386,20,0.863,6.128,4.45e-10,1.52e-6,SAR,YKL026C,4932,GPX1
KOG1932,20,0.8895,6.128,4.46e-10,1.52e-6,SAR,YCR042C,4932,TAF2
COG4539,20,0.7551,6.127,4.47e-10,1.53e-6,SAR,YGL010W,4932,MPO1
COG5211,20,0.8852,6.125,4.52e-10,1.54e-6,SAR,YNL222W,4932,SSU72
COG0111,20,0.9507,6.124,4.57e-10,1.56e-6,SAR,YER081W,4932,SER3
COG0111,20,0.9507,6.124,4.57e-10,1.56e-6,SAR,YIL074C,4932,SER33
COG2234,20,0.8808,6.123,4.59e-10,1.57e-6,SAR,YBR074W,4932,PFF1
COG2234,20,0.8808,6.123,4.59e-10,1.57e-6,SAR,YBR286W,4932,APE3
COG2234,20,0.8808,6.123,4.59e-10,1.57e-6,SAR,YDR415C,4932,YDR415C
COG2234,20,0.8808,6.123,4.59e-10,1.57e-6,SAR,YJR126C,4932,VPS70
COG2234,20,0.8808,6.123,4.59e-10,1.57e-6,SAR,YOR256C,4932,TRE2
COG2234,20,0.8808,6.123,4.59e-10,1.57e-6,SAR,YPL176C,4932,TRE1
KOG3296,20,0.9079,6.123,4.59e-10,1.57e-6,SAR,YMR203W,4932,TOM40
KOG1063,20,0.9014,6.123,4.6e-10,1.57e-6,SAR,YGR200C,4932,ELP2
COG5132,20,0.9445,6.123,4.6e-10,1.57e-6,SAR,YCR063W,4932,BUD31
COG0580,20,0.9048,6.123,4.6e-10,1.57e-6,SAR,YFL054C,4932,AQY3
COG0580,20,0.9048,6.123,4.6e-10,1.57e-6,SAR,YLL043W,4932,FPS1
COG0580,20,0.9048,6.123,4.6e-10,1.57e-6,SAR,YLL052C,4932,AQY2
COG0580,20,0.9048,6.123,4.6e-10,1.57e-6,SAR,YLL053C,4932,YLL053C
COG0580,20,0.9048,6.123,4.6e-10,1.57e-6,SAR,YPR192W,4932,AQY1
KOG0760,20,0.9502,6.123,4.6e-10,1.57e-6,SAR,YJL133W,4932,MRS3
KOG0760,20,0.9502,6.123,4.6e-10,1.57e-6,SAR,YKR052C,4932,MRS4
KOG1947,20,0.9913,6.122,4.63e-10,1.58e-6,SAR,YBR158W,4932,AMN1
KOG1947,20,0.9913,6.122,4.63e-10,1.58e-6,SAR,YJR052W,4932,RAD7
KOG1947,20,0.9913,6.122,4.63e-10,1.58e-6,SAR,YJR090C,4932,GRR1
KOG1867,20,0.8862,6.121,4.66e-10,1.59e-6,SAR,YDL122W,4932,UBP1
KOG1867,20,0.8862,6.121,4.66e-10,1.59e-6,SAR,YMR223W,4932,UBP8
KOG0758,20,0.9038,6.121,4.66e-10,1.59e-6,SAR,YBR104W,4932,YMC2
KOG0758,20,0.9038,6.121,4.66e-10,1.59e-6,SAR,YOR100C,4932,CRC1
KOG0758,20,0.9038,6.121,4.66e-10,1.59e-6,SAR,YOR130C,4932,ORT1
KOG0758,20,0.9038,6.121,4.66e-10,1.59e-6,SAR,YPR058W,4932,YMC1
KOG2391,20,0.8455,6.116,4.78e-10,1.63e-6,SAR,YCL008C,4932,STP22
KOG1128,20,0.9946,6.116,4.8e-10,1.64e-6,SAR,YNL313C,4932,EMW1
KOG2847,20,0.8203,6.114,4.85e-10,1.66e-6,SAR,YPR140W,4932,TAZ1
KOG2473,20,0.8586,6.114,4.87e-10,1.66e-6,SAR,YBR123C,4932,TFC1
COG3703,20,0.8933,6.114,4.87e-10,1.66e-6,SAR,YER163C,4932,GCG1
KOG0076,20,0.8649,6.113,4.88e-10,1.67e-6,SAR,YPL051W,4932,ARL3
KOG0946,20,0.9252,6.113,4.88e-10,1.67e-6,SAR,YDL058W,4932,USO1
COG0624,20,0.9804,6.113,4.9e-10,1.67e-6,SAR,YBR281C,4932,DUG2
COG0624,20,0.9804,6.113,4.9e-10,1.67e-6,SAR,YFR044C,4932,DUG1
COG0624,20,0.9804,6.113,4.9e-10,1.67e-6,SAR,YJL172W,4932,CPS1
COG0479,20,0.9527,6.11,4.99e-10,1.7e-6,SAR,YLL041C,4932,SDH2
COG0004,20,0.8365,6.11,4.99e-10,1.7e-6,SAR,YGR121C,4932,MEP1
COG0004,20,0.8365,6.11,4.99e-10,1.7e-6,SAR,YNL142W,4932,MEP2
COG0004,20,0.8365,6.11,4.99e-10,1.7e-6,SAR,YPR138C,4932,MEP3
KOG2051,20,0.8987,6.109,5.03e-10,1.72e-6,SAR,YHR077C,4932,NMD2
COG1676,20,0.8989,6.109,5.03e-10,1.72e-6,SAR,YAR008W,4932,SEN34
COG1676,20,0.8989,6.109,5.03e-10,1.72e-6,SAR,YLR105C,4932,SEN2
KOG2184,20,0.8595,6.108,5.04e-10,1.72e-6,SAR,YLR424W,4932,SPP382
COG5414,20,0.8582,6.105,5.15e-10,1.76e-6,SAR,YMR227C,4932,TAF7
KOG0998,20,0.929,6.104,5.17e-10,1.77e-6,SAR,YBL047C,4932,EDE1
KOG0998,20,0.929,6.104,5.17e-10,1.77e-6,SAR,YIR006C,4932,PAN1
KOG0998,20,0.929,6.104,5.17e-10,1.77e-6,SAR,YJL083W,4932,TAX4
KOG0998,20,0.929,6.104,5.17e-10,1.77e-6,SAR,YKR019C,4932,IRS4
KOG0998,20,0.929,6.104,5.17e-10,1.77e-6,SAR,YNL084C,4932,END3
KOG1961,20,0.9614,6.103,5.22e-10,1.78e-6,SAR,YDR484W,4932,VPS52
COG0493,20,0.9566,6.101,5.28e-10,1.8e-6,SAR,YDR376W,4932,ARH1
KOG3886,20,0.8711,6.1,5.3e-10,1.81e-6,SAR,YML121W,4932,GTR1
COG0429,20,0.9027,6.1,5.3e-10,1.81e-6,SAR,YBR177C,4932,EHT1
COG0429,20,0.9027,6.1,5.3e-10,1.81e-6,SAR,YMR210W,4932,MGL2
COG0429,20,0.9027,6.1,5.3e-10,1.81e-6,SAR,YPL095C,4932,EEB1
KOG2196,20,0.901,6.1,5.31e-10,1.81e-6,SAR,YJL041W,4932,NSP1
KOG2656,20,0.9374,6.099,5.33e-10,1.82e-6,SAR,YGR002C,4932,SWC4
KOG3316,20,0.8974,6.099,5.33e-10,1.82e-6,SAR,YOR115C,4932,TRS33
COG4266,20,0.9555,6.096,5.44e-10,1.86e-6,SAR,YBR192W,4932,RIM2
COG4266,20,0.9555,6.096,5.44e-10,1.86e-6,SAR,YIR029W,4932,DAL2
COG4266,20,0.9555,6.096,5.44e-10,1.86e-6,SAR,YPR128C,4932,ANT1
COG5082,20,0.9233,6.095,5.47e-10,1.87e-6,SAR,YDL175C,4932,AIR2
COG5082,20,0.9233,6.095,5.47e-10,1.87e-6,SAR,YIL079C,4932,AIR1
COG5082,20,0.9233,6.095,5.47e-10,1.87e-6,SAR,YNL255C,4932,GIS2
KOG2071,20,0.8939,6.092,5.57e-10,1.9e-6,SAR,YDR228C,4932,PCF11
COG0354,20,0.9322,6.089,5.67e-10,1.94e-6,SAR,YJR122W,4932,IBA57
COG2102,20,0.9568,6.089,5.68e-10,1.94e-6,SAR,YLR143W,4932,DPH6
COG0543,20,0.9593,6.089,5.69e-10,1.94e-6,SAR,YIL043C,4932,CBR1
COG0543,20,0.9593,6.089,5.69e-10,1.94e-6,SAR,YKL150W,4932,MCR1
COG0543,20,0.9593,6.089,5.69e-10,1.94e-6,SAR,YML087C,4932,AIM33
COG0543,20,0.9593,6.089,5.69e-10,1.94e-6,SAR,YML125C,4932,PGA3
COG0543,20,0.9593,6.089,5.69e-10,1.94e-6,SAR,YOR037W,4932,CYC2
COG5624,20,0.8546,6.088,5.7e-10,1.95e-6,SAR,YDR145W,4932,TAF12
COG5066,20,0.8919,6.088,5.72e-10,1.95e-6,SAR,YER120W,4932,SCS2
COG5081,20,0.8606,6.085,5.84e-10,1.99e-6,SAR,YGR038W,4932,ORM1
COG5081,20,0.8606,6.085,5.84e-10,1.99e-6,SAR,YLR350W,4932,ORM2
KOG3202,20,0.8633,6.084,5.85e-10,2e-6,SAR,YDR468C,4932,TLG1
KOG3202,20,0.8633,6.084,5.85e-10,2e-6,SAR,YGL212W,4932,VAM7
COG0263,20,0.8318,6.083,5.88e-10,2.01e-6,SAR,YDR300C,4932,PRO1
COG0263,20,0.8318,6.083,5.88e-10,2.01e-6,SAR,YHR033W,4932,YHR033W
COG0320,20,0.8769,6.083,5.89e-10,2.01e-6,SAR,YOR196C,4932,LIP5
KOG1339,20,0.9248,6.083,5.9e-10,2.01e-6,SAR,YDR144C,4932,MKC7
KOG1339,20,0.9248,6.083,5.9e-10,2.01e-6,SAR,YDR349C,4932,YPS7
KOG1339,20,0.9248,6.083,5.9e-10,2.01e-6,SAR,YGL258W-A,4932,YGL258W-A
KOG1339,20,0.9248,6.083,5.9e-10,2.01e-6,SAR,YGL259W,4932,YPS5
KOG1339,20,0.9248,6.083,5.9e-10,2.01e-6,SAR,YIL015W,4932,BAR1
KOG1339,20,0.9248,6.083,5.9e-10,2.01e-6,SAR,YIR039C,4932,YPS6
KOG1339,20,0.9248,6.083,5.9e-10,2.01e-6,SAR,YLR120C,4932,YPS1
KOG1339,20,0.9248,6.083,5.9e-10,2.01e-6,SAR,YLR121C,4932,YPS3
KOG1339,20,0.9248,6.083,5.9e-10,2.01e-6,SAR,YPL154C,4932,PEP4
COG5575,20,0.8975,6.082,5.93e-10,2.03e-6,SAR,YBR060C,4932,ORC2
COG1064,20,0.8354,6.082,5.94e-10,2.03e-6,SAR,YBR145W,4932,ADH5
COG1064,20,0.8354,6.082,5.94e-10,2.03e-6,SAR,YCR105W,4932,ADH7
COG1064,20,0.8354,6.082,5.94e-10,2.03e-6,SAR,YMR083W,4932,ADH3
COG1064,20,0.8354,6.082,5.94e-10,2.03e-6,SAR,YMR303C,4932,ADH2
COG1064,20,0.8354,6.082,5.94e-10,2.03e-6,SAR,YMR318C,4932,ADH6
COG1064,20,0.8354,6.082,5.94e-10,2.03e-6,SAR,YOL086C,4932,ADH1
COG0615,20,0.9524,6.082,5.95e-10,2.03e-6,SAR,YGR007W,4932,ECT1
COG0615,20,0.9524,6.082,5.95e-10,2.03e-6,SAR,YGR202C,4932,PCT1
KOG2180,20,0.9893,6.082,5.95e-10,2.03e-6,SAR,YJL029C,4932,VPS53
KOG2115,20,0.9012,6.081,5.98e-10,2.04e-6,SAR,YDR027C,4932,VPS54
KOG2551,20,0.877,6.08,6.01e-10,2.05e-6,SAR,YHR049W,4932,FSH1
KOG2551,20,0.877,6.08,6.01e-10,2.05e-6,SAR,YMR222C,4932,FSH2
KOG2551,20,0.877,6.08,6.01e-10,2.05e-6,SAR,YOR280C,4932,FSH3
KOG2412,20,0.8675,6.079,6.03e-10,2.06e-6,SAR,YDL207W,4932,GLE1
COG5218,20,0.9182,6.079,6.05e-10,2.07e-6,SAR,YDR325W,4932,YCG1
COG2154,20,0.7991,6.078,6.1e-10,2.08e-6,SAR,YHL018W,4932,YHL018W
COG0158,20,0.9095,6.075,6.18e-10,2.11e-6,SAR,YLR377C,4932,FBP1
COG0233,20,0.8613,6.072,6.31e-10,2.15e-6,SAR,YHR038W,4932,RRF1
COG0382,20,0.93,6.071,6.38e-10,2.18e-6,SAR,YNR041C,4932,COQ2
COG2340,20,0.8128,6.07,6.39e-10,2.18e-6,SAR,YJL078C,4932,PRY3
COG2340,20,0.8128,6.07,6.39e-10,2.18e-6,SAR,YJL079C,4932,PRY1
COG2340,20,0.8128,6.07,6.39e-10,2.18e-6,SAR,YKR013W,4932,PRY2
COG1818,20,0.8837,6.07,6.4e-10,2.18e-6,SAR,YGL232W,4932,TAN1
COG0240,20,0.8704,6.067,6.5e-10,2.22e-6,SAR,YDL022W,4932,GPD1
COG0240,20,0.8704,6.067,6.5e-10,2.22e-6,SAR,YOL059W,4932,GPD2
COG4021,20,0.8388,6.067,6.52e-10,2.23e-6,SAR,YGR024C,4932,THG1
COG1062,20,0.8913,6.066,6.56e-10,2.24e-6,SAR,YDL168W,4932,SFA1
COG0646,20,0.847,6.065,6.58e-10,2.25e-6,SAR,YLL062C,4932,MHT1
COG0646,20,0.847,6.065,6.58e-10,2.25e-6,SAR,YMR321C,4932,YMR321C
COG0646,20,0.847,6.065,6.58e-10,2.25e-6,SAR,YPL273W,4932,SAM4
KOG1674,20,0.9594,6.064,6.65e-10,2.27e-6,SAR,YDL127W,4932,PCL2
KOG1674,20,0.9594,6.064,6.65e-10,2.27e-6,SAR,YDL179W,4932,PCL9
KOG1674,20,0.9594,6.064,6.65e-10,2.27e-6,SAR,YER059W,4932,PCL6
KOG1674,20,0.9594,6.064,6.65e-10,2.27e-6,SAR,YGL134W,4932,PCL10
KOG1674,20,0.9594,6.064,6.65e-10,2.27e-6,SAR,YHR071W,4932,PCL5
KOG1674,20,0.9594,6.064,6.65e-10,2.27e-6,SAR,YIL050W,4932,PCL7
KOG1674,20,0.9594,6.064,6.65e-10,2.27e-6,SAR,YNL289W,4932,PCL1
KOG1674,20,0.9594,6.064,6.65e-10,2.27e-6,SAR,YOL001W,4932,PHO80
KOG1674,20,0.9594,6.064,6.65e-10,2.27e-6,SAR,YPL219W,4932,PCL8
COG1482,20,0.9991,6.063,6.68e-10,2.28e-6,SAR,YER003C,4932,PMI40
COG0216,20,0.9596,6.062,6.71e-10,2.29e-6,SAR,YGL143C,4932,MRF1
COG0216,20,0.9596,6.062,6.71e-10,2.29e-6,SAR,YLR281C,4932,YLR281C
KOG2161,20,0.9149,6.061,6.78e-10,2.31e-6,SAR,YGL027C,4932,CWH41
KOG2161,20,0.9149,6.061,6.78e-10,2.31e-6,SAR,YMR196W,4932,YMR196W
COG3569,20,0.9568,6.059,6.87e-10,2.34e-6,SAR,YOL006C,4932,TOP1
COG2440,20,0.9076,6.058,6.88e-10,2.35e-6,SAR,YOR356W,4932,CIR2
KOG1895,20,0.8738,6.058,6.88e-10,2.35e-6,SAR,YAL043C,4932,PTA1
KOG2754,20,0.9266,6.057,6.92e-10,2.36e-6,SAR,YEL002C,4932,WBP1
COG0625,20,0.9531,6.057,6.94e-10,2.37e-6,SAR,YGR201C,4932,YGR201C
COG0625,20,0.9531,6.057,6.94e-10,2.37e-6,SAR,YIR038C,4932,GTT1
COG0625,20,0.9531,6.057,6.94e-10,2.37e-6,SAR,YKL081W,4932,TEF4
COG0625,20,0.9531,6.057,6.94e-10,2.37e-6,SAR,YLL060C,4932,GTT2
COG0625,20,0.9531,6.057,6.94e-10,2.37e-6,SAR,YNL229C,4932,URE2
COG0625,20,0.9531,6.057,6.94e-10,2.37e-6,SAR,YPL048W,4932,CAM1
COG5597,20,0.9063,6.057,6.95e-10,2.37e-6,SAR,YJL137C,4932,GLG2
COG5597,20,0.9063,6.057,6.95e-10,2.37e-6,SAR,YKR058W,4932,GLG1
COG5597,20,0.9063,6.057,6.95e-10,2.37e-6,SAR,YOR320C,4932,GNT1
KOG2188,20,0.8429,6.054,7.08e-10,2.42e-6,SAR,YJL010C,4932,NOP9
COG5100,20,0.8804,6.054,7.08e-10,2.42e-6,SAR,YBR170C,4932,NPL4
KOG1786,20,0.9268,6.053,7.12e-10,2.43e-6,SAR,YCR032W,4932,BPH1
COG5213,20,0.9151,6.05,7.23e-10,2.47e-6,SAR,YJR093C,4932,FIP1
KOG1471,20,0.8439,6.049,7.27e-10,2.48e-6,SAR,YJL145W,4932,SFH5
KOG1471,20,0.8439,6.049,7.27e-10,2.48e-6,SAR,YKL091C,4932,YKL091C
KOG1471,20,0.8439,6.049,7.27e-10,2.48e-6,SAR,YMR079W,4932,SEC14
KOG0822,20,0.9339,6.049,7.29e-10,2.49e-6,SAR,YBR133C,4932,HSL7
COG1675,20,0.86240000000000006,6.049,7.3e-10,2.49e-6,SAR,YKL028W,4932,TFA1
COG1814,20,0.8482,6.048,7.32e-10,2.5e-6,SAR,YLR220W,4932,CCC1
COG2120,20,0.8631,6.047,7.38e-10,2.52e-6,SAR,YMR281W,4932,GPI12
COG5068,20,0.8877,6.046,7.42e-10,2.53e-6,SAR,YBR182C,4932,SMP1
COG5068,20,0.8877,6.046,7.42e-10,2.53e-6,SAR,YMR042W,4932,ARG80
COG5068,20,0.8877,6.046,7.42e-10,2.53e-6,SAR,YMR043W,4932,MCM1
COG5068,20,0.8877,6.046,7.42e-10,2.53e-6,SAR,YPL089C,4932,RLM1
KOG1273,20,0.8729,6.044,7.51e-10,2.56e-6,SAR,YAR003W,4932,SWD1
COG5025,20,0.8695,6.044,7.53e-10,2.57e-6,SAR,YCR065W,4932,HCM1
COG5025,20,0.8695,6.044,7.53e-10,2.57e-6,SAR,YIL131C,4932,FKH1
COG5025,20,0.8695,6.044,7.53e-10,2.57e-6,SAR,YNL068C,4932,FKH2
COG5025,20,0.8695,6.044,7.53e-10,2.57e-6,SAR,YPR104C,4932,FHL1
COG2938,20,0.8722,6.042,7.62e-10,2.6e-6,SAR,YOL071W,4932,SDH5
COG5139,20,0.9064,6.041,7.65e-10,2.61e-6,SAR,YPR133C,4932,SPN1
KOG1864,20,0.9193,6.041,7.67e-10,2.62e-6,SAR,YBL067C,4932,UBP13
KOG1864,20,0.9193,6.041,7.67e-10,2.62e-6,SAR,YER098W,4932,UBP9
KOG3399,20,0.946,6.04,7.71e-10,2.63e-6,SAR,YBL049W,4932,MOH1
KOG2023,20,0.8954,6.039,7.74e-10,2.64e-6,SAR,YBR017C,4932,KAP104
COG4992,20,0.9022,6.039,7.76e-10,2.65e-6,SAR,YLR438W,4932,CAR2
COG4992,20,0.9022,6.039,7.76e-10,2.65e-6,SAR,YNR058W,4932,BIO3
COG4992,20,0.9022,6.039,7.76e-10,2.65e-6,SAR,YOL140W,4932,ARG8
COG5134,20,0.9171,6.038,7.82e-10,2.67e-6,SAR,YKL095W,4932,YJU2
COG5079,20,0.8768,6.035,7.95e-10,2.72e-6,SAR,YDR159W,4932,SAC3
KOG1929,20,0.8298,6.035,7.96e-10,2.72e-6,SAR,YJL090C,4932,DPB11
COG5185,20,0.8739,6.033,8.03e-10,2.74e-6,SAR,YIL144W,4932,NDC80
COG5242,20,0.9238,6.032,8.09e-10,2.76e-6,SAR,YPR056W,4932,TFB4
COG5248,20,0.8384,6.032,8.12e-10,2.77e-6,SAR,YML098W,4932,TAF13
KOG3914,20,0.8836,6.031,8.14e-10,2.78e-6,SAR,YDR165W,4932,TRM82
COG4770,20,0.8072,6.03,8.18e-10,2.79e-6,SAR,YBR208C,4932,"DUR1,2"
KOG3001,20,0.8815,6.03,8.22e-10,2.8e-6,SAR,YPR023C,4932,EAF3
COG0627,20,0.8402,6.03,8.22e-10,2.81e-6,SAR,YJL068C,4932,YJL068C
COG1252,20,0.8858,6.027,8.34e-10,2.85e-6,SAR,YDL085W,4932,NDE2
COG1252,20,0.8858,6.027,8.34e-10,2.85e-6,SAR,YML120C,4932,NDI1
COG1252,20,0.8858,6.027,8.34e-10,2.85e-6,SAR,YMR145C,4932,NDE1
COG1311,20,0.9973,6.027,8.36e-10,2.85e-6,SAR,YJR006W,4932,POL31
KOG2808,20,0.9003,6.026,8.4e-10,2.87e-6,SAR,YGR006W,4932,PRP18
COG1999,20,0.9493,6.026,8.43e-10,2.88e-6,SAR,YBR024W,4932,SCO2
COG1999,20,0.9493,6.026,8.43e-10,2.88e-6,SAR,YBR037C,4932,SCO1
KOG2659,20,0.8849,6.024,8.49e-10,2.9e-6,SAR,YMR135C,4932,GID8
COG5221,20,0.8509,6.021,8.65e-10,2.95e-6,SAR,YDR141C,4932,DOP1
KOG1558,20,0.9007,6.021,8.66e-10,2.96e-6,SAR,YGL255W,4932,ZRT1
KOG1558,20,0.9007,6.021,8.66e-10,2.96e-6,SAR,YLR130C,4932,ZRT2
COG0483,20,0.7813,6.021,8.66e-10,2.96e-6,SAR,YDR287W,4932,INM2
COG0483,20,0.7813,6.021,8.66e-10,2.96e-6,SAR,YHR046C,4932,INM1
KOG3151,20,0.8798,6.021,8.69e-10,2.97e-6,SAR,YFR052W,4932,RPN12
COG0388,20,0.9801,6.019,8.77e-10,2.99e-6,SAR,YIL164C,4932,NIT1
COG0388,20,0.9801,6.019,8.77e-10,2.99e-6,SAR,YIL165C,4932,YIL165C
COG0388,20,0.9801,6.019,8.77e-10,2.99e-6,SAR,YJL126W,4932,NIT2
COG0388,20,0.9801,6.019,8.77e-10,2.99e-6,SAR,YJR062C,4932,NTA1
COG0388,20,0.9801,6.019,8.77e-10,2.99e-6,SAR,YLR351C,4932,NIT3
COG5240,20,0.9994,6.019,8.77e-10,2.99e-6,SAR,YNL287W,4932,SEC21
COG0428,20,0.8858,6.019,8.78e-10,3e-6,SAR,YIL023C,4932,YKE4
COG0428,20,0.8858,6.019,8.78e-10,3e-6,SAR,YKL175W,4932,ZRT3
KOG0431,20,0.8862,6.018,8.83e-10,3.02e-6,SAR,YDR320C,4932,SWA2
KOG2476,20,0.8699,6.016,8.94e-10,3.05e-6,SAR,YGR093W,4932,DRN1
KOG2475,20,0.9636,6.015,9e-10,3.07e-6,SAR,YLR103C,4932,CDC45
COG0114,20,0.9179,6.014,9.06e-10,3.09e-6,SAR,YPL262W,4932,FUM1
COG0387,20,0.8754,6.013,9.11e-10,3.11e-6,SAR,YDL128W,4932,VCX1
COG0387,20,0.8754,6.013,9.11e-10,3.11e-6,SAR,YNL321W,4932,VNX1
KOG2992,20,0.774,6.013,9.13e-10,3.12e-6,SAR,YKR092C,4932,SRP40
KOG2261,20,0.8806,6.01,9.26e-10,3.16e-6,SAR,YFL024C,4932,EPL1
KOG0212,20,0.8587,6.008,9.42e-10,3.22e-6,SAR,YLR386W,4932,VAC14
COG5056,20,0.8645,6.007,9.46e-10,3.23e-6,SAR,YCR048W,4932,ARE1
COG5056,20,0.8645,6.007,9.46e-10,3.23e-6,SAR,YNR019W,4932,ARE2
COG0561,20,0.9972,6.006,9.53e-10,3.25e-6,SAR,YFL045C,4932,SEC53
COG3890,20,0.7956,6.005,9.55e-10,3.26e-6,SAR,YMR220W,4932,ERG8
COG1796,20,0.7752,6.005,9.57e-10,3.27e-6,SAR,YCR014C,4932,POL4
KOG3322,20,0.9418,6.004,9.62e-10,3.28e-6,SAR,YNL221C,4932,POP1
COG0486,20,0.852,6.004,9.64e-10,3.29e-6,SAR,YMR023C,4932,MSS1
COG5136,20,0.8439,6.003,9.69e-10,3.31e-6,SAR,YLR298C,4932,YHC1
KOG2073,20,0.9152,6.002,9.74e-10,3.33e-6,SAR,YFR040W,4932,SAP155
KOG2073,20,0.9152,6.002,9.74e-10,3.33e-6,SAR,YGL229C,4932,SAP4
KOG2073,20,0.9152,6.002,9.74e-10,3.33e-6,SAR,YJL098W,4932,SAP185
KOG2073,20,0.9152,6.002,9.74e-10,3.33e-6,SAR,YKR028W,4932,SAP190
KOG2186,20,0.85,6,9.84e-10,3.36e-6,SAR,YCR087C-A,4932,YCR087C-A
KOG1589,20,0.8181,6,9.86e-10,3.37e-6,SAR,YGR243W,4932,MPC3
KOG1589,20,0.8181,6,9.86e-10,3.37e-6,SAR,YHR162W,4932,MPC2
COG1626,20,0.8664,5.999,9.92e-10,3.39e-6,SAR,YBR001C,4932,NTH2
COG1626,20,0.8664,5.999,9.92e-10,3.39e-6,SAR,YDR001C,4932,NTH1
KOG2385,20,0.824,5.998,1e-9,3.41e-6,SAR,YFL034W,4932,MIL1
COG0152,20,0.8562,5.996,1.01e-9,3.45e-6,SAR,YAR015W,4932,ADE1
COG0152,20,0.8562,5.996,1.01e-9,3.45e-6,SAR,YOR128C,4932,ADE2
COG1485,20,0.9447,5.995,1.02e-9,3.47e-6,SAR,YEL052W,4932,AFG1
KOG0724,20,0.9937,5.995,1.02e-9,3.48e-6,SAR,YFR041C,4932,ERJ5
KOG0724,20,0.9937,5.995,1.02e-9,3.48e-6,SAR,YGR285C,4932,ZUO1
KOG0252,20,0.8358,5.995,1.02e-9,3.48e-6,SAR,YCR098C,4932,GIT1
KOG0252,20,0.8358,5.995,1.02e-9,3.48e-6,SAR,YML123C,4932,PHO84
COG0413,20,0.7539,5.994,1.02e-9,3.5e-6,SAR,YBR176W,4932,ECM31
KOG4401,20,0.744,5.991,1.04e-9,3.56e-6,SAR,YHR121W,4932,LSM12
KOG1685,20,0.9212,5.989,1.05e-9,3.6e-6,SAR,YHR052W,4932,CIC1
KOG1685,20,0.9212,5.989,1.05e-9,3.6e-6,SAR,YKR060W,4932,UTP30
COG0694,20,0.9484,5.987,1.07e-9,3.64e-6,SAR,YKL040C,4932,NFU1
KOG2236,20,0.8087,5.987,1.07e-9,3.65e-6,SAR,YNL124W,4932,NAF1
COG0673,20,0.8478,5.984,1.09e-9,3.71e-6,SAR,YML051W,4932,GAL80
COG0673,20,0.8478,5.984,1.09e-9,3.71e-6,SAR,YMR315W,4932,YMR315W
COG5371,20,0.8234,5.984,1.09e-9,3.73e-6,SAR,YEL042W,4932,GDA1
COG5371,20,0.8234,5.984,1.09e-9,3.73e-6,SAR,YER005W,4932,YND1
COG0046,20,0.857,5.98,1.12e-9,3.81e-6,SAR,YGR061C,4932,ADE6
COG0667,20,0.892,5.979,1.13e-9,3.84e-6,SAR,YCR107W,4932,AAD3
COG0667,20,0.892,5.979,1.13e-9,3.84e-6,SAR,YDL243C,4932,AAD4
COG0667,20,0.892,5.979,1.13e-9,3.84e-6,SAR,YFL056C,4932,AAD6
COG0667,20,0.892,5.979,1.13e-9,3.84e-6,SAR,YFL057C,4932,AAD16
COG0667,20,0.892,5.979,1.13e-9,3.84e-6,SAR,YJR155W,4932,AAD10
COG0667,20,0.892,5.979,1.13e-9,3.84e-6,SAR,YMR041C,4932,ARA2
COG0667,20,0.892,5.979,1.13e-9,3.84e-6,SAR,YNL331C,4932,AAD14
COG0667,20,0.892,5.979,1.13e-9,3.84e-6,SAR,YOL165C,4932,AAD15
COG0667,20,0.892,5.979,1.13e-9,3.84e-6,SAR,YPL088W,4932,YPL088W
COG0667,20,0.892,5.979,1.13e-9,3.84e-6,SAR,YPR127W,4932,YPR127W
KOG1737,20,0.898,5.978,1.13e-9,3.85e-6,SAR,YAR042W,4932,SWH1
KOG1737,20,0.898,5.978,1.13e-9,3.85e-6,SAR,YDL019C,4932,OSH2
KOG1737,20,0.898,5.978,1.13e-9,3.85e-6,SAR,YHR073W,4932,OSH3
KOG2609,20,0.8032,5.978,1.13e-9,3.87e-6,SAR,YGR129W,4932,SYF2
KOG3024,20,0.8138,5.977,1.14e-9,3.88e-6,SAR,YOR164C,4932,GET4
COG5157,20,0.9375,5.975,1.15e-9,3.94e-6,SAR,YLR418C,4932,CDC73
COG0405,20,0.7986,5.969,1.2e-9,4.08e-6,SAR,YLR299W,4932,ECM38
KOG0761,20,0.856,5.967,1.21e-9,4.13e-6,SAR,YGR257C,4932,MTM1
COG1960,20,0.871,5.966,1.22e-9,4.15e-6,SAR,YGL205W,4932,POX1
KOG4205,20,0.7952,5.961,1.25e-9,4.28e-6,SAR,YOL123W,4932,HRP1
KOG3014,20,0.7785,5.96,1.26e-9,4.3e-6,SAR,YFR027W,4932,ECO1
KOG1780,20,0.857,5.959,1.27e-9,4.33e-6,SAR,YFL017W-A,4932,SMX2
KOG3887,20,0.8808,5.959,1.27e-9,4.34e-6,SAR,YGR163W,4932,GTR2
KOG2326,20,0.7868,5.959,1.27e-9,4.34e-6,SAR,YMR106C,4932,YKU80
KOG2441,20,0.9189,5.958,1.28e-9,4.36e-6,SAR,YAL032C,4932,PRP45
KOG1882,20,0.7406,5.958,1.28e-9,4.36e-6,SAR,YLR016C,4932,PML1
KOG3170,20,0.893,5.952,1.32e-9,4.51e-6,SAR,YOR281C,4932,PLP2
KOG3190,20,0.8608,5.952,1.32e-9,4.52e-6,SAR,YOR287C,4932,RRP36
COG0482,20,0.8194,5.951,1.33e-9,4.56e-6,SAR,YDL033C,4932,SLM3
COG0141,20,0.8662,5.951,1.34e-9,4.56e-6,SAR,YBR114W,4932,RAD16
COG0141,20,0.8662,5.951,1.34e-9,4.56e-6,SAR,YCL030C,4932,HIS4
COG0193,20,0.7915,5.947,1.36e-9,4.66e-6,SAR,YHR189W,4932,PTH1
KOG0978,20,0.8932,5.946,1.38e-9,4.7e-6,SAR,YDL074C,4932,BRE1
KOG2986,20,0.882,5.942,1.41e-9,4.81e-6,SAR,YGR046W,4932,TAM41
KOG0533,20,0.8463,5.938,1.45e-9,4.94e-6,SAR,YDR381W,4932,YRA1
COG5118,20,0.8851,5.938,1.45e-9,4.94e-6,SAR,YNL039W,4932,BDP1
KOG2868,20,0.8272,5.929,1.53e-9,5.21e-6,SAR,YOL149W,4932,DCP1
COG0676,20,0.8084,5.928,1.53e-9,5.23e-6,SAR,YMR099C,4932,YMR099C
COG5648,20,0.9046,5.922,1.59e-9,5.43e-6,SAR,YBR089C-A,4932,NHP6B
COG5648,20,0.9046,5.922,1.59e-9,5.43e-6,SAR,YDL002C,4932,NHP10
COG5648,20,0.9046,5.922,1.59e-9,5.43e-6,SAR,YDR174W,4932,HMO1
COG5648,20,0.9046,5.922,1.59e-9,5.43e-6,SAR,YKL032C,4932,IXR1
COG5648,20,0.9046,5.922,1.59e-9,5.43e-6,SAR,YMR072W,4932,ABF2
COG5648,20,0.9046,5.922,1.59e-9,5.43e-6,SAR,YPR052C,4932,NHP6A
KOG0154,20,0.8679,5.921,1.6e-9,5.45e-6,SAR,YNL224C,4932,SQS1
COG2118,20,0.8404,5.921,1.6e-9,5.47e-6,SAR,YMR074C,4932,SDD2
KOG2357,20,0.886,5.919,1.62e-9,5.54e-6,SAR,YNR021W,4932,YNR021W
COG2229,20,0.8543,5.917,1.64e-9,5.59e-6,SAR,YKL154W,4932,SRP102
KOG0973,20,0.9395,5.917,1.64e-9,5.6e-6,SAR,YBL008W,4932,HIR1
KOG0973,20,0.9395,5.917,1.64e-9,5.6e-6,SAR,YOR038C,4932,HIR2
KOG2175,20,0.8516,5.916,1.65e-9,5.64e-6,SAR,YNL201C,4932,PSY2
KOG2674,20,0.8656,5.911,1.7e-9,5.81e-6,SAR,YNL223W,4932,ATG4
COG0034,20,0.8543,5.909,1.72e-9,5.88e-6,SAR,YMR300C,4932,ADE4
KOG2576,20,0.8574,5.909,1.72e-9,5.89e-6,SAR,YOR067C,4932,ALG8
KOG3572,20,0.8148,5.908,1.73e-9,5.9e-6,SAR,YJR138W,4932,IML1
COG0056,20,0.875,5.905,1.76e-9,6.01e-6,SAR,YBL099W,4932,ATP1
KOG4697,20,0.7056,5.905,1.77e-9,6.03e-6,SAR,YJL004C,4932,SYS1
KOG4209,20,0.9433,5.904,1.77e-9,6.05e-6,SAR,YIR001C,4932,SGN1
KOG2879,20,0.8347,5.904,1.77e-9,6.06e-6,SAR,YJL210W,4932,PEX2
KOG0759,20,0.8247,5.9,1.82e-9,6.21e-6,SAR,YLR348C,4932,DIC1
COG0217,20,0.7242,5.896,1.87e-9,6.37e-6,SAR,YGR021W,4932,YGR021W
COG0302,20,0.8795,5.895,1.87e-9,6.39e-6,SAR,YGR267C,4932,FOL2
KOG2981,20,0.8842,5.895,1.88e-9,6.4e-6,SAR,YNR007C,4932,ATG3
KOG2580,20,0.8354,5.893,1.9e-9,6.48e-6,SAR,YIL022W,4932,TIM44
COG2072,20,0.8007,5.891,1.91e-9,6.54e-6,SAR,YHR176W,4932,FMO1
COG1866,20,0.8369,5.888,1.95e-9,6.66e-6,SAR,YKR097W,4932,PCK1
COG0227,20,0.8108,5.887,1.97e-9,6.72e-6,SAR,YMR193W,4932,MRPL24
COG5200,20,0.8595,5.885,1.99e-9,6.79e-6,SAR,YDL087C,4932,LUC7
COG1612,20,0.8578,5.882,2.03e-9,6.93e-6,SAR,YER141W,4932,COX15
COG0412,20,0.8133,5.881,2.04e-9,6.95e-6,SAR,YAL049C,4932,AIM2
COG0412,20,0.8133,5.881,2.04e-9,6.95e-6,SAR,YDL086W,4932,YDL086W
COG0153,20,0.7986,5.881,2.04e-9,6.98e-6,SAR,YBR020W,4932,GAL1
COG0153,20,0.7986,5.881,2.04e-9,6.98e-6,SAR,YDR009W,4932,GAL3
COG0137,20,0.8154,5.877,2.09e-9,7.13e-6,SAR,YOL058W,4932,ARG1
COG0665,20,0.8538,5.876,2.1e-9,7.16e-6,SAR,YHR009C,4932,TDA3
COG1087,20,0.8139,5.876,2.1e-9,7.18e-6,SAR,YBR019C,4932,GAL10
KOG3496,20,0.759,5.871,2.16e-9,7.39e-6,SAR,YLL009C,4932,COX17
COG0435,20,0.7129,5.868,2.21e-9,7.54e-6,SAR,YGR154C,4932,GTO1
COG0435,20,0.7129,5.868,2.21e-9,7.54e-6,SAR,YKR076W,4932,ECM4
COG0435,20,0.7129,5.868,2.21e-9,7.54e-6,SAR,YMR251W,4932,GTO3
COG2365,20,0.8099,5.862,2.29e-9,7.81e-6,SAR,YCR095C,4932,OCA4
COG2365,20,0.8099,5.862,2.29e-9,7.81e-6,SAR,YDR067C,4932,OCA6
COG2365,20,0.8099,5.862,2.29e-9,7.81e-6,SAR,YNL032W,4932,SIW14
COG2365,20,0.8099,5.862,2.29e-9,7.81e-6,SAR,YNL056W,4932,OCA2
COG2365,20,0.8099,5.862,2.29e-9,7.81e-6,SAR,YNL099C,4932,OCA1
COG5540,20,0.7665,5.861,2.31e-9,7.87e-6,SAR,YKL034W,4932,TUL1
COG0120,20,0.7912,5.855,2.39e-9,8.15e-6,SAR,YOR095C,4932,RKI1
KOG3473,20,0.7731,5.853,2.41e-9,8.22e-6,SAR,YPL046C,4932,ELC1
COG0228,20,0.8326,5.849,2.48e-9,8.45e-6,SAR,YPL013C,4932,MRPS16
KOG1548,20,0.7817,5.842,2.58e-9,8.79e-6,SAR,YNL286W,4932,CUS2
KOG2069,20,0.8195,5.84,2.62e-9,8.94e-6,SAR,YML071C,4932,COG8
KOG0586,20,0.842,5.833,2.71e-9,9.27e-6,SAR,YKL116C,4932,PRR1
KOG2497,20,0.8127,5.833,2.72e-9,9.3e-6,SAR,YJR129C,4932,EFM3
KOG0269,20,0.7914,5.832,2.73e-9,9.33e-6,SAR,YOL138C,4932,RTC1
KOG4561,20,0.7874,5.832,2.73e-9,9.33e-6,SAR,YJR116W,4932,TDA4
KOG4561,20,0.7874,5.832,2.73e-9,9.33e-6,SAR,YPR114W,4932,YPR114W
COG2220,20,0.7283,5.825,2.86e-9,9.75e-6,SAR,YPL103C,4932,FMP30
COG0516,20,0.8571,5.819,2.96e-9,1.01e-5,SAR,YAR073W,4932,IMD1
COG0516,20,0.8571,5.819,2.96e-9,1.01e-5,SAR,YAR075W,4932,YAR075W
COG0516,20,0.8571,5.819,2.96e-9,1.01e-5,SAR,YHR216W,4932,IMD2
COG0516,20,0.8571,5.819,2.96e-9,1.01e-5,SAR,YLR432W,4932,IMD3
COG0516,20,0.8571,5.819,2.96e-9,1.01e-5,SAR,YML056C,4932,IMD4
COG0014,20,0.839,5.819,2.97e-9,1.01e-5,SAR,YOR323C,4932,PRO2
KOG0768,20,0.9221,5.796,3.39e-9,1.16e-5,SAR,YNL003C,4932,PET8
KOG4328,20,0.7062,5.796,3.41e-9,1.16e-5,SAR,YDL156W,4932,CMR1
COG0064,20,0.8171,5.778,3.78e-9,1.29e-5,SAR,YBL080C,4932,PET112
COG0304,20,0.8482,5.772,3.92e-9,1.34e-5,SAR,YER061C,4932,CEM1
COG0712,20,0.8273,5.769,3.99e-9,1.36e-5,SAR,YDR298C,4932,ATP5
KOG3223,20,0.8108,5.768,4.02e-9,1.37e-5,SAR,YGR169C-A,4932,LSO2
KOG3223,20,0.8108,5.768,4.02e-9,1.37e-5,SAR,YJR005C-A,4932,LSO1
KOG1173,20,0.8434,5.765,4.09e-9,1.4e-5,SAR,YKL022C,4932,CDC16
COG0103,20,0.8027,5.762,4.15e-9,1.42e-5,SAR,YBR146W,4932,MRPS9
COG0753,20,0.7437,5.76,4.2e-9,1.43e-5,SAR,YDR256C,4932,CTA1
COG0753,20,0.7437,5.76,4.2e-9,1.43e-5,SAR,YGR088W,4932,CTT1
COG0122,20,0.8546,5.76,4.21e-9,1.44e-5,SAR,YER142C,4932,MAG1
COG0122,20,0.8546,5.76,4.21e-9,1.44e-5,SAR,YML060W,4932,OGG1
COG1052,20,0.7963,5.751,4.43e-9,1.51e-5,SAR,YGL185C,4932,YGL185C
COG1052,20,0.7963,5.751,4.43e-9,1.51e-5,SAR,YNL274C,4932,GOR1
COG1052,20,0.7963,5.751,4.43e-9,1.51e-5,SAR,YOR388C,4932,FDH1
COG1052,20,0.7963,5.751,4.43e-9,1.51e-5,SAR,YPL113C,4932,YPL113C
COG0397,20,0.7784,5.749,4.5e-9,1.54e-5,SAR,YPL222W,4932,FMP40
COG1304,20,0.7951,5.745,4.61e-9,1.57e-5,SAR,YML054C,4932,CYB2
COG2119,20,0.847,5.734,4.91e-9,1.68e-5,SAR,YBR187W,4932,GDT1
KOG4372,20,0.7899,5.731,5e-9,1.71e-5,SAR,YDL109C,4932,YDL109C
KOG4372,20,0.7899,5.731,5e-9,1.71e-5,SAR,YDR444W,4932,YDR444W
KOG4372,20,0.7899,5.731,5e-9,1.71e-5,SAR,YGL144C,4932,ROG1
KOG4372,20,0.7899,5.731,5e-9,1.71e-5,SAR,YOR059C,4932,LPL1
COG5238,20,0.8341,5.727,5.1e-9,1.74e-5,SAR,YMR235C,4932,RNA1
KOG3937,20,0.7711,5.727,5.11e-9,1.75e-5,SAR,YBL074C,4932,AAR2
KOG1784,20,0.7559,5.727,5.13e-9,1.75e-5,SAR,YJR022W,4932,LSM8
COG5250,20,0.7634,5.726,5.13e-9,1.75e-5,SAR,YJL140W,4932,RPB4
COG2513,20,0.7781,5.724,5.19e-9,1.77e-5,SAR,YER065C,4932,ICL1
COG2513,20,0.7781,5.724,5.19e-9,1.77e-5,SAR,YPR006C,4932,ICL2
COG5233,20,0.7895,5.724,5.19e-9,1.77e-5,SAR,YDR517W,4932,GRH1
COG5251,20,0.7673,5.724,5.22e-9,1.78e-5,SAR,YML015C,4932,TAF11
COG0678,20,0.7773,5.722,5.26e-9,1.79e-5,SAR,YLR109W,4932,AHP1
COG0218,20,0.7576,5.718,5.39e-9,1.84e-5,SAR,YDR336W,4932,MRX8
COG5052,20,0.8208,5.718,5.4e-9,1.84e-5,SAR,YPR028W,4932,YOP1
KOG3183,20,0.8341,5.717,5.42e-9,1.85e-5,SAR,YNL155W,4932,CUZ1
KOG0892,20,0.797,5.717,5.44e-9,1.86e-5,SAR,YBL088C,4932,TEL1
NOG05726,20,0.7001,5.711,5.61e-9,1.92e-5,SAR,YPR155C,4932,NCA2
COG1502,20,0.8765,5.71,5.66e-9,1.93e-5,SAR,YCL004W,4932,PGS1
COG1502,20,0.8765,5.71,5.66e-9,1.93e-5,SAR,YKR031C,4932,SPO14
COG0294,20,0.7887,5.709,5.68e-9,1.94e-5,SAR,YNL256W,4932,FOL1
COG1611,20,0.6724,5.703,5.9e-9,2.01e-5,SAR,YJL055W,4932,YJL055W
COG1914,20,0.7553,5.696,6.13e-9,2.09e-5,SAR,YHR050W,4932,SMF2
COG1914,20,0.7553,5.696,6.13e-9,2.09e-5,SAR,YLR034C,4932,SMF3
COG1914,20,0.7553,5.696,6.13e-9,2.09e-5,SAR,YOL122C,4932,SMF1
KOG1654,20,0.8716,5.692,6.29e-9,2.15e-5,SAR,YBL078C,4932,ATG8
KOG3100,20,0.8061,5.686,6.52e-9,2.23e-5,SAR,YLR051C,4932,FCF2
COG1409,20,0.8138,5.685,6.53e-9,2.23e-5,SAR,YLR361C,4932,DCR2
COG1409,20,0.8138,5.685,6.53e-9,2.23e-5,SAR,YOR137C,4932,SIA1
COG2131,20,0.7982,5.676,6.88e-9,2.35e-5,SAR,YHR144C,4932,DCD1
KOG2050,20,0.8575,5.666,7.3e-9,2.49e-5,SAR,YDR496C,4932,PUF6
COG5590,20,0.7726,5.666,7.3e-9,2.49e-5,SAR,YLR201C,4932,COQ9
COG0548,20,0.7706,5.662,7.49e-9,2.56e-5,SAR,YER069W,4932,"ARG5,6"
COG0548,20,0.7706,5.662,7.49e-9,2.56e-5,SAR,YJL071W,4932,ARG2
COG1225,20,0.7689,5.661,7.54e-9,2.57e-5,SAR,YIL010W,4932,DOT5
COG0169,20,0.7359,5.647,8.14e-9,2.78e-5,SAR,YDR127W,4932,ARO1
COG5104,20,0.828,5.644,8.31e-9,2.84e-5,SAR,YKL012W,4932,PRP40
COG5104,20,0.828,5.644,8.31e-9,2.84e-5,SAR,YPR152C,4932,URN1
COG0527,20,0.7626,5.641,8.46e-9,2.89e-5,SAR,YER052C,4932,HOM3
COG0527,20,0.7626,5.641,8.46e-9,2.89e-5,SAR,YJR139C,4932,HOM6
KOG2632,20,0.7291,5.641,8.47e-9,2.89e-5,SAR,YPL246C,4932,RBD2
KOG0116,20,0.7444,5.627,9.15e-9,3.13e-5,SAR,YNR051C,4932,BRE5
KOG3394,20,0.7537,5.622,9.43e-9,3.22e-5,SAR,YDR057W,4932,YOS9
KOG1913,20,0.7592,5.622,9.46e-9,3.23e-5,SAR,YPL085W,4932,SEC16
COG0414,20,0.7784,5.62,9.52e-9,3.25e-5,SAR,YIL145C,4932,PAN6
KOG0045,20,0.7944,5.62,9.56e-9,3.27e-5,SAR,YMR154C,4932,RIM13
KOG4569,20,0.7661,5.619,9.58e-9,3.27e-5,SAR,YJR107W,4932,LIH1
KOG3479,20,0.7566,5.616,9.78e-9,3.34e-5,SAR,YEL020W-A,4932,TIM9
KOG3057,20,0.7091,5.614,9.87e-9,3.37e-5,SAR,YLR038C,4932,COX12
KOG2997,20,0.7312,5.605,1.04e-8,3.55e-5,SAR,YLR097C,4932,HRT3
KOG3493,20,0.7633,5.603,1.06e-8,3.61e-5,SAR,YNR032C-A,4932,HUB1
COG1587,20,0.7937,5.601,1.07e-8,3.64e-5,SAR,YOR278W,4932,HEM4
COG0002,20,0.7055,5.601,1.07e-8,3.64e-5,SAR,YER069W,4932,"ARG5,6"
COG1231,20,0.8096,5.6,1.07e-8,3.65e-5,SAR,YMR020W,4932,FMS1
KOG2890,20,0.7104,5.6,1.07e-8,3.65e-5,SAR,YOL107W,4932,YOL107W
COG3104,20,0.7617,5.6,1.07e-8,3.66e-5,SAR,YKR093W,4932,PTR2
COG0560,20,0.7564,5.59,1.14e-8,3.88e-5,SAR,YGR208W,4932,SER2
COG0157,20,0.6284,5.581,1.19e-8,4.07e-5,SAR,YFR047C,4932,BNA6
COG0335,20,0.777,5.579,1.21e-8,4.14e-5,SAR,YCR046C,4932,IMG1
KOG2488,20,0.6734,5.575,1.23e-8,4.22e-5,SAR,YMR069W,4932,NAT4
COG0165,20,0.7744,5.565,1.31e-8,4.46e-5,SAR,YHR018C,4932,ARG4
KOG3442,20,0.7737,5.562,1.33e-8,4.55e-5,SAR,YJL104W,4932,PAM16
COG0160,20,0.6951,5.561,1.34e-8,4.58e-5,SAR,YGR019W,4932,UGA1
COG0210,20,0.8101,5.541,1.5e-8,5.13e-5,SAR,YJL092W,4932,SRS2
COG0210,20,0.8101,5.541,1.5e-8,5.13e-5,SAR,YOL095C,4932,HMI1
KOG2308,20,0.7054,5.534,1.57e-8,5.35e-5,SAR,YOR022C,4932,DDL1
COG1752,20,0.7972,5.529,1.61e-8,5.5e-5,SAR,YKR089C,4932,TGL4
COG1752,20,0.7972,5.529,1.61e-8,5.5e-5,SAR,YMR313C,4932,TGL3
COG1752,20,0.7972,5.529,1.61e-8,5.5e-5,SAR,YOR081C,4932,TGL5
KOG1364,20,0.7629,5.526,1.63e-8,5.58e-5,SAR,YDR330W,4932,UBX5
COG0212,20,0.779,5.518,1.71e-8,5.84e-5,SAR,YER183C,4932,FAU1
COG0529,20,0.7194,5.505,1.84e-8,6.29e-5,SAR,YKL001C,4932,MET14
KOG2699,20,0.7186,5.498,1.92e-8,6.55e-5,SAR,YMR067C,4932,UBX4
COG5036,20,0.7667,5.494,1.96e-8,6.7e-5,SAR,YFL004W,4932,VTC2
COG5036,20,0.7667,5.494,1.96e-8,6.7e-5,SAR,YGR233C,4932,PHO81
COG5036,20,0.7667,5.494,1.96e-8,6.7e-5,SAR,YJL012C,4932,VTC4
COG5036,20,0.7667,5.494,1.96e-8,6.7e-5,SAR,YPL019C,4932,VTC3
KOG3870,20,0.7874,5.492,1.99e-8,6.8e-5,SAR,YMR027W,4932,YMR027W
COG2135,20,0.7253,5.48,2.13e-8,7.28e-5,SAR,YMR114C,4932,YMR114C
KOG0974,20,0.6728,5.479,2.14e-8,7.3e-5,SAR,YPL183C,4932,RTT10
KOG2789,20,0.7544,5.468,2.27e-8,7.76e-5,SAR,YMR140W,4932,SIP5
COG0311,20,0.6594,5.443,2.61e-8,8.92e-5,SAR,YFL060C,4932,SNO3
COG0311,20,0.6594,5.443,2.61e-8,8.92e-5,SAR,YMR095C,4932,SNO1
COG0311,20,0.6594,5.443,2.61e-8,8.92e-5,SAR,YNL334C,4932,SNO2
KOG1166,20,0.7872,5.404,3.26e-8,1.11e-4,SAR,YGR188C,4932,BUB1
KOG1166,20,0.7872,5.404,3.26e-8,1.11e-4,SAR,YJL013C,4932,MAD3
KOG2381,20,0.6875,5.399,3.35e-8,1.14e-4,SAR,YJL100W,4932,LSB6
KOG0770,20,0.6473,5.342,4.6e-8,1.57e-4,SAR,YMR166C,4932,MME1
COG2106,20,0.7012,5.327,5e-8,1.71e-4,SAR,YGR283C,4932,YGR283C
COG2106,20,0.7012,5.327,5e-8,1.71e-4,SAR,YMR310C,4932,YMR310C
COG1957,20,0.6859,5.318,5.25e-8,1.79e-4,SAR,YDR400W,4932,URH1
KOG0909,20,0.6819,5.313,5.4e-8,1.84e-4,SAR,YPL096W,4932,PNG1
KOG2615,20,0.666,5.3,5.78e-8,1.97e-4,SAR,YCR023C,4932,YCR023C
COG1364,20,0.7,5.263,7.07e-8,2.41e-4,SAR,YMR062C,4932,ARG7
COG0518,20,0.6054,5.237,8.18e-8,2.79e-4,SAR,YLR126C,4932,YLR126C
KOG2712,20,0.6344,5.235,8.23e-8,2.81e-4,SAR,YMR039C,4932,SUB1
COG1219,20,0.6536,5.228,8.57e-8,2.92e-4,SAR,YBR227C,4932,MCX1
KOG4438,20,0.652,5.204,9.73e-8,3.32e-4,SAR,YOL069W,4932,NUF2
KOG1216,20,0.5632,5.191,1.05e-7,3.57e-4,SAR,YIL169C,4932,CSS1
KOG1216,20,0.5632,5.191,1.05e-7,3.57e-4,SAR,YOL155C,4932,HPF1
COG0591,20,0.584,5.161,1.23e-7,4.2e-4,SAR,YHL016C,4932,DUR3
COG0670,20,0.6521,5.152,1.29e-7,4.4e-4,SAR,YNL305C,4932,BXI1
KOG2513,20,0.6438,5.14,1.38e-7,4.7e-4,SAR,YBR086C,4932,IST2
KOG1230,20,0.6393,5.119,1.54e-7,5.25e-4,SAR,YPL263C,4932,KEL3
COG1070,20,0.6456,5.114,1.58e-7,5.4e-4,SAR,YGR194C,4932,XKS1
KOG3056,20,0.6614,5.111,1.6e-7,5.47e-4,SAR,YIL150C,4932,MCM10
KOG1508,20,0.6511,5.07,1.99e-7,6.81e-4,SAR,YNL246W,4932,VPS75
COG0110,20,0.5532,4.925,4.22e-7,0.00144,SAR,YJL218W,4932,YJL218W
KOG3012,20,0.5733,4.882,5.24e-7,0.00179,SAR,YKR030W,4932,GMH1
KOG4673,20,0.6112,4.795,8.13e-7,0.00277,SAR,YJR134C,4932,SGM1
KOG4763,20,0.5773,4.731,1.12e-6,0.00382,SAR,YFR033C,4932,QCR6
KOG0675,20,0.5343,4.61,2.01e-6,0.00686,SAR,YAL058W,4932,CNE1
KOG1005,20,0.5303,4.537,2.85e-6,0.00974,SAR,YLR318W,4932,EST2
KOG4549,20,0.485,4.214,1.25e-5,0.0428,SAR,YER134C,4932,YER134C
KOG3880,20,0.5001,4.199,1.34e-5,0.0458,SAR,YJL059W,4932,YHC3
COG0384,20,0.4145,3.927,4.31e-5,0.147,SAR,YHR029C,4932,YHI9
COG0446,20,0.4377,3.607,1.55e-4,0.53,SAR,YNR074C,4932,AIF1
COG5285,20,0.3818,3.563,1.83e-4,0.625,SAR,YJR154W,4932,YJR154W
COG0415,20,0.2893,2.778,0.00274,1,SAR,YOR386W,4932,PHR1
COG0306,20,0.2791,2.733,0.00314,1,SAR,YBR296C,4932,PHO89
COG2070,20,0.2588,2.577,0.00498,1,SAR,YJR149W,4932,YJR149W
COG0366,20,0.214,2.141,0.0161,1,SAR,YBR299W,4932,MAL32
COG0366,20,0.214,2.141,0.0161,1,SAR,YGR287C,4932,IMA1
COG0366,20,0.214,2.141,0.0161,1,SAR,YGR292W,4932,MAL12
COG0366,20,0.214,2.141,0.0161,1,SAR,YIL172C,4932,IMA3
COG0366,20,0.214,2.141,0.0161,1,SAR,YJL216C,4932,IMA5
COG0366,20,0.214,2.141,0.0161,1,SAR,YJL221C,4932,IMA4
COG0366,20,0.214,2.141,0.0161,1,SAR,YOL157C,4932,IMA2
COG0656,21,0.9804,6.838,4.01e-12,1.37e-8,Metamonada,YBR149W,4932,ARA1
COG0656,21,0.9804,6.838,4.01e-12,1.37e-8,Metamonada,YDL124W,4932,YDL124W
COG0656,21,0.9804,6.838,4.01e-12,1.37e-8,Metamonada,YDR368W,4932,YPR1
COG0656,21,0.9804,6.838,4.01e-12,1.37e-8,Metamonada,YHR104W,4932,GRE3
COG0656,21,0.9804,6.838,4.01e-12,1.37e-8,Metamonada,YJR096W,4932,YJR096W
COG0656,21,0.9804,6.838,4.01e-12,1.37e-8,Metamonada,YOR120W,4932,GCY1
COG0324,21,0.9759,6.717,9.25e-12,3.16e-8,Metamonada,YOR274W,4932,MOD5
COG0696,21,0.9935,6.69,1.11e-11,3.8e-8,Metamonada,YMR061W,4932,RNA14
COG0198,21,0.9908,6.688,1.13e-11,3.86e-8,Metamonada,YGR034W,4932,RPL26B
COG0198,21,0.9908,6.688,1.13e-11,3.86e-8,Metamonada,YLR344W,4932,RPL26A
COG2265,21,0.9639,6.668,1.3e-11,4.42e-8,Metamonada,YKR056W,4932,TRM2
COG1041,21,0.9943,6.668,1.3e-11,4.43e-8,Metamonada,YOL124C,4932,TRM11
KOG0362,21,0.9984,6.655,1.42e-11,4.84e-8,Metamonada,YJL008C,4932,CCT8
KOG2169,21,0.9435,6.642,1.55e-11,5.28e-8,Metamonada,YDR409W,4932,SIZ1
KOG2169,21,0.9435,6.642,1.55e-11,5.28e-8,Metamonada,YOR156C,4932,NFI1
COG0533,21,1,6.627,1.71e-11,5.83e-8,Metamonada,YDL104C,4932,QRI7
COG0533,21,1,6.627,1.71e-11,5.83e-8,Metamonada,YKR038C,4932,KAE1
COG0205,21,0.9976,6.624,1.75e-11,5.97e-8,Metamonada,YGR240C,4932,PFK1
COG0205,21,0.9976,6.624,1.75e-11,5.97e-8,Metamonada,YMR205C,4932,PFK2
COG0149,21,0.9986,6.623,1.76e-11,5.99e-8,Metamonada,YDR050C,4932,TPI1
COG0085,21,1,6.623,1.76e-11,6.02e-8,Metamonada,YOR151C,4932,RPB2
COG0085,21,1,6.623,1.76e-11,6.02e-8,Metamonada,YOR207C,4932,RET1
COG0085,21,1,6.623,1.76e-11,6.02e-8,Metamonada,YPR010C,4932,RPA135
COG2125,21,0.9907,6.613,1.88e-11,6.43e-8,Metamonada,YBR181C,4932,RPS6B
COG2125,21,0.9907,6.613,1.88e-11,6.43e-8,Metamonada,YPL090C,4932,RPS6A
COG0443,21,1,6.605,1.98e-11,6.77e-8,Metamonada,YAL005C,4932,SSA1
COG0443,21,1,6.605,1.98e-11,6.77e-8,Metamonada,YBL075C,4932,SSA3
COG0443,21,1,6.605,1.98e-11,6.77e-8,Metamonada,YBR169C,4932,SSE2
COG0443,21,1,6.605,1.98e-11,6.77e-8,Metamonada,YDL229W,4932,SSB1
COG0443,21,1,6.605,1.98e-11,6.77e-8,Metamonada,YEL030W,4932,ECM10
COG0443,21,1,6.605,1.98e-11,6.77e-8,Metamonada,YER103W,4932,SSA4
COG0443,21,1,6.605,1.98e-11,6.77e-8,Metamonada,YHR064C,4932,SSZ1
COG0443,21,1,6.605,1.98e-11,6.77e-8,Metamonada,YJL034W,4932,KAR2
COG0443,21,1,6.605,1.98e-11,6.77e-8,Metamonada,YJR045C,4932,SSC1
COG0443,21,1,6.605,1.98e-11,6.77e-8,Metamonada,YKL073W,4932,LHS1
COG0443,21,1,6.605,1.98e-11,6.77e-8,Metamonada,YLL024C,4932,SSA2
COG0443,21,1,6.605,1.98e-11,6.77e-8,Metamonada,YLR369W,4932,SSQ1
COG0443,21,1,6.605,1.98e-11,6.77e-8,Metamonada,YNL209W,4932,SSB2
COG0443,21,1,6.605,1.98e-11,6.77e-8,Metamonada,YPL106C,4932,SSE1
COG5029,21,1,6.605,1.98e-11,6.77e-8,Metamonada,YDL090C,4932,RAM1
COG5029,21,1,6.605,1.98e-11,6.77e-8,Metamonada,YGL155W,4932,CDC43
COG5029,21,1,6.605,1.98e-11,6.77e-8,Metamonada,YPR176C,4932,BET2
COG1537,21,0.9843,6.596,2.12e-11,7.22e-8,Metamonada,YCL001W-A,4932,YCL001W-A
COG1537,21,0.9843,6.596,2.12e-11,7.22e-8,Metamonada,YCL001W-B,4932,YCL001W-B
COG1537,21,0.9843,6.596,2.12e-11,7.22e-8,Metamonada,YNL001W,4932,DOM34
COG2147,21,0.9949,6.592,2.16e-11,7.38e-8,Metamonada,YBL027W,4932,RPL19B
COG2147,21,0.9949,6.592,2.16e-11,7.38e-8,Metamonada,YBR084C-A,4932,RPL19A
COG2174,21,0.9876,6.591,2.18e-11,7.45e-8,Metamonada,YER056C-A,4932,RPL34A
COG2174,21,0.9876,6.591,2.18e-11,7.45e-8,Metamonada,YIL052C,4932,RPL34B
COG5059,21,1,6.583,2.3e-11,7.87e-8,Metamonada,YBL063W,4932,KIP1
COG5059,21,1,6.583,2.3e-11,7.87e-8,Metamonada,YEL061C,4932,CIN8
COG5059,21,1,6.583,2.3e-11,7.87e-8,Metamonada,YGL216W,4932,KIP3
COG5059,21,1,6.583,2.3e-11,7.87e-8,Metamonada,YKL079W,4932,SMY1
COG5059,21,1,6.583,2.3e-11,7.87e-8,Metamonada,YPL155C,4932,KIP2
COG5059,21,1,6.583,2.3e-11,7.87e-8,Metamonada,YPR141C,4932,KAR3
COG0090,21,1,6.582,2.33e-11,7.94e-8,Metamonada,YEL050C,4932,RML2
COG0090,21,1,6.582,2.33e-11,7.94e-8,Metamonada,YFR031C-A,4932,RPL2A
COG0090,21,1,6.582,2.33e-11,7.94e-8,Metamonada,YIL018W,4932,RPL2B
COG0017,21,1,6.578,2.38e-11,8.14e-8,Metamonada,YCR024C,4932,SLM5
COG0017,21,1,6.578,2.38e-11,8.14e-8,Metamonada,YHR019C,4932,DED81
COG0017,21,1,6.578,2.38e-11,8.14e-8,Metamonada,YLL018C,4932,DPS1
COG5171,21,0.9995,6.576,2.42e-11,8.25e-8,Metamonada,YDR002W,4932,YRB1
COG5171,21,0.9995,6.576,2.42e-11,8.25e-8,Metamonada,YIL063C,4932,YRB2
COG5171,21,0.9995,6.576,2.42e-11,8.25e-8,Metamonada,YLR335W,4932,NUP2
COG0513,21,1,6.576,2.42e-11,8.27e-8,Metamonada,YBR142W,4932,MAK5
COG0513,21,1,6.576,2.42e-11,8.27e-8,Metamonada,YBR237W,4932,PRP5
COG0513,21,1,6.576,2.42e-11,8.27e-8,Metamonada,YDL031W,4932,DBP10
COG0513,21,1,6.576,2.42e-11,8.27e-8,Metamonada,YDL084W,4932,SUB2
COG0513,21,1,6.576,2.42e-11,8.27e-8,Metamonada,YDL160C,4932,DHH1
COG0513,21,1,6.576,2.42e-11,8.27e-8,Metamonada,YDR021W,4932,FAL1
COG0513,21,1,6.576,2.42e-11,8.27e-8,Metamonada,YDR194C,4932,MSS116
COG0513,21,1,6.576,2.42e-11,8.27e-8,Metamonada,YDR243C,4932,PRP28
COG0513,21,1,6.576,2.42e-11,8.27e-8,Metamonada,YFL002C,4932,SPB4
COG0513,21,1,6.576,2.42e-11,8.27e-8,Metamonada,YGL064C,4932,MRH4
COG0513,21,1,6.576,2.42e-11,8.27e-8,Metamonada,YGL078C,4932,DBP3
COG0513,21,1,6.576,2.42e-11,8.27e-8,Metamonada,YHR065C,4932,RRP3
COG0513,21,1,6.576,2.42e-11,8.27e-8,Metamonada,YHR169W,4932,DBP8
COG0513,21,1,6.576,2.42e-11,8.27e-8,Metamonada,YJL033W,4932,HCA4
COG0513,21,1,6.576,2.42e-11,8.27e-8,Metamonada,YJL138C,4932,TIF2
COG0513,21,1,6.576,2.42e-11,8.27e-8,Metamonada,YKR024C,4932,DBP7
COG0513,21,1,6.576,2.42e-11,8.27e-8,Metamonada,YKR059W,4932,TIF1
COG0513,21,1,6.576,2.42e-11,8.27e-8,Metamonada,YLL008W,4932,DRS1
COG0513,21,1,6.576,2.42e-11,8.27e-8,Metamonada,YLR276C,4932,DBP9
COG0513,21,1,6.576,2.42e-11,8.27e-8,Metamonada,YMR290C,4932,HAS1
COG0513,21,1,6.576,2.42e-11,8.27e-8,Metamonada,YNL112W,4932,DBP2
COG0513,21,1,6.576,2.42e-11,8.27e-8,Metamonada,YNR038W,4932,DBP6
COG0513,21,1,6.576,2.42e-11,8.27e-8,Metamonada,YOR204W,4932,DED1
COG0513,21,1,6.576,2.42e-11,8.27e-8,Metamonada,YPL119C,4932,DBP1
COG1358,21,1,6.573,2.47e-11,8.44e-8,Metamonada,YDL208W,4932,NHP2
COG1358,21,1,6.573,2.47e-11,8.44e-8,Metamonada,YEL026W,4932,SNU13
COG1358,21,1,6.573,2.47e-11,8.44e-8,Metamonada,YHL033C,4932,RPL8A
COG1358,21,1,6.573,2.47e-11,8.44e-8,Metamonada,YLL045C,4932,RPL8B
COG1358,21,1,6.573,2.47e-11,8.44e-8,Metamonada,YOR369C,4932,RPS12
KOG3430,21,0.9164,6.57,2.52e-11,8.59e-8,Metamonada,YDR424C,4932,DYN2
COG5127,21,0.9977,6.569,2.54e-11,8.66e-8,Metamonada,YKL080W,4932,VMA5
COG1990,21,0.9975,6.567,2.57e-11,8.76e-8,Metamonada,YBL057C,4932,PTH2
COG0006,21,1,6.566,2.59e-11,8.85e-8,Metamonada,YER078C,4932,ICP55
COG0006,21,1,6.566,2.59e-11,8.85e-8,Metamonada,YFR006W,4932,YFR006W
COG0006,21,1,6.566,2.59e-11,8.85e-8,Metamonada,YLL029W,4932,FRA1
KOG1532,21,0.9814,6.562,2.65e-11,9.04e-8,Metamonada,YJR072C,4932,NPA3
COG5147,21,1,6.562,2.65e-11,9.05e-8,Metamonada,YBR049C,4932,REB1
COG5147,21,1,6.562,2.65e-11,9.05e-8,Metamonada,YDR026C,4932,NSI1
COG5147,21,1,6.562,2.65e-11,9.05e-8,Metamonada,YKR099W,4932,BAS1
COG5147,21,1,6.562,2.65e-11,9.05e-8,Metamonada,YMR213W,4932,CEF1
COG0063,21,0.9819,6.562,2.65e-11,9.06e-8,Metamonada,YKL151C,4932,NNR2
COG2136,21,1,6.562,2.66e-11,9.08e-8,Metamonada,YHR088W,4932,RPF1
COG2136,21,1,6.562,2.66e-11,9.08e-8,Metamonada,YNL075W,4932,IMP4
KOG3486,21,0.9764,6.56,2.69e-11,9.17e-8,Metamonada,YJL136C,4932,RPS21B
KOG3486,21,0.9764,6.56,2.69e-11,9.17e-8,Metamonada,YKR057W,4932,RPS21A
COG5158,21,1,6.559,2.7e-11,9.22e-8,Metamonada,YDR164C,4932,SEC1
COG5158,21,1,6.559,2.7e-11,9.22e-8,Metamonada,YDR189W,4932,SLY1
COG5158,21,1,6.559,2.7e-11,9.22e-8,Metamonada,YGL095C,4932,VPS45
COG5158,21,1,6.559,2.7e-11,9.22e-8,Metamonada,YLR396C,4932,VPS33
COG0144,21,1,6.547,2.94e-11,1e-7,Metamonada,YBL024W,4932,NCL1
COG0144,21,1,6.547,2.94e-11,1e-7,Metamonada,YNL022C,4932,RCM1
COG0144,21,1,6.547,2.94e-11,1e-7,Metamonada,YNL061W,4932,NOP2
COG5084,21,0.9897,6.542,3.04e-11,1.04e-7,Metamonada,YPR107C,4932,YTH1
COG0517,21,0.9388,6.542,3.04e-11,1.04e-7,Metamonada,YBR214W,4932,SDS24
COG0517,21,0.9388,6.542,3.04e-11,1.04e-7,Metamonada,YGL056C,4932,SDS23
COG0517,21,0.9388,6.542,3.04e-11,1.04e-7,Metamonada,YGL115W,4932,SNF4
COG5032,21,1,6.539,3.1e-11,1.06e-7,Metamonada,YBR136W,4932,MEC1
COG5032,21,1,6.539,3.1e-11,1.06e-7,Metamonada,YHR099W,4932,TRA1
COG5032,21,1,6.539,3.1e-11,1.06e-7,Metamonada,YJR066W,4932,TOR1
COG5032,21,1,6.539,3.1e-11,1.06e-7,Metamonada,YKL203C,4932,TOR2
COG5032,21,1,6.539,3.1e-11,1.06e-7,Metamonada,YLR240W,4932,VPS34
COG5032,21,1,6.539,3.1e-11,1.06e-7,Metamonada,YLR305C,4932,STT4
COG5032,21,1,6.539,3.1e-11,1.06e-7,Metamonada,YNL267W,4932,PIK1
COG5114,21,0.9537,6.534,3.19e-11,1.09e-7,Metamonada,YDR448W,4932,ADA2
COG2219,21,0.9976,6.532,3.24e-11,1.11e-7,Metamonada,YKL045W,4932,PRI2
COG0249,21,1,6.532,3.25e-11,1.11e-7,Metamonada,YCR092C,4932,MSH3
COG0249,21,1,6.532,3.25e-11,1.11e-7,Metamonada,YDL154W,4932,MSH5
COG0249,21,1,6.532,3.25e-11,1.11e-7,Metamonada,YDR097C,4932,MSH6
COG0249,21,1,6.532,3.25e-11,1.11e-7,Metamonada,YFL003C,4932,MSH4
COG0249,21,1,6.532,3.25e-11,1.11e-7,Metamonada,YHR120W,4932,MSH1
COG0249,21,1,6.532,3.25e-11,1.11e-7,Metamonada,YOL090W,4932,MSH2
COG5128,21,0.9817,6.53,3.29e-11,1.12e-7,Metamonada,YDR472W,4932,TRS31
COG5143,21,1,6.527,3.36e-11,1.15e-7,Metamonada,YAL030W,4932,SNC1
COG5143,21,1,6.527,3.36e-11,1.15e-7,Metamonada,YKL196C,4932,YKT6
COG5143,21,1,6.527,3.36e-11,1.15e-7,Metamonada,YLR093C,4932,NYV1
COG5143,21,1,6.527,3.36e-11,1.15e-7,Metamonada,YLR268W,4932,SEC22
COG5143,21,1,6.527,3.36e-11,1.15e-7,Metamonada,YOR327C,4932,SNC2
COG2004,21,0.9793,6.525,3.39e-11,1.16e-7,Metamonada,YER074W,4932,RPS24A
COG2004,21,0.9793,6.525,3.39e-11,1.16e-7,Metamonada,YIL069C,4932,RPS24B
COG0522,21,0.9991,6.525,3.41e-11,1.16e-7,Metamonada,YBR189W,4932,RPS9B
COG0522,21,0.9991,6.525,3.41e-11,1.16e-7,Metamonada,YHR148W,4932,IMP3
COG0522,21,0.9991,6.525,3.41e-11,1.16e-7,Metamonada,YNL137C,4932,NAM9
COG0522,21,0.9991,6.525,3.41e-11,1.16e-7,Metamonada,YPL081W,4932,RPS9A
KOG3045,21,0.9947,6.522,3.48e-11,1.19e-7,Metamonada,YDR083W,4932,RRP8
COG2453,21,1,6.517,3.58e-11,1.22e-7,Metamonada,YBR276C,4932,PPS1
COG2453,21,1,6.517,3.58e-11,1.22e-7,Metamonada,YFR028C,4932,CDC14
COG2453,21,1,6.517,3.58e-11,1.22e-7,Metamonada,YIL113W,4932,SDP1
COG2453,21,1,6.517,3.58e-11,1.22e-7,Metamonada,YIR026C,4932,YVH1
COG2453,21,1,6.517,3.58e-11,1.22e-7,Metamonada,YNL053W,4932,MSG5
COG2453,21,1,6.517,3.58e-11,1.22e-7,Metamonada,YNL128W,4932,TEP1
COG0009,21,0.9973,6.514,3.67e-11,1.25e-7,Metamonada,YGL169W,4932,SUA5
KOG0650,21,0.9879,6.511,3.74e-11,1.28e-7,Metamonada,YMR049C,4932,ERB1
COG1404,21,0.9646,6.51,3.77e-11,1.29e-7,Metamonada,YCR045C,4932,RRT12
COG1404,21,0.9646,6.51,3.77e-11,1.29e-7,Metamonada,YEL060C,4932,PRB1
COG1404,21,0.9646,6.51,3.77e-11,1.29e-7,Metamonada,YNL238W,4932,KEX2
COG1404,21,0.9646,6.51,3.77e-11,1.29e-7,Metamonada,YOR003W,4932,YSP3
COG5028,21,1,6.508,3.8e-11,1.3e-7,Metamonada,YHR098C,4932,SFB3
COG5028,21,1,6.508,3.8e-11,1.3e-7,Metamonada,YIL109C,4932,SEC24
COG5028,21,1,6.508,3.8e-11,1.3e-7,Metamonada,YNL049C,4932,SFB2
KOG3871,21,0.9933,6.508,3.8e-11,1.3e-7,Metamonada,YBR247C,4932,ENP1
COG0749,21,0.9635,6.508,3.82e-11,1.3e-7,Metamonada,YOR330C,4932,MIP1
KOG2967,21,0.9898,6.507,3.83e-11,1.31e-7,Metamonada,YOL093W,4932,TRM10
COG0531,21,0.9713,6.507,3.83e-11,1.31e-7,Metamonada,YBR068C,4932,BAP2
COG0531,21,0.9713,6.507,3.83e-11,1.31e-7,Metamonada,YBR069C,4932,TAT1
COG0531,21,0.9713,6.507,3.83e-11,1.31e-7,Metamonada,YBR132C,4932,AGP2
COG0531,21,0.9713,6.507,3.83e-11,1.31e-7,Metamonada,YBR235W,4932,VHC1
COG0531,21,0.9713,6.507,3.83e-11,1.31e-7,Metamonada,YCL025C,4932,AGP1
COG0531,21,0.9713,6.507,3.83e-11,1.31e-7,Metamonada,YDL210W,4932,UGA4
COG0531,21,0.9713,6.507,3.83e-11,1.31e-7,Metamonada,YDR046C,4932,BAP3
COG0531,21,0.9713,6.507,3.83e-11,1.31e-7,Metamonada,YDR160W,4932,SSY1
COG0531,21,0.9713,6.507,3.83e-11,1.31e-7,Metamonada,YDR508C,4932,GNP1
COG0531,21,0.9713,6.507,3.83e-11,1.31e-7,Metamonada,YEL063C,4932,CAN1
COG0531,21,0.9713,6.507,3.83e-11,1.31e-7,Metamonada,YFL055W,4932,AGP3
COG0531,21,0.9713,6.507,3.83e-11,1.31e-7,Metamonada,YGL077C,4932,HNM1
COG0531,21,0.9713,6.507,3.83e-11,1.31e-7,Metamonada,YGR055W,4932,MUP1
COG0531,21,0.9713,6.507,3.83e-11,1.31e-7,Metamonada,YGR191W,4932,HIP1
COG0531,21,0.9713,6.507,3.83e-11,1.31e-7,Metamonada,YHL036W,4932,MUP3
COG0531,21,0.9713,6.507,3.83e-11,1.31e-7,Metamonada,YKL174C,4932,TPO5
COG0531,21,0.9713,6.507,3.83e-11,1.31e-7,Metamonada,YKR039W,4932,GAP1
COG0531,21,0.9713,6.507,3.83e-11,1.31e-7,Metamonada,YLL061W,4932,MMP1
COG0531,21,0.9713,6.507,3.83e-11,1.31e-7,Metamonada,YNL268W,4932,LYP1
COG0531,21,0.9713,6.507,3.83e-11,1.31e-7,Metamonada,YNL270C,4932,ALP1
COG0531,21,0.9713,6.507,3.83e-11,1.31e-7,Metamonada,YNR056C,4932,BIO5
COG0531,21,0.9713,6.507,3.83e-11,1.31e-7,Metamonada,YOL020W,4932,TAT2
COG0531,21,0.9713,6.507,3.83e-11,1.31e-7,Metamonada,YOR348C,4932,PUT4
COG0531,21,0.9713,6.507,3.83e-11,1.31e-7,Metamonada,YPL265W,4932,DIP5
COG0531,21,0.9713,6.507,3.83e-11,1.31e-7,Metamonada,YPL274W,4932,SAM3
COG5265,21,0.9606,6.507,3.84e-11,1.31e-7,Metamonada,YMR301C,4932,ATM1
COG5053,21,0.992,6.502,3.96e-11,1.35e-7,Metamonada,YOL139C,4932,CDC33
KOG0032,21,1,6.502,3.98e-11,1.36e-7,Metamonada,YFR014C,4932,CMK1
KOG0032,21,1,6.502,3.98e-11,1.36e-7,Metamonada,YGL158W,4932,RCK1
KOG0032,21,1,6.502,3.98e-11,1.36e-7,Metamonada,YJL057C,4932,IKS1
KOG0032,21,1,6.502,3.98e-11,1.36e-7,Metamonada,YKL171W,4932,NNK1
KOG0032,21,1,6.502,3.98e-11,1.36e-7,Metamonada,YLR248W,4932,RCK2
KOG0032,21,1,6.502,3.98e-11,1.36e-7,Metamonada,YMR291W,4932,TDA1
KOG0032,21,1,6.502,3.98e-11,1.36e-7,Metamonada,YOL016C,4932,CMK2
KOG0032,21,1,6.502,3.98e-11,1.36e-7,Metamonada,YOR351C,4932,MEK1
COG2036,21,1,6.501,3.99e-11,1.36e-7,Metamonada,YBL021C,4932,HAP3
COG2036,21,1,6.501,3.99e-11,1.36e-7,Metamonada,YBR009C,4932,HHF1
COG2036,21,1,6.501,3.99e-11,1.36e-7,Metamonada,YBR010W,4932,HHT1
COG2036,21,1,6.501,3.99e-11,1.36e-7,Metamonada,YKL049C,4932,CSE4
COG2036,21,1,6.501,3.99e-11,1.36e-7,Metamonada,YNL030W,4932,HHF2
COG2036,21,1,6.501,3.99e-11,1.36e-7,Metamonada,YNL031C,4932,HHT2
KOG3178,21,0.9645,6.5,4.02e-11,1.37e-7,Metamonada,YBR261C,4932,TAE1
COG1632,21,0.9978,6.499,4.04e-11,1.38e-7,Metamonada,YLR029C,4932,RPL15A
COG1632,21,0.9978,6.499,4.04e-11,1.38e-7,Metamonada,YMR121C,4932,RPL15B
COG5329,21,1,6.498,4.08e-11,1.39e-7,Metamonada,YKL212W,4932,SAC1
COG5329,21,1,6.498,4.08e-11,1.39e-7,Metamonada,YNL325C,4932,FIG4
COG0638,21,1,6.496,4.12e-11,1.41e-7,Metamonada,YBL041W,4932,PRE7
COG0638,21,1,6.496,4.12e-11,1.41e-7,Metamonada,YER012W,4932,PRE1
COG0638,21,1,6.496,4.12e-11,1.41e-7,Metamonada,YER094C,4932,PUP3
COG0638,21,1,6.496,4.12e-11,1.41e-7,Metamonada,YGL011C,4932,SCL1
COG0638,21,1,6.496,4.12e-11,1.41e-7,Metamonada,YGR135W,4932,PRE9
COG0638,21,1,6.496,4.12e-11,1.41e-7,Metamonada,YGR253C,4932,PUP2
COG0638,21,1,6.496,4.12e-11,1.41e-7,Metamonada,YMR314W,4932,PRE5
COG0638,21,1,6.496,4.12e-11,1.41e-7,Metamonada,YOL038W,4932,PRE6
COG0638,21,1,6.496,4.12e-11,1.41e-7,Metamonada,YOR157C,4932,PUP1
COG0638,21,1,6.496,4.12e-11,1.41e-7,Metamonada,YOR362C,4932,PRE10
COG0638,21,1,6.496,4.12e-11,1.41e-7,Metamonada,YPR103W,4932,PRE2
COG0666,21,1,6.496,4.12e-11,1.41e-7,Metamonada,YAR042W,4932,SWH1
COG0666,21,1,6.496,4.12e-11,1.41e-7,Metamonada,YCR051W,4932,YCR051W
COG0666,21,1,6.496,4.12e-11,1.41e-7,Metamonada,YDL056W,4932,MBP1
COG0666,21,1,6.496,4.12e-11,1.41e-7,Metamonada,YER111C,4932,SWI4
COG0666,21,1,6.496,4.12e-11,1.41e-7,Metamonada,YGL242C,4932,YGL242C
COG0666,21,1,6.496,4.12e-11,1.41e-7,Metamonada,YGR232W,4932,NAS6
COG0666,21,1,6.496,4.12e-11,1.41e-7,Metamonada,YGR233C,4932,PHO81
COG0666,21,1,6.496,4.12e-11,1.41e-7,Metamonada,YIL001W,4932,YIL001W
COG0666,21,1,6.496,4.12e-11,1.41e-7,Metamonada,YIL112W,4932,HOS4
COG0666,21,1,6.496,4.12e-11,1.41e-7,Metamonada,YLR182W,4932,SWI6
COG0666,21,1,6.496,4.12e-11,1.41e-7,Metamonada,YML097C,4932,VPS9
COG0666,21,1,6.496,4.12e-11,1.41e-7,Metamonada,YMR068W,4932,AVO2
COG0666,21,1,6.496,4.12e-11,1.41e-7,Metamonada,YOR042W,4932,CUE5
COG0666,21,1,6.496,4.12e-11,1.41e-7,Metamonada,YPL110C,4932,GDE1
COG0666,21,1,6.496,4.12e-11,1.41e-7,Metamonada,YPL239W,4932,YAR1
COG2890,21,0.9888,6.496,4.14e-11,1.41e-7,Metamonada,YDR140W,4932,MTQ2
COG2890,21,0.9888,6.496,4.14e-11,1.41e-7,Metamonada,YNL063W,4932,MTQ1
COG0532,21,1,6.495,4.14e-11,1.41e-7,Metamonada,YAL035W,4932,FUN12
COG0532,21,1,6.495,4.14e-11,1.41e-7,Metamonada,YOL023W,4932,IFM1
COG1867,21,0.9977,6.494,4.18e-11,1.43e-7,Metamonada,YDR120C,4932,TRM1
COG0463,21,0.9995,6.493,4.21e-11,1.44e-7,Metamonada,YPL227C,4932,ALG5
COG0463,21,0.9995,6.493,4.21e-11,1.44e-7,Metamonada,YPR183W,4932,DPM1
COG1132,21,1,6.492,4.25e-11,1.45e-7,Metamonada,YDR135C,4932,YCF1
COG1132,21,1,6.492,4.25e-11,1.45e-7,Metamonada,YGR281W,4932,YOR1
COG1132,21,1,6.492,4.25e-11,1.45e-7,Metamonada,YHL035C,4932,VMR1
COG1132,21,1,6.492,4.25e-11,1.45e-7,Metamonada,YKL209C,4932,STE6
COG1132,21,1,6.492,4.25e-11,1.45e-7,Metamonada,YKR103W,4932,NFT1
COG1132,21,1,6.492,4.25e-11,1.45e-7,Metamonada,YKR104W,4932,YKR104W
COG1132,21,1,6.492,4.25e-11,1.45e-7,Metamonada,YLL015W,4932,BPT1
COG1132,21,1,6.492,4.25e-11,1.45e-7,Metamonada,YLL048C,4932,YBT1
COG1132,21,1,6.492,4.25e-11,1.45e-7,Metamonada,YLR188W,4932,MDL1
COG1132,21,1,6.492,4.25e-11,1.45e-7,Metamonada,YPL270W,4932,MDL2
COG0192,21,0.9897,6.491,4.26e-11,1.46e-7,Metamonada,YDR502C,4932,SAM2
COG0192,21,0.9897,6.491,4.26e-11,1.46e-7,Metamonada,YLR180W,4932,SAM1
COG0202,21,1,6.491,4.27e-11,1.46e-7,Metamonada,YIL021W,4932,RPB3
COG0202,21,1,6.491,4.27e-11,1.46e-7,Metamonada,YPR110C,4932,RPC40
COG0229,21,0.9259,6.487,4.37e-11,1.49e-7,Metamonada,YCL033C,4932,MXR2
KOG1539,21,0.9959,6.483,4.5e-11,1.54e-7,Metamonada,YLR409C,4932,UTP21
COG2940,21,1,6.48,4.58e-11,1.56e-7,Metamonada,YHR119W,4932,SET1
COG2940,21,1,6.48,4.58e-11,1.56e-7,Metamonada,YHR207C,4932,SET5
COG2940,21,1,6.48,4.58e-11,1.56e-7,Metamonada,YJL168C,4932,SET2
COG2940,21,1,6.48,4.58e-11,1.56e-7,Metamonada,YPL165C,4932,SET6
COG1019,21,0.9572,6.48,4.59e-11,1.57e-7,Metamonada,YGR277C,4932,CAB4
COG5193,21,0.9359,6.48,4.59e-11,1.57e-7,Metamonada,YCL037C,4932,SRO9
COG5193,21,0.9359,6.48,4.59e-11,1.57e-7,Metamonada,YDR515W,4932,SLF1
COG0237,21,0.9835,6.477,4.67e-11,1.59e-7,Metamonada,YDR196C,4932,CAB5
KOG2793,21,0.8902,6.477,4.68e-11,1.6e-7,Metamonada,YBR271W,4932,EFM2
KOG2793,21,0.8902,6.477,4.68e-11,1.6e-7,Metamonada,YNL024C,4932,EFM6
COG0495,21,0.9995,6.476,4.7e-11,1.6e-7,Metamonada,YLR382C,4932,NAM2
COG0495,21,0.9995,6.476,4.7e-11,1.6e-7,Metamonada,YPL160W,4932,CDC60
COG2157,21,0.9951,6.476,4.72e-11,1.61e-7,Metamonada,YMR242C,4932,RPL20A
COG2157,21,0.9951,6.476,4.72e-11,1.61e-7,Metamonada,YOR312C,4932,RPL20B
COG0084,21,0.9994,6.475,4.74e-11,1.62e-7,Metamonada,YBL055C,4932,YBL055C
COG0084,21,0.9994,6.475,4.74e-11,1.62e-7,Metamonada,YMR262W,4932,YMR262W
COG0462,21,0.9988,6.472,4.82e-11,1.65e-7,Metamonada,YBL068W,4932,PRS4
COG0462,21,0.9988,6.472,4.82e-11,1.65e-7,Metamonada,YER099C,4932,PRS2
COG0462,21,0.9988,6.472,4.82e-11,1.65e-7,Metamonada,YER178W,4932,PDA1
COG0462,21,0.9988,6.472,4.82e-11,1.65e-7,Metamonada,YHL011C,4932,PRS3
COG0462,21,0.9988,6.472,4.82e-11,1.65e-7,Metamonada,YKL181W,4932,PRS1
COG0462,21,0.9988,6.472,4.82e-11,1.65e-7,Metamonada,YOL061W,4932,PRS5
COG0094,21,0.9672,6.471,4.87e-11,1.66e-7,Metamonada,YDR237W,4932,MRPL7
COG0094,21,0.9672,6.471,4.87e-11,1.66e-7,Metamonada,YGR085C,4932,RPL11B
COG0094,21,0.9672,6.471,4.87e-11,1.66e-7,Metamonada,YPR102C,4932,RPL11A
KOG2409,21,0.9363,6.47,4.92e-11,1.68e-7,Metamonada,YNL308C,4932,KRI1
COG0204,21,1,6.466,5.02e-11,1.71e-7,Metamonada,YBL011W,4932,SCT1
COG0204,21,1,6.466,5.02e-11,1.71e-7,Metamonada,YBR042C,4932,CST26
COG0204,21,1,6.466,5.02e-11,1.71e-7,Metamonada,YDL052C,4932,SLC1
COG0204,21,1,6.466,5.02e-11,1.71e-7,Metamonada,YDR018C,4932,YDR018C
COG0204,21,1,6.466,5.02e-11,1.71e-7,Metamonada,YKR067W,4932,GPT2
COG0451,21,0.9865,6.464,5.1e-11,1.74e-7,Metamonada,YDR541C,4932,YDR541C
COG0451,21,0.9865,6.464,5.1e-11,1.74e-7,Metamonada,YGL001C,4932,ERG26
COG0451,21,0.9865,6.464,5.1e-11,1.74e-7,Metamonada,YGL039W,4932,YGL039W
COG0451,21,0.9865,6.464,5.1e-11,1.74e-7,Metamonada,YGL157W,4932,ARI1
COG0451,21,0.9865,6.464,5.1e-11,1.74e-7,Metamonada,YLL056C,4932,YLL056C
COG0451,21,0.9865,6.464,5.1e-11,1.74e-7,Metamonada,YOL151W,4932,GRE2
COG0361,21,0.9972,6.463,5.13e-11,1.75e-7,Metamonada,YMR260C,4932,TIF11
KOG0985,21,0.978,6.462,5.16e-11,1.76e-7,Metamonada,YGL206C,4932,CHC1
KOG0420,21,0.983,6.462,5.18e-11,1.77e-7,Metamonada,YLR306W,4932,UBC12
COG2897,21,0.9252,6.462,5.18e-11,1.77e-7,Metamonada,YOR251C,4932,TUM1
KOG0276,21,0.9856,6.46,5.23e-11,1.79e-7,Metamonada,YGL137W,4932,SEC27
COG0175,21,0.9574,6.459,5.27e-11,1.8e-7,Metamonada,YDL045C,4932,FAD1
COG0175,21,0.9574,6.459,5.27e-11,1.8e-7,Metamonada,YMR178W,4932,YMR178W
COG0175,21,0.9574,6.459,5.27e-11,1.8e-7,Metamonada,YPR167C,4932,MET16
COG4830,21,0.9905,6.459,5.28e-11,1.8e-7,Metamonada,YER131W,4932,RPS26B
COG4830,21,0.9905,6.459,5.28e-11,1.8e-7,Metamonada,YGL189C,4932,RPS26A
COG5225,21,0.9835,6.458,5.29e-11,1.81e-7,Metamonada,YOR294W,4932,RRS1
COG0125,21,0.9867,6.457,5.33e-11,1.82e-7,Metamonada,YJR057W,4932,CDC8
COG5198,21,0.9717,6.456,5.39e-11,1.84e-7,Metamonada,YJL097W,4932,PHS1
COG5116,21,0.9992,6.453,5.47e-11,1.87e-7,Metamonada,YIL075C,4932,RPN2
COG0510,21,0.981,6.453,5.48e-11,1.87e-7,Metamonada,YDR147W,4932,EKI1
COG0510,21,0.981,6.453,5.48e-11,1.87e-7,Metamonada,YLR133W,4932,CKI1
COG1112,21,1,6.452,5.52e-11,1.88e-7,Metamonada,YER176W,4932,ECM32
COG1112,21,1,6.452,5.52e-11,1.88e-7,Metamonada,YHR164C,4932,DNA2
COG1112,21,1,6.452,5.52e-11,1.88e-7,Metamonada,YKL017C,4932,HCS1
COG1112,21,1,6.452,5.52e-11,1.88e-7,Metamonada,YLR430W,4932,SEN1
COG1112,21,1,6.452,5.52e-11,1.88e-7,Metamonada,YMR080C,4932,NAM7
COG5236,21,0.905,6.452,5.53e-11,1.89e-7,Metamonada,YDR266C,4932,HEL2
KOG0254,21,0.9668,6.45,5.59e-11,1.91e-7,Metamonada,YBR293W,4932,VBA2
KOG0254,21,0.9668,6.45,5.59e-11,1.91e-7,Metamonada,YBR298C,4932,MAL31
KOG0254,21,0.9668,6.45,5.59e-11,1.91e-7,Metamonada,YCL069W,4932,VBA3
KOG0254,21,0.9668,6.45,5.59e-11,1.91e-7,Metamonada,YCL073C,4932,GEX1
KOG0254,21,0.9668,6.45,5.59e-11,1.91e-7,Metamonada,YDL138W,4932,RGT2
KOG0254,21,0.9668,6.45,5.59e-11,1.91e-7,Metamonada,YDL194W,4932,SNF3
KOG0254,21,0.9668,6.45,5.59e-11,1.91e-7,Metamonada,YDL199C,4932,YDL199C
KOG0254,21,0.9668,6.45,5.59e-11,1.91e-7,Metamonada,YDL245C,4932,HXT15
KOG0254,21,0.9668,6.45,5.59e-11,1.91e-7,Metamonada,YDL247W,4932,MPH2
KOG0254,21,0.9668,6.45,5.59e-11,1.91e-7,Metamonada,YDR119W,4932,VBA4
KOG0254,21,0.9668,6.45,5.59e-11,1.91e-7,Metamonada,YDR342C,4932,HXT7
KOG0254,21,0.9668,6.45,5.59e-11,1.91e-7,Metamonada,YDR343C,4932,HXT6
KOG0254,21,0.9668,6.45,5.59e-11,1.91e-7,Metamonada,YDR345C,4932,HXT3
KOG0254,21,0.9668,6.45,5.59e-11,1.91e-7,Metamonada,YDR387C,4932,CIN10
KOG0254,21,0.9668,6.45,5.59e-11,1.91e-7,Metamonada,YDR497C,4932,ITR1
KOG0254,21,0.9668,6.45,5.59e-11,1.91e-7,Metamonada,YDR536W,4932,STL1
KOG0254,21,0.9668,6.45,5.59e-11,1.91e-7,Metamonada,YEL065W,4932,SIT1
KOG0254,21,0.9668,6.45,5.59e-11,1.91e-7,Metamonada,YEL069C,4932,HXT13
KOG0254,21,0.9668,6.45,5.59e-11,1.91e-7,Metamonada,YFL011W,4932,HXT10
KOG0254,21,0.9668,6.45,5.59e-11,1.91e-7,Metamonada,YFL040W,4932,YFL040W
KOG0254,21,0.9668,6.45,5.59e-11,1.91e-7,Metamonada,YGR224W,4932,AZR1
KOG0254,21,0.9668,6.45,5.59e-11,1.91e-7,Metamonada,YGR289C,4932,MAL11
KOG0254,21,0.9668,6.45,5.59e-11,1.91e-7,Metamonada,YHL040C,4932,ARN1
KOG0254,21,0.9668,6.45,5.59e-11,1.91e-7,Metamonada,YHL047C,4932,ARN2
KOG0254,21,0.9668,6.45,5.59e-11,1.91e-7,Metamonada,YHR092C,4932,HXT4
KOG0254,21,0.9668,6.45,5.59e-11,1.91e-7,Metamonada,YHR094C,4932,HXT1
KOG0254,21,0.9668,6.45,5.59e-11,1.91e-7,Metamonada,YHR096C,4932,HXT5
KOG0254,21,0.9668,6.45,5.59e-11,1.91e-7,Metamonada,YJL214W,4932,HXT8
KOG0254,21,0.9668,6.45,5.59e-11,1.91e-7,Metamonada,YJL219W,4932,HXT9
KOG0254,21,0.9668,6.45,5.59e-11,1.91e-7,Metamonada,YJR158W,4932,HXT16
KOG0254,21,0.9668,6.45,5.59e-11,1.91e-7,Metamonada,YJR160C,4932,MPH3
KOG0254,21,0.9668,6.45,5.59e-11,1.91e-7,Metamonada,YKR105C,4932,VBA5
KOG0254,21,0.9668,6.45,5.59e-11,1.91e-7,Metamonada,YKR106W,4932,GEX2
KOG0254,21,0.9668,6.45,5.59e-11,1.91e-7,Metamonada,YLR081W,4932,GAL2
KOG0254,21,0.9668,6.45,5.59e-11,1.91e-7,Metamonada,YML116W,4932,ATR1
KOG0254,21,0.9668,6.45,5.59e-11,1.91e-7,Metamonada,YMR011W,4932,HXT2
KOG0254,21,0.9668,6.45,5.59e-11,1.91e-7,Metamonada,YMR088C,4932,VBA1
KOG0254,21,0.9668,6.45,5.59e-11,1.91e-7,Metamonada,YMR279C,4932,YMR279C
KOG0254,21,0.9668,6.45,5.59e-11,1.91e-7,Metamonada,YNL318C,4932,HXT14
KOG0254,21,0.9668,6.45,5.59e-11,1.91e-7,Metamonada,YNR072W,4932,HXT17
KOG0254,21,0.9668,6.45,5.59e-11,1.91e-7,Metamonada,YOL103W,4932,ITR2
KOG0254,21,0.9668,6.45,5.59e-11,1.91e-7,Metamonada,YOL156W,4932,HXT11
KOG0254,21,0.9668,6.45,5.59e-11,1.91e-7,Metamonada,YOL158C,4932,ENB1
KOG0254,21,0.9668,6.45,5.59e-11,1.91e-7,Metamonada,YOR378W,4932,AMF1
KOG0254,21,0.9668,6.45,5.59e-11,1.91e-7,Metamonada,YPR198W,4932,SGE1
COG0457,21,1,6.45,5.59e-11,1.91e-7,Metamonada,YBL084C,4932,CDC27
COG0457,21,1,6.45,5.59e-11,1.91e-7,Metamonada,YBR112C,4932,CYC8
COG0457,21,1,6.45,5.59e-11,1.91e-7,Metamonada,YBR155W,4932,CNS1
COG0457,21,1,6.45,5.59e-11,1.91e-7,Metamonada,YCR060W,4932,TAH1
COG0457,21,1,6.45,5.59e-11,1.91e-7,Metamonada,YDR320C,4932,SWA2
COG0457,21,1,6.45,5.59e-11,1.91e-7,Metamonada,YOL145C,4932,CTR9
COG0457,21,1,6.45,5.59e-11,1.91e-7,Metamonada,YOR007C,4932,SGT2
COG0457,21,1,6.45,5.59e-11,1.91e-7,Metamonada,YOR027W,4932,STI1
COG0215,21,0.9864,6.449,5.64e-11,1.93e-7,Metamonada,YNL247W,4932,YNL247W
COG0184,21,1,6.447,5.72e-11,1.95e-7,Metamonada,YDR064W,4932,RPS13
COG0184,21,1,6.447,5.72e-11,1.95e-7,Metamonada,YDR337W,4932,MRPS28
COG2451,21,0.9808,6.445,5.77e-11,1.97e-7,Metamonada,YOR234C,4932,RPL33B
COG2451,21,0.9808,6.445,5.77e-11,1.97e-7,Metamonada,YPL143W,4932,RPL33A
COG1245,21,0.9636,6.445,5.77e-11,1.97e-7,Metamonada,YDR091C,4932,RLI1
COG5178,21,0.9864,6.445,5.77e-11,1.97e-7,Metamonada,YHR165C,4932,PRP8
COG1026,21,0.9988,6.445,5.78e-11,1.97e-7,Metamonada,YDR430C,4932,CYM1
COG1026,21,0.9988,6.445,5.78e-11,1.97e-7,Metamonada,YOL098C,4932,SDD3
COG0177,21,0.998,6.445,5.79e-11,1.98e-7,Metamonada,YAL015C,4932,NTG1
COG0177,21,0.998,6.445,5.79e-11,1.98e-7,Metamonada,YOL043C,4932,NTG2
COG1405,21,0.9988,6.444,5.83e-11,1.99e-7,Metamonada,YGR246C,4932,BRF1
COG1405,21,0.9988,6.444,5.83e-11,1.99e-7,Metamonada,YPR086W,4932,SUA7
COG5560,21,0.9988,6.444,5.84e-11,1.99e-7,Metamonada,YJL197W,4932,UBP12
COG5560,21,0.9988,6.444,5.84e-11,1.99e-7,Metamonada,YNL186W,4932,UBP10
COG5491,21,0.9988,6.443,5.86e-11,2e-7,Metamonada,YKL002W,4932,DID4
COG5491,21,0.9988,6.443,5.86e-11,2e-7,Metamonada,YKL041W,4932,VPS24
COG5491,21,0.9988,6.443,5.86e-11,2e-7,Metamonada,YKR035W-A,4932,DID2
COG1269,21,0.9984,6.442,5.88e-11,2.01e-7,Metamonada,YMR054W,4932,STV1
COG1269,21,0.9984,6.442,5.88e-11,2.01e-7,Metamonada,YOR270C,4932,VPH1
COG1997,21,0.9702,6.441,5.94e-11,2.03e-7,Metamonada,YJR094W-A,4932,RPL43B
COG1997,21,0.9702,6.441,5.94e-11,2.03e-7,Metamonada,YPR043W,4932,RPL43A
KOG0127,21,0.9845,6.44,5.97e-11,2.04e-7,Metamonada,YPL043W,4932,NOP4
KOG0379,21,0.9677,6.439,6.01e-11,2.05e-7,Metamonada,YER132C,4932,PMD1
KOG0379,21,0.9677,6.439,6.01e-11,2.05e-7,Metamonada,YGR238C,4932,KEL2
KOG0379,21,0.9677,6.439,6.01e-11,2.05e-7,Metamonada,YHR158C,4932,KEL1
KOG0583,21,1,6.439,6.01e-11,2.05e-7,Metamonada,YCL024W,4932,KCC4
KOG0583,21,1,6.439,6.01e-11,2.05e-7,Metamonada,YDR122W,4932,KIN1
KOG0583,21,1,6.439,6.01e-11,2.05e-7,Metamonada,YDR247W,4932,VHS1
KOG0583,21,1,6.439,6.01e-11,2.05e-7,Metamonada,YDR477W,4932,SNF1
KOG0583,21,1,6.439,6.01e-11,2.05e-7,Metamonada,YGR052W,4932,FMP48
KOG0583,21,1,6.439,6.01e-11,2.05e-7,Metamonada,YHR082C,4932,KSP1
KOG0583,21,1,6.439,6.01e-11,2.05e-7,Metamonada,YJR059W,4932,PTK2
KOG0583,21,1,6.439,6.01e-11,2.05e-7,Metamonada,YKL198C,4932,PTK1
KOG0583,21,1,6.439,6.01e-11,2.05e-7,Metamonada,YLR096W,4932,KIN2
KOG0583,21,1,6.439,6.01e-11,2.05e-7,Metamonada,YOR233W,4932,KIN4
KOG0583,21,1,6.439,6.01e-11,2.05e-7,Metamonada,YPL026C,4932,SKS1
KOG0583,21,1,6.439,6.01e-11,2.05e-7,Metamonada,YPL141C,4932,FRK1
KOG0583,21,1,6.439,6.01e-11,2.05e-7,Metamonada,YPL150W,4932,YPL150W
COG0537,21,0.9997,6.439,6.02e-11,2.05e-7,Metamonada,YDL125C,4932,HNT1
COG0537,21,0.9997,6.439,6.02e-11,2.05e-7,Metamonada,YDR305C,4932,HNT2
COG0563,21,1,6.437,6.1e-11,2.08e-7,Metamonada,YDR226W,4932,ADK1
COG0563,21,1,6.437,6.1e-11,2.08e-7,Metamonada,YER170W,4932,ADK2
COG0563,21,1,6.437,6.1e-11,2.08e-7,Metamonada,YKL024C,4932,URA6
COG0423,21,0.9983,6.436,6.12e-11,2.09e-7,Metamonada,YBR121C,4932,GRS1
COG0423,21,0.9983,6.436,6.12e-11,2.09e-7,Metamonada,YPR081C,4932,GRS2
COG1488,21,0.9673,6.436,6.13e-11,2.09e-7,Metamonada,YOR209C,4932,NPT1
COG0363,21,0.9961,6.435,6.16e-11,2.1e-7,Metamonada,YCR073W-A,4932,SOL2
COG0363,21,0.9961,6.435,6.16e-11,2.1e-7,Metamonada,YGR248W,4932,SOL4
COG0363,21,0.9961,6.435,6.16e-11,2.1e-7,Metamonada,YHR163W,4932,SOL3
COG0363,21,0.9961,6.435,6.16e-11,2.1e-7,Metamonada,YNR034W,4932,SOL1
KOG1534,21,0.9774,6.435,6.17e-11,2.11e-7,Metamonada,YLR243W,4932,GPN3
COG0020,21,0.9647,6.434,6.2e-11,2.12e-7,Metamonada,YBR002C,4932,RER2
COG0020,21,0.9647,6.434,6.2e-11,2.12e-7,Metamonada,YDL193W,4932,NUS1
COG0020,21,0.9647,6.434,6.2e-11,2.12e-7,Metamonada,YMR101C,4932,SRT1
COG0197,21,1,6.434,6.22e-11,2.12e-7,Metamonada,YBL038W,4932,MRPL16
COG0197,21,1,6.434,6.22e-11,2.12e-7,Metamonada,YBR101C,4932,FES1
COG0197,21,1,6.434,6.22e-11,2.12e-7,Metamonada,YLR075W,4932,RPL10
COG0197,21,1,6.434,6.22e-11,2.12e-7,Metamonada,YOL031C,4932,SIL1
COG1383,21,0.9939,6.432,6.28e-11,2.14e-7,Metamonada,YDR447C,4932,RPS17B
COG1383,21,0.9939,6.432,6.28e-11,2.14e-7,Metamonada,YML024W,4932,RPS17A
COG0688,21,0.943,6.432,6.3e-11,2.15e-7,Metamonada,YGR170W,4932,PSD2
COG0688,21,0.943,6.432,6.3e-11,2.15e-7,Metamonada,YNL169C,4932,PSD1
KOG0306,21,0.9956,6.43,6.38e-11,2.18e-7,Metamonada,YLR129W,4932,DIP2
COG5277,21,1,6.429,6.41e-11,2.19e-7,Metamonada,YDL029W,4932,ARP2
COG5277,21,1,6.429,6.41e-11,2.19e-7,Metamonada,YFL039C,4932,ACT1
COG5277,21,1,6.429,6.41e-11,2.19e-7,Metamonada,YHR129C,4932,ARP1
COG5277,21,1,6.429,6.41e-11,2.19e-7,Metamonada,YJL081C,4932,ARP4
COG5277,21,1,6.429,6.41e-11,2.19e-7,Metamonada,YJR065C,4932,ARP3
COG5277,21,1,6.429,6.41e-11,2.19e-7,Metamonada,YMR033W,4932,ARP9
COG5277,21,1,6.429,6.41e-11,2.19e-7,Metamonada,YOR141C,4932,ARP8
COG5277,21,1,6.429,6.41e-11,2.19e-7,Metamonada,YPR034W,4932,ARP7
KOG2085,21,0.9005,6.429,6.44e-11,2.2e-7,Metamonada,YOR014W,4932,RTS1
COG5249,21,0.9891,6.427,6.51e-11,2.22e-7,Metamonada,YCL001W,4932,RER1
KOG3313,21,0.9945,6.426,6.54e-11,2.23e-7,Metamonada,YGR078C,4932,PAC10
COG0494,21,1,6.424,6.65e-11,2.27e-7,Metamonada,YBR111C,4932,YSA1
COG0494,21,1,6.424,6.65e-11,2.27e-7,Metamonada,YJR142W,4932,YJR142W
COG0494,21,1,6.424,6.65e-11,2.27e-7,Metamonada,YLR151C,4932,PCD1
COG0494,21,1,6.424,6.65e-11,2.27e-7,Metamonada,YNL118C,4932,DCP2
COG0494,21,1,6.424,6.65e-11,2.27e-7,Metamonada,YOR163W,4932,DDP1
COG5194,21,0.9908,6.423,6.66e-11,2.27e-7,Metamonada,YDL008W,4932,APC11
COG5194,21,0.9908,6.423,6.66e-11,2.27e-7,Metamonada,YOL133W,4932,HRT1
COG5154,21,0.9852,6.423,6.67e-11,2.28e-7,Metamonada,YOL077C,4932,BRX1
COG4624,21,0.9912,6.422,6.71e-11,2.29e-7,Metamonada,YNL240C,4932,NAR1
COG1243,21,0.9963,6.421,6.75e-11,2.31e-7,Metamonada,YPL086C,4932,ELP3
COG1190,21,0.9991,6.418,6.91e-11,2.36e-7,Metamonada,YDR037W,4932,KRS1
COG1190,21,0.9991,6.418,6.91e-11,2.36e-7,Metamonada,YNL073W,4932,MSK1
KOG0299,21,0.9884,6.418,6.91e-11,2.36e-7,Metamonada,YPR137W,4932,RRP9
KOG0096,21,0.9975,6.417,6.96e-11,2.38e-7,Metamonada,YLR293C,4932,GSP1
KOG0096,21,0.9975,6.417,6.96e-11,2.38e-7,Metamonada,YOR185C,4932,GSP2
COG2016,21,0.9983,6.416,6.98e-11,2.38e-7,Metamonada,YDR117C,4932,TMA64
COG2016,21,0.9983,6.416,6.98e-11,2.38e-7,Metamonada,YER007C-A,4932,TMA20
KOG1586,21,0.9981,6.416,6.99e-11,2.39e-7,Metamonada,YBL050W,4932,SEC17
COG0515,21,0.9927,6.416,7e-11,2.39e-7,Metamonada,YAL017W,4932,PSK1
COG0515,21,0.9927,6.416,7e-11,2.39e-7,Metamonada,YDL079C,4932,MRK1
COG0515,21,0.9927,6.416,7e-11,2.39e-7,Metamonada,YHR079C,4932,IRE1
COG0515,21,0.9927,6.416,7e-11,2.39e-7,Metamonada,YMR139W,4932,RIM11
COG0515,21,0.9927,6.416,7e-11,2.39e-7,Metamonada,YNL307C,4932,MCK1
COG0515,21,0.9927,6.416,7e-11,2.39e-7,Metamonada,YOL045W,4932,PSK2
COG0515,21,0.9927,6.416,7e-11,2.39e-7,Metamonada,YOL128C,4932,YGK3
COG0255,21,0.9923,6.415,7.06e-11,2.41e-7,Metamonada,YDL136W,4932,RPL35B
COG0255,21,0.9923,6.415,7.06e-11,2.41e-7,Metamonada,YDL191W,4932,RPL35A
COG0417,21,0.9984,6.415,7.06e-11,2.41e-7,Metamonada,YDL102W,4932,POL3
COG0417,21,0.9984,6.415,7.06e-11,2.41e-7,Metamonada,YNL102W,4932,POL1
COG0417,21,0.9984,6.415,7.06e-11,2.41e-7,Metamonada,YNL262W,4932,POL2
COG0417,21,0.9984,6.415,7.06e-11,2.41e-7,Metamonada,YPL167C,4932,REV3
COG5045,21,0.9891,6.414,7.07e-11,2.41e-7,Metamonada,YMR230W,4932,RPS10B
COG5045,21,0.9891,6.414,7.07e-11,2.41e-7,Metamonada,YOR293W,4932,RPS10A
COG1490,21,0.9688,6.414,7.09e-11,2.42e-7,Metamonada,YDL219W,4932,DTD1
COG0590,21,1,6.414,7.1e-11,2.42e-7,Metamonada,YJL035C,4932,TAD2
COG0590,21,1,6.414,7.1e-11,2.42e-7,Metamonada,YLR137W,4932,RKM5
COG0590,21,1,6.414,7.1e-11,2.42e-7,Metamonada,YLR316C,4932,TAD3
COG0590,21,1,6.414,7.1e-11,2.42e-7,Metamonada,YOL066C,4932,RIB2
COG0590,21,1,6.414,7.1e-11,2.42e-7,Metamonada,YPR062W,4932,FCY1
COG0846,21,0.9988,6.411,7.21e-11,2.46e-7,Metamonada,YDL042C,4932,SIR2
COG0846,21,0.9988,6.411,7.21e-11,2.46e-7,Metamonada,YDR191W,4932,HST4
COG0846,21,0.9988,6.411,7.21e-11,2.46e-7,Metamonada,YOL068C,4932,HST1
COG0846,21,0.9988,6.411,7.21e-11,2.46e-7,Metamonada,YOR025W,4932,HST3
COG0846,21,0.9988,6.411,7.21e-11,2.46e-7,Metamonada,YPL015C,4932,HST2
COG0500,21,1,6.41,7.26e-11,2.48e-7,Metamonada,YBR034C,4932,HMT1
COG0500,21,1,6.41,7.26e-11,2.48e-7,Metamonada,YCR047C,4932,BUD23
COG0500,21,1,6.41,7.26e-11,2.48e-7,Metamonada,YDR316W,4932,OMS1
COG0500,21,1,6.41,7.26e-11,2.48e-7,Metamonada,YER175C,4932,TMT1
COG0500,21,1,6.41,7.26e-11,2.48e-7,Metamonada,YHR209W,4932,CRG1
COG0500,21,1,6.41,7.26e-11,2.48e-7,Metamonada,YML008C,4932,ERG6
COG0500,21,1,6.41,7.26e-11,2.48e-7,Metamonada,YML014W,4932,TRM9
COG1335,21,0.9419,6.409,7.32e-11,2.5e-7,Metamonada,YGL037C,4932,PNC1
COG5207,21,0.9694,6.406,7.46e-11,2.55e-7,Metamonada,YBR058C,4932,UBP14
COG1594,21,1,6.405,7.5e-11,2.56e-7,Metamonada,YDR045C,4932,RPC11
COG1594,21,1,6.405,7.5e-11,2.56e-7,Metamonada,YGL043W,4932,DST1
COG1594,21,1,6.405,7.5e-11,2.56e-7,Metamonada,YGL070C,4932,RPB9
COG1594,21,1,6.405,7.5e-11,2.56e-7,Metamonada,YJR063W,4932,RPA12
COG0130,21,0.9972,6.405,7.52e-11,2.57e-7,Metamonada,YLR175W,4932,CBF5
COG0130,21,0.9972,6.405,7.52e-11,2.57e-7,Metamonada,YNL292W,4932,PUS4
COG0524,21,0.9863,6.404,7.55e-11,2.58e-7,Metamonada,YCR019W,4932,MAK32
COG0524,21,0.9863,6.404,7.55e-11,2.58e-7,Metamonada,YCR036W,4932,RBK1
COG0524,21,0.9863,6.404,7.55e-11,2.58e-7,Metamonada,YJR105W,4932,ADO1
KOG0667,21,1,6.404,7.55e-11,2.58e-7,Metamonada,YJL141C,4932,YAK1
KOG0667,21,1,6.404,7.55e-11,2.58e-7,Metamonada,YLL019C,4932,KNS1
COG4354,21,0.9927,6.403,7.63e-11,2.61e-7,Metamonada,YBL037W,4932,APL3
COG4354,21,0.9927,6.403,7.63e-11,2.61e-7,Metamonada,YPL195W,4932,APL5
COG4354,21,0.9927,6.403,7.63e-11,2.61e-7,Metamonada,YPR029C,4932,APL4
KOG0296,21,0.979,6.402,7.68e-11,2.62e-7,Metamonada,YIR012W,4932,SQT1
COG1076,21,0.9036,6.402,7.68e-11,2.62e-7,Metamonada,YGL018C,4932,JAC1
COG0424,21,0.992,6.401,7.72e-11,2.64e-7,Metamonada,YOR111W,4932,YOR111W
KOG0181,21,0.994,6.401,7.73e-11,2.64e-7,Metamonada,YML092C,4932,PRE8
KOG0271,21,0.998,6.397,7.95e-11,2.71e-7,Metamonada,YCR072C,4932,RSA4
COG1236,21,1,6.396,7.96e-11,2.72e-7,Metamonada,YLR115W,4932,CFT2
COG1236,21,1,6.396,7.96e-11,2.72e-7,Metamonada,YLR277C,4932,YSH1
COG1236,21,1,6.396,7.96e-11,2.72e-7,Metamonada,YMR137C,4932,PSO2
COG1236,21,1,6.396,7.96e-11,2.72e-7,Metamonada,YOR179C,4932,SYC1
COG1249,21,0.9683,6.395,8.03e-11,2.74e-7,Metamonada,YFL018C,4932,LPD1
COG1249,21,0.9683,6.395,8.03e-11,2.74e-7,Metamonada,YPL017C,4932,IRC15
COG1249,21,0.9683,6.395,8.03e-11,2.74e-7,Metamonada,YPL091W,4932,GLR1
KOG0598,21,0.9798,6.395,8.03e-11,2.74e-7,Metamonada,YBR028C,4932,YPK3
KOG0598,21,0.9798,6.395,8.03e-11,2.74e-7,Metamonada,YHR205W,4932,SCH9
KOG0598,21,0.9798,6.395,8.03e-11,2.74e-7,Metamonada,YKL126W,4932,YPK1
KOG0598,21,0.9798,6.395,8.03e-11,2.74e-7,Metamonada,YMR104C,4932,YPK2
KOG3158,21,0.948,6.394,8.05e-11,2.75e-7,Metamonada,YKL117W,4932,SBA1
COG5129,21,0.9795,6.393,8.15e-11,2.78e-7,Metamonada,YAL025C,4932,MAK16
KOG3320,21,0.9897,6.393,8.16e-11,2.79e-7,Metamonada,YNL096C,4932,RPS7B
KOG3320,21,0.9897,6.393,8.16e-11,2.79e-7,Metamonada,YOR096W,4932,RPS7A
KOG1242,21,0.9934,6.392,8.17e-11,2.79e-7,Metamonada,YGL195W,4932,GCN1
KOG1242,21,0.9934,6.392,8.17e-11,2.79e-7,Metamonada,YLR249W,4932,YEF3
KOG1242,21,0.9934,6.392,8.17e-11,2.79e-7,Metamonada,YNL014W,4932,HEF3
KOG1242,21,0.9934,6.392,8.17e-11,2.79e-7,Metamonada,YPL226W,4932,NEW1
COG1084,21,0.9997,6.392,8.17e-11,2.79e-7,Metamonada,YPL093W,4932,NOG1
COG5186,21,0.9791,6.392,8.2e-11,2.8e-7,Metamonada,YKR002W,4932,PAP1
KOG1416,21,0.954,6.391,8.26e-11,2.82e-7,Metamonada,YNL062C,4932,GCD10
COG0101,21,0.9991,6.391,8.26e-11,2.82e-7,Metamonada,YFL001W,4932,DEG1
COG0101,21,0.9991,6.391,8.26e-11,2.82e-7,Metamonada,YGL063W,4932,PUS2
COG0101,21,0.9991,6.391,8.26e-11,2.82e-7,Metamonada,YPL212C,4932,PUS1
COG0539,21,0.9892,6.388,8.41e-11,2.87e-7,Metamonada,YMR229C,4932,RRP5
COG0622,21,0.9525,6.387,8.43e-11,2.88e-7,Metamonada,YHR012W,4932,VPS29
COG0172,21,1,6.387,8.46e-11,2.89e-7,Metamonada,YDR023W,4932,SES1
COG0172,21,1,6.387,8.46e-11,2.89e-7,Metamonada,YHR011W,4932,DIA4
COG0474,21,1,6.386,8.54e-11,2.91e-7,Metamonada,YAL026C,4932,DRS2
COG0474,21,1,6.386,8.54e-11,2.91e-7,Metamonada,YDR038C,4932,ENA5
COG0474,21,1,6.386,8.54e-11,2.91e-7,Metamonada,YDR039C,4932,ENA2
COG0474,21,1,6.386,8.54e-11,2.91e-7,Metamonada,YDR040C,4932,ENA1
COG0474,21,1,6.386,8.54e-11,2.91e-7,Metamonada,YDR093W,4932,DNF2
COG0474,21,1,6.386,8.54e-11,2.91e-7,Metamonada,YEL031W,4932,SPF1
COG0474,21,1,6.386,8.54e-11,2.91e-7,Metamonada,YER166W,4932,DNF1
COG0474,21,1,6.386,8.54e-11,2.91e-7,Metamonada,YGL006W,4932,PMC1
COG0474,21,1,6.386,8.54e-11,2.91e-7,Metamonada,YGL008C,4932,PMA1
COG0474,21,1,6.386,8.54e-11,2.91e-7,Metamonada,YGL167C,4932,PMR1
COG0474,21,1,6.386,8.54e-11,2.91e-7,Metamonada,YMR162C,4932,DNF3
COG0474,21,1,6.386,8.54e-11,2.91e-7,Metamonada,YOR291W,4932,YPK9
COG0474,21,1,6.386,8.54e-11,2.91e-7,Metamonada,YPL036W,4932,PMA2
COG1498,21,1,6.385,8.55e-11,2.92e-7,Metamonada,YGR091W,4932,PRP31
COG1498,21,1,6.385,8.55e-11,2.92e-7,Metamonada,YLR197W,4932,NOP56
COG1498,21,1,6.385,8.55e-11,2.92e-7,Metamonada,YOR310C,4932,NOP58
COG5041,21,0.9984,6.385,8.55e-11,2.92e-7,Metamonada,YGL019W,4932,CKB1
COG5041,21,0.9984,6.385,8.55e-11,2.92e-7,Metamonada,YOR039W,4932,CKB2
COG5177,21,0.9911,6.385,8.57e-11,2.93e-7,Metamonada,YDL060W,4932,TSR1
COG0037,21,0.961,6.385,8.58e-11,2.93e-7,Metamonada,YGL211W,4932,NCS6
COG0196,21,0.9792,6.384,8.62e-11,2.94e-7,Metamonada,YDR236C,4932,FMN1
COG0256,21,0.9934,6.384,8.63e-11,2.94e-7,Metamonada,YPL131W,4932,RPL5
COG0099,21,0.9975,6.379,8.9e-11,3.04e-7,Metamonada,YDR450W,4932,RPS18A
COG0099,21,0.9975,6.379,8.9e-11,3.04e-7,Metamonada,YML026C,4932,RPS18B
COG0099,21,0.9975,6.379,8.9e-11,3.04e-7,Metamonada,YNL081C,4932,SWS2
COG0013,21,1,6.379,8.9e-11,3.04e-7,Metamonada,YHR166C,4932,CDC23
COG0013,21,1,6.379,8.9e-11,3.04e-7,Metamonada,YOR335C,4932,ALA1
COG5035,21,0.9975,6.379,8.9e-11,3.04e-7,Metamonada,YCR094W,4932,CDC50
COG5035,21,0.9975,6.379,8.9e-11,3.04e-7,Metamonada,YNL323W,4932,LEM3
COG5035,21,0.9975,6.379,8.9e-11,3.04e-7,Metamonada,YNR048W,4932,YNR048W
COG5229,21,0.9494,6.379,8.92e-11,3.04e-7,Metamonada,YBL097W,4932,BRN1
COG0456,21,1,6.379,8.92e-11,3.05e-7,Metamonada,YHR013C,4932,ARD1
COG0456,21,1,6.379,8.92e-11,3.05e-7,Metamonada,YOR253W,4932,NAT5
COG0456,21,1,6.379,8.92e-11,3.05e-7,Metamonada,YPR051W,4932,MAK3
COG0456,21,1,6.379,8.92e-11,3.05e-7,Metamonada,YPR131C,4932,NAT3
COG0088,21,1,6.377,9.01e-11,3.07e-7,Metamonada,YBR031W,4932,RPL4A
COG0088,21,1,6.377,9.01e-11,3.07e-7,Metamonada,YDL083C,4932,RPS16B
COG0088,21,1,6.377,9.01e-11,3.07e-7,Metamonada,YDR012W,4932,RPL4B
COG0088,21,1,6.377,9.01e-11,3.07e-7,Metamonada,YML025C,4932,YML6
COG0088,21,1,6.377,9.01e-11,3.07e-7,Metamonada,YMR143W,4932,RPS16A
COG5024,21,0.9787,6.377,9.05e-11,3.09e-7,Metamonada,YAL040C,4932,CLN3
COG5024,21,0.9787,6.377,9.05e-11,3.09e-7,Metamonada,YDL155W,4932,CLB3
COG5024,21,0.9787,6.377,9.05e-11,3.09e-7,Metamonada,YGR108W,4932,CLB1
COG5024,21,0.9787,6.377,9.05e-11,3.09e-7,Metamonada,YGR109C,4932,CLB6
COG5024,21,0.9787,6.377,9.05e-11,3.09e-7,Metamonada,YLR210W,4932,CLB4
COG5024,21,0.9787,6.377,9.05e-11,3.09e-7,Metamonada,YMR199W,4932,CLN1
COG5024,21,0.9787,6.377,9.05e-11,3.09e-7,Metamonada,YPL256C,4932,CLN2
COG5024,21,0.9787,6.377,9.05e-11,3.09e-7,Metamonada,YPR119W,4932,CLB2
COG5024,21,0.9787,6.377,9.05e-11,3.09e-7,Metamonada,YPR120C,4932,CLB5
COG0507,21,0.8595,6.375,9.16e-11,3.13e-7,Metamonada,YHR031C,4932,RRM3
COG0507,21,0.8595,6.375,9.16e-11,3.13e-7,Metamonada,YML061C,4932,PIF1
COG5043,21,0.9955,6.374,9.21e-11,3.15e-7,Metamonada,YLL040C,4932,VPS13
KOG2114,21,0.9599,6.373,9.25e-11,3.16e-7,Metamonada,YMR231W,4932,PEP5
KOG0211,21,0.9997,6.373,9.26e-11,3.16e-7,Metamonada,YAL016W,4932,TPD3
COG5594,21,0.9466,6.37,9.42e-11,3.22e-7,Metamonada,YLL005C,4932,SPO75
COG5594,21,0.9466,6.37,9.42e-11,3.22e-7,Metamonada,YLR241W,4932,CSC1
COG5594,21,0.9466,6.37,9.42e-11,3.22e-7,Metamonada,YMR266W,4932,RSN1
COG5594,21,0.9466,6.37,9.42e-11,3.22e-7,Metamonada,YOL084W,4932,PHM7
COG2012,21,0.9892,6.37,9.45e-11,3.23e-7,Metamonada,YBR154C,4932,RPB5
KOG0601,21,0.9643,6.369,9.51e-11,3.25e-7,Metamonada,YJL187C,4932,SWE1
COG5140,21,0.998,6.366,9.7e-11,3.31e-7,Metamonada,YGR048W,4932,UFD1
COG1841,21,0.9994,6.365,9.75e-11,3.33e-7,Metamonada,YGL076C,4932,RPL7A
COG1841,21,0.9994,6.365,9.75e-11,3.33e-7,Metamonada,YMR286W,4932,MRPL33
COG1841,21,0.9994,6.365,9.75e-11,3.33e-7,Metamonada,YNL002C,4932,RLP7
COG1841,21,0.9994,6.365,9.75e-11,3.33e-7,Metamonada,YPL198W,4932,RPL7B
COG1163,21,0.9997,6.365,9.76e-11,3.33e-7,Metamonada,YAL036C,4932,RBG1
COG1163,21,0.9997,6.365,9.76e-11,3.33e-7,Metamonada,YGR173W,4932,RBG2
COG5411,21,0.9975,6.365,9.77e-11,3.34e-7,Metamonada,YIL002C,4932,INP51
COG5411,21,0.9975,6.365,9.77e-11,3.34e-7,Metamonada,YNL106C,4932,INP52
COG5411,21,0.9975,6.365,9.77e-11,3.34e-7,Metamonada,YOL065C,4932,INP54
COG5411,21,0.9975,6.365,9.77e-11,3.34e-7,Metamonada,YOR109W,4932,INP53
COG1104,21,0.9995,6.364,9.81e-11,3.35e-7,Metamonada,YCL017C,4932,NFS1
COG1095,21,1,6.364,9.83e-11,3.36e-7,Metamonada,YDR404C,4932,RPB7
COG1095,21,1,6.364,9.83e-11,3.36e-7,Metamonada,YKL144C,4932,RPC25
COG1798,21,0.9833,6.364,9.85e-11,3.36e-7,Metamonada,YLR172C,4932,DPH5
COG0187,21,0.9829,6.364,9.85e-11,3.36e-7,Metamonada,YNL088W,4932,TOP2
COG0100,21,0.9927,6.364,9.85e-11,3.36e-7,Metamonada,YCR031C,4932,RPS14A
COG0100,21,0.9927,6.364,9.85e-11,3.36e-7,Metamonada,YJL191W,4932,RPS14B
COG0100,21,0.9927,6.364,9.85e-11,3.36e-7,Metamonada,YNL306W,4932,MRPS18
KOG0592,21,0.9901,6.364,9.86e-11,3.36e-7,Metamonada,YDR466W,4932,PKH3
KOG0592,21,0.9901,6.364,9.86e-11,3.36e-7,Metamonada,YDR490C,4932,PKH1
KOG0592,21,0.9901,6.364,9.86e-11,3.36e-7,Metamonada,YOL100W,4932,PKH2
COG1439,21,0.9896,6.362,9.94e-11,3.39e-7,Metamonada,YOR056C,4932,NOB1
COG0636,21,1,6.362,9.99e-11,3.41e-7,Metamonada,Q0130,4932,OLI1
COG0636,21,1,6.362,9.99e-11,3.41e-7,Metamonada,YEL027W,4932,VMA3
COG0636,21,1,6.362,9.99e-11,3.41e-7,Metamonada,YHR026W,4932,VMA16
COG0636,21,1,6.362,9.99e-11,3.41e-7,Metamonada,YPL234C,4932,VMA11
COG0617,21,0.9978,6.361,1e-10,3.42e-7,Metamonada,YER168C,4932,CCA1
COG3276,21,0.9989,6.361,1e-10,3.42e-7,Metamonada,YER025W,4932,GCD11
COG0323,21,1,6.361,1e-10,3.43e-7,Metamonada,YLR035C,4932,MLH2
COG0323,21,1,6.361,1e-10,3.43e-7,Metamonada,YMR167W,4932,MLH1
COG0323,21,1,6.361,1e-10,3.43e-7,Metamonada,YNL082W,4932,PMS1
COG0323,21,1,6.361,1e-10,3.43e-7,Metamonada,YPL164C,4932,MLH3
COG1230,21,0.9912,6.361,1e-10,3.43e-7,Metamonada,YDR205W,4932,MSC2
COG1230,21,0.9912,6.361,1e-10,3.43e-7,Metamonada,YMR243C,4932,ZRC1
COG1230,21,0.9912,6.361,1e-10,3.43e-7,Metamonada,YOR316C,4932,COT1
KOG3330,21,0.9974,6.36,1.01e-10,3.43e-7,Metamonada,YKR068C,4932,BET3
KOG3484,21,0.95,6.36,1.01e-10,3.43e-7,Metamonada,YBR135W,4932,CKS1
COG5141,21,0.9544,6.36,1.01e-10,3.44e-7,Metamonada,YDR096W,4932,GIS1
COG5141,21,0.9544,6.36,1.01e-10,3.44e-7,Metamonada,YER169W,4932,RPH1
COG5141,21,0.9544,6.36,1.01e-10,3.44e-7,Metamonada,YGL131C,4932,SNT2
COG5141,21,0.9544,6.36,1.01e-10,3.44e-7,Metamonada,YPR031W,4932,NTO1
COG4581,21,1,6.36,1.01e-10,3.45e-7,Metamonada,YDR395W,4932,SXM1
COG4581,21,1,6.36,1.01e-10,3.45e-7,Metamonada,YJL050W,4932,MTR4
COG4581,21,1,6.36,1.01e-10,3.45e-7,Metamonada,YJR132W,4932,NMD5
COG4581,21,1,6.36,1.01e-10,3.45e-7,Metamonada,YLR398C,4932,SKI2
COG0024,21,1,6.36,1.01e-10,3.46e-7,Metamonada,YBL091C,4932,MAP2
COG0024,21,1,6.36,1.01e-10,3.46e-7,Metamonada,YDR101C,4932,ARX1
COG0024,21,1,6.36,1.01e-10,3.46e-7,Metamonada,YLR244C,4932,MAP1
KOG0185,21,0.9882,6.359,1.01e-10,3.46e-7,Metamonada,YFR050C,4932,PRE4
COG1779,21,0.9477,6.359,1.02e-10,3.47e-7,Metamonada,YGR211W,4932,ZPR1
COG5231,21,0.9924,6.358,1.02e-10,3.48e-7,Metamonada,YPR036W,4932,VMA13
COG1474,21,0.9977,6.357,1.03e-10,3.5e-7,Metamonada,YJL194W,4932,CDC6
COG1474,21,0.9977,6.357,1.03e-10,3.5e-7,Metamonada,YLR442C,4932,SIR3
COG1474,21,0.9977,6.357,1.03e-10,3.5e-7,Metamonada,YML065W,4932,ORC1
COG0200,21,1,6.357,1.03e-10,3.51e-7,Metamonada,YGL103W,4932,RPL28
COG0200,21,1,6.357,1.03e-10,3.51e-7,Metamonada,YNL284C,4932,MRPL10
COG1355,21,0.9811,6.356,1.03e-10,3.53e-7,Metamonada,YJR008W,4932,MHO1
COG2020,21,0.9359,6.355,1.04e-10,3.55e-7,Metamonada,YDR410C,4932,STE14
COG0091,21,1,6.355,1.04e-10,3.57e-7,Metamonada,YJL177W,4932,RPL17B
COG0091,21,1,6.355,1.04e-10,3.57e-7,Metamonada,YKL180W,4932,RPL17A
COG0091,21,1,6.355,1.04e-10,3.57e-7,Metamonada,YNL177C,4932,MRPL22
COG0699,21,1,6.354,1.05e-10,3.58e-7,Metamonada,YBR179C,4932,FZO1
COG0699,21,1,6.354,1.05e-10,3.58e-7,Metamonada,YKR001C,4932,VPS1
COG0699,21,1,6.354,1.05e-10,3.58e-7,Metamonada,YLL001W,4932,DNM1
COG0699,21,1,6.354,1.05e-10,3.58e-7,Metamonada,YOR211C,4932,MGM1
COG1448,21,0.9671,6.354,1.05e-10,3.58e-7,Metamonada,YKL106W,4932,AAT1
COG1448,21,0.9671,6.354,1.05e-10,3.58e-7,Metamonada,YLR027C,4932,AAT2
KOG0596,21,0.8937,6.354,1.05e-10,3.59e-7,Metamonada,YDL028C,4932,MPS1
COG0093,21,0.9997,6.352,1.06e-10,3.63e-7,Metamonada,YBL087C,4932,RPL23A
COG0093,21,0.9997,6.352,1.06e-10,3.63e-7,Metamonada,YER117W,4932,RPL23B
COG0093,21,0.9997,6.352,1.06e-10,3.63e-7,Metamonada,YKL170W,4932,MRPL38
KOG0643,21,0.9982,6.35,1.07e-10,3.67e-7,Metamonada,YMR146C,4932,TIF34
KOG1272,21,0.9951,6.35,1.08e-10,3.68e-7,Metamonada,YER082C,4932,UTP7
KOG2000,21,0.9965,6.349,1.08e-10,3.7e-7,Metamonada,YNL126W,4932,SPC98
KOG0073,21,0.9406,6.349,1.09e-10,3.71e-7,Metamonada,YMR138W,4932,CIN4
COG0542,21,0.9815,6.346,1.1e-10,3.76e-7,Metamonada,YDR258C,4932,HSP78
COG0542,21,0.9815,6.346,1.1e-10,3.76e-7,Metamonada,YLL026W,4932,HSP104
COG0652,21,1,6.346,1.1e-10,3.76e-7,Metamonada,YCR069W,4932,CPR4
COG0652,21,1,6.346,1.1e-10,3.76e-7,Metamonada,YDR155C,4932,CPR1
COG0652,21,1,6.346,1.1e-10,3.76e-7,Metamonada,YDR304C,4932,CPR5
COG0652,21,1,6.346,1.1e-10,3.76e-7,Metamonada,YHR057C,4932,CPR2
COG0652,21,1,6.346,1.1e-10,3.76e-7,Metamonada,YJR032W,4932,CPR7
COG0652,21,1,6.346,1.1e-10,3.76e-7,Metamonada,YLR216C,4932,CPR6
COG0652,21,1,6.346,1.1e-10,3.76e-7,Metamonada,YML078W,4932,CPR3
COG0652,21,1,6.346,1.1e-10,3.76e-7,Metamonada,YNR028W,4932,CPR8
COG0652,21,1,6.346,1.1e-10,3.76e-7,Metamonada,YPL064C,4932,CWC27
COG0123,21,1,6.345,1.11e-10,3.79e-7,Metamonada,YGL194C,4932,HOS2
COG0123,21,1,6.345,1.11e-10,3.79e-7,Metamonada,YNL021W,4932,HDA1
COG0123,21,1,6.345,1.11e-10,3.79e-7,Metamonada,YNL330C,4932,RPD3
COG0123,21,1,6.345,1.11e-10,3.79e-7,Metamonada,YPL116W,4932,HOS3
COG0123,21,1,6.345,1.11e-10,3.79e-7,Metamonada,YPR068C,4932,HOS1
KOG0266,21,0.9988,6.345,1.11e-10,3.8e-7,Metamonada,YBR175W,4932,SWD3
KOG0266,21,0.9988,6.345,1.11e-10,3.8e-7,Metamonada,YCR084C,4932,TUP1
KOG0266,21,0.9988,6.345,1.11e-10,3.8e-7,Metamonada,YGL004C,4932,RPN14
COG1241,21,1,6.345,1.11e-10,3.8e-7,Metamonada,YBL023C,4932,MCM2
COG1241,21,1,6.345,1.11e-10,3.8e-7,Metamonada,YBR202W,4932,MCM7
COG1241,21,1,6.345,1.11e-10,3.8e-7,Metamonada,YEL032W,4932,MCM3
COG1241,21,1,6.345,1.11e-10,3.8e-7,Metamonada,YGL201C,4932,MCM6
COG1241,21,1,6.345,1.11e-10,3.8e-7,Metamonada,YLR274W,4932,MCM5
COG1241,21,1,6.345,1.11e-10,3.8e-7,Metamonada,YPR019W,4932,MCM4
COG0258,21,1,6.345,1.11e-10,3.8e-7,Metamonada,YDR263C,4932,DIN7
COG0258,21,1,6.345,1.11e-10,3.8e-7,Metamonada,YER041W,4932,YEN1
COG0258,21,1,6.345,1.11e-10,3.8e-7,Metamonada,YGR258C,4932,RAD2
COG0258,21,1,6.345,1.11e-10,3.8e-7,Metamonada,YKL113C,4932,RAD27
COG0258,21,1,6.345,1.11e-10,3.8e-7,Metamonada,YOR033C,4932,EXO1
KOG2086,21,0.9964,6.345,1.12e-10,3.81e-7,Metamonada,YBL058W,4932,SHP1
COG0488,21,1,6.344,1.12e-10,3.81e-7,Metamonada,YDR061W,4932,YDR061W
COG0488,21,1,6.344,1.12e-10,3.81e-7,Metamonada,YER036C,4932,ARB1
COG0488,21,1,6.344,1.12e-10,3.81e-7,Metamonada,YFR009W,4932,GCN20
COG0488,21,1,6.344,1.12e-10,3.81e-7,Metamonada,YLR249W,4932,YEF3
COG0488,21,1,6.344,1.12e-10,3.81e-7,Metamonada,YNL014W,4932,HEF3
COG0488,21,1,6.344,1.12e-10,3.81e-7,Metamonada,YPL226W,4932,NEW1
COG0367,21,0.9919,6.344,1.12e-10,3.81e-7,Metamonada,YGR124W,4932,ASN2
COG0367,21,0.9919,6.344,1.12e-10,3.81e-7,Metamonada,YML096W,4932,YML096W
COG0367,21,0.9919,6.344,1.12e-10,3.81e-7,Metamonada,YPR145W,4932,ASN1
KOG1616,21,0.9436,6.343,1.12e-10,3.84e-7,Metamonada,YDR422C,4932,SIP1
KOG1616,21,0.9436,6.343,1.12e-10,3.84e-7,Metamonada,YER027C,4932,GAL83
KOG1616,21,0.9436,6.343,1.12e-10,3.84e-7,Metamonada,YGL208W,4932,SIP2
KOG1616,21,0.9436,6.343,1.12e-10,3.84e-7,Metamonada,YHR146W,4932,CRP1
KOG1616,21,0.9436,6.343,1.12e-10,3.84e-7,Metamonada,YNL173C,4932,MDG1
KOG0021,21,0.9577,6.342,1.13e-10,3.86e-7,Metamonada,YOL049W,4932,GSH2
KOG1164,21,1,6.342,1.13e-10,3.87e-7,Metamonada,YER123W,4932,YCK3
KOG1164,21,1,6.342,1.13e-10,3.87e-7,Metamonada,YHR135C,4932,YCK1
KOG1164,21,1,6.342,1.13e-10,3.87e-7,Metamonada,YNL154C,4932,YCK2
KOG1164,21,1,6.342,1.13e-10,3.87e-7,Metamonada,YPL204W,4932,HRR25
COG1756,21,0.988,6.342,1.13e-10,3.87e-7,Metamonada,YLR186W,4932,EMG1
KOG0319,21,0.9969,6.342,1.13e-10,3.87e-7,Metamonada,YLR222C,4932,UTP13
COG1890,21,1,6.341,1.14e-10,3.9e-7,Metamonada,YLR441C,4932,RPS1A
COG1890,21,1,6.341,1.14e-10,3.9e-7,Metamonada,YML063W,4932,RPS1B
COG0089,21,0.9953,6.341,1.14e-10,3.9e-7,Metamonada,YOL127W,4932,RPL25
COG0822,21,0.9875,6.34,1.15e-10,3.92e-7,Metamonada,YOR226C,4932,ISU2
COG0822,21,0.9875,6.34,1.15e-10,3.92e-7,Metamonada,YPL135W,4932,ISU1
COG1234,21,0.9985,6.339,1.16e-10,3.95e-7,Metamonada,YKR079C,4932,TRZ1
COG5291,21,0.9991,6.339,1.16e-10,3.95e-7,Metamonada,YBR201W,4932,DER1
COG5291,21,0.9991,6.339,1.16e-10,3.95e-7,Metamonada,YDR411C,4932,DFM1
COG5275,21,0.9994,6.339,1.16e-10,3.95e-7,Metamonada,YOR144C,4932,ELG1
COG5275,21,0.9994,6.339,1.16e-10,3.95e-7,Metamonada,YOR217W,4932,RFC1
KOG0110,21,0.9909,6.339,1.16e-10,3.96e-7,Metamonada,YPR112C,4932,MRD1
COG5058,21,0.9985,6.338,1.16e-10,3.98e-7,Metamonada,YHL003C,4932,LAG1
COG5058,21,0.9985,6.338,1.16e-10,3.98e-7,Metamonada,YKL008C,4932,LAC1
COG0042,21,1,6.338,1.17e-10,3.98e-7,Metamonada,YLR401C,4932,DUS3
COG0042,21,1,6.338,1.17e-10,3.98e-7,Metamonada,YLR405W,4932,DUS4
COG0042,21,1,6.338,1.17e-10,3.98e-7,Metamonada,YML080W,4932,DUS1
COG0042,21,1,6.338,1.17e-10,3.98e-7,Metamonada,YNR015W,4932,SMM1
COG0251,21,0.9691,6.337,1.17e-10,3.99e-7,Metamonada,YER057C,4932,HMF1
COG0251,21,0.9691,6.337,1.17e-10,3.99e-7,Metamonada,YIL051C,4932,MMF1
COG0251,21,0.9691,6.337,1.17e-10,3.99e-7,Metamonada,YLR143W,4932,DPH6
COG0476,21,1,6.337,1.17e-10,4e-7,Metamonada,YDR390C,4932,UBA2
COG0476,21,1,6.337,1.17e-10,4e-7,Metamonada,YHR111W,4932,UBA4
COG0476,21,1,6.337,1.17e-10,4e-7,Metamonada,YHR171W,4932,ATG7
COG0476,21,1,6.337,1.17e-10,4e-7,Metamonada,YKL210W,4932,UBA1
COG0476,21,1,6.337,1.17e-10,4e-7,Metamonada,YPL003W,4932,ULA1
COG0476,21,1,6.337,1.17e-10,4e-7,Metamonada,YPR066W,4932,UBA3
COG0476,21,1,6.337,1.17e-10,4e-7,Metamonada,YPR180W,4932,AOS1
COG0541,21,0.9924,6.336,1.18e-10,4.03e-7,Metamonada,YPR088C,4932,SRP54
COG1022,21,1,6.335,1.19e-10,4.05e-7,Metamonada,YER015W,4932,FAA2
COG1022,21,1,6.335,1.19e-10,4.05e-7,Metamonada,YIL009W,4932,FAA3
COG1022,21,1,6.335,1.19e-10,4.05e-7,Metamonada,YMR246W,4932,FAA4
COG1022,21,1,6.335,1.19e-10,4.05e-7,Metamonada,YOR317W,4932,FAA1
COG0847,21,0.9661,6.335,1.19e-10,4.06e-7,Metamonada,YGL094C,4932,PAN2
COG0847,21,0.9661,6.335,1.19e-10,4.06e-7,Metamonada,YGR276C,4932,RNH70
COG0847,21,0.9661,6.335,1.19e-10,4.06e-7,Metamonada,YLR107W,4932,REX3
COG0847,21,0.9661,6.335,1.19e-10,4.06e-7,Metamonada,YOL080C,4932,REX4
COG0436,21,0.9747,6.334,1.19e-10,4.07e-7,Metamonada,YDR111C,4932,ALT2
COG0436,21,0.9747,6.334,1.19e-10,4.07e-7,Metamonada,YJL060W,4932,BNA3
COG0436,21,0.9747,6.334,1.19e-10,4.07e-7,Metamonada,YLR089C,4932,ALT1
COG0183,21,0.957,6.334,1.2e-10,4.08e-7,Metamonada,YIL160C,4932,POT1
COG0183,21,0.957,6.334,1.2e-10,4.08e-7,Metamonada,YPL028W,4932,ERG10
KOG0310,21,0.9873,6.333,1.21e-10,4.11e-7,Metamonada,YMR093W,4932,UTP15
COG5271,21,0.9715,6.331,1.22e-10,4.16e-7,Metamonada,YLR106C,4932,MDN1
COG5110,21,0.9922,6.331,1.22e-10,4.16e-7,Metamonada,YHR027C,4932,RPN1
COG0491,21,0.9984,6.33,1.22e-10,4.18e-7,Metamonada,YDR272W,4932,GLO2
COG0491,21,0.9984,6.33,1.22e-10,4.18e-7,Metamonada,YOR040W,4932,GLO4
COG5049,21,0.9888,6.33,1.23e-10,4.19e-7,Metamonada,YGL173C,4932,XRN1
COG5049,21,0.9888,6.33,1.23e-10,4.19e-7,Metamonada,YOR048C,4932,RAT1
COG1394,21,0.9959,6.33,1.23e-10,4.2e-7,Metamonada,YEL051W,4932,VMA8
COG0003,21,0.9846,6.329,1.23e-10,4.2e-7,Metamonada,YDL100C,4932,GET3
KOG0292,21,0.9985,6.328,1.24e-10,4.23e-7,Metamonada,YDL145C,4932,COP1
COG0092,21,0.9995,6.328,1.24e-10,4.24e-7,Metamonada,YNL178W,4932,RPS3
COG5273,21,1,6.328,1.24e-10,4.25e-7,Metamonada,YDR126W,4932,SWF1
COG5273,21,1,6.328,1.24e-10,4.25e-7,Metamonada,YDR264C,4932,AKR1
COG5273,21,1,6.328,1.24e-10,4.25e-7,Metamonada,YDR459C,4932,PFA5
COG5273,21,1,6.328,1.24e-10,4.25e-7,Metamonada,YLR246W,4932,ERF2
COG5273,21,1,6.328,1.24e-10,4.25e-7,Metamonada,YNL326C,4932,PFA3
COG5273,21,1,6.328,1.24e-10,4.25e-7,Metamonada,YOL003C,4932,PFA4
COG5273,21,1,6.328,1.24e-10,4.25e-7,Metamonada,YOR034C,4932,AKR2
COG1889,21,0.9709,6.328,1.24e-10,4.25e-7,Metamonada,YDL014W,4932,NOP1
KOG1705,21,0.9348,6.327,1.25e-10,4.27e-7,Metamonada,YPR094W,4932,RDS3
COG1208,21,1,6.325,1.26e-10,4.31e-7,Metamonada,YDL055C,4932,PSA1
COG1208,21,1,6.325,1.26e-10,4.31e-7,Metamonada,YDR211W,4932,GCD6
COG1208,21,1,6.325,1.26e-10,4.31e-7,Metamonada,YOR260W,4932,GCD1
KOG0938,21,0.9445,6.324,1.27e-10,4.34e-7,Metamonada,YOL062C,4932,APM4
COG5384,21,0.9652,6.324,1.28e-10,4.35e-7,Metamonada,YJR002W,4932,MPP10
COG0534,21,0.9112,6.323,1.28e-10,4.37e-7,Metamonada,YDR338C,4932,YDR338C
COG0534,21,0.9112,6.323,1.28e-10,4.37e-7,Metamonada,YHR032W,4932,ERC1
COG1204,21,1,6.323,1.29e-10,4.39e-7,Metamonada,YER172C,4932,BRR2
COG1204,21,1,6.323,1.29e-10,4.39e-7,Metamonada,YGL251C,4932,HFM1
COG1204,21,1,6.323,1.29e-10,4.39e-7,Metamonada,YGR271W,4932,SLH1
KOG2730,21,0.9459,6.321,1.3e-10,4.43e-7,Metamonada,YPL157W,4932,TGS1
COG1506,21,0.9865,6.321,1.3e-10,4.45e-7,Metamonada,YHR028C,4932,DAP2
COG1506,21,0.9865,6.321,1.3e-10,4.45e-7,Metamonada,YOR219C,4932,STE13
COG5051,21,0.9693,6.32,1.3e-10,4.45e-7,Metamonada,YMR194W,4932,RPL36A
COG5051,21,0.9693,6.32,1.3e-10,4.45e-7,Metamonada,YPL249C-A,4932,RPL36B
KOG2361,21,0.8859,6.32,1.3100000000000001e-10,4.48e-7,Metamonada,YOR239W,4932,ABP140
COG0051,21,0.991,6.319,1.3100000000000001e-10,4.48e-7,Metamonada,YDR041W,4932,RSM10
COG0051,21,0.991,6.319,1.3100000000000001e-10,4.48e-7,Metamonada,YHL015W,4932,RPS20
KOG1969,21,0.9615,6.319,1.3100000000000001e-10,4.48e-7,Metamonada,YMR078C,4932,CTF18
KOG1721,21,0.9472,6.319,1.32e-10,4.5e-7,Metamonada,YBR066C,4932,NRG2
KOG1721,21,0.9472,6.319,1.32e-10,4.5e-7,Metamonada,YDL048C,4932,STP4
KOG1721,21,0.9472,6.319,1.32e-10,4.5e-7,Metamonada,YDR043C,4932,NRG1
KOG1721,21,0.9472,6.319,1.32e-10,4.5e-7,Metamonada,YDR096W,4932,GIS1
KOG1721,21,0.9472,6.319,1.32e-10,4.5e-7,Metamonada,YDR146C,4932,SWI5
KOG1721,21,0.9472,6.319,1.32e-10,4.5e-7,Metamonada,YDR216W,4932,ADR1
KOG1721,21,0.9472,6.319,1.32e-10,4.5e-7,Metamonada,YDR253C,4932,MET32
KOG1721,21,0.9472,6.319,1.32e-10,4.5e-7,Metamonada,YER028C,4932,MIG3
KOG1721,21,0.9472,6.319,1.32e-10,4.5e-7,Metamonada,YER130C,4932,COM2
KOG1721,21,0.9472,6.319,1.32e-10,4.5e-7,Metamonada,YER169W,4932,RPH1
KOG1721,21,0.9472,6.319,1.32e-10,4.5e-7,Metamonada,YGL035C,4932,MIG1
KOG1721,21,0.9472,6.319,1.32e-10,4.5e-7,Metamonada,YGL209W,4932,MIG2
KOG1721,21,0.9472,6.319,1.32e-10,4.5e-7,Metamonada,YGL254W,4932,FZF1
KOG1721,21,0.9472,6.319,1.32e-10,4.5e-7,Metamonada,YGR044C,4932,RME1
KOG1721,21,0.9472,6.319,1.32e-10,4.5e-7,Metamonada,YGR067C,4932,YGR067C
KOG1721,21,0.9472,6.319,1.32e-10,4.5e-7,Metamonada,YHL027W,4932,RIM101
KOG1721,21,0.9472,6.319,1.32e-10,4.5e-7,Metamonada,YJL056C,4932,ZAP1
KOG1721,21,0.9472,6.319,1.32e-10,4.5e-7,Metamonada,YJR127C,4932,RSF2
KOG1721,21,0.9472,6.319,1.32e-10,4.5e-7,Metamonada,YKL062W,4932,MSN4
KOG1721,21,0.9472,6.319,1.32e-10,4.5e-7,Metamonada,YLR131C,4932,ACE2
KOG1721,21,0.9472,6.319,1.32e-10,4.5e-7,Metamonada,YLR375W,4932,STP3
KOG1721,21,0.9472,6.319,1.32e-10,4.5e-7,Metamonada,YML081W,4932,TDA9
KOG1721,21,0.9472,6.319,1.32e-10,4.5e-7,Metamonada,YMR037C,4932,MSN2
KOG1721,21,0.9472,6.319,1.32e-10,4.5e-7,Metamonada,YMR070W,4932,MOT3
KOG1721,21,0.9472,6.319,1.32e-10,4.5e-7,Metamonada,YMR182C,4932,RGM1
KOG1721,21,0.9472,6.319,1.32e-10,4.5e-7,Metamonada,YNL027W,4932,CRZ1
KOG1721,21,0.9472,6.319,1.32e-10,4.5e-7,Metamonada,YOR113W,4932,AZF1
KOG1721,21,0.9472,6.319,1.32e-10,4.5e-7,Metamonada,YPL038W,4932,MET31
KOG1721,21,0.9472,6.319,1.32e-10,4.5e-7,Metamonada,YPL230W,4932,USV1
KOG1721,21,0.9472,6.319,1.32e-10,4.5e-7,Metamonada,YPR013C,4932,CMR3
KOG1721,21,0.9472,6.319,1.32e-10,4.5e-7,Metamonada,YPR015C,4932,YPR015C
KOG1721,21,0.9472,6.319,1.32e-10,4.5e-7,Metamonada,YPR022C,4932,SDD4
KOG1721,21,0.9472,6.319,1.32e-10,4.5e-7,Metamonada,YPR186C,4932,PZF1
COG5536,21,0.9988,6.319,1.32e-10,4.51e-7,Metamonada,YJL031C,4932,BET4
COG5536,21,0.9988,6.319,1.32e-10,4.51e-7,Metamonada,YKL019W,4932,RAM2
KOG0174,21,0.9973,6.317,1.33e-10,4.54e-7,Metamonada,YJL001W,4932,PRE3
COG5076,21,0.978,6.317,1.33e-10,4.55e-7,Metamonada,YBR081C,4932,SPT7
COG5076,21,0.978,6.317,1.33e-10,4.55e-7,Metamonada,YDL070W,4932,BDF2
COG5076,21,0.978,6.317,1.33e-10,4.55e-7,Metamonada,YGL133W,4932,ITC1
COG5076,21,0.978,6.317,1.33e-10,4.55e-7,Metamonada,YGR056W,4932,RSC1
COG5076,21,0.978,6.317,1.33e-10,4.55e-7,Metamonada,YGR252W,4932,GCN5
COG5076,21,0.978,6.317,1.33e-10,4.55e-7,Metamonada,YKR008W,4932,RSC4
COG5076,21,0.978,6.317,1.33e-10,4.55e-7,Metamonada,YLR357W,4932,RSC2
COG5076,21,0.978,6.317,1.33e-10,4.55e-7,Metamonada,YLR399C,4932,BDF1
COG5076,21,0.978,6.317,1.33e-10,4.55e-7,Metamonada,YPL216W,4932,YPL216W
COG0008,21,1,6.316,1.34e-10,4.57e-7,Metamonada,YGL245W,4932,GUS1
COG0008,21,1,6.316,1.34e-10,4.57e-7,Metamonada,YJL189W,4932,RPL39
COG0008,21,1,6.316,1.34e-10,4.57e-7,Metamonada,YOL033W,4932,MSE1
COG0008,21,1,6.316,1.34e-10,4.57e-7,Metamonada,YOR168W,4932,GLN4
COG1948,21,0.9979,6.316,1.34e-10,4.59e-7,Metamonada,YDR386W,4932,MUS81
COG1948,21,0.9979,6.316,1.34e-10,4.59e-7,Metamonada,YPL022W,4932,RAD1
KOG0012,21,0.9548,6.315,1.35e-10,4.6e-7,Metamonada,YER143W,4932,DDI1
COG5133,21,0.9609,6.315,1.35e-10,4.6e-7,Metamonada,YHR122W,4932,CIA2
COG5253,21,1,6.314,1.36e-10,4.63e-7,Metamonada,YDR208W,4932,MSS4
COG5253,21,1,6.314,1.36e-10,4.63e-7,Metamonada,YFR019W,4932,FAB1
COG0637,21,0.8766,6.312,1.38e-10,4.71e-7,Metamonada,YER062C,4932,GPP2
COG0637,21,0.8766,6.312,1.38e-10,4.71e-7,Metamonada,YHR043C,4932,DOG2
COG0637,21,0.8766,6.312,1.38e-10,4.71e-7,Metamonada,YHR044C,4932,DOG1
COG0637,21,0.8766,6.312,1.38e-10,4.71e-7,Metamonada,YIL053W,4932,GPP1
COG0637,21,0.8766,6.312,1.38e-10,4.71e-7,Metamonada,YKL033W-A,4932,YKL033W-A
COG5064,21,0.9991,6.311,1.38e-10,4.72e-7,Metamonada,YNL189W,4932,SRP1
COG0143,21,1,6.311,1.39e-10,4.74e-7,Metamonada,YGL105W,4932,ARC1
COG0143,21,1,6.311,1.39e-10,4.74e-7,Metamonada,YGR171C,4932,MSM1
COG0143,21,1,6.311,1.39e-10,4.74e-7,Metamonada,YGR264C,4932,MES1
COG1503,21,0.9913,6.311,1.39e-10,4.75e-7,Metamonada,YBR143C,4932,SUP45
COG0185,21,0.9997,6.31,1.39e-10,4.76e-7,Metamonada,YNR037C,4932,RSM19
COG0185,21,0.9997,6.31,1.39e-10,4.76e-7,Metamonada,YOL040C,4932,RPS15
COG1911,21,0.9861,6.31,1.39e-10,4.76e-7,Metamonada,YGL030W,4932,RPL30
COG5047,21,0.9995,6.31,1.4e-10,4.77e-7,Metamonada,YHR035W,4932,NEL1
COG5047,21,0.9995,6.31,1.4e-10,4.77e-7,Metamonada,YPR181C,4932,SEC23
COG0231,21,0.9884,6.309,1.4e-10,4.79e-7,Metamonada,YEL034W,4932,HYP2
COG0231,21,0.9884,6.309,1.4e-10,4.79e-7,Metamonada,YJR047C,4932,ANB1
COG1156,21,0.9995,6.309,1.4e-10,4.79e-7,Metamonada,YBR127C,4932,VMA2
COG4352,21,0.9951,6.308,1.41e-10,4.82e-7,Metamonada,YDL082W,4932,RPL13A
COG4352,21,0.9951,6.308,1.41e-10,4.82e-7,Metamonada,YMR142C,4932,RPL13B
COG5599,21,0.9461,6.308,1.41e-10,4.83e-7,Metamonada,YDL230W,4932,PTP1
COG5599,21,0.9461,6.308,1.41e-10,4.83e-7,Metamonada,YER075C,4932,PTP3
COG5599,21,0.9461,6.308,1.41e-10,4.83e-7,Metamonada,YOR208W,4932,PTP2
KOG1332,21,0.9833,6.308,1.41e-10,4.83e-7,Metamonada,YLR208W,4932,SEC13
COG5187,21,0.9855,6.307,1.42e-10,4.84e-7,Metamonada,YPR108W,4932,RPN7
KOG0581,21,0.9466,6.307,1.42e-10,4.86e-7,Metamonada,YDL159W,4932,STE7
KOG0581,21,0.9466,6.307,1.42e-10,4.86e-7,Metamonada,YJL128C,4932,PBS2
KOG0581,21,0.9466,6.307,1.42e-10,4.86e-7,Metamonada,YOR231W,4932,MKK1
KOG0581,21,0.9466,6.307,1.42e-10,4.86e-7,Metamonada,YPL140C,4932,MKK2
COG1718,21,0.9927,6.307,1.42e-10,4.86e-7,Metamonada,YOR119C,4932,RIO1
KOG0937,21,1,6.307,1.42e-10,4.86e-7,Metamonada,YHL019C,4932,APM2
KOG0937,21,1,6.307,1.42e-10,4.86e-7,Metamonada,YPL259C,4932,APM1
KOG0291,21,0.9965,6.307,1.42e-10,4.86e-7,Metamonada,YCR057C,4932,PWP2
COG0438,21,1,6.307,1.43e-10,4.87e-7,Metamonada,YBR110W,4932,ALG1
COG0438,21,1,6.307,1.43e-10,4.87e-7,Metamonada,YFR015C,4932,GSY1
COG0438,21,1,6.307,1.43e-10,4.87e-7,Metamonada,YGL065C,4932,ALG2
COG0438,21,1,6.307,1.43e-10,4.87e-7,Metamonada,YLR258W,4932,GSY2
COG0438,21,1,6.307,1.43e-10,4.87e-7,Metamonada,YNL048W,4932,ALG11
COG0438,21,1,6.307,1.43e-10,4.87e-7,Metamonada,YPL175W,4932,SPT14
COG5146,21,0.9984,6.306,1.43e-10,4.89e-7,Metamonada,YDR531W,4932,CAB1
COG3642,21,0.9816,6.305,1.44e-10,4.93e-7,Metamonada,YGR262C,4932,BUD32
COG5196,21,0.9963,6.304,1.45e-10,4.97e-7,Metamonada,YBL040C,4932,ERD2
COG0148,21,0.9924,6.303,1.46e-10,4.99e-7,Metamonada,YGR254W,4932,ENO1
COG0148,21,0.9924,6.303,1.46e-10,4.99e-7,Metamonada,YHR174W,4932,ENO2
COG0148,21,0.9924,6.303,1.46e-10,4.99e-7,Metamonada,YMR323W,4932,ERR3
COG0148,21,0.9924,6.303,1.46e-10,4.99e-7,Metamonada,YOR393W,4932,ERR1
COG0148,21,0.9924,6.303,1.46e-10,4.99e-7,Metamonada,YPL281C,4932,ERR2
COG5665,21,0.9913,6.303,1.46e-10,4.99e-7,Metamonada,YIL038C,4932,NOT3
COG5665,21,0.9913,6.303,1.46e-10,4.99e-7,Metamonada,YPR072W,4932,NOT5
KOG3005,21,0.8868,6.303,1.46e-10,4.99e-7,Metamonada,YBR228W,4932,SLX1
COG5188,21,0.9633,6.302,1.47e-10,5.03e-7,Metamonada,YDL030W,4932,PRP9
COG0293,21,1,6.301,1.48e-10,5.04e-7,Metamonada,YBR061C,4932,TRM7
COG0293,21,1,6.301,1.48e-10,5.04e-7,Metamonada,YCL054W,4932,SPB1
COG0293,21,1,6.301,1.48e-10,5.04e-7,Metamonada,YGL136C,4932,MRM2
KOG3434,21,0.9449,6.301,1.48e-10,5.04e-7,Metamonada,YFL034C-A,4932,RPL22B
KOG3434,21,0.9449,6.301,1.48e-10,5.04e-7,Metamonada,YLR061W,4932,RPL22A
KOG2425,21,0.9144,6.3,1.49e-10,5.09e-7,Metamonada,YKR063C,4932,LAS1
COG5092,21,0.9454,6.299,1.49e-10,5.1e-7,Metamonada,YLR195C,4932,NMT1
COG0127,21,0.9925,6.299,1.49e-10,5.1e-7,Metamonada,YJR069C,4932,HAM1
KOG0123,21,1,6.299,1.5e-10,5.12e-7,Metamonada,YER165W,4932,PAB1
KOG0123,21,1,6.299,1.5e-10,5.12e-7,Metamonada,YFR023W,4932,PES4
KOG0123,21,1,6.299,1.5e-10,5.12e-7,Metamonada,YHR015W,4932,MIP6
KOG2104,21,0.9732,6.298,1.51e-10,5.15e-7,Metamonada,YER009W,4932,NTF2
COG5151,21,0.9705,6.297,1.52e-10,5.19e-7,Metamonada,YLR005W,4932,SSL1
COG0048,21,0.9982,6.296,1.52e-10,5.2e-7,Metamonada,YGR118W,4932,RPS23A
COG0048,21,0.9982,6.296,1.52e-10,5.2e-7,Metamonada,YNR036C,4932,MRPS12
COG0048,21,0.9982,6.296,1.52e-10,5.2e-7,Metamonada,YPR132W,4932,RPS23B
COG0681,21,1,6.296,1.53e-10,5.23e-7,Metamonada,YIR022W,4932,SEC11
COG0681,21,1,6.296,1.53e-10,5.23e-7,Metamonada,YMR035W,4932,YMR035W
COG0681,21,1,6.296,1.53e-10,5.23e-7,Metamonada,YMR150C,4932,IMP1
COG0115,21,0.9838,6.295,1.53e-10,5.24e-7,Metamonada,YHR208W,4932,BAT1
COG0115,21,0.9838,6.295,1.53e-10,5.24e-7,Metamonada,YJR148W,4932,BAT2
COG0115,21,0.9838,6.295,1.53e-10,5.24e-7,Metamonada,YMR289W,4932,ABZ2
COG1093,21,0.9956,6.294,1.55e-10,5.28e-7,Metamonada,YJR007W,4932,SUI2
COG1758,21,0.9955,6.294,1.55e-10,5.28e-7,Metamonada,YPR187W,4932,RPO26
COG2007,21,1,6.293,1.56e-10,5.32e-7,Metamonada,YBL072C,4932,RPS8A
COG2007,21,1,6.293,1.56e-10,5.32e-7,Metamonada,YER102W,4932,RPS8B
COG2007,21,1,6.293,1.56e-10,5.32e-7,Metamonada,YER126C,4932,NSA2
COG4886,21,1,6.293,1.56e-10,5.32e-7,Metamonada,YKL193C,4932,SDS22
COG4886,21,1,6.293,1.56e-10,5.32e-7,Metamonada,YOR353C,4932,SOG2
COG4886,21,1,6.293,1.56e-10,5.32e-7,Metamonada,YOR373W,4932,NUD1
COG4886,21,1,6.293,1.56e-10,5.32e-7,Metamonada,YPL213W,4932,LEA1
COG5106,21,0.9871,6.293,1.56e-10,5.33e-7,Metamonada,YKR081C,4932,RPF2
COG5017,21,0.9742,6.291,1.58e-10,5.39e-7,Metamonada,YGL047W,4932,ALG13
KOG3206,21,0.944,6.29,1.59e-10,5.43e-7,Metamonada,YNL148C,4932,ALF1
COG0464,21,1,6.289,1.59e-10,5.44e-7,Metamonada,YBR080C,4932,SEC18
COG0464,21,1,6.289,1.59e-10,5.44e-7,Metamonada,YBR186W,4932,PCH2
COG0464,21,1,6.289,1.59e-10,5.44e-7,Metamonada,YDL126C,4932,CDC48
COG0464,21,1,6.289,1.59e-10,5.44e-7,Metamonada,YER047C,4932,SAP1
COG0464,21,1,6.289,1.59e-10,5.44e-7,Metamonada,YGR028W,4932,MSP1
COG0464,21,1,6.289,1.59e-10,5.44e-7,Metamonada,YKL197C,4932,PEX1
COG0464,21,1,6.289,1.59e-10,5.44e-7,Metamonada,YLL034C,4932,RIX7
COG0464,21,1,6.289,1.59e-10,5.44e-7,Metamonada,YLR397C,4932,AFG2
COG0464,21,1,6.289,1.59e-10,5.44e-7,Metamonada,YNL329C,4932,PEX6
COG0464,21,1,6.289,1.59e-10,5.44e-7,Metamonada,YPL074W,4932,YTA6
COG0049,21,1,6.289,1.59e-10,5.44e-7,Metamonada,YJR113C,4932,RSM7
COG0049,21,1,6.289,1.59e-10,5.44e-7,Metamonada,YJR123W,4932,RPS5
COG0514,21,1,6.288,1.61e-10,5.48e-7,Metamonada,YMR190C,4932,SGS1
COG0124,21,1,6.288,1.61e-10,5.5e-7,Metamonada,YDR283C,4932,GCN2
COG0124,21,1,6.288,1.61e-10,5.5e-7,Metamonada,YPR033C,4932,HTS1
KOG0594,21,1,6.287,1.62e-10,5.51e-7,Metamonada,YBR160W,4932,CDC28
KOG0594,21,1,6.287,1.62e-10,5.51e-7,Metamonada,YFL029C,4932,CAK1
KOG0594,21,1,6.287,1.62e-10,5.51e-7,Metamonada,YPL031C,4932,PHO85
COG0142,21,0.9988,6.287,1.62e-10,5.53e-7,Metamonada,YBR003W,4932,COQ1
COG0142,21,0.9988,6.287,1.62e-10,5.53e-7,Metamonada,YJL167W,4932,ERG20
COG0142,21,0.9988,6.287,1.62e-10,5.53e-7,Metamonada,YPL069C,4932,BTS1
COG1109,21,0.9995,6.286,1.63e-10,5.56e-7,Metamonada,YEL058W,4932,PCM1
COG1109,21,0.9995,6.286,1.63e-10,5.56e-7,Metamonada,YMR278W,4932,PRM15
KOG0585,21,0.9327,6.283,1.66e-10,5.66e-7,Metamonada,YER129W,4932,SAK1
KOG0585,21,0.9327,6.283,1.66e-10,5.66e-7,Metamonada,YGL179C,4932,TOS3
KOG0585,21,0.9327,6.283,1.66e-10,5.66e-7,Metamonada,YKL048C,4932,ELM1
COG0588,21,0.9573,6.283,1.66e-10,5.66e-7,Metamonada,YDL021W,4932,GPM2
COG0588,21,0.9573,6.283,1.66e-10,5.66e-7,Metamonada,YKL152C,4932,GPM1
COG0588,21,0.9573,6.283,1.66e-10,5.66e-7,Metamonada,YKR043C,4932,SHB17
COG0588,21,0.9573,6.283,1.66e-10,5.66e-7,Metamonada,YOL056W,4932,GPM3
COG0588,21,0.9573,6.283,1.66e-10,5.66e-7,Metamonada,YOR283W,4932,YOR283W
COG5099,21,0.9985,6.283,1.66e-10,5.66e-7,Metamonada,YGL014W,4932,PUF4
COG5099,21,0.9985,6.283,1.66e-10,5.66e-7,Metamonada,YGL178W,4932,MPT5
COG5099,21,0.9985,6.283,1.66e-10,5.66e-7,Metamonada,YJR091C,4932,JSN1
COG5099,21,0.9985,6.283,1.66e-10,5.66e-7,Metamonada,YLL013C,4932,PUF3
COG5099,21,0.9985,6.283,1.66e-10,5.66e-7,Metamonada,YPR042C,4932,PUF2
KOG3063,21,0.9942,6.282,1.67e-10,5.69e-7,Metamonada,YJL053W,4932,PEP8
COG0057,21,0.99,6.282,1.67e-10,5.71e-7,Metamonada,YGR192C,4932,TDH3
COG0057,21,0.99,6.282,1.67e-10,5.71e-7,Metamonada,YJL052W,4932,TDH1
COG0057,21,0.99,6.282,1.67e-10,5.71e-7,Metamonada,YJR009C,4932,TDH2
KOG0605,21,0.9883,6.281,1.68e-10,5.72e-7,Metamonada,YFL033C,4932,RIM15
KOG0605,21,0.9883,6.281,1.68e-10,5.72e-7,Metamonada,YGR092W,4932,DBF2
KOG0605,21,0.9883,6.281,1.68e-10,5.72e-7,Metamonada,YNL161W,4932,CBK1
KOG0605,21,0.9883,6.281,1.68e-10,5.72e-7,Metamonada,YPR111W,4932,DBF20
COG0633,21,0.9616,6.281,1.69e-10,5.76e-7,Metamonada,YPL252C,4932,YAH1
COG0545,21,1,6.28,1.69e-10,5.77e-7,Metamonada,YDR519W,4932,FPR2
COG0545,21,1,6.28,1.69e-10,5.77e-7,Metamonada,YLR449W,4932,FPR4
COG0545,21,1,6.28,1.69e-10,5.77e-7,Metamonada,YML074C,4932,FPR3
COG0545,21,1,6.28,1.69e-10,5.77e-7,Metamonada,YNL135C,4932,FPR1
COG5190,21,1,6.28,1.7e-10,5.79e-7,Metamonada,YHR004C,4932,NEM1
COG5190,21,1,6.28,1.7e-10,5.79e-7,Metamonada,YLL010C,4932,PSR1
COG5190,21,1,6.28,1.7e-10,5.79e-7,Metamonada,YLR019W,4932,PSR2
COG5190,21,1,6.28,1.7e-10,5.79e-7,Metamonada,YMR277W,4932,FCP1
COG5190,21,1,6.28,1.7e-10,5.79e-7,Metamonada,YPL063W,4932,TIM50
COG1500,21,0.9962,6.278,1.71e-10,5.84e-7,Metamonada,YLR022C,4932,SDO1
COG5217,21,0.9452,6.278,1.72e-10,5.86e-7,Metamonada,YER016W,4932,BIM1
COG0126,21,0.9879,6.276,1.73e-10,5.91e-7,Metamonada,YCR012W,4932,PGK1
COG0472,21,0.9721,6.276,1.74e-10,5.93e-7,Metamonada,YBR243C,4932,ALG7
COG0450,21,0.9521,6.276,1.74e-10,5.94e-7,Metamonada,YBL064C,4932,PRX1
COG0450,21,0.9521,6.276,1.74e-10,5.94e-7,Metamonada,YDR453C,4932,TSA2
COG0450,21,0.9521,6.276,1.74e-10,5.94e-7,Metamonada,YML028W,4932,TSA1
COG1171,21,0.9682,6.275,1.75e-10,5.96e-7,Metamonada,YCL064C,4932,CHA1
COG1171,21,0.9682,6.275,1.75e-10,5.96e-7,Metamonada,YER086W,4932,ILV1
COG1171,21,0.9682,6.275,1.75e-10,5.96e-7,Metamonada,YKL218C,4932,SRY1
COG0194,21,0.9968,6.274,1.76e-10,6e-7,Metamonada,YDR454C,4932,GUK1
COG0592,21,0.9955,6.274,1.76e-10,6.02e-7,Metamonada,YBR088C,4932,POL30
KOG2321,21,0.9965,6.274,1.77e-10,6.03e-7,Metamonada,YGR145W,4932,ENP2
COG5272,21,1,6.273,1.77e-10,6.06e-7,Metamonada,YDR139C,4932,RUB1
COG5272,21,1,6.273,1.77e-10,6.06e-7,Metamonada,YEL037C,4932,RAD23
COG5272,21,1,6.273,1.77e-10,6.06e-7,Metamonada,YLL039C,4932,UBI4
COG5272,21,1,6.273,1.77e-10,6.06e-7,Metamonada,YLR167W,4932,RPS31
COG5272,21,1,6.273,1.77e-10,6.06e-7,Metamonada,YMR276W,4932,DSK2
COG5272,21,1,6.273,1.77e-10,6.06e-7,Metamonada,YOL111C,4932,MDY2
KOG0600,21,0.9948,6.272,1.78e-10,6.07e-7,Metamonada,YKL139W,4932,CTK1
KOG0600,21,0.9948,6.272,1.78e-10,6.07e-7,Metamonada,YPR161C,4932,SGV1
COG0394,21,0.9063,6.272,1.78e-10,6.07e-7,Metamonada,YPR073C,4932,LTP1
COG5210,21,1,6.271,1.8e-10,6.13e-7,Metamonada,YDL234C,4932,GYP7
COG5210,21,1,6.271,1.8e-10,6.13e-7,Metamonada,YGR100W,4932,MDR1
COG5210,21,1,6.271,1.8e-10,6.13e-7,Metamonada,YJL044C,4932,GYP6
COG5210,21,1,6.271,1.8e-10,6.13e-7,Metamonada,YMR055C,4932,BUB2
COG5210,21,1,6.271,1.8e-10,6.13e-7,Metamonada,YMR192W,4932,GYL1
COG5210,21,1,6.271,1.8e-10,6.13e-7,Metamonada,YNL293W,4932,MSB3
COG5210,21,1,6.271,1.8e-10,6.13e-7,Metamonada,YOL112W,4932,MSB4
COG5210,21,1,6.271,1.8e-10,6.13e-7,Metamonada,YPL249C,4932,GYP5
COG1644,21,0.9014,6.27,1.8e-10,6.14e-7,Metamonada,YOR210W,4932,RPB10
COG1601,21,0.9994,6.27,1.8e-10,6.15e-7,Metamonada,YPL237W,4932,SUI3
COG1601,21,0.9994,6.27,1.8e-10,6.15e-7,Metamonada,YPR041W,4932,TIF5
COG0647,21,0.9922,6.269,1.81e-10,6.19e-7,Metamonada,YDL236W,4932,PHO13
COG0647,21,0.9922,6.269,1.81e-10,6.19e-7,Metamonada,YKR070W,4932,YKR070W
COG5080,21,0.9985,6.269,1.81e-10,6.19e-7,Metamonada,YGL198W,4932,YIP4
COG5080,21,0.9985,6.269,1.81e-10,6.19e-7,Metamonada,YGR172C,4932,YIP1
KOG4208,21,0.9461,6.269,1.82e-10,6.22e-7,Metamonada,YNL110C,4932,NOP15
COG1412,21,0.9988,6.268,1.83e-10,6.24e-7,Metamonada,YDR339C,4932,FCF1
COG1412,21,0.9988,6.268,1.83e-10,6.24e-7,Metamonada,YOR004W,4932,UTP23
COG0596,21,0.9634,6.268,1.83e-10,6.26e-7,Metamonada,YDR125C,4932,ECM18
COG0596,21,0.9634,6.268,1.83e-10,6.26e-7,Metamonada,YGR015C,4932,YGR015C
COG0596,21,0.9634,6.268,1.83e-10,6.26e-7,Metamonada,YGR031W,4932,IMO32
COG0596,21,0.9634,6.268,1.83e-10,6.26e-7,Metamonada,YGR110W,4932,CLD1
COG0596,21,0.9634,6.268,1.83e-10,6.26e-7,Metamonada,YHR075C,4932,PPE1
COG0596,21,0.9634,6.268,1.83e-10,6.26e-7,Metamonada,YKL140W,4932,TGL1
COG0596,21,0.9634,6.268,1.83e-10,6.26e-7,Metamonada,YLL012W,4932,YEH1
COG0596,21,0.9634,6.268,1.83e-10,6.26e-7,Metamonada,YLR020C,4932,YEH2
COG0596,21,0.9634,6.268,1.83e-10,6.26e-7,Metamonada,YLR099C,4932,ICT1
COG0596,21,0.9634,6.268,1.83e-10,6.26e-7,Metamonada,YNL115C,4932,YNL115C
COG0596,21,0.9634,6.268,1.83e-10,6.26e-7,Metamonada,YNR064C,4932,YNR064C
COG5246,21,0.9966,6.266,1.85e-10,6.31e-7,Metamonada,YDL043C,4932,PRP11
KOG0739,21,0.9978,6.265,1.86e-10,6.35e-7,Metamonada,YPR173C,4932,VPS4
COG5159,21,1,6.265,1.86e-10,6.36e-7,Metamonada,YDL097C,4932,RPN6
COG5074,21,0.9898,6.265,1.87e-10,6.37e-7,Metamonada,YMR183C,4932,SSO2
COG5074,21,0.9898,6.265,1.87e-10,6.37e-7,Metamonada,YPL232W,4932,SSO1
COG5155,21,0.949,6.265,1.87e-10,6.37e-7,Metamonada,YGR098C,4932,ESP1
KOG0290,21,0.9708,6.264,1.88e-10,6.4e-7,Metamonada,YPL247C,4932,YPL247C
KOG1566,21,0.8944,6.264,1.88e-10,6.42e-7,Metamonada,YKL189W,4932,HYM1
KOG2001,21,0.9593,6.263,1.89e-10,6.44e-7,Metamonada,YHR172W,4932,SPC97
COG2139,21,0.9897,6.262,1.9e-10,6.49e-7,Metamonada,YBR191W,4932,RPL21A
COG2139,21,0.9897,6.262,1.9e-10,6.49e-7,Metamonada,YPL079W,4932,RPL21B
KOG2626,21,0.9012,6.261,1.91e-10,6.52e-7,Metamonada,YLR015W,4932,BRE2
COG0186,21,0.9973,6.261,1.92e-10,6.55e-7,Metamonada,YBR048W,4932,RPS11B
COG0186,21,0.9973,6.261,1.92e-10,6.55e-7,Metamonada,YDR025W,4932,RPS11A
COG0186,21,0.9973,6.261,1.92e-10,6.55e-7,Metamonada,YMR188C,4932,MRPS17
KOG1107,21,0.9916,6.26,1.92e-10,6.56e-7,Metamonada,YJL154C,4932,VPS35
COG0362,21,0.952,6.26,1.93e-10,6.58e-7,Metamonada,YGR256W,4932,GND2
COG0362,21,0.952,6.26,1.93e-10,6.58e-7,Metamonada,YHR183W,4932,GND1
KOG1989,21,0.9563,6.259,1.93e-10,6.59e-7,Metamonada,YBR059C,4932,AKL1
KOG1989,21,0.9563,6.259,1.93e-10,6.59e-7,Metamonada,YIL095W,4932,PRK1
KOG1989,21,0.9563,6.259,1.93e-10,6.59e-7,Metamonada,YNL020C,4932,ARK1
COG0484,21,1,6.259,1.94e-10,6.62e-7,Metamonada,YFL016C,4932,MDJ1
COG0484,21,1,6.259,1.94e-10,6.62e-7,Metamonada,YGL128C,4932,CWC23
COG0484,21,1,6.259,1.94e-10,6.62e-7,Metamonada,YJL073W,4932,JEM1
COG0484,21,1,6.259,1.94e-10,6.62e-7,Metamonada,YJL162C,4932,JJJ2
COG0484,21,1,6.259,1.94e-10,6.62e-7,Metamonada,YJR097W,4932,JJJ3
COG0484,21,1,6.259,1.94e-10,6.62e-7,Metamonada,YLR090W,4932,XDJ1
COG0484,21,1,6.259,1.94e-10,6.62e-7,Metamonada,YMR161W,4932,HLJ1
COG0484,21,1,6.259,1.94e-10,6.62e-7,Metamonada,YMR214W,4932,SCJ1
COG0484,21,1,6.259,1.94e-10,6.62e-7,Metamonada,YNL007C,4932,SIS1
COG0484,21,1,6.259,1.94e-10,6.62e-7,Metamonada,YNL064C,4932,YDJ1
COG0484,21,1,6.259,1.94e-10,6.62e-7,Metamonada,YNL077W,4932,APJ1
COG0012,21,0.9997,6.258,1.95e-10,6.65e-7,Metamonada,YBR025C,4932,OLA1
COG0012,21,0.9997,6.258,1.95e-10,6.65e-7,Metamonada,YGR210C,4932,YGR210C
COG0012,21,0.9997,6.258,1.95e-10,6.65e-7,Metamonada,YHL014C,4932,YLF2
COG0489,21,1,6.257,1.96e-10,6.7e-7,Metamonada,YGL091C,4932,NBP35
COG0489,21,1,6.257,1.96e-10,6.7e-7,Metamonada,YIL003W,4932,CFD1
KOG3414,21,0.9899,6.257,1.97e-10,6.71e-7,Metamonada,YPR082C,4932,DIB1
COG1525,21,0.9925,6.255,1.98e-10,6.77e-7,Metamonada,YGL085W,4932,LCL3
COG0468,21,0.9944,6.255,1.98e-10,6.77e-7,Metamonada,YDR004W,4932,RAD57
COG0468,21,0.9944,6.255,1.98e-10,6.77e-7,Metamonada,YER095W,4932,RAD51
COG0468,21,0.9944,6.255,1.98e-10,6.77e-7,Metamonada,YER179W,4932,DMC1
KOG2229,21,0.9921,6.255,1.99e-10,6.78e-7,Metamonada,YGR245C,4932,SDA1
COG1097,21,0.9988,6.254,2e-10,6.84e-7,Metamonada,YHR069C,4932,RRP4
COG1097,21,0.9988,6.254,2e-10,6.84e-7,Metamonada,YOL142W,4932,RRP40
KOG0717,21,0.9773,6.253,2.01e-10,6.86e-7,Metamonada,YNL227C,4932,JJJ1
COG2163,21,1,6.253,2.02e-10,6.89e-7,Metamonada,YDR471W,4932,RPL27B
COG2163,21,1,6.253,2.02e-10,6.89e-7,Metamonada,YHL001W,4932,RPL14B
COG2163,21,1,6.253,2.02e-10,6.89e-7,Metamonada,YHR010W,4932,RPL27A
COG2163,21,1,6.253,2.02e-10,6.89e-7,Metamonada,YKL006W,4932,RPL14A
COG2163,21,1,6.253,2.02e-10,6.89e-7,Metamonada,YLR448W,4932,RPL6B
COG2163,21,1,6.253,2.02e-10,6.89e-7,Metamonada,YML073C,4932,RPL6A
COG1631,21,0.9445,6.252,2.03e-10,6.92e-7,Metamonada,YHR141C,4932,RPL42B
COG1631,21,0.9445,6.252,2.03e-10,6.92e-7,Metamonada,YNL162W,4932,RPL42A
KOG0845,21,0.9937,6.251,2.03e-10,6.94e-7,Metamonada,YDR192C,4932,NUP42
KOG0845,21,0.9937,6.251,2.03e-10,6.94e-7,Metamonada,YGL092W,4932,NUP145
KOG0845,21,0.9937,6.251,2.03e-10,6.94e-7,Metamonada,YGL172W,4932,NUP49
KOG0845,21,0.9937,6.251,2.03e-10,6.94e-7,Metamonada,YKL068W,4932,NUP100
KOG0845,21,0.9937,6.251,2.03e-10,6.94e-7,Metamonada,YMR047C,4932,NUP116
COG1736,21,0.9934,6.251,2.04e-10,6.96e-7,Metamonada,YIL103W,4932,DPH1
COG1736,21,0.9934,6.251,2.04e-10,6.96e-7,Metamonada,YKL191W,4932,DPH2
KOG0084,21,0.9951,6.249,2.06e-10,7.05e-7,Metamonada,YFL038C,4932,YPT1
KOG1517,21,0.9463,6.249,2.06e-10,7.05e-7,Metamonada,YHR186C,4932,KOG1
COG1131,21,0.9779,6.249,2.07e-10,7.07e-7,Metamonada,YCR011C,4932,ADP1
COG1131,21,0.9779,6.249,2.07e-10,7.07e-7,Metamonada,YDR011W,4932,SNQ2
COG1131,21,0.9779,6.249,2.07e-10,7.07e-7,Metamonada,YDR406W,4932,PDR15
COG1131,21,0.9779,6.249,2.07e-10,7.07e-7,Metamonada,YIL013C,4932,PDR11
COG1131,21,0.9779,6.249,2.07e-10,7.07e-7,Metamonada,YNR070W,4932,PDR18
COG1131,21,0.9779,6.249,2.07e-10,7.07e-7,Metamonada,YOL075C,4932,YOL075C
COG1131,21,0.9779,6.249,2.07e-10,7.07e-7,Metamonada,YOR011W,4932,AUS1
COG1131,21,0.9779,6.249,2.07e-10,7.07e-7,Metamonada,YOR153W,4932,PDR5
COG1131,21,0.9779,6.249,2.07e-10,7.07e-7,Metamonada,YOR328W,4932,PDR10
COG1131,21,0.9779,6.249,2.07e-10,7.07e-7,Metamonada,YPL058C,4932,PDR12
COG0030,21,0.9995,6.248,2.08e-10,7.11e-7,Metamonada,YPL266W,4932,DIM1
KOG4098,21,0.9505,6.247,2.09e-10,7.13e-7,Metamonada,YEL003W,4932,GIM4
KOG0313,21,0.9592,6.247,2.09e-10,7.15e-7,Metamonada,YOR272W,4932,YTM1
KOG0272,21,0.9671,6.246,2.1e-10,7.17e-7,Metamonada,YPR178W,4932,PRP4
COG5101,21,0.9984,6.245,2.12e-10,7.23e-7,Metamonada,YDR335W,4932,MSN5
COG5101,21,0.9984,6.245,2.12e-10,7.23e-7,Metamonada,YGR218W,4932,CRM1
COG1444,21,0.9974,6.243,2.15e-10,7.32e-7,Metamonada,YNL132W,4932,KRE33
COG0053,21,0.906,6.243,2.15e-10,7.33e-7,Metamonada,YMR177W,4932,MMT1
COG0053,21,0.906,6.243,2.15e-10,7.33e-7,Metamonada,YPL224C,4932,MMT2
COG0639,21,1,6.243,2.15e-10,7.34e-7,Metamonada,YDL047W,4932,SIT4
COG0639,21,1,6.243,2.15e-10,7.34e-7,Metamonada,YDL134C,4932,PPH21
COG0639,21,1,6.243,2.15e-10,7.34e-7,Metamonada,YDL188C,4932,PPH22
COG0639,21,1,6.243,2.15e-10,7.34e-7,Metamonada,YDR075W,4932,PPH3
COG0639,21,1,6.243,2.15e-10,7.34e-7,Metamonada,YDR436W,4932,PPZ2
COG0639,21,1,6.243,2.15e-10,7.34e-7,Metamonada,YER133W,4932,GLC7
COG0639,21,1,6.243,2.15e-10,7.34e-7,Metamonada,YGR123C,4932,PPT1
COG0639,21,1,6.243,2.15e-10,7.34e-7,Metamonada,YLR433C,4932,CNA1
COG0639,21,1,6.243,2.15e-10,7.34e-7,Metamonada,YML016C,4932,PPZ1
COG0639,21,1,6.243,2.15e-10,7.34e-7,Metamonada,YML057W,4932,CMP2
COG0639,21,1,6.243,2.15e-10,7.34e-7,Metamonada,YNL217W,4932,YNL217W
COG0639,21,1,6.243,2.15e-10,7.34e-7,Metamonada,YNR032W,4932,PPG1
COG0639,21,1,6.243,2.15e-10,7.34e-7,Metamonada,YPL179W,4932,PPQ1
COG0557,21,1,6.242,2.15e-10,7.35e-7,Metamonada,YDR293C,4932,SSD1
COG0557,21,1,6.242,2.15e-10,7.35e-7,Metamonada,YMR287C,4932,DSS1
COG0557,21,1,6.242,2.15e-10,7.35e-7,Metamonada,YOL021C,4932,DIS3
COG0334,21,0.9953,6.242,2.16e-10,7.36e-7,Metamonada,YAL062W,4932,GDH3
COG0334,21,0.9953,6.242,2.16e-10,7.36e-7,Metamonada,YDL215C,4932,GDH2
COG0334,21,0.9953,6.242,2.16e-10,7.36e-7,Metamonada,YOR375C,4932,GDH1
COG5126,21,1,6.242,2.16e-10,7.36e-7,Metamonada,YBR109C,4932,CMD1
COG5126,21,1,6.242,2.16e-10,7.36e-7,Metamonada,YDR373W,4932,FRQ1
COG5126,21,1,6.242,2.16e-10,7.36e-7,Metamonada,YGL106W,4932,MLC1
COG5126,21,1,6.242,2.16e-10,7.36e-7,Metamonada,YKL190W,4932,CNB1
COG5126,21,1,6.242,2.16e-10,7.36e-7,Metamonada,YOR257W,4932,CDC31
COG5126,21,1,6.242,2.16e-10,7.36e-7,Metamonada,YPR188C,4932,MLC2
COG1199,21,1,6.241,2.18e-10,7.43e-7,Metamonada,YER171W,4932,RAD3
COG1199,21,1,6.241,2.18e-10,7.43e-7,Metamonada,YPL008W,4932,CHL1
COG0062,21,0.9923,6.239,2.2e-10,7.52e-7,Metamonada,YEL015W,4932,EDC3
COG0062,21,0.9923,6.239,2.2e-10,7.52e-7,Metamonada,YNL200C,4932,NNR1
COG0585,21,0.9968,6.239,2.21e-10,7.53e-7,Metamonada,YOR243C,4932,PUS7
COG0244,21,1,6.238,2.22e-10,7.56e-7,Metamonada,YDL202W,4932,MRPL11
COG0244,21,1,6.238,2.22e-10,7.56e-7,Metamonada,YKL009W,4932,MRT4
COG0244,21,1,6.238,2.22e-10,7.56e-7,Metamonada,YLR340W,4932,RPP0
COG0156,21,0.9925,6.237,2.23e-10,7.62e-7,Metamonada,YDR062W,4932,LCB2
COG0156,21,0.9925,6.237,2.23e-10,7.62e-7,Metamonada,YDR232W,4932,HEM1
COG0156,21,0.9925,6.237,2.23e-10,7.62e-7,Metamonada,YMR296C,4932,LCB1
COG0080,21,1,6.236,2.24e-10,7.66e-7,Metamonada,YDR418W,4932,RPL12B
COG0080,21,1,6.236,2.24e-10,7.66e-7,Metamonada,YEL054C,4932,RPL12A
COG0080,21,1,6.236,2.24e-10,7.66e-7,Metamonada,YNL185C,4932,MRPL19
COG3277,21,0.945,6.233,2.29e-10,7.81e-7,Metamonada,YHR089C,4932,GAR1
COG0441,21,1,6.233,2.29e-10,7.82e-7,Metamonada,YIL078W,4932,THS1
COG0441,21,1,6.233,2.29e-10,7.82e-7,Metamonada,YKL194C,4932,MST1
COG2058,21,0.9924,6.232,2.3e-10,7.85e-7,Metamonada,YDL081C,4932,RPP1A
COG2058,21,0.9924,6.232,2.3e-10,7.85e-7,Metamonada,YDL130W,4932,RPP1B
COG2058,21,0.9924,6.232,2.3e-10,7.85e-7,Metamonada,YDR382W,4932,RPP2B
COG2058,21,0.9924,6.232,2.3e-10,7.85e-7,Metamonada,YOL039W,4932,RPP2A
COG0225,21,0.9303,6.232,2.3e-10,7.87e-7,Metamonada,YER042W,4932,MXR1
COG2126,21,0.9532,6.231,2.31e-10,7.89e-7,Metamonada,YDR500C,4932,RPL37B
COG2126,21,0.9532,6.231,2.31e-10,7.89e-7,Metamonada,YLR185W,4932,RPL37A
COG1552,21,0.8979,6.231,2.31e-10,7.9e-7,Metamonada,YIL148W,4932,RPL40A
COG1552,21,0.8979,6.231,2.31e-10,7.9e-7,Metamonada,YKR094C,4932,RPL40B
COG0164,21,0.9945,6.231,2.32e-10,7.93e-7,Metamonada,YNL072W,4932,RNH201
COG0166,21,0.9895,6.227,2.38e-10,8.13e-7,Metamonada,YBR196C,4932,PGI1
COG5040,21,0.9977,6.226,2.39e-10,8.15e-7,Metamonada,YDR099W,4932,BMH2
COG5040,21,0.9977,6.226,2.39e-10,8.15e-7,Metamonada,YER177W,4932,BMH1
KOG2460,21,0.965,6.225,2.41e-10,8.24e-7,Metamonada,YPL243W,4932,SRP68
COG1499,21,0.9968,6.225,2.41e-10,8.24e-7,Metamonada,YHR170W,4932,NMD3
COG3425,21,0.9293,6.224,2.42e-10,8.26e-7,Metamonada,YML126C,4932,ERG13
COG0477,21,0.9683,6.224,2.43e-10,8.29e-7,Metamonada,YAL067C,4932,SEO1
COG0477,21,0.9683,6.224,2.43e-10,8.29e-7,Metamonada,YBR219C,4932,YBR219C
COG0477,21,0.9683,6.224,2.43e-10,8.29e-7,Metamonada,YBR220C,4932,YBR220C
COG0477,21,0.9683,6.224,2.43e-10,8.29e-7,Metamonada,YBR241C,4932,YBR241C
COG0477,21,0.9683,6.224,2.43e-10,8.29e-7,Metamonada,YCR028C,4932,FEN2
COG0477,21,0.9683,6.224,2.43e-10,8.29e-7,Metamonada,YGL104C,4932,VPS73
COG0477,21,0.9683,6.224,2.43e-10,8.29e-7,Metamonada,YGR065C,4932,VHT1
COG0477,21,0.9683,6.224,2.43e-10,8.29e-7,Metamonada,YGR260W,4932,TNA1
COG0477,21,0.9683,6.224,2.43e-10,8.29e-7,Metamonada,YIL166C,4932,YIL166C
COG0477,21,0.9683,6.224,2.43e-10,8.29e-7,Metamonada,YJR152W,4932,DAL5
COG0477,21,0.9683,6.224,2.43e-10,8.29e-7,Metamonada,YKL217W,4932,JEN1
COG0477,21,0.9683,6.224,2.43e-10,8.29e-7,Metamonada,YLL055W,4932,YCT1
COG0477,21,0.9683,6.224,2.43e-10,8.29e-7,Metamonada,YLR004C,4932,THI73
COG0477,21,0.9683,6.224,2.43e-10,8.29e-7,Metamonada,YOL162W,4932,YOL162W
COG0477,21,0.9683,6.224,2.43e-10,8.29e-7,Metamonada,YOL163W,4932,YOL163W
COG0572,21,0.9678,6.224,2.43e-10,8.3e-7,Metamonada,YDR020C,4932,DAS2
COG0572,21,0.9678,6.224,2.43e-10,8.3e-7,Metamonada,YHR128W,4932,FUR1
COG0572,21,0.9678,6.224,2.43e-10,8.3e-7,Metamonada,YNL129W,4932,NRK1
COG0572,21,0.9678,6.224,2.43e-10,8.3e-7,Metamonada,YNR012W,4932,URK1
COG1976,21,0.997,6.223,2.45e-10,8.35e-7,Metamonada,YPR016C,4932,TIF6
COG5227,21,0.9528,6.222,2.46e-10,8.39e-7,Metamonada,YDR510W,4932,SMT3
KOG0198,21,0.9825,6.221,2.47e-10,8.43e-7,Metamonada,YAR019C,4932,CDC15
KOG0198,21,0.9825,6.221,2.47e-10,8.43e-7,Metamonada,YJL095W,4932,BCK1
KOG0198,21,0.9825,6.221,2.47e-10,8.43e-7,Metamonada,YLR362W,4932,STE11
KOG1639,21,0.9863,6.221,2.47e-10,8.44e-7,Metamonada,YDL015C,4932,TSC13
COG0087,21,1,6.22,2.48e-10,8.47e-7,Metamonada,YGR220C,4932,MRPL9
COG0087,21,1,6.22,2.48e-10,8.47e-7,Metamonada,YOR063W,4932,RPL3
COG1257,21,0.9042,6.22,2.48e-10,8.48e-7,Metamonada,YLR450W,4932,HMG2
COG1257,21,0.9042,6.22,2.48e-10,8.48e-7,Metamonada,YML075C,4932,HMG1
KOG2785,21,0.988,6.22,2.49e-10,8.51e-7,Metamonada,YBR267W,4932,REI1
KOG2785,21,0.988,6.22,2.49e-10,8.51e-7,Metamonada,YLR387C,4932,REH1
COG0584,21,0.9931,6.218,2.51e-10,8.57e-7,Metamonada,YGR233C,4932,PHO81
COG0584,21,0.9931,6.218,2.51e-10,8.57e-7,Metamonada,YPL110C,4932,GDE1
COG0584,21,0.9931,6.218,2.51e-10,8.57e-7,Metamonada,YPL206C,4932,PGC1
COG0025,21,0.9934,6.218,2.51e-10,8.57e-7,Metamonada,YDR456W,4932,NHX1
COG0025,21,0.9934,6.218,2.51e-10,8.57e-7,Metamonada,YLR138W,4932,NHA1
COG5023,21,1,6.217,2.53e-10,8.65e-7,Metamonada,YFL037W,4932,TUB2
COG5023,21,1,6.217,2.53e-10,8.65e-7,Metamonada,YLR212C,4932,TUB4
COG5023,21,1,6.217,2.53e-10,8.65e-7,Metamonada,YML085C,4932,TUB1
COG5023,21,1,6.217,2.53e-10,8.65e-7,Metamonada,YML124C,4932,TUB3
COG5307,21,1,6.217,2.53e-10,8.65e-7,Metamonada,YBL060W,4932,YEL1
COG5307,21,1,6.217,2.53e-10,8.65e-7,Metamonada,YDR170C,4932,SEC7
COG5307,21,1,6.217,2.53e-10,8.65e-7,Metamonada,YEL022W,4932,GEA2
COG5307,21,1,6.217,2.53e-10,8.65e-7,Metamonada,YJR031C,4932,GEA1
COG5307,21,1,6.217,2.53e-10,8.65e-7,Metamonada,YPR095C,4932,SYT1
COG5260,21,1,6.216,2.56e-10,8.73e-7,Metamonada,YNL299W,4932,TRF5
COG5260,21,1,6.216,2.56e-10,8.73e-7,Metamonada,YOL115W,4932,PAP2
COG0096,21,1,6.215,2.57e-10,8.79e-7,Metamonada,YJL190C,4932,RPS22A
COG0096,21,1,6.215,2.57e-10,8.79e-7,Metamonada,YLR367W,4932,RPS22B
COG0096,21,1,6.215,2.57e-10,8.79e-7,Metamonada,YMR158W,4932,MRPS8
COG0459,21,1,6.212,2.6200000000000003e-10,8.94e-7,Metamonada,YBR044C,4932,TCM62
COG0459,21,1,6.212,2.6200000000000003e-10,8.94e-7,Metamonada,YDL143W,4932,CCT4
COG0459,21,1,6.212,2.6200000000000003e-10,8.94e-7,Metamonada,YDR188W,4932,CCT6
COG0459,21,1,6.212,2.6200000000000003e-10,8.94e-7,Metamonada,YDR212W,4932,TCP1
COG0459,21,1,6.212,2.6200000000000003e-10,8.94e-7,Metamonada,YIL142W,4932,CCT2
COG0459,21,1,6.212,2.6200000000000003e-10,8.94e-7,Metamonada,YJL014W,4932,CCT3
COG0459,21,1,6.212,2.6200000000000003e-10,8.94e-7,Metamonada,YJL111W,4932,CCT7
COG0459,21,1,6.212,2.6200000000000003e-10,8.94e-7,Metamonada,YJR064W,4932,CCT5
COG0459,21,1,6.212,2.6200000000000003e-10,8.94e-7,Metamonada,YLR259C,4932,HSP60
COG0019,21,0.9697,6.212,2.6200000000000003e-10,8.96e-7,Metamonada,YKL184W,4932,SPE1
COG5406,21,0.9754,6.211,2.63e-10,8.97e-7,Metamonada,YGL207W,4932,SPT16
COG1958,21,1,6.211,2.63e-10,8.98e-7,Metamonada,YBL026W,4932,LSM2
COG1958,21,1,6.211,2.63e-10,8.98e-7,Metamonada,YCR020C-A,4932,MAK31
COG1958,21,1,6.211,2.63e-10,8.98e-7,Metamonada,YDR378C,4932,LSM6
COG1958,21,1,6.211,2.63e-10,8.98e-7,Metamonada,YER029C,4932,SMB1
COG1958,21,1,6.211,2.63e-10,8.98e-7,Metamonada,YER146W,4932,LSM5
COG1958,21,1,6.211,2.63e-10,8.98e-7,Metamonada,YGR074W,4932,SMD1
COG1958,21,1,6.211,2.63e-10,8.98e-7,Metamonada,YLR147C,4932,SMD3
COG1958,21,1,6.211,2.63e-10,8.98e-7,Metamonada,YLR275W,4932,SMD2
COG1958,21,1,6.211,2.63e-10,8.98e-7,Metamonada,YOR159C,4932,SME1
COG0554,21,1,6.21,2.65e-10,9.05e-7,Metamonada,YDL007W,4932,RPT2
COG0554,21,1,6.21,2.65e-10,9.05e-7,Metamonada,YDR109C,4932,YDR109C
COG0554,21,1,6.21,2.65e-10,9.05e-7,Metamonada,YGL048C,4932,RPT6
COG0554,21,1,6.21,2.65e-10,9.05e-7,Metamonada,YGR270W,4932,YTA7
COG0554,21,1,6.21,2.65e-10,9.05e-7,Metamonada,YHL032C,4932,GUT1
COG0554,21,1,6.21,2.65e-10,9.05e-7,Metamonada,YKL145W,4932,RPT1
COG0554,21,1,6.21,2.65e-10,9.05e-7,Metamonada,YNL249C,4932,MPA43
COG1471,21,0.9981,6.207,2.69e-10,9.19e-7,Metamonada,YHR203C,4932,RPS4B
COG1471,21,0.9981,6.207,2.69e-10,9.19e-7,Metamonada,YJR145C,4932,RPS4A
COG0553,21,1,6.206,2.72e-10,9.28e-7,Metamonada,YBR073W,4932,RDH54
COG0553,21,1,6.206,2.72e-10,9.28e-7,Metamonada,YBR245C,4932,ISW1
COG0553,21,1,6.206,2.72e-10,9.28e-7,Metamonada,YDR334W,4932,SWR1
COG0553,21,1,6.206,2.72e-10,9.28e-7,Metamonada,YER164W,4932,CHD1
COG0553,21,1,6.206,2.72e-10,9.28e-7,Metamonada,YFR038W,4932,IRC5
COG0553,21,1,6.206,2.72e-10,9.28e-7,Metamonada,YGL150C,4932,INO80
COG0553,21,1,6.206,2.72e-10,9.28e-7,Metamonada,YGL163C,4932,RAD54
COG0553,21,1,6.206,2.72e-10,9.28e-7,Metamonada,YIL126W,4932,STH1
COG0553,21,1,6.206,2.72e-10,9.28e-7,Metamonada,YJR035W,4932,RAD26
COG0553,21,1,6.206,2.72e-10,9.28e-7,Metamonada,YLR032W,4932,RAD5
COG0553,21,1,6.206,2.72e-10,9.28e-7,Metamonada,YLR247C,4932,IRC20
COG0553,21,1,6.206,2.72e-10,9.28e-7,Metamonada,YOR191W,4932,ULS1
COG0553,21,1,6.206,2.72e-10,9.28e-7,Metamonada,YOR290C,4932,SNF2
COG0553,21,1,6.206,2.72e-10,9.28e-7,Metamonada,YOR304W,4932,ISW2
COG5078,21,1,6.205,2.73e-10,9.32e-7,Metamonada,YBR082C,4932,UBC4
COG5078,21,1,6.205,2.73e-10,9.32e-7,Metamonada,YDL064W,4932,UBC9
COG5078,21,1,6.205,2.73e-10,9.32e-7,Metamonada,YDR054C,4932,CDC34
COG5078,21,1,6.205,2.73e-10,9.32e-7,Metamonada,YDR059C,4932,UBC5
COG5078,21,1,6.205,2.73e-10,9.32e-7,Metamonada,YDR092W,4932,UBC13
COG5078,21,1,6.205,2.73e-10,9.32e-7,Metamonada,YDR177W,4932,UBC1
COG5078,21,1,6.205,2.73e-10,9.32e-7,Metamonada,YGL058W,4932,RAD6
COG5078,21,1,6.205,2.73e-10,9.32e-7,Metamonada,YGR133W,4932,PEX4
COG5078,21,1,6.205,2.73e-10,9.32e-7,Metamonada,YOR339C,4932,UBC11
COG4284,21,1,6.203,2.76e-10,9.44e-7,Metamonada,YDL103C,4932,QRI1
COG4284,21,1,6.203,2.76e-10,9.44e-7,Metamonada,YHL012W,4932,YHL012W
COG4284,21,1,6.203,2.76e-10,9.44e-7,Metamonada,YKL035W,4932,UGP1
COG1727,21,0.9755,6.202,2.79e-10,9.54e-7,Metamonada,YNL301C,4932,RPL18B
COG1727,21,0.9755,6.202,2.79e-10,9.54e-7,Metamonada,YOL120C,4932,RPL18A
KOG0610,21,0.8329,6.201,2.8e-10,9.55e-7,Metamonada,YCR091W,4932,KIN82
KOG0610,21,0.8329,6.201,2.8e-10,9.55e-7,Metamonada,YNR047W,4932,FPK1
COG0697,21,1,6.201,2.8e-10,9.57e-7,Metamonada,YDR438W,4932,THI74
COG0697,21,1,6.201,2.8e-10,9.57e-7,Metamonada,YML018C,4932,YML018C
COG0697,21,1,6.201,2.8e-10,9.57e-7,Metamonada,YML038C,4932,YMD8
COG0697,21,1,6.201,2.8e-10,9.57e-7,Metamonada,YMR253C,4932,YMR253C
COG0697,21,1,6.201,2.8e-10,9.57e-7,Metamonada,YPL244C,4932,HUT1
COG0697,21,1,6.201,2.8e-10,9.57e-7,Metamonada,YPL264C,4932,YPL264C
COG1224,21,1,6.201,2.81e-10,9.58e-7,Metamonada,YDR190C,4932,RVB1
COG1224,21,1,6.201,2.81e-10,9.58e-7,Metamonada,YPL235W,4932,RVB2
COG1643,21,1,6.201,2.81e-10,9.59e-7,Metamonada,YER013W,4932,PRP22
COG1643,21,1,6.201,2.81e-10,9.59e-7,Metamonada,YGL120C,4932,PRP43
COG1643,21,1,6.201,2.81e-10,9.59e-7,Metamonada,YKL078W,4932,DHR2
COG1643,21,1,6.201,2.81e-10,9.59e-7,Metamonada,YKR086W,4932,PRP16
COG1643,21,1,6.201,2.81e-10,9.59e-7,Metamonada,YLR419W,4932,YLR419W
COG1643,21,1,6.201,2.81e-10,9.59e-7,Metamonada,YMR128W,4932,ECM16
COG1643,21,1,6.201,2.81e-10,9.59e-7,Metamonada,YNR011C,4932,PRP2
COG1028,21,1,6.2,2.82e-10,9.64e-7,Metamonada,YDL114W,4932,YDL114W
COG1028,21,1,6.2,2.82e-10,9.64e-7,Metamonada,YIL124W,4932,AYR1
COG1028,21,1,6.2,2.82e-10,9.64e-7,Metamonada,YIR035C,4932,YIR035C
COG1028,21,1,6.2,2.82e-10,9.64e-7,Metamonada,YIR036C,4932,IRC24
COG1028,21,1,6.2,2.82e-10,9.64e-7,Metamonada,YKL055C,4932,OAR1
COG1028,21,1,6.2,2.82e-10,9.64e-7,Metamonada,YKL071W,4932,YKL071W
COG1028,21,1,6.2,2.82e-10,9.64e-7,Metamonada,YKL107W,4932,YKL107W
COG1028,21,1,6.2,2.82e-10,9.64e-7,Metamonada,YLR426W,4932,TDA5
COG1028,21,1,6.2,2.82e-10,9.64e-7,Metamonada,YMR226C,4932,YMR226C
COG1028,21,1,6.2,2.82e-10,9.64e-7,Metamonada,YNL181W,4932,PBR1
COG1028,21,1,6.2,2.82e-10,9.64e-7,Metamonada,YNL202W,4932,SPS19
COG1028,21,1,6.2,2.82e-10,9.64e-7,Metamonada,YOR246C,4932,ENV9
COG1287,21,0.9964,6.2,2.83e-10,9.65e-7,Metamonada,YGL022W,4932,STT3
COG0430,21,0.9823,6.199,2.84e-10,9.7e-7,Metamonada,YOL010W,4932,RCL1
COG1100,21,1,6.197,2.88e-10,9.84e-7,Metamonada,YAL048C,4932,GEM1
COG1100,21,1,6.197,2.88e-10,9.84e-7,Metamonada,YBR164C,4932,ARL1
COG1100,21,1,6.197,2.88e-10,9.84e-7,Metamonada,YCR027C,4932,RHB1
COG1100,21,1,6.197,2.88e-10,9.84e-7,Metamonada,YDL137W,4932,ARF2
COG1100,21,1,6.197,2.88e-10,9.84e-7,Metamonada,YDL192W,4932,ARF1
COG1100,21,1,6.197,2.88e-10,9.84e-7,Metamonada,YER031C,4932,YPT31
COG1100,21,1,6.197,2.88e-10,9.84e-7,Metamonada,YGL210W,4932,YPT32
COG1100,21,1,6.197,2.88e-10,9.84e-7,Metamonada,YGR152C,4932,RSR1
COG1100,21,1,6.197,2.88e-10,9.84e-7,Metamonada,YIL118W,4932,RHO3
COG1100,21,1,6.197,2.88e-10,9.84e-7,Metamonada,YKR055W,4932,RHO4
COG1100,21,1,6.197,2.88e-10,9.84e-7,Metamonada,YLR229C,4932,CDC42
COG1100,21,1,6.197,2.88e-10,9.84e-7,Metamonada,YML064C,4932,TEM1
COG1100,21,1,6.197,2.88e-10,9.84e-7,Metamonada,YNL090W,4932,RHO2
COG1100,21,1,6.197,2.88e-10,9.84e-7,Metamonada,YNL098C,4932,RAS2
COG1100,21,1,6.197,2.88e-10,9.84e-7,Metamonada,YNL180C,4932,RHO5
COG1100,21,1,6.197,2.88e-10,9.84e-7,Metamonada,YNL304W,4932,YPT11
COG1100,21,1,6.197,2.88e-10,9.84e-7,Metamonada,YOR094W,4932,ARF3
COG1100,21,1,6.197,2.88e-10,9.84e-7,Metamonada,YOR101W,4932,RAS1
COG1100,21,1,6.197,2.88e-10,9.84e-7,Metamonada,YOR262W,4932,GPN2
COG1100,21,1,6.197,2.88e-10,9.84e-7,Metamonada,YPR165W,4932,RHO1
COG0525,21,0.9991,6.197,2.89e-10,9.85e-7,Metamonada,YGR094W,4932,VAS1
COG1310,21,1,6.194,2.93e-10,1e-6,Metamonada,YDL216C,4932,RRI1
COG1310,21,1,6.194,2.93e-10,1e-6,Metamonada,YFR004W,4932,RPN11
COG1310,21,1,6.194,2.93e-10,1e-6,Metamonada,YOR261C,4932,RPN8
COG0364,21,0.9537,6.194,2.94e-10,1e-6,Metamonada,YNL241C,4932,ZWF1
COG0081,21,0.9985,6.193,2.94e-10,1.01e-6,Metamonada,YDR116C,4932,MRPL1
COG0081,21,0.9985,6.193,2.94e-10,1.01e-6,Metamonada,YGL135W,4932,RPL1B
COG0081,21,0.9985,6.193,2.94e-10,1.01e-6,Metamonada,YPL220W,4932,RPL1A
COG2051,21,0.9382,6.193,2.95e-10,1.01e-6,Metamonada,YHR021C,4932,RPS27B
COG2051,21,0.9382,6.193,2.95e-10,1.01e-6,Metamonada,YKL156W,4932,RPS27A
KOG0659,21,0.9965,6.193,2.95e-10,1.01e-6,Metamonada,YDL108W,4932,KIN28
KOG0645,21,0.9958,6.19,3e-10,1.02e-6,Metamonada,YDR267C,4932,CIA1
COG3407,21,0.9026,6.189,3.03e-10,1.03e-6,Metamonada,YNR043W,4932,MVD1
COG0420,21,0.9955,6.188,3.04e-10,1.04e-6,Metamonada,YMR224C,4932,MRE11
KOG0440,21,0.9791,6.188,3.05e-10,1.04e-6,Metamonada,YFL034C-B,4932,MOB2
KOG0440,21,0.9791,6.188,3.05e-10,1.04e-6,Metamonada,YIL106W,4932,MOB1
KOG0307,21,0.9762,6.187,3.06e-10,1.05e-6,Metamonada,YDL195W,4932,SEC31
COG5163,21,0.9958,6.187,3.06e-10,1.05e-6,Metamonada,YGR103W,4932,NOP7
COG0708,21,0.9907,6.187,3.07e-10,1.05e-6,Metamonada,YBL019W,4932,APN2
KOG1009,21,0.9563,6.187,3.08e-10,1.05e-6,Metamonada,YML102W,4932,CAC2
COG1717,21,0.9878,6.186,3.08e-10,1.05e-6,Metamonada,YBL092W,4932,RPL32
KOG2171,21,0.9997,6.185,3.11e-10,1.06e-6,Metamonada,YER110C,4932,KAP123
KOG2171,21,0.9997,6.185,3.11e-10,1.06e-6,Metamonada,YMR308C,4932,PSE1
KOG0294,21,0.9255,6.183,3.14e-10,1.07e-6,Metamonada,YKL021C,4932,MAK11
KOG2340,21,0.9984,6.183,3.14e-10,1.07e-6,Metamonada,YIL091C,4932,UTP25
COG0325,21,0.9884,6.183,3.15e-10,1.08e-6,Metamonada,YBL036C,4932,YBL036C
KOG0575,21,0.9083,6.182,3.16e-10,1.08e-6,Metamonada,YMR001C,4932,CDC5
KOG0270,21,0.9959,6.182,3.17e-10,1.08e-6,Metamonada,YLR196W,4932,PWP1
COG5083,21,0.9629,6.181,3.18e-10,1.09e-6,Metamonada,YMR165C,4932,PAH1
COG1739,21,0.919,6.181,3.19e-10,1.09e-6,Metamonada,YCR059C,4932,YIH1
COG1739,21,0.919,6.181,3.19e-10,1.09e-6,Metamonada,YDL177C,4932,YDL177C
COG0442,21,1,6.181,3.19e-10,1.09e-6,Metamonada,YER087W,4932,AIM10
COG0442,21,1,6.181,3.19e-10,1.09e-6,Metamonada,YHR020W,4932,YHR020W
COG0480,21,1,6.18,3.19e-10,1.09e-6,Metamonada,YDR385W,4932,EFT2
COG0480,21,1,6.18,3.19e-10,1.09e-6,Metamonada,YJL102W,4932,MEF2
COG0480,21,1,6.18,3.19e-10,1.09e-6,Metamonada,YKL173W,4932,SNU114
COG0480,21,1,6.18,3.19e-10,1.09e-6,Metamonada,YLR069C,4932,MEF1
COG0480,21,1,6.18,3.19e-10,1.09e-6,Metamonada,YNL163C,4932,RIA1
COG0480,21,1,6.18,3.19e-10,1.09e-6,Metamonada,YOR133W,4932,EFT1
COG0102,21,0.9927,6.18,3.21e-10,1.1e-6,Metamonada,YIL133C,4932,RPL16A
COG0102,21,0.9927,6.18,3.21e-10,1.1e-6,Metamonada,YNL069C,4932,RPL16B
COG0102,21,0.9927,6.18,3.21e-10,1.1e-6,Metamonada,YOR150W,4932,MRPL23
COG5638,21,0.9938,6.179,3.23e-10,1.1e-6,Metamonada,YDR365C,4932,ESF1
COG5096,21,1,6.178,3.24e-10,1.11e-6,Metamonada,YDR238C,4932,SEC26
COG5096,21,1,6.178,3.24e-10,1.11e-6,Metamonada,YGR261C,4932,APL6
COG5096,21,1,6.178,3.24e-10,1.11e-6,Metamonada,YJR005W,4932,APL1
COG5096,21,1,6.178,3.24e-10,1.11e-6,Metamonada,YKL135C,4932,APL2
COG0021,21,0.9973,6.177,3.26e-10,1.11e-6,Metamonada,YBR117C,4932,TKL2
COG0021,21,0.9973,6.177,3.26e-10,1.11e-6,Metamonada,YPR074C,4932,TKL1
KOG3152,21,0.9781,6.177,3.27e-10,1.12e-6,Metamonada,YNR054C,4932,ESF2
COG2520,21,0.9856,6.176,3.28e-10,1.12e-6,Metamonada,YHR070W,4932,TRM5
COG2520,21,0.9856,6.176,3.28e-10,1.12e-6,Metamonada,YML005W,4932,TRM12
COG0564,21,0.9991,6.175,3.3e-10,1.13e-6,Metamonada,YDL036C,4932,PUS9
COG0564,21,0.9991,6.175,3.3e-10,1.13e-6,Metamonada,YGR169C,4932,PUS6
COG0564,21,0.9991,6.175,3.3e-10,1.13e-6,Metamonada,YLR165C,4932,PUS5
COG0564,21,0.9991,6.175,3.3e-10,1.13e-6,Metamonada,YOL066C,4932,RIB2
COG5021,21,1,6.175,3.32e-10,1.13e-6,Metamonada,YDR457W,4932,TOM1
COG5021,21,1,6.175,3.32e-10,1.13e-6,Metamonada,YER125W,4932,RSP5
COG5021,21,1,6.175,3.32e-10,1.13e-6,Metamonada,YGL141W,4932,HUL5
COG5021,21,1,6.175,3.32e-10,1.13e-6,Metamonada,YJR036C,4932,HUL4
COG5021,21,1,6.175,3.32e-10,1.13e-6,Metamonada,YKL010C,4932,UFD4
KOG2177,21,0.9574,6.174,3.32e-10,1.13e-6,Metamonada,YOL054W,4932,PSH1
COG0389,21,0.9792,6.17,3.42e-10,1.17e-6,Metamonada,YDR419W,4932,RAD30
COG0389,21,0.9792,6.17,3.42e-10,1.17e-6,Metamonada,YOR346W,4932,REV1
KOG0077,21,0.9924,6.169,3.43e-10,1.17e-6,Metamonada,YPL218W,4932,SAR1
COG0575,21,0.9992,6.169,3.45e-10,1.18e-6,Metamonada,YBR029C,4932,CDS1
COG2319,21,1,6.168,3.46e-10,1.18e-6,Metamonada,YBR103W,4932,SIF2
COG2319,21,1,6.168,3.46e-10,1.18e-6,Metamonada,YBR198C,4932,TAF5
COG2319,21,1,6.168,3.46e-10,1.18e-6,Metamonada,YDR128W,4932,MTC5
COG2319,21,1,6.168,3.46e-10,1.18e-6,Metamonada,YGL003C,4932,CDH1
COG2319,21,1,6.168,3.46e-10,1.18e-6,Metamonada,YGL116W,4932,CDC20
COG2319,21,1,6.168,3.46e-10,1.18e-6,Metamonada,YGR225W,4932,AMA1
COG2319,21,1,6.168,3.46e-10,1.18e-6,Metamonada,YNL182C,4932,IPI3
COG2319,21,1,6.168,3.46e-10,1.18e-6,Metamonada,YNL317W,4932,PFS2
COG0664,21,0.9498,6.168,3.47e-10,1.18e-6,Metamonada,YIL033C,4932,BCY1
COG0664,21,0.9498,6.168,3.47e-10,1.18e-6,Metamonada,YML059C,4932,NTE1
COG0252,21,0.8242,6.167,3.47e-10,1.19e-6,Metamonada,YDR321W,4932,ASP1
COG0252,21,0.8242,6.167,3.47e-10,1.19e-6,Metamonada,YHR139C,4932,SPS100
COG0252,21,0.8242,6.167,3.47e-10,1.19e-6,Metamonada,YLR155C,4932,ASP3-1
COG0252,21,0.8242,6.167,3.47e-10,1.19e-6,Metamonada,YLR157C,4932,ASP3-2
COG0252,21,0.8242,6.167,3.47e-10,1.19e-6,Metamonada,YLR158C,4932,ASP3-3
COG0252,21,0.8242,6.167,3.47e-10,1.19e-6,Metamonada,YLR160C,4932,ASP3-4
COG0252,21,0.8242,6.167,3.47e-10,1.19e-6,Metamonada,YNL160W,4932,YGP1
COG5226,21,0.9754,6.167,3.48e-10,1.19e-6,Metamonada,YGL130W,4932,CEG1
COG1374,21,0.9863,6.166,3.49e-10,1.19e-6,Metamonada,YPL211W,4932,NIP7
KOG0302,21,0.9952,6.166,3.5e-10,1.2e-6,Metamonada,YMR131C,4932,RRB1
COG5593,21,0.9828,6.163,3.58e-10,1.22e-6,Metamonada,YDR060W,4932,MAK21
COG5122,21,0.9607,6.162,3.6e-10,1.23e-6,Metamonada,YDR246W,4932,TRS23
COG1467,21,0.9858,6.162,3.6e-10,1.23e-6,Metamonada,YIR008C,4932,PRI1
COG0526,21,1,6.161,3.6e-10,1.23e-6,Metamonada,YCL043C,4932,PDI1
COG0526,21,1,6.161,3.6e-10,1.23e-6,Metamonada,YCR083W,4932,TRX3
COG0526,21,1,6.161,3.6e-10,1.23e-6,Metamonada,YDR183W,4932,PLP1
COG0526,21,1,6.161,3.6e-10,1.23e-6,Metamonada,YDR518W,4932,EUG1
COG0526,21,1,6.161,3.6e-10,1.23e-6,Metamonada,YGR209C,4932,TRX2
COG0526,21,1,6.161,3.6e-10,1.23e-6,Metamonada,YIL005W,4932,EPS1
COG0526,21,1,6.161,3.6e-10,1.23e-6,Metamonada,YLR043C,4932,TRX1
COG0526,21,1,6.161,3.6e-10,1.23e-6,Metamonada,YOL088C,4932,MPD2
COG0526,21,1,6.161,3.6e-10,1.23e-6,Metamonada,YOR288C,4932,MPD1
COG1196,21,1,6.161,3.62e-10,1.24e-6,Metamonada,YFL008W,4932,SMC1
COG1196,21,1,6.161,3.62e-10,1.24e-6,Metamonada,YFR031C,4932,SMC2
COG1196,21,1,6.161,3.62e-10,1.24e-6,Metamonada,YJL074C,4932,SMC3
COG1196,21,1,6.161,3.62e-10,1.24e-6,Metamonada,YLR086W,4932,SMC4
COG1196,21,1,6.161,3.62e-10,1.24e-6,Metamonada,YLR383W,4932,SMC6
COG1196,21,1,6.161,3.62e-10,1.24e-6,Metamonada,YOL034W,4932,SMC5
COG5347,21,1,6.16,3.63e-10,1.24e-6,Metamonada,YDL226C,4932,GCS1
COG5347,21,1,6.16,3.63e-10,1.24e-6,Metamonada,YDR524C,4932,AGE1
COG5347,21,1,6.16,3.63e-10,1.24e-6,Metamonada,YER122C,4932,GLO3
COG5347,21,1,6.16,3.63e-10,1.24e-6,Metamonada,YGL181W,4932,GTS1
COG5347,21,1,6.16,3.63e-10,1.24e-6,Metamonada,YIL044C,4932,AGE2
COG5347,21,1,6.16,3.63e-10,1.24e-6,Metamonada,YNL204C,4932,SPS18
COG0018,21,0.9995,6.16,3.63e-10,1.24e-6,Metamonada,YDR341C,4932,YDR341C
COG0018,21,0.9995,6.16,3.63e-10,1.24e-6,Metamonada,YHR091C,4932,MSR1
COG0278,21,0.9675,6.16,3.64e-10,1.24e-6,Metamonada,YDR098C,4932,GRX3
COG0278,21,0.9675,6.16,3.64e-10,1.24e-6,Metamonada,YER174C,4932,GRX4
COG0278,21,0.9675,6.16,3.64e-10,1.24e-6,Metamonada,YPL059W,4932,GRX5
COG0478,21,0.9876,6.158,3.67e-10,1.25e-6,Metamonada,YNL207W,4932,RIO2
COG5057,21,0.9985,6.158,3.68e-10,1.25e-6,Metamonada,YIL153W,4932,RRD1
COG5057,21,0.9985,6.158,3.68e-10,1.25e-6,Metamonada,YPL152W,4932,RRD2
KOG2918,21,0.9578,6.158,3.69e-10,1.26e-6,Metamonada,YDR435C,4932,PPM1
KOG2918,21,0.9578,6.158,3.69e-10,1.26e-6,Metamonada,YOL141W,4932,PPM2
COG1184,21,0.9925,6.158,3.69e-10,1.26e-6,Metamonada,YGR083C,4932,GCD2
COG1184,21,0.9925,6.158,3.69e-10,1.26e-6,Metamonada,YKR026C,4932,GCN3
COG1184,21,0.9925,6.158,3.69e-10,1.26e-6,Metamonada,YLR291C,4932,GCD7
COG2042,21,0.9852,6.158,3.69e-10,1.26e-6,Metamonada,YOR006C,4932,TSR3
COG5192,21,0.9845,6.157,3.7e-10,1.26e-6,Metamonada,YPL217C,4932,BMS1
COG1761,21,0.968,6.155,3.76e-10,1.28e-6,Metamonada,YNL113W,4932,RPC19
COG1761,21,0.968,6.155,3.76e-10,1.28e-6,Metamonada,YOL005C,4932,RPB11
KOG2056,21,0.9883,6.154,3.78e-10,1.29e-6,Metamonada,YDL161W,4932,ENT1
KOG2056,21,0.9883,6.154,3.78e-10,1.29e-6,Metamonada,YDR153C,4932,ENT5
KOG2056,21,0.9883,6.154,3.78e-10,1.29e-6,Metamonada,YJR125C,4932,ENT3
KOG2056,21,0.9883,6.154,3.78e-10,1.29e-6,Metamonada,YLL038C,4932,ENT4
KOG2056,21,0.9883,6.154,3.78e-10,1.29e-6,Metamonada,YLR206W,4932,ENT2
COG2123,21,0.9985,6.154,3.79e-10,1.29e-6,Metamonada,YCR035C,4932,RRP43
COG2123,21,0.9985,6.154,3.79e-10,1.29e-6,Metamonada,YDL111C,4932,RRP42
COG2123,21,0.9985,6.154,3.79e-10,1.29e-6,Metamonada,YDR280W,4932,RRP45
KOG0344,21,0.983,6.153,3.79e-10,1.3e-6,Metamonada,YGL171W,4932,ROK1
KOG4046,21,0.9021,6.151,3.84e-10,1.31e-6,Metamonada,YBR257W,4932,POP4
COG0503,21,0.8812,6.151,3.84e-10,1.31e-6,Metamonada,YDR441C,4932,APT2
COG0503,21,0.8812,6.151,3.84e-10,1.31e-6,Metamonada,YML022W,4932,APT1
COG5091,21,0.9353,6.15,3.87e-10,1.32e-6,Metamonada,YOR057W,4932,SGT1
KOG2858,21,0.952,6.15,3.88e-10,1.33e-6,Metamonada,YHR040W,4932,BCD1
COG2092,21,0.8362,6.149,3.9e-10,1.33e-6,Metamonada,YAL003W,4932,EFB1
COG0470,21,1,6.148,3.92e-10,1.34e-6,Metamonada,YBR087W,4932,RFC5
COG0470,21,1,6.148,3.92e-10,1.34e-6,Metamonada,YER173W,4932,RAD24
COG0470,21,1,6.148,3.92e-10,1.34e-6,Metamonada,YJR068W,4932,RFC2
COG0470,21,1,6.148,3.92e-10,1.34e-6,Metamonada,YNL290W,4932,RFC3
COG0470,21,1,6.148,3.92e-10,1.34e-6,Metamonada,YOL094C,4932,RFC4
COG1094,21,1,6.147,3.95e-10,1.35e-6,Metamonada,YCL059C,4932,KRR1
COG1094,21,1,6.147,3.95e-10,1.35e-6,Metamonada,YOR145C,4932,PNO1
COG0052,21,0.9988,6.147,3.96e-10,1.35e-6,Metamonada,YGR214W,4932,RPS0A
COG0052,21,0.9988,6.147,3.96e-10,1.35e-6,Metamonada,YHL004W,4932,MRP4
COG0052,21,0.9988,6.147,3.96e-10,1.35e-6,Metamonada,YLR048W,4932,RPS0B
COG5175,21,0.9455,6.146,3.96e-10,1.35e-6,Metamonada,YER068W,4932,MOT2
COG5308,21,0.9296,6.146,3.97e-10,1.35e-6,Metamonada,YBL079W,4932,NUP170
COG5308,21,0.9296,6.146,3.97e-10,1.35e-6,Metamonada,YER105C,4932,NUP157
COG0552,21,0.9986,6.146,3.98e-10,1.36e-6,Metamonada,YDR292C,4932,SRP101
COG1527,21,0.9662,6.146,3.98e-10,1.36e-6,Metamonada,YLR447C,4932,VMA6
COG1012,21,0.9678,6.144,4.01e-10,1.37e-6,Metamonada,YBR006W,4932,UGA2
COG1012,21,0.9678,6.144,4.01e-10,1.37e-6,Metamonada,YER073W,4932,ALD5
COG1012,21,0.9678,6.144,4.01e-10,1.37e-6,Metamonada,YHR037W,4932,PUT2
COG1012,21,0.9678,6.144,4.01e-10,1.37e-6,Metamonada,YHR039C,4932,MSC7
COG1012,21,0.9678,6.144,4.01e-10,1.37e-6,Metamonada,YMR110C,4932,HFD1
COG1012,21,0.9678,6.144,4.01e-10,1.37e-6,Metamonada,YMR169C,4932,ALD3
COG1012,21,0.9678,6.144,4.01e-10,1.37e-6,Metamonada,YMR170C,4932,ALD2
COG1012,21,0.9678,6.144,4.01e-10,1.37e-6,Metamonada,YOR374W,4932,ALD4
COG1012,21,0.9678,6.144,4.01e-10,1.37e-6,Metamonada,YPL061W,4932,ALD6
COG1155,21,0.9911,6.143,4.04e-10,1.38e-6,Metamonada,YDL185W,4932,VMA1
COG0316,21,0.9671,6.143,4.05e-10,1.38e-6,Metamonada,YLL027W,4932,ISA1
COG0316,21,0.9671,6.143,4.05e-10,1.38e-6,Metamonada,YPR067W,4932,ISA2
KOG3114,21,0.9476,6.143,4.05e-10,1.38e-6,Metamonada,YGL161C,4932,YIP5
COG0504,21,0.9604,6.142,4.06e-10,1.39e-6,Metamonada,YBL039C,4932,URA7
COG0504,21,0.9604,6.142,4.06e-10,1.39e-6,Metamonada,YJR103W,4932,URA8
COG1443,21,0.888,6.14,4.11e-10,1.4e-6,Metamonada,YPL117C,4932,IDI1
COG1222,21,0.9927,6.14,4.12e-10,1.41e-6,Metamonada,YDR394W,4932,RPT3
COG1222,21,0.9927,6.14,4.12e-10,1.41e-6,Metamonada,YOR117W,4932,RPT5
COG1222,21,0.9927,6.14,4.12e-10,1.41e-6,Metamonada,YOR259C,4932,RPT4
KOG1744,21,0.9965,6.14,4.13e-10,1.41e-6,Metamonada,YBL002W,4932,HTB2
KOG1744,21,0.9965,6.14,4.13e-10,1.41e-6,Metamonada,YDR224C,4932,HTB1
KOG3911,21,0.9532,6.138,4.17e-10,1.42e-6,Metamonada,YDR087C,4932,RRP1
COG1073,21,1,6.138,4.17e-10,1.42e-6,Metamonada,YDL057W,4932,YDL057W
COG1073,21,1,6.138,4.17e-10,1.42e-6,Metamonada,YNL320W,4932,YNL320W
COG0419,21,0.9495,6.137,4.19e-10,1.43e-6,Metamonada,YNL250W,4932,RAD50
KOG3754,21,0.8645,6.137,4.19e-10,1.43e-6,Metamonada,YJL101C,4932,GSH1
COG0162,21,1,6.136,4.23e-10,1.44e-6,Metamonada,YGR185C,4932,TYS1
COG0162,21,1,6.136,4.23e-10,1.44e-6,Metamonada,YPL097W,4932,MSY1
KOG0315,21,0.9611,6.136,4.24e-10,1.45e-6,Metamonada,YNL006W,4932,LST8
COG0086,21,1,6.135,4.25e-10,1.45e-6,Metamonada,YDL140C,4932,RPO21
COG0086,21,1,6.135,4.25e-10,1.45e-6,Metamonada,YOR116C,4932,RPO31
COG0086,21,1,6.135,4.25e-10,1.45e-6,Metamonada,YOR341W,4932,RPA190
COG2519,21,0.9857,6.135,4.26e-10,1.45e-6,Metamonada,YJL125C,4932,GCD14
COG5170,21,0.9565,6.132,4.33e-10,1.48e-6,Metamonada,YGL190C,4932,CDC55
COG1436,21,0.9778,6.132,4.35e-10,1.49e-6,Metamonada,YGR020C,4932,VMA7
COG0105,21,0.9922,6.13,4.4e-10,1.5e-6,Metamonada,YKL067W,4932,YNK1
COG0097,21,0.9997,6.13,4.4e-10,1.5e-6,Metamonada,YGL147C,4932,RPL9A
COG0097,21,0.9997,6.13,4.4e-10,1.5e-6,Metamonada,YHR147C,4932,MRPL6
COG0097,21,0.9997,6.13,4.4e-10,1.5e-6,Metamonada,YNL067W,4932,RPL9B
KOG0332,21,0.9454,6.129,4.41e-10,1.51e-6,Metamonada,YOR046C,4932,DBP5
KOG0268,21,0.997,6.128,4.44e-10,1.52e-6,Metamonada,YLL011W,4932,SOF1
COG0072,21,0.9994,6.127,4.49e-10,1.53e-6,Metamonada,YLR060W,4932,FRS1
COG1057,21,0.9844,6.123,4.58e-10,1.57e-6,Metamonada,YGR010W,4932,NMA2
COG1057,21,0.9844,6.123,4.58e-10,1.57e-6,Metamonada,YLR328W,4932,NMA1
COG0300,21,0.9938,6.121,4.65e-10,1.59e-6,Metamonada,YBR159W,4932,IFA38
COG4286,21,0.9932,6.121,4.65e-10,1.59e-6,Metamonada,YER156C,4932,YER156C
KOG3205,21,0.7963,6.119,4.71e-10,1.61e-6,Metamonada,YDL135C,4932,RDI1
KOG1868,21,0.8917,6.118,4.73e-10,1.61e-6,Metamonada,YDR069C,4932,DOA4
KOG1868,21,0.8917,6.118,4.73e-10,1.61e-6,Metamonada,YER144C,4932,UBP5
KOG1868,21,0.8917,6.118,4.73e-10,1.61e-6,Metamonada,YIL156W,4932,UBP7
KOG1868,21,0.8917,6.118,4.73e-10,1.61e-6,Metamonada,YKR098C,4932,UBP11
COG0469,21,1,6.118,4.74e-10,1.62e-6,Metamonada,YAL038W,4932,CDC19
COG0469,21,1,6.118,4.74e-10,1.62e-6,Metamonada,YOR347C,4932,PYK2
COG5030,21,1,6.116,4.79e-10,1.64e-6,Metamonada,YJL024C,4932,APS3
COG5030,21,1,6.116,4.79e-10,1.64e-6,Metamonada,YJR058C,4932,APS2
COG5030,21,1,6.116,4.79e-10,1.64e-6,Metamonada,YLR170C,4932,APS1
COG2075,21,0.9991,6.111,4.96e-10,1.69e-6,Metamonada,YGL031C,4932,RPL24A
COG2075,21,0.9991,6.111,4.96e-10,1.69e-6,Metamonada,YGR148C,4932,RPL24B
COG2075,21,0.9991,6.111,4.96e-10,1.69e-6,Metamonada,YLR009W,4932,RLP24
COG5044,21,1,6.11,4.98e-10,1.7e-6,Metamonada,YER136W,4932,GDI1
COG5044,21,1,6.11,4.98e-10,1.7e-6,Metamonada,YOR370C,4932,MRS6
KOG3893,21,0.8792,6.109,5.01e-10,1.71e-6,Metamonada,YJR013W,4932,GPI14
COG0201,21,0.9995,6.107,5.06e-10,1.73e-6,Metamonada,YBR283C,4932,SSH1
COG0201,21,0.9995,6.107,5.06e-10,1.73e-6,Metamonada,YLR378C,4932,SEC61
COG0631,21,1,6.107,5.07e-10,1.73e-6,Metamonada,YBL056W,4932,PTC3
COG0631,21,1,6.107,5.07e-10,1.73e-6,Metamonada,YBR125C,4932,PTC4
COG0631,21,1,6.107,5.07e-10,1.73e-6,Metamonada,YCR079W,4932,PTC6
COG0631,21,1,6.107,5.07e-10,1.73e-6,Metamonada,YDL006W,4932,PTC1
COG0631,21,1,6.107,5.07e-10,1.73e-6,Metamonada,YER089C,4932,PTC2
COG0631,21,1,6.107,5.07e-10,1.73e-6,Metamonada,YHR076W,4932,PTC7
COG0631,21,1,6.107,5.07e-10,1.73e-6,Metamonada,YOR090C,4932,PTC5
KOG0131,21,0.9922,6.106,5.11e-10,1.74e-6,Metamonada,YOR319W,4932,HSH49
COG2260,21,0.802,6.106,5.11e-10,1.75e-6,Metamonada,YHR072W-A,4932,NOP10
COG0550,21,0.9908,6.105,5.13e-10,1.75e-6,Metamonada,YLR234W,4932,TOP3
COG5228,21,0.9005,6.105,5.13e-10,1.75e-6,Metamonada,YNR052C,4932,POP2
KOG0210,21,0.8679,6.105,5.15e-10,1.76e-6,Metamonada,YIL048W,4932,NEO1
COG5112,21,0.8936,6.104,5.17e-10,1.76e-6,Metamonada,YLR074C,4932,BUD20
KOG0274,21,0.9112,6.102,5.2400000000000005e-10,1.79e-6,Metamonada,YER066W,4932,RRT13
KOG0274,21,0.9112,6.102,5.2400000000000005e-10,1.79e-6,Metamonada,YFL009W,4932,CDC4
KOG0274,21,0.9112,6.102,5.2400000000000005e-10,1.79e-6,Metamonada,YIL046W,4932,MET30
KOG0274,21,0.9112,6.102,5.2400000000000005e-10,1.79e-6,Metamonada,YML088W,4932,UFO1
KOG0660,21,1,6.1,5.31e-10,1.81e-6,Metamonada,YBL016W,4932,FUS3
KOG0660,21,1,6.1,5.31e-10,1.81e-6,Metamonada,YGR040W,4932,KSS1
KOG0660,21,1,6.1,5.31e-10,1.81e-6,Metamonada,YHR030C,4932,SLT2
KOG0660,21,1,6.1,5.31e-10,1.81e-6,Metamonada,YKL161C,4932,KDX1
KOG0660,21,1,6.1,5.31e-10,1.81e-6,Metamonada,YLR113W,4932,HOG1
KOG0660,21,1,6.1,5.31e-10,1.81e-6,Metamonada,YPR054W,4932,SMK1
COG0220,21,0.9965,6.1,5.31e-10,1.81e-6,Metamonada,YDL201W,4932,TRM8
KOG2111,21,0.8815,6.099,5.35e-10,1.83e-6,Metamonada,YGR223C,4932,HSV2
COG0060,21,1,6.098,5.36e-10,1.83e-6,Metamonada,YBL076C,4932,ILS1
COG0060,21,1,6.098,5.36e-10,1.83e-6,Metamonada,YPL040C,4932,ISM1
KOG0616,21,0.8435,6.091,5.59e-10,1.91e-6,Metamonada,YJL164C,4932,TPK1
KOG0616,21,0.8435,6.091,5.59e-10,1.91e-6,Metamonada,YKL166C,4932,TPK3
KOG0616,21,0.8435,6.091,5.59e-10,1.91e-6,Metamonada,YPL203W,4932,TPK2
KOG3207,21,0.8695,6.089,5.67e-10,1.94e-6,Metamonada,YER007W,4932,PAC2
COG1936,21,0.9906,6.089,5.68e-10,1.94e-6,Metamonada,YDL166C,4932,FAP7
KOG2963,21,0.9624,6.088,5.71e-10,1.95e-6,Metamonada,YDR312W,4932,SSF2
KOG2963,21,0.9624,6.088,5.71e-10,1.95e-6,Metamonada,YHR066W,4932,SSF1
COG5027,21,0.9987,6.087,5.76e-10,1.96e-6,Metamonada,YBL052C,4932,SAS3
COG5027,21,0.9987,6.087,5.76e-10,1.96e-6,Metamonada,YMR127C,4932,SAS2
COG5027,21,0.9987,6.087,5.76e-10,1.96e-6,Metamonada,YOR244W,4932,ESA1
COG0814,21,0.9925,6.085,5.84e-10,1.99e-6,Metamonada,YBL089W,4932,AVT5
COG0814,21,0.9925,6.085,5.84e-10,1.99e-6,Metamonada,YEL064C,4932,AVT2
COG0814,21,0.9925,6.085,5.84e-10,1.99e-6,Metamonada,YER119C,4932,AVT6
COG0814,21,0.9925,6.085,5.84e-10,1.99e-6,Metamonada,YIL088C,4932,AVT7
COG0814,21,0.9925,6.085,5.84e-10,1.99e-6,Metamonada,YJR001W,4932,AVT1
COG0814,21,0.9925,6.085,5.84e-10,1.99e-6,Metamonada,YKL146W,4932,AVT3
COG0814,21,0.9925,6.085,5.84e-10,1.99e-6,Metamonada,YNL101W,4932,AVT4
KOG0264,21,0.9905,6.082,5.94e-10,2.03e-6,Metamonada,YBR195C,4932,MSI1
KOG0264,21,0.9905,6.082,5.94e-10,2.03e-6,Metamonada,YEL056W,4932,HAT2
COG0039,21,1,6.08,6.02e-10,2.06e-6,Metamonada,YDL078C,4932,MDH3
COG0039,21,1,6.08,6.02e-10,2.06e-6,Metamonada,YKL085W,4932,MDH1
COG0039,21,1,6.08,6.02e-10,2.06e-6,Metamonada,YOL126C,4932,MDH2
COG4088,21,0.9231,6.078,6.08e-10,2.08e-6,Metamonada,YKL110C,4932,KTI12
COG1899,21,0.9949,6.078,6.1e-10,2.08e-6,Metamonada,YHR068W,4932,DYS1
COG0061,21,0.9739,6.076,6.15e-10,2.1e-6,Metamonada,YEL041W,4932,YEF1
COG0061,21,0.9739,6.076,6.15e-10,2.1e-6,Metamonada,YJR049C,4932,UTR1
COG0061,21,0.9739,6.076,6.15e-10,2.1e-6,Metamonada,YPL188W,4932,POS5
KOG0580,21,0.9919,6.076,6.18e-10,2.11e-6,Metamonada,YPL209C,4932,IPL1
COG0098,21,0.9927,6.075,6.22e-10,2.12e-6,Metamonada,YBR251W,4932,MRPS5
COG0098,21,0.9927,6.075,6.22e-10,2.12e-6,Metamonada,YGL123W,4932,RPS2
KOG1057,21,0.8825,6.074,6.23e-10,2.13e-6,Metamonada,YLR410W,4932,VIP1
COG0058,21,0.7926,6.073,6.29e-10,2.15e-6,Metamonada,YPR160W,4932,GPH1
KOG1036,21,0.8751,6.063,6.69e-10,2.28e-6,Metamonada,YOR026W,4932,BUB3
COG0369,21,0.9683,6.063,6.69e-10,2.28e-6,Metamonada,YFR030W,4932,MET10
COG0369,21,0.9683,6.063,6.69e-10,2.28e-6,Metamonada,YHR042W,4932,NCP1
COG0369,21,0.9683,6.063,6.69e-10,2.28e-6,Metamonada,YPR048W,4932,TAH18
KOG2203,21,0.8761,6.062,6.73e-10,2.3e-6,Metamonada,YOR165W,4932,SEY1
COG2217,21,0.9538,6.062,6.74e-10,2.3e-6,Metamonada,YBR295W,4932,PCA1
COG2217,21,0.9538,6.062,6.74e-10,2.3e-6,Metamonada,YDR270W,4932,CCC2
COG5206,21,0.9042,6.06,6.82e-10,2.33e-6,Metamonada,YDR331W,4932,GPI8
COG1061,21,0.997,6.055,7.04e-10,2.4e-6,Metamonada,YDR332W,4932,IRC3
COG1061,21,0.997,6.055,7.04e-10,2.4e-6,Metamonada,YIL143C,4932,SSL2
COG0326,21,0.9911,6.053,7.1e-10,2.42e-6,Metamonada,YMR186W,4932,HSC82
COG0326,21,0.9911,6.053,7.1e-10,2.42e-6,Metamonada,YPL240C,4932,HSP82
COG1793,21,0.9864,6.049,7.3e-10,2.49e-6,Metamonada,YDL164C,4932,CDC9
COG1793,21,0.9864,6.049,7.3e-10,2.49e-6,Metamonada,YOR005C,4932,DNL4
COG1253,21,0.8477,6.048,7.32e-10,2.5e-6,Metamonada,YOL060C,4932,MAM3
COG0180,21,1,6.044,7.51e-10,2.56e-6,Metamonada,YDR268W,4932,MSW1
COG0180,21,1,6.044,7.51e-10,2.56e-6,Metamonada,YOL097C,4932,WRS1
COG5262,21,1,6.041,7.67e-10,2.62e-6,Metamonada,YBL003C,4932,HTA2
COG5262,21,1,6.041,7.67e-10,2.62e-6,Metamonada,YDR225W,4932,HTA1
COG5262,21,1,6.041,7.67e-10,2.62e-6,Metamonada,YOL012C,4932,HTZ1
COG0454,21,0.971,6.029,8.27e-10,2.82e-6,Metamonada,YDR071C,4932,PAA1
COG0454,21,0.971,6.029,8.27e-10,2.82e-6,Metamonada,YEL066W,4932,HPA3
COG0454,21,0.971,6.029,8.27e-10,2.82e-6,Metamonada,YFL017C,4932,GNA1
COG0454,21,0.971,6.029,8.27e-10,2.82e-6,Metamonada,YJL127C,4932,SPT10
COG0454,21,0.971,6.029,8.27e-10,2.82e-6,Metamonada,YPR193C,4932,HPA2
KOG1727,21,0.8421,6.028,8.3e-10,2.83e-6,Metamonada,YKL056C,4932,TMA19
KOG0094,21,0.9915,6.026,8.38e-10,2.86e-6,Metamonada,YLR262C,4932,YPT6
KOG0668,21,0.9991,6.025,8.48e-10,2.89e-6,Metamonada,YIL035C,4932,CKA1
KOG0668,21,0.9991,6.025,8.48e-10,2.89e-6,Metamonada,YOR061W,4932,CKA2
COG0016,21,1,6.023,8.55e-10,2.92e-6,Metamonada,YFL022C,4932,FRS2
COG0016,21,1,6.023,8.55e-10,2.92e-6,Metamonada,YPR047W,4932,MSF1
KOG2137,21,0.7566,6.022,8.6e-10,2.94e-6,Metamonada,YGL083W,4932,SCY1
COG1697,21,0.9322,6.021,8.65e-10,2.95e-6,Metamonada,YHL022C,4932,SPO11
COG0558,21,0.9988,6.02,8.73e-10,2.98e-6,Metamonada,YDL142C,4932,CRD1
COG0558,21,0.9988,6.02,8.73e-10,2.98e-6,Metamonada,YPR113W,4932,PIS1
COG0069,21,0.7795,6.016,8.94e-10,3.05e-6,Metamonada,YDL171C,4932,GLT1
KOG1940,21,0.877,6.007,9.48e-10,3.23e-6,Metamonada,YKL084W,4932,HOT13
KOG0201,21,0.9397,6.007,9.48e-10,3.24e-6,Metamonada,YDR523C,4932,SPS1
KOG0201,21,0.9397,6.007,9.48e-10,3.24e-6,Metamonada,YHR102W,4932,KIC1
KOG1167,21,0.7981,6.005,9.56e-10,3.26e-6,Metamonada,YDL017W,4932,CDC7
COG1260,21,0.8505,6,9.88e-10,3.37e-6,Metamonada,YJL153C,4932,INO1
COG1902,21,0.8076,5.997,1.01e-9,3.44e-6,Metamonada,YHR179W,4932,OYE2
COG1902,21,0.8076,5.997,1.01e-9,3.44e-6,Metamonada,YPL171C,4932,OYE3
KOG3770,21,0.8371,5.996,1.01e-9,3.46e-6,Metamonada,YDR452W,4932,PPN1
COG0295,21,0.8806,5.995,1.02e-9,3.47e-6,Metamonada,YLR245C,4932,CDD1
KOG1837,21,0.9879,5.995,1.02e-9,3.48e-6,Metamonada,YJL109C,4932,UTP10
KOG1820,21,0.9726,5.994,1.03e-9,3.5e-6,Metamonada,YLR045C,4932,STU2
COG1577,21,0.8937,5.99,1.05e-9,3.58e-6,Metamonada,YMR208W,4932,ERG12
KOG0595,21,0.8709,5.99,1.05e-9,3.59e-6,Metamonada,YGL180W,4932,ATG1
KOG0078,21,0.8891,5.983,1.1e-9,3.74e-6,Metamonada,YFL005W,4932,SEC4
COG0171,21,0.9799,5.978,1.13e-9,3.85e-6,Metamonada,YHR074W,4932,QNS1
COG0036,21,0.8707,5.976,1.14e-9,3.9e-6,Metamonada,YJL121C,4932,RPE1
COG5256,21,0.9994,5.969,1.19e-9,4.08e-6,Metamonada,YBR118W,4932,TEF2
COG5256,21,0.9994,5.969,1.19e-9,4.08e-6,Metamonada,YDR172W,4932,SUP35
COG5256,21,0.9994,5.969,1.19e-9,4.08e-6,Metamonada,YKR084C,4932,HBS1
COG5256,21,0.9994,5.969,1.19e-9,4.08e-6,Metamonada,YOR076C,4932,SKI7
COG5256,21,0.9994,5.969,1.19e-9,4.08e-6,Metamonada,YPR080W,4932,TEF1
COG1293,21,0.8895,5.961,1.26e-9,4.29e-6,Metamonada,YPL009C,4932,RQC2
KOG1975,21,0.8999,5.96,1.26e-9,4.3e-6,Metamonada,YBR236C,4932,ABD1
COG2116,21,0.9889,5.945,1.38e-9,4.72e-6,Metamonada,YHL008C,4932,YHL008C
COG2116,21,0.9889,5.945,1.38e-9,4.72e-6,Metamonada,YOR349W,4932,CIN1
COG2114,21,0.8146,5.938,1.44e-9,4.9099999999999996e-06,Metamonada,YJL005W,4932,CYR1
KOG1872,21,0.8723,5.919,1.62e-9,5.52e-6,Metamonada,YFR010W,4932,UBP6
COG5124,21,0.747,5.916,1.65e-9,5.62e-6,Metamonada,YGL183C,4932,MND1
COG1161,21,1,5.912,1.69e-9,5.78e-6,Metamonada,YER006W,4932,NUG1
COG1161,21,1,5.912,1.69e-9,5.78e-6,Metamonada,YGL099W,4932,LSG1
COG1161,21,1,5.912,1.69e-9,5.78e-6,Metamonada,YMR097C,4932,MTG1
COG1161,21,1,5.912,1.69e-9,5.78e-6,Metamonada,YNR053C,4932,NOG2
COG1161,21,1,5.912,1.69e-9,5.78e-6,Metamonada,YOR205C,4932,GEP3
KOG1240,21,0.8891,5.912,1.69e-9,5.78e-6,Metamonada,YBR097W,4932,VPS15
KOG1290,21,0.9043,5.906,1.76e-9,6e-6,Metamonada,YMR216C,4932,SKY1
KOG3504,21,0.7824,5.891,1.92e-9,6.57e-6,Metamonada,YFR032C-A,4932,RPL29
COG5274,21,0.9646,5.889,1.94e-9,6.64e-6,Metamonada,YGL055W,4932,OLE1
COG5274,21,0.9646,5.889,1.94e-9,6.64e-6,Metamonada,YML054C,4932,CYB2
COG5274,21,0.9646,5.889,1.94e-9,6.64e-6,Metamonada,YMR073C,4932,IRC21
COG5274,21,0.9646,5.889,1.94e-9,6.64e-6,Metamonada,YMR272C,4932,SCS7
COG5274,21,0.9646,5.889,1.94e-9,6.64e-6,Metamonada,YNL111C,4932,CYB5
KOG0661,21,0.8965,5.879,2.06e-9,7.05e-6,Metamonada,YJL106W,4932,IME2
COG0075,21,0.8158,5.876,2.1e-9,7.16e-6,Metamonada,YFL030W,4932,AGX1
COG0566,21,0.8574,5.876,2.1e-9,7.16e-6,Metamonada,YDL112W,4932,TRM3
COG0566,21,0.8574,5.876,2.1e-9,7.16e-6,Metamonada,YOR201C,4932,MRM1
COG5055,21,0.7915,5.861,2.3e-9,7.85e-6,Metamonada,YDL059C,4932,RAD59
COG5055,21,0.7915,5.861,2.3e-9,7.85e-6,Metamonada,YML032C,4932,RAD52
KOG0389,21,0.7865,5.85,2.45e-9,8.38e-6,Metamonada,YAL019W,4932,FUN30
COG5223,21,0.9863,5.839,2.63e-9,8.97e-6,Metamonada,YKL099C,4932,UTP11
COG0693,21,0.7695,5.835,2.69e-9,9.17e-6,Metamonada,YDR533C,4932,HSP31
COG0693,21,0.7695,5.835,2.69e-9,9.17e-6,Metamonada,YMR322C,4932,SNO4
COG0693,21,0.7695,5.835,2.69e-9,9.17e-6,Metamonada,YOR391C,4932,HSP33
COG0693,21,0.7695,5.835,2.69e-9,9.17e-6,Metamonada,YPL280W,4932,HSP32
COG1564,21,0.8252,5.822,2.9e-9,9.92e-6,Metamonada,YOR143C,4932,THI80
KOG1627,21,0.8372,5.822,2.91e-9,9.92e-6,Metamonada,YKL081W,4932,TEF4
KOG1627,21,0.8372,5.822,2.91e-9,9.92e-6,Metamonada,YPL048W,4932,CAM1
KOG0283,21,0.8238,5.815,3.03e-9,1.03e-5,Metamonada,YKL121W,4932,DGR2
KOG0283,21,0.8238,5.815,3.03e-9,1.03e-5,Metamonada,YMR102C,4932,YMR102C
COG5063,21,0.7771,5.815,3.04e-9,1.04e-5,Metamonada,YDR151C,4932,CTH1
COG5063,21,0.7771,5.815,3.04e-9,1.04e-5,Metamonada,YLR136C,4932,TIS11
KOG3272,21,0.797,5.813,3.07e-9,1.05e-5,Metamonada,YMR132C,4932,JLP2
COG1896,21,0.8686,5.794,3.44e-9,1.17e-5,Metamonada,YBR242W,4932,YBR242W
COG1896,21,0.8686,5.794,3.44e-9,1.17e-5,Metamonada,YGL101W,4932,YGL101W
COG5574,21,0.8854,5.791,3.5e-9,1.19e-5,Metamonada,YDR265W,4932,PEX10
COG0281,21,0.8315,5.783,3.67e-9,1.25e-5,Metamonada,YKL029C,4932,MAE1
COG2053,21,0.8084,5.779,3.76e-9,1.29e-5,Metamonada,YLR264W,4932,RPS28B
COG2053,21,0.8084,5.779,3.76e-9,1.29e-5,Metamonada,YOR167C,4932,RPS28A
COG2078,21,0.8782,5.753,4.39e-9,1.5e-5,Metamonada,YOR289W,4932,YOR289W
KOG0588,21,0.9007,5.751,4.44e-9,1.51e-5,Metamonada,YDR507C,4932,GIN4
KOG0588,21,0.9007,5.751,4.44e-9,1.51e-5,Metamonada,YKL101W,4932,HSL1
KOG2157,21,0.7621,5.743,4.66e-9,1.59e-5,Metamonada,YBR094W,4932,PBY1
KOG0578,21,0.8542,5.737,4.81e-9,1.64e-5,Metamonada,YHL007C,4932,STE20
KOG0578,21,0.8542,5.737,4.81e-9,1.64e-5,Metamonada,YNL298W,4932,CLA4
KOG0578,21,0.8542,5.737,4.81e-9,1.64e-5,Metamonada,YOL113W,4932,SKM1
COG1524,21,0.887,5.718,5.39e-9,1.84e-5,Metamonada,YCR026C,4932,NPP1
COG1524,21,0.887,5.718,5.39e-9,1.84e-5,Metamonada,YEL016C,4932,NPP2
COG1524,21,0.887,5.718,5.39e-9,1.84e-5,Metamonada,YJL062W,4932,LAS21
COG1524,21,0.887,5.718,5.39e-9,1.84e-5,Metamonada,YKL165C,4932,MCD4
COG1524,21,0.887,5.718,5.39e-9,1.84e-5,Metamonada,YLL031C,4932,GPI13
COG5088,21,0.8027,5.717,5.42e-9,1.85e-5,Metamonada,YGL127C,4932,SOH1
COG5409,21,0.845,5.714,5.53e-9,1.89e-5,Metamonada,YDR414C,4932,ERD1
COG5409,21,0.845,5.714,5.53e-9,1.89e-5,Metamonada,YIL047C,4932,SYG1
COG5409,21,0.845,5.714,5.53e-9,1.89e-5,Metamonada,YPL110C,4932,GDE1
COG0005,21,0.7578,5.699,6.02e-9,2.06e-5,Metamonada,YLR017W,4932,MEU1
COG0005,21,0.7578,5.699,6.02e-9,2.06e-5,Metamonada,YLR209C,4932,PNP1
COG0448,21,0.7469,5.696,6.13e-9,2.09e-5,Metamonada,YJL088W,4932,ARG3
COG5252,21,0.8468,5.694,6.2e-9,2.12e-5,Metamonada,YOR091W,4932,TMA46
KOG3285,21,0.7352,5.677,6.85e-9,2.34e-5,Metamonada,YJL030W,4932,MAD2
COG0492,21,0.8016,5.643,8.33e-9,2.84e-5,Metamonada,YDR353W,4932,TRR1
COG0492,21,0.8016,5.643,8.33e-9,2.84e-5,Metamonada,YHR106W,4932,TRR2
COG2110,21,0.719,5.637,8.66e-9,2.96e-5,Metamonada,YBR022W,4932,POA1
KOG1479,21,0.756,5.612,9.99e-9,3.41e-5,Metamonada,YAL022C,4932,FUN26
KOG2443,21,0.7574,5.564,1.32e-8,4.49e-5,Metamonada,YKL100C,4932,YPF1
COG0296,21,0.7171,5.542,1.49e-8,5.1e-5,Metamonada,YEL011W,4932,GLC3
COG5245,21,0.7716,5.524,1.65e-8,5.65e-5,Metamonada,YKR054C,4932,DYN1
COG5167,21,0.735,5.522,1.68e-8,5.73e-5,Metamonada,YNL212W,4932,VID27
KOG0680,21,0.6992,5.516,1.74e-8,5.93e-5,Metamonada,YLR085C,4932,ARP6
KOG2369,21,0.7173,5.458,2.41e-8,8.24e-5,Metamonada,YNR008W,4932,LRO1
COG1179,21,0.7453,5.448,2.54e-8,8.6700000000000007e-05,Metamonada,YHR003C,4932,TCD1
COG1179,21,0.7453,5.448,2.54e-8,8.6700000000000007e-05,Metamonada,YKL027W,4932,TCD2
KOG3689,21,0.7153,5.42,2.97e-8,1.02e-4,Metamonada,YOR360C,4932,PDE2
KOG2744,21,0.7331,5.364,4.08e-8,1.39e-4,Metamonada,YPL016W,4932,SWI1
COG1038,21,0.6581,5.356,4.26e-8,1.45e-4,Metamonada,YBR218C,4932,PYC2
COG1038,21,0.6581,5.356,4.26e-8,1.45e-4,Metamonada,YGL062W,4932,PYC1
COG1227,21,0.6998,5.35,4.4e-8,1.5e-4,Metamonada,YHR201C,4932,PPX1
COG5542,21,0.7131,5.338,4.69e-8,1.6e-4,Metamonada,YBR004C,4932,GPI18
KOG3808,21,0.6036,5.29,6.13e-8,2.09e-4,Metamonada,YNL024C-A,4932,KSH1
COG0155,21,0.6145,5.158,1.24e-7,4.25e-4,Metamonada,YJR137C,4932,MET5
KOG0666,21,0.6376,5.131,1.44e-7,4.91e-4,Metamonada,YPL042C,4932,SSN3
COG2866,21,0.6657,5.054,2.16e-7,7.38e-4,Metamonada,YHR132C,4932,ECM14
KOG2634,21,0.5605,4.824,7.04e-7,0.0024,Metamonada,YMR283C,4932,RIT1
COG0328,21,0.5994,4.795,8.14e-7,0.00278,Metamonada,YMR234W,4932,RNH1
KOG1826,21,0.5914,4.764,9.47e-7,0.00323,Metamonada,YBR140C,4932,IRA1
KOG1826,21,0.5914,4.764,9.47e-7,0.00323,Metamonada,YOL081W,4932,IRA2
COG2872,21,0.4168,4.474,3.84e-6,0.0131,Metamonada,YNL040W,4932,YNL040W
KOG4603,21,0.2195,2.08,0.0187,1,Metamonada,YGL033W,4932,HOP2
COG1454,21,0.0751,0.764,0.223,1,Metamonada,YGL256W,4932,ADH4
