cog_id,root,Dscore,Statistic,Pvalue,AdjPvalue,clade_name,protein_id,ssp_id,preferred_name
NOG284359,1,0.9428,8.196,1.24e-16,7.89e-13,melanogaster complex,FBpp0099610,7227,RpL41
NOG282023,1,0.9682,8.022,5.19e-16,3.31e-12,melanogaster complex,FBpp0292746,7227,CG42798
NOG26418,1,0.9157,7.877,1.68e-15,1.07e-11,melanogaster complex,FBpp0075144,7227,RAF2
NOG237253,1,0.9365,7.839,2.26e-15,1.44e-11,melanogaster complex,FBpp0288965,7227,CG42305
NOG280946,1,0.9047,7.838,2.29e-15,1.46e-11,melanogaster complex,FBpp0302858,7227,CG43711
NOG282164,1,0.9577,7.822,2.6e-15,1.66e-11,melanogaster complex,FBpp0291095,7227,CG15930
NOG83187,1,0.9365,7.819,2.67e-15,1.7e-11,melanogaster complex,FBpp0100178,7227,mt:ATPase8
NOG283087,1,0.9682,7.806,2.95e-15,1.88e-11,melanogaster complex,FBpp0304545,7227,CG33792
NOG281627,1,0.9577,7.769,3.95e-15,2.51e-11,melanogaster complex,FBpp0072832,7227,CG32295
NOG270665,1,0.9261,7.734,5.23e-15,3.33e-11,melanogaster complex,FBpp0086834,7227,CG4744
NOG252955,1,0.9682,7.729,5.43e-15,3.46e-11,melanogaster complex,FBpp0290956,7227,CG42587
NOG88928,1,0.9682,7.727,5.52e-15,3.52e-11,melanogaster complex,FBpp0290078,7227,CG42526
NOG88939,1,0.8412,7.726,5.56e-15,3.54e-11,melanogaster complex,FBpp0111330,7227,CG34222
NOG281806,1,0.9682,7.713,6.15e-15,3.92e-11,melanogaster complex,FBpp0111678,7227,CG34460
NOG84056,1,0.9047,7.675,8.3e-15,5.29e-11,melanogaster complex,FBpp0111372,7227,CG34263
NOG135397,1,0.9259,7.67,8.63e-15,5.49e-11,melanogaster complex,FBpp0289550,7227,Sfp84E
NOG267796,1,0.9492,7.669,8.65e-15,5.51e-11,melanogaster complex,FBpp0074435,7227,CG7406
NOG84405,1,0.9682,7.663,9.11e-15,5.8e-11,melanogaster complex,FBpp0291013,7227,CG42597
NOG87413,1,0.9492,7.648,1.02e-14,6.49e-11,melanogaster complex,FBpp0111440,7227,CG34326
NOG281730,1,0.9069,7.634,1.14e-14,7.27e-11,melanogaster complex,FBpp0085986,7227,CG10912
NOG282162,1,0.9492,7.607,1.4e-14,8.93e-11,melanogaster complex,FBpp0075288,7227,CG12486
NOG279987,1,0.9047,7.601,1.47e-14,9.34e-11,melanogaster complex,FBpp0304492,7227,OS9
NOG282414,1,0.9069,7.601,1.47e-14,9.39e-11,melanogaster complex,FBpp0292825,7227,CG42808
NOG282011,1,0.9032,7.599,1.5e-14,9.53e-11,melanogaster complex,FBpp0085323,7227,CG14471
NOG83440,1,0.9492,7.595,1.54e-14,9.8e-11,melanogaster complex,FBpp0071380,7227,CG2898
NOG250182,1,0.9365,7.587,1.64e-14,1.05e-10,melanogaster complex,FBpp0301131,7227,CG43446
NOG84124,1,0.8942,7.58,1.72e-14,1.1e-10,melanogaster complex,FBpp0297289,7227,CG43218
NOG281615,1,0.8942,7.57,1.87e-14,1.19e-10,melanogaster complex,FBpp0291511,7227,CG15597
NOG89021,1,0.8942,7.562,1.99e-14,1.26e-10,melanogaster complex,FBpp0110507,7227,CG40298
NOG135613,1,0.9259,7.558,2.05e-14,1.3e-10,melanogaster complex,FBpp0076340,7227,mtrm
NOG83977,1,0.8942,7.551,2.16e-14,1.38e-10,melanogaster complex,FBpp0079107,7227,CG14538
NOG283063,1,0.9069,7.518,2.78e-14,1.77e-10,melanogaster complex,FBpp0292471,7227,RU
NOG107057,1,0.8942,7.491,3.43e-14,2.18e-10,melanogaster complex,FBpp0071487,7227,IM4
NOG281557,1,0.8857,7.484,3.61e-14,2.3e-10,melanogaster complex,FBpp0111297,7227,CG34189
NOG83733,1,0.9047,7.462,4.25e-14,2.71e-10,melanogaster complex,FBpp0111314,7227,CG34206
NOG83599,1,0.8942,7.46,4.32e-14,2.75e-10,melanogaster complex,FBpp0290298,7227,CG34141
NOG281382,1,0.8942,7.432,5.34e-14,3.4e-10,melanogaster complex,FBpp0071345,7227,CG32694
NOG84866,1,0.9047,7.422,5.78e-14,3.68e-10,melanogaster complex,FBpp0293416,7227,CG43090
NOG282132,1,0.8857,7.415,6.07e-14,3.87e-10,melanogaster complex,FBpp0305803,7227,CG43954
NOG87682,1,0.873,7.409,6.36e-14,4.05e-10,melanogaster complex,FBpp0290958,7227,CG42590
NOG83395,1,0.8476,7.323,1.21e-13,7.7e-10,melanogaster complex,FBpp0303057,7227,CG43732
NOG255784,1,0.8942,7.31,1.33e-13,8.5e-10,melanogaster complex,FBpp0271737,7227,fos28F
NOG88884,1,0.9365,7.306,1.38e-13,8.76e-10,melanogaster complex,FBpp0100185,7227,mt:ND6
NOG83400,1,0.8857,7.304,1.4e-13,8.93e-10,melanogaster complex,FBpp0304787,7227,CG43851
NOG237267,1,0.8222,7.297,1.47e-13,9.36e-10,melanogaster complex,FBpp0082688,7227,CG32855
NOG88951,1,0.8306,7.293,1.51e-13,9.64e-10,melanogaster complex,FBpp0085788,7227,CG15071
NOG133223,1,0.8919,7.291,1.54e-13,9.82e-10,melanogaster complex,FBpp0073854,7227,CG6324
NOG281415,1,0.86240000000000006,7.282,1.65e-13,1.05e-9,melanogaster complex,FBpp0084932,7227,CG31031
NOG82057,1,0.9047,7.281,1.65e-13,1.05e-9,melanogaster complex,FBpp0111660,7227,CG34444
NOG83722,1,0.8222,7.272,1.78e-13,1.13e-9,melanogaster complex,FBpp0110254,7227,CG34138
NOG281205,1,0.8306,7.249,2.1e-13,1.34e-9,melanogaster complex,FBpp0083957,7227,CG17786
NOG82034,1,0.873,7.182,3.44e-13,2.19e-9,melanogaster complex,FBpp0289232,7227,CG42356
NOG82034,1,0.873,7.182,3.44e-13,2.19e-9,melanogaster complex,FBpp0289307,7227,CG34259
NOG84293,1,0.8821,7.155,4.19e-13,2.67e-9,melanogaster complex,FBpp0085749,7227,CG33454
NOG59184,1,0.7671,7.149,4.36e-13,2.78e-9,melanogaster complex,FBpp0086675,7227,Arc2
NOG59184,1,0.7671,7.149,4.36e-13,2.78e-9,melanogaster complex,FBpp0086687,7227,Arc1
NOG87123,1,0.7798,7.146,4.47e-13,2.85e-9,melanogaster complex,FBpp0110247,7227,CG34137
NOG282558,1,0.8306,7.111,5.76e-13,3.67e-9,melanogaster complex,FBpp0292121,7227,CG42714
NOG91775,1,0.8306,7.088,6.78e-13,4.32e-9,melanogaster complex,FBpp0110339,7227,CG34155
NOG232961,1,0.7871,7.082,7.09e-13,4.52e-9,melanogaster complex,FBpp0289235,7227,CG42359
NOG281046,1,0.8306,7.074,7.53e-13,4.79e-9,melanogaster complex,FBpp0291480,7227,CG42633
KOG4669,1,0.6967,6.84,3.96e-12,2.52e-8,melanogaster complex,FBpp0100184,7227,mt:ND4L
NOG02879,1,0.7326,6.825,4.38e-12,2.79e-8,melanogaster complex,FBpp0302771,7227,4E-T
NOG84396,1,0.8095,6.822,4.48e-12,2.85e-8,melanogaster complex,FBpp0075018,7227,CG32170
NOG26473,1,0.7115,6.798,5.31e-12,3.38e-8,melanogaster complex,FBpp0078905,7227,Tig
NOG281935,1,0.7671,6.766,6.61e-12,4.21e-8,melanogaster complex,FBpp0083256,7227,mira
NOG272413,1,0.7681,6.762,6.8e-12,4.33e-8,melanogaster complex,FBpp0073710,7227,CG11584
NOG245451,1,0.7042,6.67,1.28e-11,8.15e-8,melanogaster complex,FBpp0297205,7227,CG43191
KOG4726,1,0.6962,6.666,1.31e-11,8.37e-8,melanogaster complex,FBpp0071649,7227,CG13494
KOG4726,1,0.6962,6.666,1.31e-11,8.37e-8,melanogaster complex,FBpp0081106,7227,Mst84Dc
NOG27624,1,0.6565,6.416,7e-11,4.46e-7,melanogaster complex,FBpp0082031,7227,CG10014
NOG28911,1,0.6619,6.297,1.52e-10,9.69e-7,melanogaster complex,FBpp0073733,7227,CG9411
NOG271543,1,0.6407,6.273,1.77e-10,1.13e-6,melanogaster complex,FBpp0288510,7227,CG33003
NOG17279,1,0.6047,6.028,8.29e-10,5.28e-6,melanogaster complex,FBpp0074851,7227,CG14073
COG0838,1,0.532,5.968,1.2e-9,7.63e-6,melanogaster complex,FBpp0100181,7227,mt:ND3
NOG34912,1,0.6084,5.928,1.53e-9,9.76e-6,melanogaster complex,FBpp0271691,7227,CG42231
NOG269291,1,0.5639,5.924,1.57e-9,1e-5,melanogaster complex,FBpp0080135,7227,CG16885
NOG34334,1,0.5382,5.721,5.3e-9,3.38e-5,melanogaster complex,FBpp0289809,7227,CG42495
COG1008,1,0.4555,5.187,1.07e-7,6.81e-4,melanogaster complex,FBpp0100183,7227,mt:ND4
COG0356,1,0.4662,5.081,1.88e-7,0.0012,melanogaster complex,FBpp0100179,7227,mt:ATPase6
COG1290,1,0.4202,4.836,6.62e-7,0.00422,melanogaster complex,FBpp0100186,7227,mt:Cyt-b
COG1622,1,0.3918,4.619,1.92e-6,0.0123,melanogaster complex,FBpp0100177,7227,mt:CoII
COG1005,1,0.3777,4.449,4.31e-6,0.0274,melanogaster complex,FBpp0100187,7227,mt:ND1
COG0843,1,0.3186,3.919,4.45e-5,0.283,melanogaster complex,FBpp0100176,7227,mt:CoI
COG1845,1,0.2713,3.31,4.67e-4,1,melanogaster complex,FBpp0100180,7227,mt:CoIII
NOG272131,1,0.2596,3.039,0.00119,1,melanogaster complex,FBpp0289851,7227,CG42498
COG1007,1,0.1922,2.54,0.00555,1,melanogaster complex,FBpp0100175,7227,mt:ND2
COG1007,1,0.1922,2.54,0.00555,1,melanogaster complex,FBpp0100182,7227,mt:ND5
NOG82260,2,0.9682,8.12,2.33e-16,1.49e-12,melanogaster subgroup,FBpp0297705,7227,CG11570
NOG267792,2,0.9525,7.961,8.55e-16,5.45e-12,melanogaster subgroup,FBpp0289733,7227,CG42397
NOG82876,2,0.9682,7.941,1e-15,6.4e-12,melanogaster subgroup,FBpp0071037,7227,CG12689
NOG283040,2,0.9682,7.939,1.02e-15,6.48e-12,melanogaster subgroup,FBpp0075827,7227,Sgs3
NOG85043,2,0.9525,7.914,1.25e-15,7.95e-12,melanogaster subgroup,FBpp0076916,7227,lcs
NOG87218,2,0.9492,7.883,1.6e-15,1.02e-11,melanogaster subgroup,FBpp0298045,7227,CG33914
NOG88372,2,0.9259,7.868,1.8e-15,1.15e-11,melanogaster subgroup,FBpp0084439,7227,CG14252
NOG86595,2,0.9492,7.865,1.85e-15,1.18e-11,melanogaster subgroup,FBpp0082873,7227,CG31418
NOG86595,2,0.9492,7.865,1.85e-15,1.18e-11,melanogaster subgroup,FBpp0301286,7227,CG31419
NOG94665,2,0.9365,7.833,2.38e-15,1.51e-11,melanogaster subgroup,FBpp0304499,7227,pim
NOG231430,2,0.9492,7.829,2.45e-15,1.56e-11,melanogaster subgroup,FBpp0085835,7227,CG33136
NOG233408,2,0.9365,7.826,2.51e-15,1.6e-11,melanogaster subgroup,FBpp0077642,7227,CG5139
NOG87040,2,0.9682,7.808,2.89e-15,1.84e-11,melanogaster subgroup,FBpp0072467,7227,CG13884
NOG87153,2,0.9492,7.806,2.96e-15,1.89e-11,melanogaster subgroup,FBpp0071016,7227,CG11368
NOG238654,2,0.9259,7.794,3.24e-15,2.06e-11,melanogaster subgroup,FBpp0086324,7227,CG30099
NOG78490,2,0.9101,7.775,3.78e-15,2.41e-11,melanogaster subgroup,FBpp0304360,7227,CG32107
NOG77837,2,0.9492,7.771,3.89e-15,2.48e-11,melanogaster subgroup,FBpp0087860,7227,udd
NOG104779,2,0.9492,7.768,3.98e-15,2.53e-11,melanogaster subgroup,FBpp0075407,7227,CG13457
NOG281738,2,0.9682,7.764,4.12e-15,2.62e-11,melanogaster subgroup,FBpp0084794,7227,Diedel
NOG84785,2,0.9492,7.757,4.34e-15,2.76e-11,melanogaster subgroup,FBpp0111405,7227,CG34296
NOG255763,2,0.9492,7.709,6.33e-15,4.03e-11,melanogaster subgroup,FBpp0085581,7227,CG30151
NOG284326,2,0.9365,7.705,6.56e-15,4.18e-11,melanogaster subgroup,FBpp0293730,7227,CG43127
NOG69731,2,1,7.704,6.58e-15,4.19e-11,melanogaster subgroup,FBpp0292016,7227,CG32814
NOG114415,2,0.9492,7.701,6.77e-15,4.31e-11,melanogaster subgroup,FBpp0289966,7227,CG11977
NOG87289,2,0.9365,7.694,7.12e-15,4.53e-11,melanogaster subgroup,FBpp0088683,7227,dj
NOG86425,2,0.9492,7.672,8.49e-15,5.41e-11,melanogaster subgroup,FBpp0087878,7227,CG2291
NOG283670,2,0.9101,7.664,8.99e-15,5.73e-11,melanogaster subgroup,FBpp0071244,7227,CG15369
NOG104251,2,0.8889,7.657,9.53e-15,6.07e-11,melanogaster subgroup,FBpp0305696,7227,CG34310
NOG282444,2,1,7.657,9.53e-15,6.07e-11,melanogaster subgroup,FBpp0073867,7227,CG8119
NOG281370,2,0.9682,7.634,1.14e-14,7.25e-11,melanogaster subgroup,FBpp0086279,7227,CG33017
NOG87516,2,0.9101,7.629,1.18e-14,7.52e-11,melanogaster subgroup,FBpp0297291,7227,CG43219
NOG82249,2,0.9682,7.617,1.3e-14,8.27e-11,melanogaster subgroup,FBpp0075477,7227,CG32141
NOG87596,2,0.9365,7.612,1.35e-14,8.6e-11,melanogaster subgroup,FBpp0076275,7227,CG5194
NOG247696,2,0.9365,7.61,1.37e-14,8.7e-11,melanogaster subgroup,FBpp0086962,7227,wuc
NOG103013,2,0.8942,7.582,1.7e-14,1.08e-10,melanogaster subgroup,FBpp0075240,7227,CG13073
NOG271754,2,0.9342,7.554,2.11e-14,1.34e-10,melanogaster subgroup,FBpp0070699,7227,CG2861
NOG83524,2,0.9492,7.546,2.25e-14,1.43e-10,melanogaster subgroup,FBpp0074147,7227,CG13010
NOG281613,2,0.8911,7.527,2.6e-14,1.66e-10,melanogaster subgroup,FBpp0085906,7227,CG15068
NOG85877,2,0.9682,7.514,2.86e-14,1.82e-10,melanogaster subgroup,FBpp0080094,7227,CG15638
NOG260216,2,0.9365,7.473,3.92e-14,2.49e-10,melanogaster subgroup,FBpp0082224,7227,CG14377
NOG260216,2,0.9365,7.473,3.92e-14,2.49e-10,melanogaster subgroup,FBpp0082229,7227,CG14374
NOG280881,2,0.8857,7.471,3.97e-14,2.53e-10,melanogaster subgroup,FBpp0074259,7227,corolla
NOG282171,2,0.8942,7.46,4.34e-14,2.76e-10,melanogaster subgroup,FBpp0111362,7227,CG34253
NOG88996,2,0.8889,7.446,4.8e-14,3.06e-10,melanogaster subgroup,FBpp0091021,7227,CG33725
NOG239428,2,0.9047,7.422,5.75e-14,3.66e-10,melanogaster subgroup,FBpp0304468,7227,CG31542
NOG284315,2,0.9492,7.415,6.08e-14,3.87e-10,melanogaster subgroup,FBpp0292500,7227,CG31808
NOG87714,2,0.8857,7.407,6.47e-14,4.12e-10,melanogaster subgroup,FBpp0074436,7227,CG14191
NOG282361,2,0.8572,7.307,1.36e-13,8.68e-10,melanogaster subgroup,FBpp0079717,7227,CG7294
NOG33657,2,0.8025,7.263,1.89e-13,1.2e-9,melanogaster subgroup,FBpp0289248,7227,CG42372
NOG282818,2,0.873,7.207,2.86e-13,1.82e-9,melanogaster subgroup,FBpp0082100,7227,CG5538
NOG272506,2,0.7596,7.102,6.14e-13,3.91e-9,melanogaster subgroup,FBpp0112436,7227,Scp1
NOG88373,2,0.8306,7.089,6.73e-13,4.29e-9,melanogaster subgroup,FBpp0070145,7227,CG13362
NOG269355,2,0.7145,7.082,7.12e-13,4.54e-9,melanogaster subgroup,FBpp0075338,7227,Eig71Ee
NOG38852,2,0.6636,6.399,7.83e-11,4.98e-7,melanogaster subgroup,FBpp0289266,7227,CG42381
NOG85339,3,0.9682,8.009,5.77e-16,3.68e-12,ananassae subgroup,FBpp0304437,7227,Sprn
NOG86615,3,1,7.996,6.45e-16,4.11e-12,ananassae subgroup,FBpp0297757,7227,CG43317
NOG87721,3,0.9682,7.971,7.88e-16,5.02e-12,ananassae subgroup,FBpp0298354,7227,CG15699
NOG87257,3,0.9365,7.963,8.36e-16,5.33e-12,ananassae subgroup,FBpp0080228,7227,CG4218
NOG84005,3,0.9365,7.957,8.84e-16,5.63e-12,ananassae subgroup,FBpp0288524,7227,CG17777
NOG84268,3,0.9492,7.941,1.01e-15,6.4e-12,ananassae subgroup,FBpp0080508,7227,CG6304
NOG83611,3,0.9492,7.932,1.08e-15,6.88e-12,ananassae subgroup,FBpp0075188,7227,CG13039
NOG84828,3,0.9492,7.926,1.13e-15,7.18e-12,ananassae subgroup,FBpp0071022,7227,CG15034
NOG284379,3,0.9682,7.905,1.34e-15,8.54e-12,ananassae subgroup,FBpp0072760,7227,CG32302
NOG239431,3,0.9682,7.901,1.38e-15,8.8e-12,ananassae subgroup,FBpp0086000,7227,CG30325
NOG282101,3,0.9492,7.895,1.45e-15,9.25e-12,ananassae subgroup,FBpp0079726,7227,CG31870
NOG252957,3,0.9682,7.891,1.5e-15,9.56e-12,ananassae subgroup,FBpp0073548,7227,CG2209
NOG281221,3,0.9365,7.878,1.66e-15,1.06e-11,ananassae subgroup,FBpp0087464,7227,CG18446
NOG82241,3,0.9507,7.876,1.7e-15,1.08e-11,ananassae subgroup,FBpp0111350,7227,CG34241
NOG87435,3,0.9492,7.868,1.81e-15,1.15e-11,ananassae subgroup,FBpp0079446,7227,CG31710
NOG278253,3,1,7.854,2.02e-15,1.28e-11,ananassae subgroup,FBpp0080497,7227,CG31807
NOG135422,3,0.9682,7.853,2.03e-15,1.3e-11,ananassae subgroup,FBpp0082251,7227,CG8508
NOG238666,3,0.9492,7.852,2.06e-15,1.31e-11,ananassae subgroup,FBpp0087876,7227,CG30376
NOG244397,3,0.9365,7.845,2.16e-15,1.38e-11,ananassae subgroup,FBpp0078001,7227,CG32440
NOG240739,3,0.9492,7.832,2.4e-15,1.53e-11,ananassae subgroup,FBpp0071730,7227,CG11298
NOG88562,3,0.9316,7.831,2.41e-15,1.54e-11,ananassae subgroup,FBpp0306060,7227,CG34279
NOG78344,3,0.9365,7.801,3.08e-15,1.96e-11,ananassae subgroup,FBpp0085282,7227,CG1421
NOG84552,3,0.9682,7.796,3.18e-15,2.03e-11,ananassae subgroup,FBpp0290445,7227,CG8065
NOG84007,3,0.9507,7.792,3.31e-15,2.11e-11,ananassae subgroup,FBpp0292116,7227,CG42710
NOG88248,3,0.9365,7.785,3.49e-15,2.22e-11,ananassae subgroup,FBpp0078564,7227,CG31525
NOG255773,3,0.9316,7.785,3.49e-15,2.22e-11,ananassae subgroup,FBpp0290059,7227,CG15734
NOG105781,3,0.9492,7.782,3.56e-15,2.27e-11,ananassae subgroup,FBpp0086139,7227,Gbp
NOG236041,3,0.9682,7.782,3.56e-15,2.27e-11,ananassae subgroup,FBpp0079687,7227,CG6138
NOG245434,3,0.9492,7.778,3.67e-15,2.34e-11,ananassae subgroup,FBpp0079334,7227,CG12438
NOG98371,3,0.9682,7.774,3.81e-15,2.43e-11,ananassae subgroup,FBpp0289684,7227,CG30222
NOG245439,3,0.9492,7.772,3.87e-15,2.47e-11,ananassae subgroup,FBpp0087713,7227,CG13741
NOG54522,3,0.9174,7.761,4.22e-15,2.69e-11,ananassae subgroup,FBpp0288659,7227,CG13896
NOG282404,3,0.9189,7.752,4.52e-15,2.88e-11,ananassae subgroup,FBpp0293485,7227,CG43115
NOG282404,3,0.9189,7.752,4.52e-15,2.88e-11,ananassae subgroup,FBpp0293827,7227,CG43136
NOG87494,3,0.9682,7.751,4.56e-15,2.9e-11,ananassae subgroup,FBpp0292374,7227,CG42752
NOG87533,3,0.9365,7.74,4.96e-15,3.16e-11,ananassae subgroup,FBpp0086281,7227,CG15705
NOG250205,3,0.9492,7.735,5.17e-15,3.29e-11,ananassae subgroup,FBpp0077944,7227,CG12984
NOG87479,3,0.9492,7.735,5.19e-15,3.3e-11,ananassae subgroup,FBpp0070605,7227,CG15375
NOG87479,3,0.9492,7.735,5.19e-15,3.3e-11,ananassae subgroup,FBpp0081885,7227,CG14708
NOG281560,3,0.9365,7.724,5.66e-15,3.6e-11,ananassae subgroup,FBpp0080302,7227,CG15258
NOG266151,3,0.9365,7.721,5.76e-15,3.67e-11,ananassae subgroup,FBpp0304582,7227,CG12535
NOG88986,3,0.9492,7.719,5.87e-15,3.74e-11,ananassae subgroup,FBpp0073846,7227,CG9072
NOG84841,3,0.9492,7.699,6.85e-15,4.37e-11,ananassae subgroup,FBpp0077555,7227,CG17648
NOG230048,3,0.9365,7.676,8.24e-15,5.24e-11,ananassae subgroup,FBpp0088999,7227,CG13064
NOG248730,3,0.9189,7.668,8.77e-15,5.58e-11,ananassae subgroup,FBpp0089286,7227,Obp85a
NOG281565,3,0.9365,7.665,8.96e-15,5.71e-11,ananassae subgroup,FBpp0077020,7227,CG15458
NOG242418,3,0.9365,7.663,9.11e-15,5.8e-11,ananassae subgroup,FBpp0075455,7227,CG13474
NOG85303,3,0.9316,7.661,9.25e-15,5.89e-11,ananassae subgroup,FBpp0291265,7227,CG17169
NOG82001,3,0.9316,7.651,9.99e-15,6.37e-11,ananassae subgroup,FBpp0297198,7227,CG43183
NOG128269,3,0.9507,7.639,1.09e-14,6.95e-11,ananassae subgroup,FBpp0111266,7227,CG34160
NOG88454,3,0.9492,7.632,1.15e-14,7.35e-11,ananassae subgroup,FBpp0071960,7227,yip3
NOG237257,3,0.9365,7.629,1.19e-14,7.55e-11,ananassae subgroup,FBpp0070622,7227,CG12693
NOG237969,3,0.9365,7.628,1.19e-14,7.59e-11,ananassae subgroup,FBpp0086280,7227,CG15704
NOG81998,3,0.9492,7.617,1.3e-14,8.25e-11,ananassae subgroup,FBpp0289540,7227,Sfp53D
NOG78004,3,0.9682,7.617,1.3e-14,8.28e-11,ananassae subgroup,FBpp0078153,7227,CG32450
NOG83421,3,0.9682,7.616,1.31e-14,8.33e-11,ananassae subgroup,FBpp0083232,7227,CG4783
NOG281787,3,0.9365,7.55,2.18e-14,1.39e-10,ananassae subgroup,FBpp0071552,7227,CG4286
NOG244402,3,0.9365,7.542,2.31e-14,1.47e-10,ananassae subgroup,FBpp0293471,7227,CG31805
NOG135447,3,0.9492,7.53,2.54e-14,1.62e-10,ananassae subgroup,FBpp0079747,7227,Acp32CD
NOG87298,3,0.9316,7.528,2.58e-14,1.64e-10,ananassae subgroup,FBpp0091023,7227,CG33757
NOG87298,3,0.9316,7.528,2.58e-14,1.64e-10,ananassae subgroup,FBpp0091024,7227,CG33758
NOG104731,3,0.852,7.523,2.67e-14,1.7e-10,ananassae subgroup,FBpp0292466,7227,RY
NOG83515,3,0.9365,7.521,2.72e-14,1.74e-10,ananassae subgroup,FBpp0085580,7227,CG13427
NOG250190,3,0.9365,7.508,3.01e-14,1.92e-10,ananassae subgroup,FBpp0084612,7227,CG31055
NOG277478,3,0.8645,7.499,3.21e-14,2.05e-10,ananassae subgroup,FBpp0087308,7227,CG12934
NOG88593,3,0.9365,7.484,3.6e-14,2.29e-10,ananassae subgroup,FBpp0084805,7227,CG14506
NOG39452,3,0.866,7.483,3.62e-14,2.31e-10,ananassae subgroup,FBpp0082416,7227,CG14852
NOG87110,3,0.9492,7.479,3.75e-14,2.39e-10,ananassae subgroup,FBpp0112154,7227,CG14907
NOG283031,3,0.9365,7.477,3.81e-14,2.43e-10,ananassae subgroup,FBpp0086311,7227,CG15711
NOG133184,3,0.9365,7.442,4.97e-14,3.16e-10,ananassae subgroup,FBpp0297708,7227,CG13045
NOG84767,3,0.9365,7.437,5.15e-14,3.28e-10,ananassae subgroup,FBpp0084011,7227,CG5762
NOG281588,3,0.9492,7.431,5.4e-14,3.44e-10,ananassae subgroup,FBpp0070502,7227,CG10801
NOG87262,3,0.9365,7.409,6.37e-14,4.06e-10,ananassae subgroup,FBpp0297801,7227,CG43342
NOG133147,3,0.9047,7.397,6.97e-14,4.44e-10,ananassae subgroup,FBpp0075986,7227,CG14154
NOG38895,3,0.8722,7.36,9.2e-14,5.86e-10,ananassae subgroup,FBpp0292128,7227,CG32249
NOG257342,3,0.9365,7.358,9.36e-14,5.96e-10,ananassae subgroup,FBpp0076479,7227,HP4
NOG03397,3,0.9239,7.346,1.02e-13,6.49e-10,ananassae subgroup,FBpp0079830,7227,CG14930
NOG84568,3,0.873,7.315,1.28e-13,8.17e-10,ananassae subgroup,FBpp0300792,7227,CG14218
NOG238610,3,0.8837,7.256,1.99e-13,1.27e-9,ananassae subgroup,FBpp0086571,7227,BEAF-32
NOG268992,3,0.8837,7.241,2.23e-13,1.42e-9,ananassae subgroup,FBpp0073001,7227,CG32267
NOG82263,3,0.9155,7.21,2.81e-13,1.79e-9,ananassae subgroup,FBpp0297217,7227,CG43207
NOG87276,3,0.8837,7.12,5.39e-13,3.43e-9,ananassae subgroup,FBpp0077195,7227,CG15423
NOG36228,3,0.798,6.978,1.5e-12,9.55e-9,ananassae subgroup,FBpp0289853,7227,CG42497
NOG31317,3,0.7233,6.864,3.35e-12,2.13e-8,ananassae subgroup,FBpp0112194,7227,CG11786
NOG38461,3,0.6122,6.292,1.56e-10,9.96e-7,ananassae subgroup,FBpp0289269,7227,CG42380
NOG235477,4,0.9815,8.236,8.92e-17,5.68e-13,obscura group,FBpp0073470,7227,CG12721
NOG244418,4,0.9307,8.159,1.68e-16,1.07e-12,obscura group,FBpp0073303,7227,CG15198
NOG86560,4,0.9682,8.119,2.36e-16,1.5e-12,obscura group,FBpp0290478,7227,CG42560
NOG83473,4,0.9682,8.073,3.44e-16,2.19e-12,obscura group,FBpp0111394,7227,CG34284
NOG238651,4,0.9682,8.037,4.61e-16,2.94e-12,obscura group,FBpp0304491,7227,CG10680
NOG96150,4,0.9682,7.99,6.75e-16,4.3e-12,obscura group,FBpp0074165,7227,CG32563
NOG87559,4,1,7.967,8.16e-16,5.2e-12,obscura group,FBpp0077651,7227,Iris
NOG133194,4,1,7.951,9.28e-16,5.91e-12,obscura group,FBpp0099444,7227,CG34033
NOG255772,4,0.9682,7.947,9.56e-16,6.09e-12,obscura group,FBpp0083633,7227,CG5386
NOG87172,4,0.9492,7.915,1.23e-15,7.86e-12,obscura group,FBpp0079403,7227,CG3748
NOG282346,4,0.9498,7.903,1.36e-15,8.67e-12,obscura group,FBpp0111683,7227,CG13051
NOG281951,4,0.9492,7.886,1.56e-15,9.96e-12,obscura group,FBpp0084682,7227,aqrs
NOG281262,4,0.9682,7.886,1.56e-15,9.96e-12,obscura group,FBpp0084964,7227,ocn
NOG255767,4,0.9498,7.868,1.81e-15,1.15e-11,obscura group,FBpp0305740,7227,CG13053
NOG257358,4,0.9492,7.862,1.88e-15,1.2e-11,obscura group,FBpp0080365,7227,CG31820
NOG257358,4,0.9492,7.862,1.88e-15,1.2e-11,obscura group,FBpp0111273,7227,CG34167
NOG74846,4,1,7.837,2.3e-15,1.47e-11,obscura group,FBpp0082037,7227,CG17738
NOG282237,4,0.9492,7.818,2.67e-15,1.7e-11,obscura group,FBpp0084837,7227,CG11470
NOG84842,4,0.9492,7.812,2.81e-15,1.79e-11,obscura group,FBpp0111293,7227,CG34185
NOG87434,4,0.8937,7.776,3.74e-15,2.38e-11,obscura group,FBpp0079277,7227,CG31898
NOG282399,4,0.9492,7.775,3.78e-15,2.41e-11,obscura group,FBpp0082907,7227,CG14326
NOG88574,4,0.9492,7.773,3.84e-15,2.45e-11,obscura group,FBpp0111282,7227,CG34176
NOG82280,4,0.9682,7.763,4.14e-15,2.64e-11,obscura group,FBpp0084632,7227,CG31253
NOG82280,4,0.9682,7.763,4.14e-15,2.64e-11,obscura group,FBpp0289667,7227,CG31131
NOG257336,4,0.9682,7.759,4.27e-15,2.72e-11,obscura group,FBpp0081746,7227,CG4073
NOG82157,4,0.9492,7.759,4.28e-15,2.73e-11,obscura group,FBpp0085992,7227,CG5773
NOG239427,4,0.9492,7.748,4.66e-15,2.97e-11,obscura group,FBpp0080350,7227,CG13244
NOG87414,4,0.9307,7.741,4.91e-15,3.13e-11,obscura group,FBpp0087805,7227,CG30355
NOG282426,4,0.9682,7.735,5.16e-15,3.29e-11,obscura group,FBpp0071111,7227,CG15337
NOG88386,4,0.9492,7.735,5.17e-15,3.29e-11,obscura group,FBpp0072147,7227,CG4763
NOG282493,4,0.9492,7.731,5.33e-15,3.4e-11,obscura group,FBpp0297218,7227,CG13545
NOG88570,4,0.9682,7.724,5.62e-15,3.58e-11,obscura group,FBpp0298042,7227,VepD
NOG87370,4,0.9492,7.696,7.01e-15,4.46e-11,obscura group,FBpp0099640,7227,CG30461
NOG255768,4,0.9492,7.695,7.08e-15,4.51e-11,obscura group,FBpp0070539,7227,CG14419
NOG81786,4,0.9307,7.69,7.38e-15,4.7e-11,obscura group,FBpp0075174,7227,CG13036
NOG87424,4,0.9307,7.681,7.89e-15,5.02e-11,obscura group,FBpp0111318,7227,CG34210
NOG239441,4,0.9365,7.669,8.67e-15,5.52e-11,obscura group,FBpp0304539,7227,CG13962
NOG84897,4,0.9307,7.668,8.71e-15,5.55e-11,obscura group,FBpp0291698,7227,CG17159
NOG85039,4,0.9307,7.666,8.84e-15,5.63e-11,obscura group,FBpp0071679,7227,CG11269
NOG281431,4,0.9492,7.665,8.96e-15,5.7e-11,obscura group,FBpp0074923,7227,CG5506
NOG282396,4,0.9492,7.66,9.3e-15,5.92e-11,obscura group,FBpp0075090,7227,CG32161
NOG82306,4,0.9492,7.624,1.23e-14,7.82e-11,obscura group,FBpp0085303,7227,CG31600
NOG84646,4,0.9307,7.611,1.36e-14,8.63e-11,obscura group,FBpp0087290,7227,CG13217
NOG82123,4,0.9307,7.607,1.41e-14,8.96e-11,obscura group,FBpp0070530,7227,CG14422
NOG244400,4,0.9492,7.599,1.49e-14,9.51e-11,obscura group,FBpp0087218,7227,CG30033
NOG257344,4,0.9492,7.595,1.54e-14,9.82e-11,obscura group,FBpp0289992,7227,CG14380
NOG245422,4,0.9815,7.592,1.58e-14,1.01e-10,obscura group,FBpp0305377,7227,Peb
NOG84239,4,0.9492,7.585,1.66e-14,1.06e-10,obscura group,FBpp0304528,7227,CG13245
NOG98373,4,0.8943,7.581,1.72e-14,1.1e-10,obscura group,FBpp0087208,7227,CG13227
NOG232026,4,0.9261,7.567,1.91e-14,1.22e-10,obscura group,FBpp0304469,7227,CG34277
NOG114308,4,0.9492,7.551,2.16e-14,1.38e-10,obscura group,FBpp0111331,7227,CG34223
NOG87360,4,0.9492,7.546,2.24e-14,1.43e-10,obscura group,FBpp0084333,7227,m6
NOG283045,4,0.9492,7.538,2.39e-14,1.52e-10,obscura group,FBpp0082428,7227,BigH1
NOG230457,4,0.9492,7.533,2.48e-14,1.58e-10,obscura group,FBpp0099418,7227,CG34007
NOG281271,4,0.9498,7.518,2.79e-14,1.77e-10,obscura group,FBpp0290484,7227,CG42565
NOG106273,4,0.9492,7.513,2.89e-14,1.84e-10,obscura group,FBpp0111290,7227,RpS28-like
NOG90856,4,0.8626,7.479,3.75e-14,2.39e-10,obscura group,FBpp0288717,7227,CG8229
NOG235473,4,0.8857,7.463,4.24e-14,2.7e-10,obscura group,FBpp0111335,7227,CG34227
NOG245447,4,0.9128,7.454,4.53e-14,2.89e-10,obscura group,FBpp0087207,7227,CG13228
NOG88565,4,0.8937,7.439,5.09e-14,3.24e-10,obscura group,FBpp0111338,7227,CG34230
NOG92956,4,0.9128,7.434,5.29e-14,3.37e-10,obscura group,FBpp0293189,7227,CG43063
NOG88500,4,0.9492,7.405,6.56e-14,4.18e-10,obscura group,FBpp0085907,7227,CG15067
NOG85278,4,0.8943,7.402,6.7e-14,4.27e-10,obscura group,FBpp0293172,7227,CG43050
NOG281286,4,0.9492,7.399,6.86e-14,4.37e-10,obscura group,FBpp0071442,7227,CG15225
NOG111756,4,0.9492,7.383,7.72e-14,4.92e-10,obscura group,FBpp0298377,7227,CG8012
NOG84127,4,0.8857,7.338,1.08e-13,6.91e-10,obscura group,FBpp0075224,7227,CG4982
NOG237260,4,0.8937,7.299,1.45e-13,9.26e-10,obscura group,FBpp0084257,7227,CG5079
NOG245420,4,0.8937,7.27,1.79e-13,1.14e-9,obscura group,FBpp0074352,7227,CG6023
NOG84134,4,0.881,7.26,1.93e-13,1.23e-9,obscura group,FBpp0111269,7227,CG34163
NOG239426,4,0.9128,7.256,1.99e-13,1.27e-9,obscura group,FBpp0100040,7227,Acp53C14c
NOG257364,4,0.8937,7.184,3.38e-13,2.15e-9,obscura group,FBpp0078228,7227,CG32459
NOG87397,4,0.8937,7.181,3.45e-13,2.2e-9,obscura group,FBpp0297730,7227,CG43290
NOG85042,4,0.8937,7.175,3.62e-13,2.3e-9,obscura group,FBpp0289114,7227,CG34264
NOG20563,4,0.8324,7.174,3.64e-13,2.32e-9,obscura group,FBpp0084430,7227,TwdlP
NOG230459,4,0.7995,7.137,4.78e-13,3.04e-9,obscura group,FBpp0289471,7227,CG42455
NOG25003,4,0.7669,7.128,5.1e-13,3.25e-9,obscura group,FBpp0111447,7227,Vml
NOG09707,4,0.7675,6.948,1.85e-12,1.18e-8,obscura group,FBpp0076002,7227,CG6409
NOG270226,4,0.7473,6.937,2.01e-12,1.28e-8,obscura group,FBpp0075795,7227,Muc68E
NOG38950,4,0.7994,6.901,2.59e-12,1.65e-8,obscura group,FBpp0292866,7227,CG42837
KOG3474,4,0.4686,5.182,1.1e-7,6.97e-4,obscura group,FBpp0289862,7227,CG42503
NOG83787,5,0.9682,8.284,5.93e-17,3.78e-13,willistoni group,FBpp0074427,7227,bnb
NOG84048,5,0.9682,8.183,1.38e-16,8.79e-13,willistoni group,FBpp0083037,7227,CG7208
NOG252950,5,0.9492,8.103,2.69e-16,1.71e-12,willistoni group,FBpp0082884,7227,CG14330
NOG84202,5,1,8.021,5.23e-16,3.33e-12,willistoni group,FBpp0074098,7227,CG32572
NOG83965,5,0.9682,8.021,5.23e-16,3.33e-12,willistoni group,FBpp0072118,7227,Orcokinin
NOG87688,5,0.9682,7.974,7.65e-16,4.87e-12,willistoni group,FBpp0076299,7227,Cp15
NOG85702,5,0.9682,7.957,8.81e-16,5.61e-12,willistoni group,FBpp0082696,7227,CG5478
NOG239429,5,0.9682,7.906,1.33e-15,8.48e-12,willistoni group,FBpp0297769,7227,CG43330
NOG239429,5,0.9682,7.906,1.33e-15,8.48e-12,willistoni group,FBpp0297770,7227,CG43331
NOG81840,5,0.9492,7.904,1.35e-15,8.62e-12,willistoni group,FBpp0070628,7227,CG15577
NOG87222,5,0.9682,7.9,1.39e-15,8.88e-12,willistoni group,FBpp0083182,7227,CG15025
NOG130612,5,0.9492,7.899,1.41e-15,8.97e-12,willistoni group,FBpp0070529,7227,CG14421
NOG268666,5,0.9682,7.872,1.75e-15,1.11e-11,willistoni group,FBpp0084657,7227,Or98b
NOG109875,5,0.981,7.807,2.94e-15,1.87e-11,willistoni group,FBpp0111684,7227,CG13177
NOG255757,5,0.9682,7.804,3e-15,1.91e-11,willistoni group,FBpp0081694,7227,Gr85a
NOG84649,5,0.9682,7.802,3.06e-15,1.95e-11,willistoni group,FBpp0075384,7227,CG13463
NOG281600,5,0.9682,7.753,4.5e-15,2.87e-11,willistoni group,FBpp0084687,7227,CG14062
NOG257362,5,0.9492,7.748,4.67e-15,2.97e-11,willistoni group,FBpp0087295,7227,Obp47a
NOG282366,5,0.9429,7.74,4.99e-15,3.18e-11,willistoni group,FBpp0074163,7227,CG5070
NOG281264,5,0.9365,7.718,5.93e-15,3.77e-11,willistoni group,FBpp0304362,7227,CG11131
NOG240187,5,0.9112,7.703,6.65e-15,4.24e-11,willistoni group,FBpp0289858,7227,CG33655
NOG110318,5,0.9682,7.689,7.4e-15,4.71e-11,willistoni group,FBpp0288803,7227,CG15086
NOG238659,5,0.9492,7.687,7.52e-15,4.79e-11,willistoni group,FBpp0075078,7227,CG13031
NOG83517,5,0.9492,7.678,8.1e-15,5.16e-11,willistoni group,FBpp0271910,7227,CG8620
NOG84129,5,1,7.632,1.16e-14,7.36e-11,willistoni group,FBpp0073395,7227,Gr10b
NOG83831,5,0.9365,7.625,1.22e-14,7.78e-11,willistoni group,FBpp0074832,7227,NijB
NOG133191,5,0.9047,7.56,2.02e-14,1.28e-10,willistoni group,FBpp0302980,7227,CG16743
NOG84219,5,0.9112,7.493,3.37e-14,2.15e-10,willistoni group,FBpp0079288,7227,CG31897
NOG282572,5,0.9365,7.487,3.51e-14,2.24e-10,willistoni group,FBpp0304577,7227,CG11816
NOG83397,5,0.9175,7.479,3.75e-14,2.39e-10,willistoni group,FBpp0111312,7227,CG34204
NOG44133,5,0.8794,7.477,3.81e-14,2.43e-10,willistoni group,FBpp0099438,7227,CG34027
NOG83680,5,0.8922,7.442,4.97e-14,3.17e-10,willistoni group,FBpp0074470,7227,Obp18a
NOG83847,5,0.9047,7.423,5.74e-14,3.65e-10,willistoni group,FBpp0292464,7227,CG42769
NOG133199,5,0.8857,7.406,6.52e-14,4.16e-10,willistoni group,FBpp0303817,7227,CG13722
NOG133142,5,0.9175,7.399,6.88e-14,4.38e-10,willistoni group,FBpp0289637,7227,CG34043
NOG91777,5,0.9112,7.398,6.89e-14,4.39e-10,willistoni group,FBpp0078492,7227,laf
NOG84402,5,0.8287,7.333,1.12e-13,7.16e-10,willistoni group,FBpp0305734,7227,Lcp2
NOG85105,5,0.9112,7.327,1.18e-13,7.49e-10,willistoni group,FBpp0297221,7227,CG43206
NOG250191,5,0.9112,7.31,1.34e-13,8.53e-10,willistoni group,FBpp0302857,7227,CG42266
NOG281283,5,0.9047,7.309,1.35e-13,8.59e-10,willistoni group,FBpp0075799,7227,CG5883
NOG276059,5,0.8175,7.208,2.84e-13,1.81e-9,willistoni group,FBpp0290077,7227,CG42525
NOG232028,6,1,8.338,3.78e-17,2.41e-13,Drosophila,FBpp0084287,7227,CG14545
NOG235480,6,1,8.321,4.37e-17,2.79e-13,Drosophila,FBpp0082924,7227,CG14323
NOG87758,6,0.9806,8.272,6.61e-17,4.21e-13,Drosophila,FBpp0288840,7227,nullo
NOG283151,6,1,8.24,8.61e-17,5.49e-13,Drosophila,FBpp0075589,7227,CG10154
NOG244394,6,1,8.213,1.08e-16,6.85e-13,Drosophila,FBpp0078289,7227,glob3
NOG257345,6,0.9612,8.201,1.19e-16,7.58e-13,Drosophila,FBpp0082710,7227,CG31287
NOG82229,6,0.9884,8.179,1.44e-16,9.15e-13,Drosophila,FBpp0075472,7227,CG3868
NOG90819,6,1,8.178,1.44e-16,9.2e-13,Drosophila,FBpp0071718,7227,CG13500
NOG81963,6,1,8.178,1.45e-16,9.22e-13,Drosophila,FBpp0289133,7227,CG42336
NOG84634,6,1,8.175,1.48e-16,9.46e-13,Drosophila,FBpp0288409,7227,CG13622
NOG86108,6,0.9884,8.136,2.05e-16,1.3e-12,Drosophila,FBpp0071643,7227,Gr58c
NOG282385,6,0.9806,8.136,2.05e-16,1.31e-12,Drosophila,FBpp0300331,7227,CG15728
NOG135507,6,1,8.13,2.15e-16,1.37e-12,Drosophila,FBpp0079459,7227,CG13116
NOG245446,6,1,8.126,2.21e-16,1.41e-12,Drosophila,FBpp0087299,7227,CG13230
NOG92715,6,1,8.123,2.27e-16,1.44e-12,Drosophila,FBpp0075588,7227,CG10140
NOG82240,6,1,8.123,2.27e-16,1.45e-12,Drosophila,FBpp0070632,7227,CG15571
NOG88876,6,1,8.114,2.45e-16,1.56e-12,Drosophila,FBpp0073202,7227,CG13713
NOG88876,6,1,8.114,2.45e-16,1.56e-12,Drosophila,FBpp0073221,7227,CG15876
NOG255756,6,0.9806,8.099,2.77e-16,1.77e-12,Drosophila,FBpp0085360,7227,CG7856
NOG98248,6,1,8.076,3.35e-16,2.13e-12,Drosophila,FBpp0086791,7227,CG13330
NOG234876,6,0.9806,8.061,3.78e-16,2.41e-12,Drosophila,FBpp0302809,7227,CG7906
NOG123701,6,1,8.059,3.83e-16,2.44e-12,Drosophila,FBpp0074697,7227,CG14102
NOG83552,6,1,8.059,3.84e-16,2.45e-12,Drosophila,FBpp0082965,7227,CG14317
NOG231169,6,1,8.055,3.98e-16,2.53e-12,Drosophila,FBpp0076728,7227,CG13297
NOG246553,6,1,8.048,4.22e-16,2.69e-12,Drosophila,FBpp0076298,7227,Cp18
NOG87442,6,0.9884,8.036,4.64e-16,2.96e-12,Drosophila,FBpp0082582,7227,CG14864
NOG87187,6,1,8.032,4.8e-16,3.06e-12,Drosophila,FBpp0289340,7227,CG12831
NOG281712,6,1,8.032,4.8e-16,3.06e-12,Drosophila,FBpp0111311,7227,CG34203
NOG282296,6,0.9419,8.021,5.24e-16,3.34e-12,Drosophila,FBpp0073184,7227,CG13721
NOG113213,6,0.9884,8.02,5.27e-16,3.35e-12,Drosophila,FBpp0073685,7227,CG11068
NOG250203,6,1,8.01,5.74e-16,3.65e-12,Drosophila,FBpp0082471,7227,CG17304
NOG84662,6,1,8.007,5.87e-16,3.74e-12,Drosophila,FBpp0081392,7227,CG8136
NOG87049,6,0.9612,8.002,6.13e-16,3.91e-12,Drosophila,FBpp0070528,7227,CG14420
NOG245444,6,0.9806,7.996,6.4e-16,4.08e-12,Drosophila,FBpp0081061,7227,CG14598
NOG257359,6,1,7.99,6.74e-16,4.29e-12,Drosophila,FBpp0079881,7227,CG14947
NOG84277,6,1,7.99,6.76e-16,4.3e-12,Drosophila,FBpp0074885,7227,skl
NOG87382,6,0.969,7.983,7.16e-16,4.56e-12,Drosophila,FBpp0288782,7227,CG42246
NOG280930,6,1,7.982,7.19e-16,4.58e-12,Drosophila,FBpp0083433,7227,Obp93a
NOG84830,6,1,7.981,7.25e-16,4.62e-12,Drosophila,FBpp0073794,7227,CG14406
NOG84714,6,1,7.98,7.33e-16,4.67e-12,Drosophila,FBpp0085098,7227,CG15554
NOG86967,6,1,7.979,7.36e-16,4.69e-12,Drosophila,FBpp0072880,7227,CG9970
NOG86967,6,1,7.979,7.36e-16,4.69e-12,Drosophila,FBpp0075635,7227,CG10752
NOG114217,6,0.9884,7.978,7.42e-16,4.73e-12,Drosophila,FBpp0080837,7227,CG16772
NOG280169,6,0.9746,7.976,7.59e-16,4.83e-12,Drosophila,FBpp0087287,7227,Listericin
NOG84534,6,1,7.967,8.1e-16,5.16e-12,Drosophila,FBpp0082192,7227,CG14383
NOG279959,6,1,7.966,8.17e-16,5.2e-12,Drosophila,FBpp0099982,7227,bocks
NOG85802,6,1,7.965,8.24e-16,5.25e-12,Drosophila,FBpp0083155,7227,CG5217
NOG83236,6,1,7.961,8.52e-16,5.43e-12,Drosophila,FBpp0080518,7227,CG31750
NOG83236,6,1,7.961,8.52e-16,5.43e-12,Drosophila,FBpp0088019,7227,Gr43b
NOG231716,6,1,7.961,8.53e-16,5.43e-12,Drosophila,FBpp0071355,7227,Gr9a
NOG230907,6,0.9419,7.958,8.71e-16,5.55e-12,Drosophila,FBpp0071012,7227,CG1999
NOG281578,6,1,7.956,8.87e-16,5.65e-12,Drosophila,FBpp0071396,7227,Or9a
NOG84531,6,1,7.952,9.18e-16,5.85e-12,Drosophila,FBpp0078420,7227,CG12590
NOG87113,6,1,7.95,9.34e-16,5.95e-12,Drosophila,FBpp0070191,7227,CG11379
NOG281779,6,1,7.95,9.34e-16,5.95e-12,Drosophila,FBpp0290230,7227,CG32221
NOG282188,6,1,7.939,1.02e-15,6.47e-12,Drosophila,FBpp0082869,7227,CG3995
NOG245445,6,1,7.934,1.06e-15,6.74e-12,Drosophila,FBpp0300929,7227,CG13488
NOG84999,6,1,7.933,1.07e-15,6.82e-12,Drosophila,FBpp0080841,7227,Hf
NOG281969,6,0.9806,7.933,1.07e-15,6.84e-12,Drosophila,FBpp0085989,7227,CG14495
NOG84560,6,0.9806,7.927,1.13e-15,7.17e-12,Drosophila,FBpp0113032,7227,CG5172
NOG88470,6,1,7.927,1.13e-15,7.18e-12,Drosophila,FBpp0080907,7227,CG17570
NOG89342,6,0.9884,7.924,1.15e-15,7.33e-12,Drosophila,FBpp0086778,7227,CG12464
NOG84609,6,1,7.924,1.15e-15,7.33e-12,Drosophila,FBpp0079340,7227,CG9483
NOG84226,6,0.9419,7.923,1.16e-15,7.39e-12,Drosophila,FBpp0076641,7227,CG17744
NOG84787,6,0.9806,7.921,1.18e-15,7.49e-12,Drosophila,FBpp0302699,7227,CG43691
NOG255761,6,1,7.912,1.26e-15,8.03e-12,Drosophila,FBpp0072647,7227,CG12011
NOG97246,6,1,7.908,1.3e-15,8.3e-12,Drosophila,FBpp0074172,7227,CG10597
NOG245419,6,0.9419,7.906,1.33e-15,8.49e-12,Drosophila,FBpp0288442,7227,CG32551
NOG257332,6,1,7.903,1.36e-15,8.65e-12,Drosophila,FBpp0079079,7227,CG6441
NOG84448,6,1,7.901,1.38e-15,8.78e-12,Drosophila,FBpp0089300,7227,Obp50a
NOG233410,6,1,7.899,1.4e-15,8.93e-12,Drosophila,FBpp0077505,7227,CG15382
NOG284438,6,0.9302,7.899,1.4e-15,8.94e-12,Drosophila,FBpp0072240,7227,CG30161
NOG88286,6,1,7.898,1.41e-15,9.01e-12,Drosophila,FBpp0302873,7227,CG16825
NOG135410,6,1,7.888,1.53e-15,9.77e-12,Drosophila,FBpp0086563,7227,CG10139
NOG88355,6,1,7.888,1.54e-15,9.78e-12,Drosophila,FBpp0073745,7227,CG13403
NOG257347,6,1,7.887,1.54e-15,9.83e-12,Drosophila,FBpp0289112,7227,CG34221
NOG238667,6,1,7.885,1.58e-15,1e-11,Drosophila,FBpp0079460,7227,CG13117
NOG244405,6,1,7.882,1.61e-15,1.02e-11,Drosophila,FBpp0072284,7227,CG3611
NOG244405,6,1,7.882,1.61e-15,1.02e-11,Drosophila,FBpp0111275,7227,CG34169
NOG87067,6,0.9884,7.881,1.62e-15,1.03e-11,Drosophila,FBpp0111431,7227,pgc
NOG88277,6,1,7.881,1.63e-15,1.04e-11,Drosophila,FBpp0070614,7227,CG12691
NOG88277,6,1,7.881,1.63e-15,1.04e-11,Drosophila,FBpp0070615,7227,CG15572
NOG281576,6,0.9806,7.88,1.64e-15,1.04e-11,Drosophila,FBpp0071433,7227,CG12637
NOG87281,6,1,7.876,1.69e-15,1.08e-11,Drosophila,FBpp0073480,7227,CG15927
NOG42405,6,0.9799,7.875,1.7e-15,1.08e-11,Drosophila,FBpp0072649,7227,CG12035
NOG281519,6,1,7.872,1.75e-15,1.11e-11,Drosophila,FBpp0304172,7227,CG14111
NOG88375,6,0.9884,7.87,1.77e-15,1.12e-11,Drosophila,FBpp0082324,7227,CG9759
NOG240741,6,0.9806,7.868,1.81e-15,1.15e-11,Drosophila,FBpp0305659,7227,Dip1
NOG66549,6,0.9419,7.866,1.84e-15,1.17e-11,Drosophila,FBpp0075995,7227,CG12523
NOG85308,6,1,7.861,1.9e-15,1.21e-11,Drosophila,FBpp0080814,7227,CG10337
NOG84501,6,1,7.856,1.98e-15,1.26e-11,Drosophila,FBpp0305391,7227,CG40198
NOG59232,6,0.9621,7.852,2.04e-15,1.3e-11,Drosophila,FBpp0074389,7227,CG15040
NOG72636,6,0.9993,7.851,2.06e-15,1.31e-11,Drosophila,FBpp0078236,7227,CG1077
NOG282202,6,1,7.849,2.1e-15,1.33e-11,Drosophila,FBpp0084676,7227,Sid
NOG282202,6,1,7.849,2.1e-15,1.33e-11,Drosophila,FBpp0291689,7227,CG33346
NOG84486,6,1,7.849,2.1e-15,1.34e-11,Drosophila,FBpp0079561,7227,CG13131
NOG84453,6,1,7.849,2.1e-15,1.34e-11,Drosophila,FBpp0271911,7227,CG14829
NOG257372,6,1,7.848,2.12e-15,1.35e-11,Drosophila,FBpp0087445,7227,CG12902
NOG89356,6,1,7.848,2.12e-15,1.35e-11,Drosophila,FBpp0112144,7227,CCHa1
NOG281418,6,1,7.846,2.15e-15,1.37e-11,Drosophila,FBpp0077493,7227,Nplp4
NOG83913,6,1,7.845,2.17e-15,1.38e-11,Drosophila,FBpp0071782,7227,Obp58b
NOG86432,6,1,7.843,2.19e-15,1.4e-11,Drosophila,FBpp0080232,7227,CG4691
NOG86432,6,1,7.843,2.19e-15,1.4e-11,Drosophila,FBpp0086609,7227,CG12860
NOG86432,6,1,7.843,2.19e-15,1.4e-11,Drosophila,FBpp0086610,7227,CG12861
NOG86432,6,1,7.843,2.19e-15,1.4e-11,Drosophila,FBpp0087847,7227,boly
NOG86432,6,1,7.843,2.19e-15,1.4e-11,Drosophila,FBpp0087850,7227,hubl
NOG281523,6,0.9419,7.842,2.21e-15,1.41e-11,Drosophila,FBpp0075723,7227,l(3)j2D3
NOG88958,6,1,7.84,2.25e-15,1.43e-11,Drosophila,FBpp0075324,7227,Eig71Eb
NOG88958,6,1,7.84,2.25e-15,1.43e-11,Drosophila,FBpp0075326,7227,Eig71Eg
NOG23450,6,0.9283,7.84,2.26e-15,1.44e-11,Drosophila,FBpp0111309,7227,CG34201
NOG104512,6,1,7.834,2.36e-15,1.5e-11,Drosophila,FBpp0081422,7227,CG33189
NOG84587,6,1,7.832,2.4e-15,1.53e-11,Drosophila,FBpp0080085,7227,CG16852
NOG81630,6,0.9884,7.831,2.42e-15,1.54e-11,Drosophila,FBpp0084085,7227,Ela
NOG87063,6,1,7.829,2.47e-15,1.57e-11,Drosophila,FBpp0073899,7227,CG8191
NOG281468,6,1,7.828,2.47e-15,1.57e-11,Drosophila,FBpp0072353,7227,CG30428
NOG281617,6,0.9884,7.828,2.48e-15,1.58e-11,Drosophila,FBpp0083445,7227,CG7079
NOG282135,6,1,7.827,2.5e-15,1.59e-11,Drosophila,FBpp0073614,7227,CG15756
NOG232025,6,1,7.824,2.57e-15,1.64e-11,Drosophila,FBpp0073613,7227,CG15754
NOG248741,6,1,7.823,2.57e-15,1.64e-11,Drosophila,FBpp0294051,7227,CG15721
NOG92449,6,1,7.822,2.59e-15,1.65e-11,Drosophila,FBpp0080936,7227,CG17470
NOG84750,6,0.9419,7.822,2.6e-15,1.65e-11,Drosophila,FBpp0080695,7227,CG17343
NOG281696,6,0.9806,7.822,2.61e-15,1.66e-11,Drosophila,FBpp0292336,7227,Obp50c
NOG88353,6,1,7.82,2.64e-15,1.68e-11,Drosophila,FBpp0079733,7227,CG12517
NOG86659,6,1,7.817,2.71e-15,1.73e-11,Drosophila,FBpp0080781,7227,CG13084
NOG82094,6,0.9419,7.812,2.81e-15,1.79e-11,Drosophila,FBpp0075223,7227,CG13065
NOG84917,6,0.9806,7.812,2.81e-15,1.79e-11,Drosophila,FBpp0082561,7227,h-cup
NOG85070,6,0.9884,7.812,2.81e-15,1.79e-11,Drosophila,FBpp0079782,7227,CG14915
NOG84635,6,0.9806,7.811,2.84e-15,1.81e-11,Drosophila,FBpp0079430,7227,CG13113
NOG87340,6,0.9419,7.81,2.87e-15,1.83e-11,Drosophila,FBpp0073712,7227,CG12481
NOG257370,6,1,7.809,2.87e-15,1.83e-11,Drosophila,FBpp0288843,7227,CG15109
NOG230458,6,1,7.808,2.91e-15,1.85e-11,Drosophila,FBpp0073838,7227,CG9106
NOG84690,6,1,7.804,3e-15,1.91e-11,Drosophila,FBpp0078089,7227,CG14564
NOG240193,6,1,7.801,3.06e-15,1.95e-11,Drosophila,FBpp0077787,7227,CG11555
NOG272091,6,0.953,7.801,3.08e-15,1.96e-11,Drosophila,FBpp0084981,7227,CG9682
NOG252958,6,1,7.8,3.11e-15,1.98e-11,Drosophila,FBpp0085668,7227,CG11018
NOG84085,6,0.9302,7.797,3.16e-15,2.01e-11,Drosophila,FBpp0070684,7227,CG12682
NOG84273,6,1,7.796,3.19e-15,2.03e-11,Drosophila,FBpp0077592,7227,CG14346
NOG84273,6,1,7.796,3.19e-15,2.03e-11,Drosophila,FBpp0099419,7227,CG34008
NOG84349,6,1,7.795,3.22e-15,2.05e-11,Drosophila,FBpp0086632,7227,CG33468
NOG84349,6,1,7.795,3.22e-15,2.05e-11,Drosophila,FBpp0290949,7227,CG12868
NOG245429,6,0.9884,7.794,3.25e-15,2.07e-11,Drosophila,FBpp0111301,7227,CG34193
NOG85290,6,1,7.786,3.45e-15,2.2e-11,Drosophila,FBpp0082651,7227,CG5623
NOG86685,6,0.9225,7.786,3.47e-15,2.21e-11,Drosophila,FBpp0075576,7227,SNCF
NOG42680,6,0.9644,7.785,3.47e-15,2.21e-11,Drosophila,FBpp0294019,7227,CG13358
NOG83234,6,0.9806,7.785,3.48e-15,2.22e-11,Drosophila,FBpp0288817,7227,CG13026
NOG83815,6,0.9109,7.785,3.49e-15,2.22e-11,Drosophila,FBpp0099574,7227,CG33095
NOG87391,6,0.9884,7.785,3.49e-15,2.22e-11,Drosophila,FBpp0087288,7227,CG13215
NOG257353,6,0.9884,7.783,3.55e-15,2.26e-11,Drosophila,FBpp0071410,7227,CG12643
NOG87648,6,0.9302,7.782,3.56e-15,2.27e-11,Drosophila,FBpp0298013,7227,CG18539
NOG84900,6,1,7.782,3.57e-15,2.27e-11,Drosophila,FBpp0074399,7227,CG15046
NOG84850,6,1,7.781,3.61e-15,2.3e-11,Drosophila,FBpp0076009,7227,CG14151
NOG84850,6,1,7.781,3.61e-15,2.3e-11,Drosophila,FBpp0111347,7227,CG34238
NOG281511,6,1,7.78,3.64e-15,2.32e-11,Drosophila,FBpp0076834,7227,CG10591
NOG281517,6,1,7.78,3.64e-15,2.32e-11,Drosophila,FBpp0087843,7227,CG2127
NOG267787,6,0.969,7.779,3.65e-15,2.33e-11,Drosophila,FBpp0078355,7227,CG31551
NOG87344,6,1,7.777,3.72e-15,2.37e-11,Drosophila,FBpp0074376,7227,CG12609
NOG87344,6,1,7.777,3.72e-15,2.37e-11,Drosophila,FBpp0289653,7227,CG31627
NOG87301,6,1,7.766,4.05e-15,2.58e-11,Drosophila,FBpp0075009,7227,CG13725
NOG280892,6,0.9806,7.765,4.08e-15,2.6e-11,Drosophila,FBpp0076058,7227,Ilp2
NOG87374,6,1,7.757,4.36e-15,2.78e-11,Drosophila,FBpp0070625,7227,CG15579
NOG84594,6,0.9419,7.755,4.43e-15,2.82e-11,Drosophila,FBpp0076444,7227,CG7366
NOG244411,6,1,7.753,4.48e-15,2.85e-11,Drosophila,FBpp0076547,7227,mei-P22
NOG84959,6,0.9419,7.753,4.48e-15,2.86e-11,Drosophila,FBpp0080098,7227,CG16956
NOG136474,6,1,7.752,4.52e-15,2.88e-11,Drosophila,FBpp0292441,7227,CG13071
NOG282203,6,1,7.75,4.59e-15,2.92e-11,Drosophila,FBpp0083446,7227,CG31207
NOG73833,6,0.9983,7.749,4.64e-15,2.95e-11,Drosophila,FBpp0082262,7227,CG9269
NOG250192,6,1,7.748,4.66e-15,2.97e-11,Drosophila,FBpp0076721,7227,CG13299
NOG282081,6,0.9419,7.747,4.7e-15,2.99e-11,Drosophila,FBpp0071907,7227,CG13539
NOG257337,6,1,7.747,4.71e-15,3e-11,Drosophila,FBpp0085665,7227,CG18367
NOG250186,6,1,7.747,4.72e-15,3.01e-11,Drosophila,FBpp0080574,7227,CG5674
NOG87196,6,0.9419,7.746,4.75e-15,3.02e-11,Drosophila,FBpp0075601,7227,CG32119
NOG83396,6,1,7.745,4.76e-15,3.03e-11,Drosophila,FBpp0084274,7227,CG5039
NOG281817,6,1,7.737,5.08e-15,3.23e-11,Drosophila,FBpp0087271,7227,CG18336
NOG30751,6,0.933,7.732,5.3e-15,3.38e-11,Drosophila,FBpp0073569,7227,CG12723
NOG282894,6,0.9419,7.726,5.54e-15,3.53e-11,Drosophila,FBpp0303313,7227,ms(3)76Ba
NOG237262,6,1,7.723,5.67e-15,3.61e-11,Drosophila,FBpp0071018,7227,CG15036
NOG259056,6,0.8736,7.722,5.74e-15,3.66e-11,Drosophila,FBpp0292793,7227,CG17732
NOG234312,6,0.9806,7.721,5.76e-15,3.67e-11,Drosophila,FBpp0081452,7227,CG11997
NOG231171,6,0.9806,7.72,5.81e-15,3.7e-11,Drosophila,FBpp0305205,7227,CG13376
NOG257368,6,1,7.719,5.85e-15,3.72e-11,Drosophila,FBpp0085552,7227,CG13443
NOG250183,6,0.9419,7.718,5.92e-15,3.77e-11,Drosophila,FBpp0082257,7227,CG14369
NOG246554,6,0.9302,7.715,6.06e-15,3.86e-11,Drosophila,FBpp0085533,7227,CG30154
NOG257357,6,1,7.712,6.18e-15,3.93e-11,Drosophila,FBpp0070035,7227,CG12655
NOG88331,6,1,7.709,6.33e-15,4.03e-11,Drosophila,FBpp0075760,7227,CG14131
NOG85052,6,1,7.708,6.39e-15,4.07e-11,Drosophila,FBpp0075447,7227,gnu
NOG82413,6,0.9419,7.705,6.56e-15,4.18e-11,Drosophila,FBpp0073547,7227,CG32643
NOG88497,6,0.9419,7.702,6.68e-15,4.25e-11,Drosophila,FBpp0071955,7227,CG3124
NOG230298,6,0.9225,7.702,6.7e-15,4.27e-11,Drosophila,FBpp0305008,7227,CG13814
NOG102188,6,0.9806,7.697,6.95e-15,4.43e-11,Drosophila,FBpp0076149,7227,Or67b
NOG136042,6,1,7.696,7.02e-15,4.47e-11,Drosophila,FBpp0081817,7227,CG18577
NOG84916,6,0.9419,7.693,7.17e-15,4.57e-11,Drosophila,FBpp0305545,7227,CG13786
NOG85051,6,0.9302,7.689,7.41e-15,4.72e-11,Drosophila,FBpp0082442,7227,CG8087
NOG237254,6,0.9225,7.689,7.42e-15,4.73e-11,Drosophila,FBpp0071877,7227,CG30192
NOG265693,6,0.9419,7.688,7.45e-15,4.74e-11,Drosophila,FBpp0084196,7227,CG11878
NOG265693,6,0.9419,7.688,7.45e-15,4.74e-11,Drosophila,FBpp0100074,7227,CG11889
NOG265693,6,0.9419,7.688,7.45e-15,4.74e-11,Drosophila,FBpp0289408,7227,CG11891
NOG91349,6,0.9806,7.688,7.5e-15,4.77e-11,Drosophila,FBpp0077021,7227,CG15459
NOG88908,6,0.9419,7.687,7.52e-15,4.79e-11,Drosophila,FBpp0298289,7227,rux
NOG283213,6,0.9302,7.684,7.73e-15,4.92e-11,Drosophila,FBpp0080379,7227,CG31819
NOG91725,6,0.9419,7.683,7.77e-15,4.95e-11,Drosophila,FBpp0078871,7227,CG13998
NOG281217,6,0.9419,7.683,7.78e-15,4.95e-11,Drosophila,FBpp0072241,7227,Cpr60D
NOG245453,6,1,7.679,8.04e-15,5.12e-11,Drosophila,FBpp0070193,7227,CG14626
NOG88481,6,1,7.678,8.11e-15,5.16e-11,Drosophila,FBpp0078915,7227,CG13983
NOG282358,6,0.9884,7.677,8.15e-15,5.19e-11,Drosophila,FBpp0100004,7227,CG14245
NOG87668,6,0.9419,7.668,8.76e-15,5.58e-11,Drosophila,FBpp0079837,7227,CG4983
NOG84525,6,0.9419,7.667,8.78e-15,5.59e-11,Drosophila,FBpp0082453,7227,CG3610
NOG87073,6,0.9419,7.667,8.79e-15,5.6e-11,Drosophila,FBpp0304286,7227,CG12923
NOG88475,6,0.9419,7.666,8.86e-15,5.64e-11,Drosophila,FBpp0083578,7227,CG5791
NOG281585,6,1,7.665,8.92e-15,5.68e-11,Drosophila,FBpp0075725,7227,CG11560
NOG267757,6,0.9165,7.663,9.06e-15,5.77e-11,Drosophila,FBpp0078784,7227,CG14000
NOG246545,6,0.9225,7.659,9.4e-15,5.99e-11,Drosophila,FBpp0080579,7227,CG5693
NOG84177,6,0.9225,7.657,9.5e-15,6.05e-11,Drosophila,FBpp0289436,7227,CG42445
NOG81981,6,0.9302,7.657,9.55e-15,6.08e-11,Drosophila,FBpp0074156,7227,CG4955
NOG233405,6,0.9419,7.655,9.68e-15,6.16e-11,Drosophila,FBpp0071025,7227,CG11369
NOG246546,6,0.9225,7.65,1e-14,6.39e-11,Drosophila,FBpp0077053,7227,CG17601
NOG231429,6,0.9225,7.649,1.01e-14,6.45e-11,Drosophila,FBpp0085456,7227,CG15909
NOG85918,6,1,7.647,1.03e-14,6.53e-11,Drosophila,FBpp0075924,7227,CG14147
NOG281422,6,0.9419,7.644,1.05e-14,6.7e-11,Drosophila,FBpp0077532,7227,CG15353
NOG247693,6,0.9419,7.639,1.09e-14,6.96e-11,Drosophila,FBpp0087289,7227,CG13216
NOG252949,6,0.9302,7.634,1.14e-14,7.25e-11,Drosophila,FBpp0075076,7227,CG9692
NOG85416,6,0.9302,7.634,1.14e-14,7.27e-11,Drosophila,FBpp0289812,7227,CG10164
NOG135467,6,0.9419,7.632,1.15e-14,7.36e-11,Drosophila,FBpp0080651,7227,CG15167
NOG88387,6,0.9419,7.632,1.16e-14,7.39e-11,Drosophila,FBpp0079764,7227,CG14069
NOG32250,6,0.88,7.624,1.23e-14,7.84e-11,Drosophila,FBpp0081579,7227,Fst
NOG84311,6,0.9225,7.621,1.25e-14,7.99e-11,Drosophila,FBpp0073220,7227,CG13712
NOG82126,6,0.9419,7.619,1.28e-14,8.16e-11,Drosophila,FBpp0077413,7227,CG15399
NOG240184,6,1,7.618,1.29e-14,8.19e-11,Drosophila,FBpp0084838,7227,CG7567
NOG240184,6,1,7.618,1.29e-14,8.19e-11,Drosophila,FBpp0289453,7227,CG34005
NOG281986,6,1,7.617,1.3e-14,8.25e-11,Drosophila,FBpp0086592,7227,CG10209
NOG88599,6,1,7.616,1.31e-14,8.33e-11,Drosophila,FBpp0087423,7227,CG12914
NOG257349,6,0.8837,7.616,1.31e-14,8.34e-11,Drosophila,FBpp0292971,7227,CG42489
NOG87166,6,0.9419,7.611,1.36e-14,8.69e-11,Drosophila,FBpp0078087,7227,CG14573
NOG88098,6,0.9419,7.605,1.43e-14,9.09e-11,Drosophila,FBpp0087580,7227,CG1690
NOG244393,6,0.9419,7.604,1.44e-14,9.16e-11,Drosophila,FBpp0070376,7227,CG3457
NOG248724,6,1,7.604,1.44e-14,9.17e-11,Drosophila,FBpp0085666,7227,CG15124
NOG88560,6,0.9419,7.603,1.45e-14,9.24e-11,Drosophila,FBpp0293783,7227,CG14071
NOG84832,6,0.9419,7.596,1.53e-14,9.74e-11,Drosophila,FBpp0087725,7227,CG13751
NOG235478,6,0.9419,7.595,1.54e-14,9.79e-11,Drosophila,FBpp0290300,7227,CG34302
NOG84805,6,0.9419,7.588,1.62e-14,1.03e-10,Drosophila,FBpp0289863,7227,CG42505
NOG245440,6,0.9419,7.584,1.67e-14,1.07e-10,Drosophila,FBpp0082258,7227,CG31337
NOG87569,6,0.8971,7.582,1.7e-14,1.08e-10,Drosophila,FBpp0112240,7227,CG17618
NOG105655,6,0.9225,7.581,1.72e-14,1.09e-10,Drosophila,FBpp0079990,7227,CG5781
NOG88635,6,0.9419,7.579,1.74e-14,1.11e-10,Drosophila,FBpp0085677,7227,CG15127
NOG81894,6,0.9365,7.572,1.84e-14,1.17e-10,Drosophila,FBpp0290303,7227,natalisin
NOG86618,6,0.9419,7.571,1.85e-14,1.18e-10,Drosophila,FBpp0074987,7227,CG13733
NOG244417,6,0.9419,7.569,1.88e-14,1.2e-10,Drosophila,FBpp0084982,7227,CG18404
NOG90803,6,0.9577,7.568,1.9e-14,1.21e-10,Drosophila,FBpp0083763,7227,CG13836
NOG237256,6,0.9419,7.566,1.92e-14,1.22e-10,Drosophila,FBpp0080388,7227,c(2)M
NOG83422,6,0.9419,7.565,1.93e-14,1.23e-10,Drosophila,FBpp0074368,7227,CG15047
NOG39545,6,0.8821,7.564,1.96e-14,1.25e-10,Drosophila,FBpp0074057,7227,CG13014
NOG282339,6,0.9806,7.56,2.01e-14,1.28e-10,Drosophila,FBpp0304181,7227,CG12971
NOG84613,6,0.9419,7.554,2.11e-14,1.34e-10,Drosophila,FBpp0085534,7227,CG18067
NOG87812,6,0.8837,7.554,2.11e-14,1.34e-10,Drosophila,FBpp0079932,7227,CG31862
NOG82132,6,1,7.554,2.11e-14,1.35e-10,Drosophila,FBpp0303917,7227,CG13255
NOG84266,6,1,7.549,2.2e-14,1.4e-10,Drosophila,FBpp0075678,7227,CG10969
NOG282407,6,1,7.547,2.22e-14,1.42e-10,Drosophila,FBpp0288667,7227,CG16775
NOG245438,6,0.9419,7.542,2.31e-14,1.47e-10,Drosophila,FBpp0071333,7227,CG32695
NOG257334,6,0.9806,7.541,2.33e-14,1.48e-10,Drosophila,FBpp0075128,7227,Nplp3
NOG84494,6,0.9419,7.538,2.39e-14,1.52e-10,Drosophila,FBpp0292796,7227,CG31848
NOG87045,6,0.9419,7.537,2.4e-14,1.53e-10,Drosophila,FBpp0070725,7227,CG3323
NOG245437,6,0.9419,7.53,2.54e-14,1.61e-10,Drosophila,FBpp0080783,7227,CG13083
NOG88370,6,0.9225,7.529,2.56e-14,1.63e-10,Drosophila,FBpp0085579,7227,CG13428
NOG83248,6,0.9419,7.526,2.62e-14,1.67e-10,Drosophila,FBpp0070314,7227,CG4194
NOG98251,6,1,7.52,2.75e-14,1.75e-10,Drosophila,FBpp0080093,7227,CG9263
NOG84490,6,1,7.519,2.75e-14,1.75e-10,Drosophila,FBpp0086325,7227,CG30324
NOG84836,6,0.9109,7.519,2.77e-14,1.76e-10,Drosophila,FBpp0086518,7227,Mtk
NOG281479,6,0.9302,7.513,2.88e-14,1.83e-10,Drosophila,FBpp0076101,7227,Ilp4
NOG91534,6,0.9419,7.513,2.88e-14,1.84e-10,Drosophila,FBpp0075304,7227,Z600
NOG84809,6,0.9419,7.508,3e-14,1.91e-10,Drosophila,FBpp0085847,7227,CG16836
NOG281471,6,0.9225,7.508,3.01e-14,1.92e-10,Drosophila,FBpp0292518,7227,CG14244
NOG59099,6,0.8948,7.505,3.07e-14,1.96e-10,Drosophila,FBpp0085490,7227,CG3287
NOG240497,6,0.9492,7.502,3.13e-14,2e-10,Drosophila,FBpp0078687,7227,l(2)05714
NOG86007,6,0.9419,7.502,3.14e-14,2e-10,Drosophila,FBpp0086781,7227,IM10
NOG86007,6,0.9419,7.502,3.14e-14,2e-10,Drosophila,FBpp0086782,7227,CG33470
NOG231719,6,0.9302,7.5,3.19e-14,2.03e-10,Drosophila,FBpp0070167,7227,CG14631
NOG250173,6,0.9419,7.495,3.31e-14,2.11e-10,Drosophila,FBpp0301832,7227,CG13742
NOG84447,6,0.9419,7.495,3.31e-14,2.11e-10,Drosophila,FBpp0074219,7227,CG8664
NOG84447,6,0.9419,7.495,3.31e-14,2.11e-10,Drosophila,FBpp0084253,7227,CG5107
NOG91811,6,0.8837,7.494,3.34e-14,2.13e-10,Drosophila,FBpp0302860,7227,CG43709
NOG276853,6,0.8179,7.493,3.38e-14,2.15e-10,Drosophila,FBpp0081402,7227,hng2
NOG281623,6,0.9225,7.489,3.48e-14,2.21e-10,Drosophila,FBpp0079336,7227,CG32986
NOG87007,6,0.9419,7.479,3.74e-14,2.38e-10,Drosophila,FBpp0302938,7227,CG43725
NOG281538,6,0.9419,7.476,3.83e-14,2.44e-10,Drosophila,FBpp0081692,7227,CG31407
NOG88514,6,0.9419,7.468,4.07e-14,2.59e-10,Drosophila,FBpp0075988,7227,CG14153
NOG84658,6,0.9419,7.464,4.2e-14,2.67e-10,Drosophila,FBpp0112177,7227,CG5778
NOG88584,6,0.9419,7.462,4.25e-14,2.7e-10,Drosophila,FBpp0070541,7227,CG14417
NOG271056,6,0.8955,7.458,4.38e-14,2.79e-10,Drosophila,FBpp0070456,7227,CG2662
NOG241617,6,0.9419,7.456,4.47e-14,2.85e-10,Drosophila,FBpp0070631,7227,Femcoat
NOG250207,6,1,7.454,4.53e-14,2.89e-10,Drosophila,FBpp0078186,7227,CG14448
NOG230906,6,0.9419,7.447,4.79e-14,3.05e-10,Drosophila,FBpp0080065,7227,CG15482
NOG84685,6,0.9419,7.441,4.99e-14,3.18e-10,Drosophila,FBpp0079361,7227,CG18662
NOG262756,6,0.9419,7.44,5.03e-14,3.2e-10,Drosophila,FBpp0073637,7227,BthD
NOG245435,6,0.9419,7.43,5.41e-14,3.45e-10,Drosophila,FBpp0083709,7227,CG13841
NOG88581,6,0.9419,7.43,5.43e-14,3.46e-10,Drosophila,FBpp0071675,7227,mei-S332
NOG101660,6,0.9225,7.426,5.59e-14,3.56e-10,Drosophila,FBpp0077160,7227,CG15425
NOG282140,6,0.9225,7.425,5.65e-14,3.6e-10,Drosophila,FBpp0075592,7227,CG14106
NOG244407,6,0.9419,7.423,5.73e-14,3.65e-10,Drosophila,FBpp0086165,7227,tef
NOG257331,6,0.9419,7.42,5.87e-14,3.74e-10,Drosophila,FBpp0077559,7227,CG7295
NOG240180,6,0.9419,7.417,6e-14,3.82e-10,Drosophila,FBpp0084934,7227,CG15530
NOG257351,6,1,7.412,6.21e-14,3.95e-10,Drosophila,FBpp0079512,7227,CG13121
NOG257371,6,0.9302,7.404,6.6e-14,4.2e-10,Drosophila,FBpp0071928,7227,CG13557
NOG84740,6,0.9419,7.403,6.67e-14,4.25e-10,Drosophila,FBpp0075356,7227,CG13454
NOG248739,6,0.9419,7.4,6.8e-14,4.33e-10,Drosophila,FBpp0086794,7227,CG13332
NOG87880,6,0.8784,7.4,6.81e-14,4.34e-10,Drosophila,FBpp0089127,7227,Obp56g
NOG90902,6,0.8837,7.398,6.94e-14,4.42e-10,Drosophila,FBpp0078047,7227,CG7202
NOG78485,6,0.9225,7.397,6.96e-14,4.43e-10,Drosophila,FBpp0288946,7227,CG42288
NOG281539,6,0.9225,7.396,7.02e-14,4.47e-10,Drosophila,FBpp0288721,7227,CG9592
NOG246551,6,1,7.393,7.17e-14,4.56e-10,Drosophila,FBpp0074321,7227,Him
NOG74657,6,0.8857,7.388,7.46e-14,4.75e-10,Drosophila,FBpp0302696,7227,fok
NOG87221,6,0.9225,7.388,7.48e-14,4.76e-10,Drosophila,FBpp0084881,7227,CG15517
NOG240740,6,0.9225,7.383,7.75e-14,4.93e-10,Drosophila,FBpp0303876,7227,CG34265
NOG244408,6,0.9419,7.365,8.86e-14,5.64e-10,Drosophila,FBpp0085779,7227,Ir56a
NOG87375,6,0.9225,7.364,8.95e-14,5.7e-10,Drosophila,FBpp0111410,7227,CG34301
NOG88364,6,0.9419,7.363,8.97e-14,5.71e-10,Drosophila,FBpp0080108,7227,CG31813
NOG88525,6,0.9884,7.363,8.98e-14,5.72e-10,Drosophila,FBpp0288432,7227,CG30050
NOG03775,6,0.8543,7.348,1.01e-13,6.42e-10,Drosophila,FBpp0304683,7227,CG5787
NOG87062,6,0.9419,7.343,1.05e-13,6.67e-10,Drosophila,FBpp0082908,7227,AttD
NOG87412,6,0.8837,7.341,1.06e-13,6.76e-10,Drosophila,FBpp0073386,7227,Kmn1
NOG84829,6,0.9419,7.336,1.1e-13,6.99e-10,Drosophila,FBpp0083090,7227,CG31226
NOG281537,6,0.9419,7.326,1.19e-13,7.56e-10,Drosophila,FBpp0083458,7227,CG17298
NOG89807,6,0.9419,7.303,1.4e-13,8.94e-10,Drosophila,FBpp0288653,7227,CG15024
NOG104315,6,0.8837,7.283,1.63e-13,1.04e-9,Drosophila,FBpp0070724,7227,CG17764
NOG82645,6,0.9419,7.282,1.65e-13,1.05e-9,Drosophila,FBpp0085114,7227,CG15549
NOG89986,6,0.9302,7.265,1.87e-13,1.19e-9,Drosophila,FBpp0291524,7227,CG34256
NOG83603,6,0.9302,7.263,1.89e-13,1.2e-9,Drosophila,FBpp0074681,7227,hale
NOG244391,6,0.8397,7.262,1.9e-13,1.21e-9,Drosophila,FBpp0082913,7227,CG31360
NOG35614,6,0.86240000000000006,7.237,2.3e-13,1.46e-9,Drosophila,FBpp0271856,7227,CG13305
NOG281575,6,0.8644,7.227,2.46e-13,1.57e-9,Drosophila,FBpp0112082,7227,CG12520
NOG282083,6,0.9419,7.224,2.52e-13,1.61e-9,Drosophila,FBpp0087448,7227,Obp46a
NOG74234,6,0.873,7.219,2.63e-13,1.67e-9,Drosophila,FBpp0085645,7227,Or56a
NOG23029,6,0.7305,7.203,2.95e-13,1.88e-9,Drosophila,FBpp0075871,7227,Muc68Ca
NOG135485,6,0.8837,7.202,2.96e-13,1.89e-9,Drosophila,FBpp0076984,7227,CG15452
NOG34088,6,0.8665,7.187,3.32e-13,2.11e-9,Drosophila,FBpp0078820,7227,CG9147
NOG77632,6,0.8837,7.183,3.42e-13,2.18e-9,Drosophila,FBpp0074155,7227,CG4949
NOG87835,6,0.8837,7.169,3.77e-13,2.4e-9,Drosophila,FBpp0071890,7227,CG9877
NOG86765,6,0.8837,7.162,3.99e-13,2.54e-9,Drosophila,FBpp0290480,7227,CG42561
NOG282118,6,0.9225,7.155,4.17e-13,2.66e-9,Drosophila,FBpp0288664,7227,CG15023
NOG31351,6,0.847,7.146,4.45e-13,2.84e-9,Drosophila,FBpp0078253,7227,CG15594
NOG84089,6,0.8583,7.134,4.89e-13,3.11e-9,Drosophila,FBpp0305613,7227,CG31704
NOG85075,6,0.9419,7.13,5e-13,3.19e-9,Drosophila,FBpp0304813,7227,CG14006
NOG136313,6,0.8837,7.099,6.27e-13,4e-9,Drosophila,FBpp0078199,7227,CG13239
NOG36440,6,0.826,7.083,7.08e-13,4.51e-9,Drosophila,FBpp0075067,7227,CG13023
NOG87052,6,0.8721,7.004,1.24e-12,7.92e-9,Drosophila,FBpp0288433,7227,CG30096
NOG87264,6,0.8644,6.94,1.97e-12,1.25e-8,Drosophila,FBpp0301046,7227,CG14050
NOG270914,6,0.7022,6.838,4.01e-12,2.55e-8,Drosophila,FBpp0075850,7227,Muc68D
NOG270914,6,0.7022,6.838,4.01e-12,2.55e-8,Drosophila,FBpp0076441,7227,CG7213
NOG00838,6,0.756,6.767,6.57e-12,4.19e-8,Drosophila,FBpp0070743,7227,CG15784
NOG246334,6,0.7506,6.659,1.37e-11,8.75e-8,Drosophila,FBpp0070780,7227,CG12239
NOG246334,6,0.7506,6.659,1.37e-11,8.75e-8,Drosophila,FBpp0071076,7227,CG15333
NOG246334,6,0.7506,6.659,1.37e-11,8.75e-8,Drosophila,FBpp0071079,7227,CG15332
NOG07378,6,0.6312,6.596,2.11e-11,1.34e-7,Drosophila,FBpp0080768,7227,CG31797
NOG07378,6,0.6312,6.596,2.11e-11,1.34e-7,Drosophila,FBpp0303539,7227,CG43755
NOG09626,6,0.4603,4.837,6.58e-7,0.00419,Drosophila,FBpp0076204,7227,CG3448
NOG85786,7,1,8.329,4.07e-17,2.59e-13,Tephritoidea,FBpp0304351,7227,CG10479
NOG232455,7,0.9882,8.225,9.78e-17,6.23e-13,Tephritoidea,FBpp0077556,7227,Gr22e
NOG232455,7,0.9882,8.225,9.78e-17,6.23e-13,Tephritoidea,FBpp0077565,7227,Gr22a
NOG232455,7,0.9882,8.225,9.78e-17,6.23e-13,Tephritoidea,FBpp0077566,7227,Gr22c
NOG232455,7,0.9882,8.225,9.78e-17,6.23e-13,Tephritoidea,FBpp0077568,7227,Gr22f
NOG232455,7,0.9882,8.225,9.78e-17,6.23e-13,Tephritoidea,FBpp0099546,7227,Gr22b
NOG232455,7,0.9882,8.225,9.78e-17,6.23e-13,Tephritoidea,FBpp0301799,7227,Gr22d
NOG236039,7,1,8.2,1.2e-16,7.63e-13,Tephritoidea,FBpp0083339,7227,CG17267
NOG88264,7,0.9882,8.168,1.57e-16,9.99e-13,Tephritoidea,FBpp0078626,7227,CG31516
NOG230910,7,1,8.133,2.1e-16,1.34e-12,Tephritoidea,FBpp0073252,7227,CG1552
NOG87611,7,0.9411,8.129,2.17e-16,1.38e-12,Tephritoidea,FBpp0075232,7227,CG13049
NOG88434,7,0.9746,8.127,2.2e-16,1.4e-12,Tephritoidea,FBpp0100006,7227,CG13380
NOG84096,7,0.9804,8.121,2.31e-16,1.47e-12,Tephritoidea,FBpp0074637,7227,CG14187
NOG99100,7,1,8.112,2.48e-16,1.58e-12,Tephritoidea,FBpp0072521,7227,CG13912
NOG278263,7,0.9815,8.112,2.49e-16,1.58e-12,Tephritoidea,FBpp0305209,7227,CG43759
NOG82963,7,1,8.062,3.74e-16,2.38e-12,Tephritoidea,FBpp0084889,7227,CG15514
NOG84735,7,0.9804,8.053,4.05e-16,2.58e-12,Tephritoidea,FBpp0075299,7227,CG13455
NOG244416,7,0.9804,8.048,4.21e-16,2.68e-12,Tephritoidea,FBpp0073021,7227,CG10853
NOG86633,7,1,8.009,5.76e-16,3.67e-12,Tephritoidea,FBpp0081423,7227,CG33191
NOG35226,7,0.9768,7.992,6.64e-16,4.23e-12,Tephritoidea,FBpp0290140,7227,CG2750
NOG84062,7,1,7.984,7.09e-16,4.51e-12,Tephritoidea,FBpp0292835,7227,CG42821
NOG84062,7,1,7.984,7.09e-16,4.51e-12,Tephritoidea,FBpp0292836,7227,CG42822
NOG262778,7,1,7.979,7.4e-16,4.71e-12,Tephritoidea,FBpp0302615,7227,CG17147
NOG88943,7,1,7.969,8.01e-16,5.1e-12,Tephritoidea,FBpp0076866,7227,CG15212
NOG240191,7,1,7.957,8.84e-16,5.63e-12,Tephritoidea,FBpp0075579,7227,ImpL1
NOG90822,7,1,7.943,9.88e-16,6.3e-12,Tephritoidea,FBpp0080744,7227,CG13085
NOG87109,7,1,7.93,1.1e-15,6.99e-12,Tephritoidea,FBpp0083601,7227,CG7080
NOG113809,7,0.9804,7.925,1.14e-15,7.24e-12,Tephritoidea,FBpp0085747,7227,CG11906
NOG242423,7,1,7.911,1.27e-15,8.12e-12,Tephritoidea,FBpp0077599,7227,CG18131
NOG89796,7,1,7.903,1.36e-15,8.64e-12,Tephritoidea,FBpp0078254,7227,Osi13
NOG87764,7,1,7.903,1.36e-15,8.69e-12,Tephritoidea,FBpp0071874,7227,Gr59a
NOG87764,7,1,7.903,1.36e-15,8.69e-12,Tephritoidea,FBpp0071875,7227,Gr59b
NOG82298,7,1,7.901,1.38e-15,8.78e-12,Tephritoidea,FBpp0297923,7227,Bacc
NOG84175,7,1,7.891,1.5e-15,9.55e-12,Tephritoidea,FBpp0111356,7227,CG34247
NOG88225,7,1,7.887,1.54e-15,9.83e-12,Tephritoidea,FBpp0289901,7227,CG10317
NOG244412,7,1,7.878,1.66e-15,1.06e-11,Tephritoidea,FBpp0075496,7227,CG13737
NOG87035,7,1,7.876,1.69e-15,1.08e-11,Tephritoidea,FBpp0084243,7227,bam
NOG135497,7,0.9411,7.873,1.73e-15,1.1e-11,Tephritoidea,FBpp0082158,7227,Spc25
NOG84708,7,0.9411,7.869,1.79e-15,1.14e-11,Tephritoidea,FBpp0082901,7227,CG7587
NOG84708,7,0.9411,7.869,1.79e-15,1.14e-11,Tephritoidea,FBpp0292838,7227,CG42823
NOG250188,7,0.9804,7.864,1.86e-15,1.18e-11,Tephritoidea,FBpp0085983,7227,CG5084
NOG84961,7,0.9804,7.851,2.06e-15,1.31e-11,Tephritoidea,FBpp0070532,7227,CG17959
NOG98220,7,1,7.85,2.08e-15,1.32e-11,Tephritoidea,FBpp0087741,7227,CG13747
NOG110605,7,1,7.827,2.49e-15,1.59e-11,Tephritoidea,FBpp0072030,7227,CG3906
NOG246561,7,1,7.825,2.54e-15,1.62e-11,Tephritoidea,FBpp0071783,7227,Obp58d
NOG87342,7,1,7.818,2.68e-15,1.7e-11,Tephritoidea,FBpp0073841,7227,CG9101
NOG83581,7,0.9882,7.804,3.01e-15,1.91e-11,Tephritoidea,FBpp0083662,7227,CG13843
NOG87240,7,1,7.804,3.01e-15,1.91e-11,Tephritoidea,FBpp0084357,7227,CG14546
NOG84672,7,1,7.803,3.03e-15,1.93e-11,Tephritoidea,FBpp0080429,7227,CG5968
NOG272029,7,0.9492,7.801,3.06e-15,1.95e-11,Tephritoidea,FBpp0088047,7227,CG11125
NOG85003,7,1,7.798,3.13e-15,2e-11,Tephritoidea,FBpp0085800,7227,CG15083
NOG82161,7,0.9117,7.795,3.21e-15,2.05e-11,Tephritoidea,FBpp0292195,7227,CG42728
NOG86428,7,1,7.786,3.46e-15,2.21e-11,Tephritoidea,FBpp0075692,7227,ver
NOG88263,7,1,7.775,3.78e-15,2.41e-11,Tephritoidea,FBpp0074889,7227,CG7341
NOG260184,7,1,7.768,3.98e-15,2.53e-11,Tephritoidea,FBpp0078959,7227,CG13766
NOG133150,7,0.9882,7.765,4.09e-15,2.6e-11,Tephritoidea,FBpp0111310,7227,CG34202
NOG17263,7,0.9506,7.763,4.15e-15,2.64e-11,Tephritoidea,FBpp0071897,7227,CG9896
NOG84798,7,1,7.76,4.23e-15,2.69e-11,Tephritoidea,FBpp0289327,7227,CG12426
NOG88572,7,0.9411,7.755,4.41e-15,2.81e-11,Tephritoidea,FBpp0075522,7227,CG13484
NOG77689,7,1,7.746,4.73e-15,3.01e-11,Tephritoidea,FBpp0080008,7227,A16
NOG82697,7,0.8693,7.744,4.8e-15,3.06e-11,Tephritoidea,FBpp0289267,7227,CG42379
NOG82114,7,1,7.744,4.81e-15,3.06e-11,Tephritoidea,FBpp0084527,7227,CG14260
NOG82114,7,1,7.744,4.81e-15,3.06e-11,Tephritoidea,FBpp0084547,7227,CG14262
NOG83825,7,1,7.742,4.88e-15,3.11e-11,Tephritoidea,FBpp0084179,7227,CG13653
NOG239430,7,1,7.739,5.02e-15,3.2e-11,Tephritoidea,FBpp0090979,7227,CG33630
NOG239430,7,1,7.739,5.02e-15,3.2e-11,Tephritoidea,FBpp0090980,7227,CG33631
NOG84823,7,1,7.735,5.16e-15,3.28e-11,Tephritoidea,FBpp0089321,7227,Obp56c
NOG90133,7,0.9293,7.725,5.57e-15,3.55e-11,Tephritoidea,FBpp0305223,7227,CG15357
NOG255749,7,0.9293,7.718,5.91e-15,3.76e-11,Tephritoidea,FBpp0072207,7227,CG13581
NOG250204,7,0.9411,7.717,5.95e-15,3.79e-11,Tephritoidea,FBpp0076755,7227,CG6602
NOG71622,7,1,7.712,6.2e-15,3.95e-11,Tephritoidea,FBpp0079719,7227,CG7299
NOG255753,7,1,7.704,6.57e-15,4.18e-11,Tephritoidea,FBpp0078954,7227,CG31633
NOG255753,7,1,7.704,6.57e-15,4.18e-11,Tephritoidea,FBpp0079293,7227,CG13088
NOG274876,7,0.86240000000000006,7.702,6.72e-15,4.28e-11,Tephritoidea,FBpp0070222,7227,CG14785
NOG274876,7,0.86240000000000006,7.702,6.72e-15,4.28e-11,Tephritoidea,FBpp0086598,7227,CG12857
NOG274876,7,0.86240000000000006,7.702,6.72e-15,4.28e-11,Tephritoidea,FBpp0087800,7227,CG30357
NOG257376,7,0.955,7.699,6.87e-15,4.38e-11,Tephritoidea,FBpp0070685,7227,CG12681
NOG257376,7,0.955,7.699,6.87e-15,4.38e-11,Tephritoidea,FBpp0076966,7227,CG11227
NOG20166,7,0.8802,7.694,7.13e-15,4.54e-11,Tephritoidea,FBpp0072731,7227,CG11815
NOG133151,7,1,7.681,7.88e-15,5.02e-11,Tephritoidea,FBpp0076865,7227,CG4597
NOG86478,7,1,7.681,7.88e-15,5.02e-11,Tephritoidea,FBpp0079548,7227,CG5727
NOG84733,7,0.9411,7.679,8e-15,5.09e-11,Tephritoidea,FBpp0077341,7227,CG17261
NOG243352,7,0.9365,7.675,8.25e-15,5.26e-11,Tephritoidea,FBpp0078000,7227,CG32437
NOG84645,7,1,7.67,8.57e-15,5.46e-11,Tephritoidea,FBpp0084821,7227,Obp99d
NOG88455,7,0.8822,7.666,8.85e-15,5.64e-11,Tephritoidea,FBpp0290485,7227,CG42566
NOG87069,7,1,7.658,9.43e-15,6.01e-11,Tephritoidea,FBpp0078802,7227,Vm26Ab
NOG89095,7,1,7.64,1.08e-14,6.89e-11,Tephritoidea,FBpp0087452,7227,CG12209
NOG89095,7,1,7.64,1.08e-14,6.89e-11,Tephritoidea,FBpp0289515,7227,CG34315
NOG89095,7,1,7.64,1.08e-14,6.89e-11,Tephritoidea,FBpp0290548,7227,CG42570
NOG89095,7,1,7.64,1.08e-14,6.89e-11,Tephritoidea,FBpp0304184,7227,CG42571
NOG250174,7,1,7.631,1.16e-14,7.41e-11,Tephritoidea,FBpp0077673,7227,Nnf1b
NOG250174,7,1,7.631,1.16e-14,7.41e-11,Tephritoidea,FBpp0085569,7227,Nnf1a
NOG83600,7,0.9411,7.623,1.24e-14,7.89e-11,Tephritoidea,FBpp0087971,7227,CG30383
NOG08627,7,0.9815,7.621,1.25e-14,7.99e-11,Tephritoidea,FBpp0303549,7227,Slob
NOG83885,7,0.9293,7.614,1.33e-14,8.47e-11,Tephritoidea,FBpp0085087,7227,CG31010
NOG84038,7,0.9411,7.588,1.62e-14,1.03e-10,Tephritoidea,FBpp0080793,7227,CG13081
NOG240189,7,0.9411,7.524,2.65e-14,1.69e-10,Tephritoidea,FBpp0079110,7227,CG7164
NOG272742,7,0.8945,7.481,3.68e-14,2.34e-10,Tephritoidea,FBpp0304910,7227,CG2034
NOG245407,7,0.9259,7.476,3.82e-14,2.43e-10,Tephritoidea,FBpp0086199,7227,CG15614
NOG41920,7,0.8837,7.476,3.84e-14,2.44e-10,Tephritoidea,FBpp0070613,7227,CG15570
NOG45507,7,0.8397,7.429,5.45e-14,3.47e-10,Tephritoidea,FBpp0306053,7227,CG31324
NOG88484,7,0.9411,7.424,5.67e-14,3.61e-10,Tephritoidea,FBpp0075146,7227,Grp
NOG82040,7,0.9293,7.402,6.71e-14,4.27e-10,Tephritoidea,FBpp0071734,7227,CG6044
NOG135509,7,0.8666,7.398,6.91e-14,4.4e-10,Tephritoidea,FBpp0293659,7227,CG18213
NOG84130,7,0.892,7.394,7.14e-14,4.55e-10,Tephritoidea,FBpp0075131,7227,CG13058
NOG88183,7,0.9411,7.372,8.4e-14,5.35e-10,Tephritoidea,FBpp0305166,7227,CG14589
NOG42748,7,0.8705,7.306,1.38e-13,8.78e-10,Tephritoidea,FBpp0303036,7227,CG5756
NOG98241,7,0.9411,7.278,1.69e-13,1.08e-9,Tephritoidea,FBpp0087209,7227,CG13226
NOG259337,7,0.7671,7.22,2.6e-13,1.66e-9,Tephritoidea,FBpp0078867,7227,CG13992
NOG03944,7,0.7853,7.147,4.45e-13,2.83e-9,Tephritoidea,FBpp0073960,7227,tay
NOG18245,7,0.7124,7.06,8.32e-13,5.3e-9,Tephritoidea,FBpp0083343,7227,CG4000
NOG238652,7,0.8878,7.033,1.01e-12,6.45e-9,Tephritoidea,FBpp0076712,7227,Or65a
NOG238652,7,0.8878,7.033,1.01e-12,6.45e-9,Tephritoidea,FBpp0076713,7227,Or65b
NOG238652,7,0.8878,7.033,1.01e-12,6.45e-9,Tephritoidea,FBpp0076714,7227,Or65c
NOG238652,7,0.8878,7.033,1.01e-12,6.45e-9,Tephritoidea,FBpp0087262,7227,Or47b
NOG39602,7,0.8306,7.022,1.09e-12,6.97e-9,Tephritoidea,FBpp0290648,7227,CG31279
NOG09860,7,0.7791,7.005,1.23e-12,7.86e-9,Tephritoidea,FBpp0085990,7227,CG5767
NOG09860,7,0.7791,7.005,1.23e-12,7.86e-9,Tephritoidea,FBpp0085991,7227,CG5770
NOG36645,7,0.8237,6.966,1.63e-12,1.04e-8,Tephritoidea,FBpp0088573,7227,CG10910
NOG01448,7,0.7459,6.864,3.35e-12,2.13e-8,Tephritoidea,FBpp0297884,7227,Ncoa6
NOG240269,7,0.6858,6.72,9.09e-12,5.79e-8,Tephritoidea,FBpp0085667,7227,CG15125
NOG243355,7,0.8233,6.659,1.38e-11,8.81e-8,Tephritoidea,FBpp0289599,7227,CG14931
NOG270797,7,0.6344,6.095,5.46e-10,3.48e-6,Tephritoidea,FBpp0070660,7227,CG3062
NOG04328,7,0.4605,5.178,1.12e-7,7.15e-4,Tephritoidea,FBpp0071680,7227,gom
NOG231720,8,0.9881,8.289,5.69e-17,3.62e-13,Calyptratae,FBpp0303349,7227,CG32813
NOG88465,8,1,8.259,7.34e-17,4.68e-13,Calyptratae,FBpp0078212,7227,Mes2
NOG85128,8,1,8.257,7.5e-17,4.77e-13,Calyptratae,FBpp0289676,7227,Cp38
NOG88985,8,1,8.242,8.44e-17,5.38e-13,Calyptratae,FBpp0072604,7227,CG9173
NOG88985,8,1,8.242,8.44e-17,5.38e-13,Calyptratae,FBpp0083184,7227,CG3517
NOG88985,8,1,8.242,8.44e-17,5.38e-13,Calyptratae,FBpp0085643,7227,CG13872
NOG81802,8,1,8.218,1.04e-16,6.61e-13,Calyptratae,FBpp0074001,7227,CG3679
NOG88404,8,1,8.213,1.08e-16,6.89e-13,Calyptratae,FBpp0303922,7227,CG14109
NOG255783,8,1,8.211,1.1e-16,6.98e-13,Calyptratae,FBpp0304382,7227,CG14126
NOG39153,8,0.9682,8.202,1.18e-16,7.53e-13,Calyptratae,FBpp0083880,7227,CG31142
NOG87997,8,1,8.195,1.25e-16,7.97e-13,Calyptratae,FBpp0289085,7227,CG32298
NOG87997,8,1,8.195,1.25e-16,7.97e-13,Calyptratae,FBpp0289086,7227,CG32299
NOG133141,8,1,8.192,1.28e-16,8.16e-13,Calyptratae,FBpp0070068,7227,CG12470
NOG252947,8,1,8.183,1.38e-16,8.79e-13,Calyptratae,FBpp0112126,7227,CG12945
NOG89799,8,0.9802,8.177,1.45e-16,9.25e-13,Calyptratae,FBpp0085550,7227,CG13438
NOG88921,8,1,8.172,1.51e-16,9.64e-13,Calyptratae,FBpp0111435,7227,inaF-C
NOG89028,8,1,8.17,1.54e-16,9.81e-13,Calyptratae,FBpp0085982,7227,CG14491
NOG89028,8,1,8.17,1.54e-16,9.81e-13,Calyptratae,FBpp0085997,7227,CG14492
NOG83938,8,1,8.166,1.6e-16,1.02e-12,Calyptratae,FBpp0297524,7227,CG12963
NOG90575,8,1,8.165,1.61e-16,1.03e-12,Calyptratae,FBpp0080086,7227,CG16853
NOG84576,8,0.9405,8.158,1.7e-16,1.08e-12,Calyptratae,FBpp0085206,7227,CG1971
NOG84701,8,1,8.153,1.78e-16,1.13e-12,Calyptratae,FBpp0079184,7227,Proc
NOG83334,8,1,8.152,1.79e-16,1.14e-12,Calyptratae,FBpp0301783,7227,Kaz-m1
NOG252967,8,1,8.145,1.9e-16,1.21e-12,Calyptratae,FBpp0301738,7227,CG4297
NOG268911,8,1,8.144,1.91e-16,1.22e-12,Calyptratae,FBpp0085803,7227,DptB
NOG267768,8,1,8.141,1.96e-16,1.25e-12,Calyptratae,FBpp0304937,7227,CG6996
NOG281563,8,1,8.136,2.04e-16,1.3e-12,Calyptratae,FBpp0072838,7227,CG16762
NOG97007,8,1,8.135,2.06e-16,1.31e-12,Calyptratae,FBpp0081564,7227,dmt
NOG88536,8,1,8.13,2.14e-16,1.36e-12,Calyptratae,FBpp0080196,7227,ms(2)34Fe
NOG87970,8,1,8.126,2.22e-16,1.41e-12,Calyptratae,FBpp0072571,7227,msd1
NOG84981,8,1,8.123,2.27e-16,1.44e-12,Calyptratae,FBpp0076532,7227,CG7492
NOG85047,8,1,8.123,2.27e-16,1.45e-12,Calyptratae,FBpp0088017,7227,CG12826
NOG83941,8,1,8.118,2.37e-16,1.51e-12,Calyptratae,FBpp0075553,7227,Tgi
NOG88243,8,1,8.108,2.57e-16,1.63e-12,Calyptratae,FBpp0070195,7227,CG14625
NOG254183,8,1,8.108,2.57e-16,1.64e-12,Calyptratae,FBpp0071326,7227,CG9691
NOG282478,8,1,8.108,2.57e-16,1.64e-12,Calyptratae,FBpp0087267,7227,Obp47b
NOG281316,8,1,8.101,2.73e-16,1.74e-12,Calyptratae,FBpp0293849,7227,ebd2
NOG89086,8,0.9881,8.1,2.75e-16,1.75e-12,Calyptratae,FBpp0070069,7227,Or1a
NOG83359,8,1,8.1,2.75e-16,1.75e-12,Calyptratae,FBpp0288655,7227,CG13012
NOG87136,8,1,8.096,2.85e-16,1.81e-12,Calyptratae,FBpp0081354,7227,CG11672
NOG83385,8,1,8.089,3.01e-16,1.92e-12,Calyptratae,FBpp0082386,7227,Crz
NOG83684,8,1,8.088,3.04e-16,1.94e-12,Calyptratae,FBpp0111760,7227,os
NOG83684,8,1,8.088,3.04e-16,1.94e-12,Calyptratae,FBpp0112376,7227,upd3
NOG83684,8,1,8.088,3.04e-16,1.94e-12,Calyptratae,FBpp0289419,7227,upd2
NOG84794,8,1,8.086,3.09e-16,1.97e-12,Calyptratae,FBpp0289245,7227,CG42369
NOG246556,8,0.9819,8.085,3.12e-16,1.98e-12,Calyptratae,FBpp0082076,7227,CG10035
NOG87401,8,1,8.082,3.18e-16,2.02e-12,Calyptratae,FBpp0070507,7227,CG16782
NOG87401,8,1,8.082,3.18e-16,2.02e-12,Calyptratae,FBpp0077024,7227,CG12679
NOG87401,8,1,8.082,3.18e-16,2.02e-12,Calyptratae,FBpp0079149,7227,CG14537
NOG87401,8,1,8.082,3.18e-16,2.02e-12,Calyptratae,FBpp0304584,7227,CG14269
NOG88417,8,1,8.078,3.3e-16,2.1e-12,Calyptratae,FBpp0085637,7227,Obp56h
NOG88417,8,1,8.078,3.3e-16,2.1e-12,Calyptratae,FBpp0085672,7227,Obp56a
NOG282484,8,1,8.077,3.32e-16,2.12e-12,Calyptratae,FBpp0073615,7227,Cpr12A
NOG83382,8,1,8.073,3.42e-16,2.18e-12,Calyptratae,FBpp0085675,7227,Obp56b
NOG83760,8,1,8.069,3.54e-16,2.25e-12,Calyptratae,FBpp0085554,7227,Gr57a
NOG83760,8,1,8.069,3.54e-16,2.25e-12,Calyptratae,FBpp0087228,7227,Gr47b
NOG282395,8,0.9802,8.064,3.69e-16,2.35e-12,Calyptratae,FBpp0080425,7227,CG31816
NOG78388,8,1,8.064,3.69e-16,2.35e-12,Calyptratae,FBpp0289458,7227,CG42449
NOG83829,8,1,8.064,3.7e-16,2.35e-12,Calyptratae,FBpp0112145,7227,CG14854
NOG282148,8,0.9405,8.063,3.72e-16,2.37e-12,Calyptratae,FBpp0071114,7227,CG2147
NOG83311,8,1,8.062,3.76e-16,2.39e-12,Calyptratae,FBpp0073295,7227,CG15201
NOG87558,8,1,8.061,3.77e-16,2.4e-12,Calyptratae,FBpp0083449,7227,CG17278
NOG89901,8,1,8.057,3.92e-16,2.5e-12,Calyptratae,FBpp0083995,7227,CG33340
NOG89901,8,1,8.057,3.92e-16,2.5e-12,Calyptratae,FBpp0087819,7227,CG8701
NOG89901,8,1,8.057,3.92e-16,2.5e-12,Calyptratae,FBpp0087848,7227,cola
NOG89901,8,1,8.057,3.92e-16,2.5e-12,Calyptratae,FBpp0112285,7227,swif
NOG83275,8,1,8.056,3.93e-16,2.5e-12,Calyptratae,FBpp0086758,7227,CG13339
NOG83235,8,1,8.055,3.96e-16,2.52e-12,Calyptratae,FBpp0084419,7227,CG6425
NOG83510,8,1,8.054,4.02e-16,2.56e-12,Calyptratae,FBpp0081342,7227,CG9684
NOG91720,8,0.9802,8.051,4.1e-16,2.61e-12,Calyptratae,FBpp0070527,7227,CG3598
NOG237270,8,1,8.051,4.11e-16,2.62e-12,Calyptratae,FBpp0078791,7227,CG14005
NOG84465,8,1,8.048,4.2e-16,2.67e-12,Calyptratae,FBpp0087613,7227,Map60
NOG91125,8,1,8.047,4.25e-16,2.7e-12,Calyptratae,FBpp0070710,7227,CG15465
NOG87670,8,1,8.042,4.44e-16,2.82e-12,Calyptratae,FBpp0074899,7227,hid
NOG77990,8,0.9802,8.04,4.49e-16,2.86e-12,Calyptratae,FBpp0081050,7227,Gr39b
NOG88880,8,1,8.032,4.79e-16,3.05e-12,Calyptratae,FBpp0084570,7227,CG5612
NOG98259,8,0.9746,8.031,4.81e-16,3.07e-12,Calyptratae,FBpp0072152,7227,CG13561
NOG98259,8,0.9746,8.031,4.81e-16,3.07e-12,Calyptratae,FBpp0072260,7227,CG13590
NOG98259,8,0.9746,8.031,4.81e-16,3.07e-12,Calyptratae,FBpp0072261,7227,CG13589
NOG98259,8,0.9746,8.031,4.81e-16,3.07e-12,Calyptratae,FBpp0072283,7227,CG12849
NOG98259,8,0.9746,8.031,4.81e-16,3.07e-12,Calyptratae,FBpp0084710,7227,CG14518
NOG98259,8,0.9746,8.031,4.81e-16,3.07e-12,Calyptratae,FBpp0085748,7227,CG33453
NOG98259,8,0.9746,8.031,4.81e-16,3.07e-12,Calyptratae,FBpp0087177,7227,CG13198
NOG98259,8,0.9746,8.031,4.81e-16,3.07e-12,Calyptratae,FBpp0088800,7227,CG33467
NOG98259,8,0.9746,8.031,4.81e-16,3.07e-12,Calyptratae,FBpp0091004,7227,CG33687
NOG98259,8,0.9746,8.031,4.81e-16,3.07e-12,Calyptratae,FBpp0091005,7227,CG33688
NOG98259,8,0.9746,8.031,4.81e-16,3.07e-12,Calyptratae,FBpp0091006,7227,CG33689
NOG98259,8,0.9746,8.031,4.81e-16,3.07e-12,Calyptratae,FBpp0091007,7227,CG33690
NOG98259,8,0.9746,8.031,4.81e-16,3.07e-12,Calyptratae,FBpp0091013,7227,CG33702
NOG98259,8,0.9746,8.031,4.81e-16,3.07e-12,Calyptratae,FBpp0091014,7227,CG33703
NOG98259,8,0.9746,8.031,4.81e-16,3.07e-12,Calyptratae,FBpp0091022,7227,CG33752
NOG98259,8,0.9746,8.031,4.81e-16,3.07e-12,Calyptratae,FBpp0091037,7227,CG33775
NOG98259,8,0.9746,8.031,4.81e-16,3.07e-12,Calyptratae,FBpp0091042,7227,CG33783
NOG98259,8,0.9746,8.031,4.81e-16,3.07e-12,Calyptratae,FBpp0091043,7227,CG33784
NOG98259,8,0.9746,8.031,4.81e-16,3.07e-12,Calyptratae,FBpp0091048,7227,CG33798
NOG98259,8,0.9746,8.031,4.81e-16,3.07e-12,Calyptratae,FBpp0091159,7227,CG33919
NOG98259,8,0.9746,8.031,4.81e-16,3.07e-12,Calyptratae,FBpp0111412,7227,CG34303
NOG98259,8,0.9746,8.031,4.81e-16,3.07e-12,Calyptratae,FBpp0290291,7227,CG33700
NOG98259,8,0.9746,8.031,4.81e-16,3.07e-12,Calyptratae,FBpp0292484,7227,CG33483
NOG98259,8,0.9746,8.031,4.81e-16,3.07e-12,Calyptratae,FBpp0302635,7227,CG33137
NOG84574,8,1,8.031,4.85e-16,3.09e-12,Calyptratae,FBpp0084415,7227,CG14247
NOG84574,8,1,8.031,4.85e-16,3.09e-12,Calyptratae,FBpp0084416,7227,CG6403
NOG246542,8,1,8.028,4.96e-16,3.16e-12,Calyptratae,FBpp0303803,7227,CG14818
NOG89104,8,1,8.022,5.22e-16,3.33e-12,Calyptratae,FBpp0083619,7227,CG13856
NOG83294,8,1,8.019,5.35e-16,3.41e-12,Calyptratae,FBpp0071838,7227,CG30196
NOG83294,8,1,8.019,5.35e-16,3.41e-12,Calyptratae,FBpp0071842,7227,CG30195
NOG89103,8,1,8.018,5.4e-16,3.44e-12,Calyptratae,FBpp0271850,7227,atilla
NOG83377,8,1,8.017,5.41e-16,3.44e-12,Calyptratae,FBpp0080652,7227,CG17325
NOG231428,8,1,8.015,5.5e-16,3.5e-12,Calyptratae,FBpp0085081,7227,CG15545
NOG250206,8,1,8.014,5.57e-16,3.55e-12,Calyptratae,FBpp0086734,7227,CG18568
NOG250194,8,1,8.013,5.58e-16,3.56e-12,Calyptratae,FBpp0083635,7227,CG5391
NOG83384,8,0.9603,8.013,5.61e-16,3.57e-12,Calyptratae,FBpp0111316,7227,CG34208
NOG233409,8,1,8.013,5.62e-16,3.58e-12,Calyptratae,FBpp0077644,7227,CG5118
NOG86372,8,1,8.012,5.65e-16,3.6e-12,Calyptratae,FBpp0071324,7227,CG9686
NOG88027,8,1,8.011,5.69e-16,3.62e-12,Calyptratae,FBpp0297147,7227,CG8317
NOG82059,8,1,8.009,5.77e-16,3.68e-12,Calyptratae,FBpp0080799,7227,msb1l
NOG84562,8,1,8.006,5.91e-16,3.76e-12,Calyptratae,FBpp0076645,7227,Mis12
NOG248725,8,0.9802,8.003,6.09e-16,3.88e-12,Calyptratae,FBpp0288660,7227,Ilp8
NOG88865,8,1,8.001,6.17e-16,3.93e-12,Calyptratae,FBpp0083531,7227,Gr93a
NOG88865,8,1,8.001,6.17e-16,3.93e-12,Calyptratae,FBpp0083557,7227,Gr93c
NOG88865,8,1,8.001,6.17e-16,3.93e-12,Calyptratae,FBpp0288675,7227,Gr93b
NOG81812,8,1,7.999,6.29e-16,4.01e-12,Calyptratae,FBpp0086276,7227,CG3687
NOG37160,8,0.9802,7.996,6.44e-16,4.1e-12,Calyptratae,FBpp0077798,7227,mbm
NOG36652,8,1,7.994,6.55e-16,4.17e-12,Calyptratae,FBpp0085062,7227,CG15543
NOG250172,8,1,7.992,6.62e-16,4.21e-12,Calyptratae,FBpp0076301,7227,Cp16
NOG83379,8,1,7.992,6.66e-16,4.24e-12,Calyptratae,FBpp0112371,7227,CG33286
NOG83379,8,1,7.992,6.66e-16,4.24e-12,Calyptratae,FBpp0113110,7227,CG12983
NOG83379,8,1,7.992,6.66e-16,4.24e-12,Calyptratae,FBpp0288512,7227,CG33287
KOG4586,8,0.9302,7.989,6.82e-16,4.34e-12,Calyptratae,FBpp0073611,7227,Neto
NOG88927,8,1,7.986,6.98e-16,4.44e-12,Calyptratae,FBpp0075187,7227,CG13038
NOG89605,8,1,7.985,7e-16,4.46e-12,Calyptratae,FBpp0074459,7227,CG7992
NOG133143,8,1,7.985,7.04e-16,4.48e-12,Calyptratae,FBpp0074861,7227,GNBP2
NOG44607,8,1,7.984,7.1e-16,4.52e-12,Calyptratae,FBpp0083535,7227,CG31431
NOG83957,8,1,7.983,7.13e-16,4.54e-12,Calyptratae,FBpp0099688,7227,Df31
NOG82012,8,1,7.982,7.21e-16,4.59e-12,Calyptratae,FBpp0304074,7227,NPF
NOG88909,8,1,7.982,7.21e-16,4.59e-12,Calyptratae,FBpp0084209,7227,CG31437
NOG87822,8,1,7.981,7.27e-16,4.63e-12,Calyptratae,FBpp0087136,7227,CG13193
NOG87822,8,1,7.981,7.27e-16,4.63e-12,Calyptratae,FBpp0091028,7227,CG33766
NOG87822,8,1,7.981,7.27e-16,4.63e-12,Calyptratae,FBpp0091029,7227,CG33767
NOG87822,8,1,7.981,7.27e-16,4.63e-12,Calyptratae,FBpp0091030,7227,CG33768
NOG87822,8,1,7.981,7.27e-16,4.63e-12,Calyptratae,FBpp0091031,7227,CG33769
NOG87822,8,1,7.981,7.27e-16,4.63e-12,Calyptratae,FBpp0288564,7227,CG33770
NOG87822,8,1,7.981,7.27e-16,4.63e-12,Calyptratae,FBpp0292730,7227,CG33771
NOG278093,8,0.9026,7.978,7.42e-16,4.73e-12,Calyptratae,FBpp0288846,7227,CG42259
NOG135417,8,1,7.978,7.46e-16,4.75e-12,Calyptratae,FBpp0085811,7227,CG15098
NOG248726,8,1,7.977,7.52e-16,4.79e-12,Calyptratae,FBpp0073250,7227,CG1537
NOG248726,8,1,7.977,7.52e-16,4.79e-12,Calyptratae,FBpp0288875,7227,CG1545
NOG83813,8,1,7.975,7.63e-16,4.86e-12,Calyptratae,FBpp0070192,7227,CG14627
NOG76754,8,0.9746,7.974,7.67e-16,4.88e-12,Calyptratae,FBpp0303086,7227,CG15082
NOG89315,8,1,7.972,7.78e-16,4.95e-12,Calyptratae,FBpp0298284,7227,Corp
NOG87361,8,1,7.969,8.01e-16,5.1e-12,Calyptratae,FBpp0076644,7227,CG10063
NOG135451,8,1,7.967,8.11e-16,5.16e-12,Calyptratae,FBpp0072704,7227,CG12105
NOG35298,8,1,7.967,8.12e-16,5.17e-12,Calyptratae,FBpp0079405,7227,CG13110
NOG282489,8,1,7.967,8.12e-16,5.17e-12,Calyptratae,FBpp0076994,7227,Obp19b
NOG88419,8,1,7.966,8.21e-16,5.23e-12,Calyptratae,FBpp0071546,7227,CG30393
NOG88419,8,1,7.966,8.21e-16,5.23e-12,Calyptratae,FBpp0071547,7227,CG30391
NOG88419,8,1,7.966,8.21e-16,5.23e-12,Calyptratae,FBpp0078934,7227,CG31910
NOG284537,8,1,7.965,8.26e-16,5.26e-12,Calyptratae,FBpp0073330,7227,ssp7
NOG84985,8,0.9746,7.964,8.3e-16,5.29e-12,Calyptratae,FBpp0084442,7227,CG14253
NOG88923,8,1,7.964,8.32e-16,5.3e-12,Calyptratae,FBpp0086453,7227,CG30080
NOG84024,8,1,7.964,8.33e-16,5.31e-12,Calyptratae,FBpp0079225,7227,CG14273
NOG232022,8,1,7.963,8.4e-16,5.35e-12,Calyptratae,FBpp0075404,7227,CG12316
NOG240186,8,1,7.962,8.49e-16,5.41e-12,Calyptratae,FBpp0071840,7227,CG3746
NOG88775,8,1,7.959,8.7e-16,5.54e-12,Calyptratae,FBpp0302665,7227,CG14180
NOG252959,8,1,7.958,8.75e-16,5.57e-12,Calyptratae,FBpp0292125,7227,CG13062
NOG85881,8,1,7.956,8.88e-16,5.66e-12,Calyptratae,FBpp0083148,7227,CG14282
NOG84905,8,1,7.955,8.95e-16,5.7e-12,Calyptratae,FBpp0074820,7227,CG6885
NOG84905,8,1,7.955,8.95e-16,5.7e-12,Calyptratae,FBpp0074868,7227,CG7271
NOG84905,8,1,7.955,8.95e-16,5.7e-12,Calyptratae,FBpp0074878,7227,term
NOG85096,8,1,7.954,9.02e-16,5.74e-12,Calyptratae,FBpp0075008,7227,Or74a
NOG85096,8,1,7.954,9.02e-16,5.74e-12,Calyptratae,FBpp0080339,7227,Or35a
NOG281226,8,1,7.953,9.12e-16,5.81e-12,Calyptratae,FBpp0080956,7227,CG9336
NOG281226,8,1,7.953,9.12e-16,5.81e-12,Calyptratae,FBpp0305224,7227,CG9338
NOG112636,8,1,7.953,9.13e-16,5.82e-12,Calyptratae,FBpp0298347,7227,CG17190
NOG252960,8,0.9802,7.949,9.37e-16,5.97e-12,Calyptratae,FBpp0305738,7227,CG13048
NOG64846,8,0.9993,7.945,9.75e-16,6.21e-12,Calyptratae,FBpp0076193,7227,CG32043
NOG98267,8,0.9802,7.944,9.76e-16,6.22e-12,Calyptratae,FBpp0074168,7227,CG12998
NOG84319,8,1,7.942,9.91e-16,6.31e-12,Calyptratae,FBpp0075911,7227,CG6163
NOG255765,8,0.9746,7.942,9.94e-16,6.33e-12,Calyptratae,FBpp0074340,7227,CG32548
NOG237269,8,0.9802,7.94,1.01e-15,6.45e-12,Calyptratae,FBpp0083405,7227,CG5697
NOG245431,8,1,7.938,1.02e-15,6.52e-12,Calyptratae,FBpp0071134,7227,Or7a
NOG245431,8,1,7.938,1.02e-15,6.52e-12,Calyptratae,FBpp0071930,7227,Or59b
NOG245431,8,1,7.938,1.02e-15,6.52e-12,Calyptratae,FBpp0077541,7227,Or22a
NOG245431,8,1,7.938,1.02e-15,6.52e-12,Calyptratae,FBpp0077542,7227,Or22b
NOG245431,8,1,7.938,1.02e-15,6.52e-12,Calyptratae,FBpp0085387,7227,Or42b
NOG245431,8,1,7.938,1.02e-15,6.52e-12,Calyptratae,FBpp0085388,7227,Or42a
NOG83336,8,1,7.937,1.04e-15,6.6e-12,Calyptratae,FBpp0080587,7227,CG15152
NOG98285,8,1,7.933,1.07e-15,6.8e-12,Calyptratae,FBpp0079627,7227,CG13144
NOG82452,8,1,7.93,1.09e-15,6.96e-12,Calyptratae,FBpp0072502,7227,CG13894
NOG82452,8,1,7.93,1.09e-15,6.96e-12,Calyptratae,FBpp0072506,7227,ebd1
NOG82452,8,1,7.93,1.09e-15,6.96e-12,Calyptratae,FBpp0304158,7227,CG13895
NOG95966,8,1,7.93,1.1e-15,6.99e-12,Calyptratae,FBpp0082841,7227,cal1
NOG238671,8,1,7.928,1.11e-15,7.08e-12,Calyptratae,FBpp0074457,7227,CG8010
NOG98305,8,1,7.925,1.14e-15,7.26e-12,Calyptratae,FBpp0084072,7227,CG13631
NOG83521,8,1,7.923,1.16e-15,7.37e-12,Calyptratae,FBpp0087571,7227,hebe
NOG84766,8,1,7.923,1.16e-15,7.38e-12,Calyptratae,FBpp0085233,7227,mod
NOG81779,8,0.9881,7.922,1.17e-15,7.47e-12,Calyptratae,FBpp0305636,7227,CG1143
NOG133138,8,0.9802,7.92,1.18e-15,7.54e-12,Calyptratae,FBpp0078111,7227,CG14570
NOG84869,8,1,7.919,1.19e-15,7.6e-12,Calyptratae,FBpp0073376,7227,CG2444
NOG84869,8,1,7.919,1.19e-15,7.6e-12,Calyptratae,FBpp0111283,7227,CG34177
NOG84869,8,1,7.919,1.19e-15,7.6e-12,Calyptratae,FBpp0111323,7227,CG34215
NOG245413,8,0.9881,7.919,1.19e-15,7.6e-12,Calyptratae,FBpp0087012,7227,CG8490
NOG84566,8,1,7.917,1.21e-15,7.72e-12,Calyptratae,FBpp0082369,7227,CG14356
NOG281525,8,0.9881,7.917,1.22e-15,7.75e-12,Calyptratae,FBpp0078790,7227,CG31644
NOG87013,8,1,7.915,1.24e-15,7.89e-12,Calyptratae,FBpp0305012,7227,CG6497
NOG84493,8,1,7.911,1.27e-15,8.11e-12,Calyptratae,FBpp0072702,7227,CG13928
NOG88882,8,1,7.91,1.29e-15,8.19e-12,Calyptratae,FBpp0071148,7227,Cp7Fb
NOG38276,8,0.9365,7.91,1.29e-15,8.21e-12,Calyptratae,FBpp0087963,7227,CG12159
NOG89090,8,1,7.909,1.29e-15,8.23e-12,Calyptratae,FBpp0086577,7227,CG10205
NOG248721,8,1,7.909,1.3e-15,8.28e-12,Calyptratae,FBpp0071239,7227,CG12057
NOG281256,8,1,7.908,1.31e-15,8.32e-12,Calyptratae,FBpp0083108,7227,CG7695
NOG231168,8,1,7.907,1.32e-15,8.38e-12,Calyptratae,FBpp0087067,7227,CG13155
NOG83279,8,1,7.905,1.34e-15,8.56e-12,Calyptratae,FBpp0304560,7227,CG4577
NOG87228,8,1,7.903,1.36e-15,8.65e-12,Calyptratae,FBpp0087410,7227,CG33476
NOG87228,8,1,7.903,1.36e-15,8.65e-12,Calyptratae,FBpp0087411,7227,CG33477
NOG87228,8,1,7.903,1.36e-15,8.65e-12,Calyptratae,FBpp0087412,7227,CG12898
NOG247697,8,1,7.903,1.36e-15,8.66e-12,Calyptratae,FBpp0077920,7227,CG3288
NOG281223,8,0.9405,7.901,1.38e-15,8.79e-12,Calyptratae,FBpp0086301,7227,CG4398
NOG255782,8,0.9405,7.899,1.4e-15,8.93e-12,Calyptratae,FBpp0071245,7227,CG15370
NOG280868,8,1,7.898,1.42e-15,9.02e-12,Calyptratae,FBpp0083109,7227,CG14298
NOG257333,8,0.9405,7.898,1.42e-15,9.06e-12,Calyptratae,FBpp0082906,7227,CG14327
NOG281336,8,0.9881,7.896,1.44e-15,9.19e-12,Calyptratae,FBpp0085618,7227,plu
NOG84539,8,1,7.896,1.45e-15,9.2e-12,Calyptratae,FBpp0078107,7227,CG14566
NOG30177,8,0.9405,7.894,1.47e-15,9.34e-12,Calyptratae,FBpp0290374,7227,CG7179
NOG88938,8,1,7.89,1.51e-15,9.64e-12,Calyptratae,FBpp0073233,7227,CG15210
NOG84242,8,1,7.887,1.55e-15,9.89e-12,Calyptratae,FBpp0070144,7227,CG13361
NOG83242,8,1,7.886,1.56e-15,9.95e-12,Calyptratae,FBpp0288662,7227,CG14837
NOG105626,8,0.9683,7.884,1.58e-15,1.01e-11,Calyptratae,FBpp0073158,7227,CG12607
NOG84590,8,0.9802,7.879,1.65e-15,1.05e-11,Calyptratae,FBpp0070531,7227,CG14423
NOG252968,8,1,7.877,1.68e-15,1.07e-11,Calyptratae,FBpp0087036,7227,CG13157
NOG41425,8,0.8666,7.875,1.7e-15,1.08e-11,Calyptratae,FBpp0304599,7227,CG10176
NOG88625,8,1,7.875,1.7e-15,1.09e-11,Calyptratae,FBpp0087898,7227,CG8712
NOG83785,8,1,7.87,1.77e-15,1.12e-11,Calyptratae,FBpp0084829,7227,Obp99c
NOG245415,8,1,7.87,1.77e-15,1.13e-11,Calyptratae,FBpp0111325,7227,CG34217
NOG83322,8,1,7.87,1.78e-15,1.13e-11,Calyptratae,FBpp0099682,7227,CG14300
NOG124151,8,1,7.868,1.8e-15,1.14e-11,Calyptratae,FBpp0074976,7227,CG13724
NOG35696,8,0.9565,7.867,1.81e-15,1.16e-11,Calyptratae,FBpp0076141,7227,CG18178
NOG244387,8,1,7.867,1.82e-15,1.16e-11,Calyptratae,FBpp0075580,7227,CG14110
NOG84583,8,1,7.867,1.82e-15,1.16e-11,Calyptratae,FBpp0085598,7227,CG16739
NOG83687,8,1,7.866,1.83e-15,1.17e-11,Calyptratae,FBpp0086796,7227,link
NOG82674,8,1,7.865,1.84e-15,1.17e-11,Calyptratae,FBpp0112024,7227,CG9815
NOG85622,8,1,7.864,1.86e-15,1.18e-11,Calyptratae,FBpp0074099,7227,TwdlX
NOG85622,8,1,7.864,1.86e-15,1.18e-11,Calyptratae,FBpp0074100,7227,TwdlY
NOG85622,8,1,7.864,1.86e-15,1.18e-11,Calyptratae,FBpp0078614,7227,TwdlF
NOG85622,8,1,7.864,1.86e-15,1.18e-11,Calyptratae,FBpp0078615,7227,TwdlV
NOG85622,8,1,7.864,1.86e-15,1.18e-11,Calyptratae,FBpp0078621,7227,TwdlG
NOG85622,8,1,7.864,1.86e-15,1.18e-11,Calyptratae,FBpp0082856,7227,TwdlW
NOG85622,8,1,7.864,1.86e-15,1.18e-11,Calyptratae,FBpp0288687,7227,TwdlZ
NOG84848,8,1,7.863,1.87e-15,1.19e-11,Calyptratae,FBpp0297118,7227,mrt
NOG255779,8,1,7.862,1.88e-15,1.2e-11,Calyptratae,FBpp0076909,7227,Ir20a
NOG255779,8,1,7.862,1.88e-15,1.2e-11,Calyptratae,FBpp0085661,7227,Ir56b
NOG255779,8,1,7.862,1.88e-15,1.2e-11,Calyptratae,FBpp0085662,7227,Ir56c
NOG255779,8,1,7.862,1.88e-15,1.2e-11,Calyptratae,FBpp0085686,7227,Ir56d
NOG255779,8,1,7.862,1.88e-15,1.2e-11,Calyptratae,FBpp0086497,7227,Ir51b
NOG255779,8,1,7.862,1.88e-15,1.2e-11,Calyptratae,FBpp0099386,7227,Ir62a
NOG255779,8,1,7.862,1.88e-15,1.2e-11,Calyptratae,FBpp0271713,7227,Ir94h
NOG282485,8,1,7.862,1.89e-15,1.21e-11,Calyptratae,FBpp0080958,7227,CG31675
NOG88868,8,1,7.859,1.93e-15,1.23e-11,Calyptratae,FBpp0071717,7227,CG13501
NOG83423,8,1,7.854,2.01e-15,1.28e-11,Calyptratae,FBpp0303859,7227,EndoGI
NOG84298,8,1,7.85,2.07e-15,1.32e-11,Calyptratae,FBpp0099423,7227,CG34012
NOG84298,8,1,7.85,2.07e-15,1.32e-11,Calyptratae,FBpp0099432,7227,CG34021
NOG88968,8,1,7.85,2.08e-15,1.32e-11,Calyptratae,FBpp0070269,7227,a6
NOG251501,8,1,7.849,2.09e-15,1.33e-11,Calyptratae,FBpp0083407,7227,CG12278
NOG87680,8,0.9802,7.848,2.11e-15,1.34e-11,Calyptratae,FBpp0072608,7227,msd5
NOG84629,8,1,7.848,2.12e-15,1.35e-11,Calyptratae,FBpp0078063,7227,Cpr78Ca
NOG230051,8,0.9881,7.848,2.12e-15,1.35e-11,Calyptratae,FBpp0083035,7227,CG14313
NOG83221,8,1,7.847,2.13e-15,1.35e-11,Calyptratae,FBpp0084556,7227,Gr98b
NOG83221,8,1,7.847,2.13e-15,1.35e-11,Calyptratae,FBpp0084557,7227,Gr98c
NOG83221,8,1,7.847,2.13e-15,1.35e-11,Calyptratae,FBpp0084558,7227,Gr98d
NOG133139,8,0.9682,7.847,2.13e-15,1.36e-11,Calyptratae,FBpp0070002,7227,Or19b
NOG133139,8,0.9682,7.847,2.13e-15,1.36e-11,Calyptratae,FBpp0070028,7227,Or19a
NOG133139,8,0.9682,7.847,2.13e-15,1.36e-11,Calyptratae,FBpp0071932,7227,Or59a
NOG133139,8,0.9682,7.847,2.13e-15,1.36e-11,Calyptratae,FBpp0077382,7227,Or23a
NOG133139,8,0.9682,7.847,2.13e-15,1.36e-11,Calyptratae,FBpp0079862,7227,Or33a
NOG133139,8,0.9682,7.847,2.13e-15,1.36e-11,Calyptratae,FBpp0079863,7227,Or33b
NOG133139,8,0.9682,7.847,2.13e-15,1.36e-11,Calyptratae,FBpp0079864,7227,Or33c
NOG84370,8,1,7.846,2.14e-15,1.36e-11,Calyptratae,FBpp0082204,7227,Su(var)3-7
NOG84370,8,1,7.846,2.14e-15,1.36e-11,Calyptratae,FBpp0082247,7227,Ravus
NOG84370,8,1,7.846,2.14e-15,1.36e-11,Calyptratae,FBpp0110319,7227,CG34149
NOG40602,8,1,7.844,2.18e-15,1.39e-11,Calyptratae,FBpp0076257,7227,CG13315
NOG280147,8,0.9802,7.843,2.2e-15,1.4e-11,Calyptratae,FBpp0087027,7227,Cpr49Ac
NOG88891,8,0.9548,7.841,2.24e-15,1.43e-11,Calyptratae,FBpp0075129,7227,CG13060
NOG88891,8,0.9548,7.841,2.24e-15,1.43e-11,Calyptratae,FBpp0075130,7227,CG13059
NOG88891,8,0.9548,7.841,2.24e-15,1.43e-11,Calyptratae,FBpp0075190,7227,CG13041
NOG88891,8,0.9548,7.841,2.24e-15,1.43e-11,Calyptratae,FBpp0075191,7227,CG13042
NOG88891,8,0.9548,7.841,2.24e-15,1.43e-11,Calyptratae,FBpp0302609,7227,CG13040
NOG244388,8,0.9802,7.84,2.25e-15,1.44e-11,Calyptratae,FBpp0075600,7227,CG14107
NOG83699,8,1,7.84,2.25e-15,1.44e-11,Calyptratae,FBpp0087766,7227,ana2
NOG242425,8,1,7.839,2.28e-15,1.45e-11,Calyptratae,FBpp0074398,7227,CG15044
NOG270362,8,0.9811,7.838,2.28e-15,1.45e-11,Calyptratae,FBpp0076057,7227,Ilp1
NOG270362,8,0.9811,7.838,2.28e-15,1.45e-11,Calyptratae,FBpp0076102,7227,Ilp3
NOG282557,8,1,7.838,2.3e-15,1.46e-11,Calyptratae,FBpp0087823,7227,Lcp4
NOG282557,8,1,7.838,2.3e-15,1.46e-11,Calyptratae,FBpp0305732,7227,Lcp3
NOG282557,8,1,7.838,2.3e-15,1.46e-11,Calyptratae,FBpp0305735,7227,Lcp1
NOG88261,8,1,7.838,2.3e-15,1.46e-11,Calyptratae,FBpp0081467,7227,D1
NOG89058,8,1,7.835,2.34e-15,1.49e-11,Calyptratae,FBpp0082904,7227,CG14329
NOG255752,8,1,7.832,2.4e-15,1.53e-11,Calyptratae,FBpp0082358,7227,CG9624
NOG240738,8,1,7.832,2.41e-15,1.53e-11,Calyptratae,FBpp0288761,7227,cup
NOG67775,8,1,7.827,2.49e-15,1.59e-11,Calyptratae,FBpp0076022,7227,Ir67c
NOG67775,8,1,7.827,2.49e-15,1.59e-11,Calyptratae,FBpp0076023,7227,Ir67b
NOG84241,8,1,7.827,2.5e-15,1.6e-11,Calyptratae,FBpp0086004,7227,thr
NOG238672,8,0.9405,7.825,2.55e-15,1.62e-11,Calyptratae,FBpp0079226,7227,CG7778
NOG84875,8,1,7.824,2.56e-15,1.63e-11,Calyptratae,FBpp0070446,7227,CG12496
NOG84875,8,1,7.824,2.56e-15,1.63e-11,Calyptratae,FBpp0073868,7227,CG12708
NOG84875,8,1,7.824,2.56e-15,1.63e-11,Calyptratae,FBpp0073878,7227,CG15646
NOG90275,8,0.9405,7.823,2.57e-15,1.64e-11,Calyptratae,FBpp0077467,7227,CG3557
NOG280874,8,0.9881,7.823,2.58e-15,1.64e-11,Calyptratae,FBpp0077304,7227,Cpr23B
NOG84406,8,0.9405,7.821,2.61e-15,1.66e-11,Calyptratae,FBpp0078617,7227,CG1092
NOG84726,8,1,7.82,2.64e-15,1.68e-11,Calyptratae,FBpp0078084,7227,CG11248
NOG271777,8,0.9026,7.82,2.64e-15,1.68e-11,Calyptratae,FBpp0288574,7227,CG42232
NOG251485,8,1,7.82,2.64e-15,1.68e-11,Calyptratae,FBpp0080741,7227,CG31798
NOG255762,8,1,7.817,2.7e-15,1.72e-11,Calyptratae,FBpp0076420,7227,CG13679
NOG255762,8,1,7.817,2.7e-15,1.72e-11,Calyptratae,FBpp0076423,7227,CG13678
NOG255762,8,1,7.817,2.7e-15,1.72e-11,Calyptratae,FBpp0076442,7227,CG13674
NOG255762,8,1,7.817,2.7e-15,1.72e-11,Calyptratae,FBpp0292054,7227,CG13066
NOG90012,8,1,7.816,2.72e-15,1.73e-11,Calyptratae,FBpp0088076,7227,CG11145
NOG245436,8,0.9802,7.816,2.73e-15,1.74e-11,Calyptratae,FBpp0112306,7227,CG31157
NOG85037,8,1,7.814,2.77e-15,1.76e-11,Calyptratae,FBpp0082969,7227,CG14315
NOG85037,8,1,7.814,2.77e-15,1.76e-11,Calyptratae,FBpp0111645,7227,CG34432
NOG85037,8,1,7.814,2.77e-15,1.76e-11,Calyptratae,FBpp0111646,7227,CG34433
NOG231173,8,1,7.814,2.78e-15,1.77e-11,Calyptratae,FBpp0078035,7227,CG7173
NOG257343,8,1,7.813,2.8e-15,1.78e-11,Calyptratae,FBpp0084586,7227,CG12883
NOG252970,8,0.9405,7.811,2.83e-15,1.8e-11,Calyptratae,FBpp0082108,7227,Hug
NOG84706,8,1,7.811,2.84e-15,1.81e-11,Calyptratae,FBpp0087944,7227,CG11191
NOG104910,8,1,7.81,2.86e-15,1.82e-11,Calyptratae,FBpp0306143,7227,CG31446
NOG104910,8,1,7.81,2.86e-15,1.82e-11,Calyptratae,FBpp0306144,7227,CG5399
NOG232021,8,1,7.809,2.88e-15,1.83e-11,Calyptratae,FBpp0077852,7227,CG5872
NOG40495,8,0.9501,7.806,2.94e-15,1.88e-11,Calyptratae,FBpp0086850,7227,FLASH
NOG84460,8,1,7.805,2.97e-15,1.89e-11,Calyptratae,FBpp0072973,7227,CG14963
NOG84460,8,1,7.805,2.97e-15,1.89e-11,Calyptratae,FBpp0288411,7227,CG13905
NOG281703,8,1,7.805,2.99e-15,1.9e-11,Calyptratae,FBpp0071440,7227,Hmr
NOG240743,8,1,7.804,2.99e-15,1.9e-11,Calyptratae,FBpp0086688,7227,CG8617
NOG268698,8,0.9881,7.804,2.99e-15,1.9e-11,Calyptratae,FBpp0305586,7227,Cpr78Cb
NOG83199,8,0.9802,7.803,3.02e-15,1.92e-11,Calyptratae,FBpp0072798,7227,CG1146
NOG86666,8,1,7.801,3.08e-15,1.96e-11,Calyptratae,FBpp0072903,7227,CG14958
NOG86666,8,1,7.801,3.08e-15,1.96e-11,Calyptratae,FBpp0076309,7227,CG13309
NOG86666,8,1,7.801,3.08e-15,1.96e-11,Calyptratae,FBpp0076314,7227,CG13312
NOG86666,8,1,7.801,3.08e-15,1.96e-11,Calyptratae,FBpp0076315,7227,CG32023
NOG86666,8,1,7.801,3.08e-15,1.96e-11,Calyptratae,FBpp0076316,7227,CG13311
NOG86666,8,1,7.801,3.08e-15,1.96e-11,Calyptratae,FBpp0292323,7227,CG34427
NOG86666,8,1,7.801,3.08e-15,1.96e-11,Calyptratae,FBpp0292324,7227,CG13308
NOG240179,8,1,7.8,3.11e-15,1.98e-11,Calyptratae,FBpp0070538,7227,CG14424
NOG244386,8,1,7.8,3.11e-15,1.98e-11,Calyptratae,FBpp0071710,7227,CG11073
NOG81751,8,1,7.799,3.11e-15,1.98e-11,Calyptratae,FBpp0087064,7227,CG13154
NOG81854,8,1,7.799,3.13e-15,1.99e-11,Calyptratae,FBpp0078233,7227,Obp83cd
NOG81854,8,1,7.799,3.13e-15,1.99e-11,Calyptratae,FBpp0078267,7227,Obp83ef
NOG281502,8,0.9802,7.799,3.13e-15,1.99e-11,Calyptratae,FBpp0071179,7227,PIP82
NOG83823,8,1,7.798,3.15e-15,2.01e-11,Calyptratae,FBpp0301107,7227,CG9837
NOG281662,8,1,7.795,3.21e-15,2.04e-11,Calyptratae,FBpp0079123,7227,Acp1
NOG238649,8,1,7.794,3.23e-15,2.06e-11,Calyptratae,FBpp0288413,7227,CG14456
NOG234314,8,0.9802,7.794,3.25e-15,2.07e-11,Calyptratae,FBpp0073192,7227,CG32240
NOG88866,8,1,7.793,3.27e-15,2.08e-11,Calyptratae,FBpp0076521,7227,CG13685
NOG88491,8,0.9802,7.789,3.38e-15,2.16e-11,Calyptratae,FBpp0084869,7227,CG15522
NOG282099,8,0.9548,7.788,3.4e-15,2.16e-11,Calyptratae,FBpp0304162,7227,CG14455
NOG38237,8,0.997,7.788,3.42e-15,2.18e-11,Calyptratae,FBpp0073000,7227,ImpE2
NOG82457,8,1,7.787,3.43e-15,2.18e-11,Calyptratae,FBpp0082991,7227,CG18598
NOG87207,8,0.9746,7.787,3.43e-15,2.19e-11,Calyptratae,FBpp0079919,7227,Gr33a
NOG255754,8,1,7.787,3.43e-15,2.19e-11,Calyptratae,FBpp0070884,7227,swa
NOG281230,8,1,7.786,3.47e-15,2.21e-11,Calyptratae,FBpp0084353,7227,m4
NOG250185,8,1,7.785,3.49e-15,2.22e-11,Calyptratae,FBpp0112990,7227,CG14342
NOG282501,8,1,7.782,3.58e-15,2.28e-11,Calyptratae,FBpp0305434,7227,Vm26Aa
NOG10502,8,0.936,7.781,3.59e-15,2.28e-11,Calyptratae,FBpp0079724,7227,CG7384
NOG281801,8,0.9746,7.781,3.59e-15,2.29e-11,Calyptratae,FBpp0086909,7227,CG13324
NOG281801,8,0.9746,7.781,3.59e-15,2.29e-11,Calyptratae,FBpp0086910,7227,CG13323
NOG230912,8,0.9286,7.78,3.63e-15,2.31e-11,Calyptratae,FBpp0074335,7227,CG6290
NOG84516,8,1,7.778,3.68e-15,2.34e-11,Calyptratae,FBpp0074824,7227,HipHop
NOG84516,8,1,7.778,3.68e-15,2.34e-11,Calyptratae,FBpp0084435,7227,ms(3)K81
NOG281106,8,1,7.776,3.75e-15,2.39e-11,Calyptratae,FBpp0079122,7227,CG7214
NOG82537,8,0.9405,7.775,3.78e-15,2.41e-11,Calyptratae,FBpp0082610,7227,CG14872
NOG82127,8,1,7.773,3.82e-15,2.43e-11,Calyptratae,FBpp0085600,7227,CG13870
NOG255776,8,1,7.772,3.85e-15,2.45e-11,Calyptratae,FBpp0078088,7227,CG14572
NOG281483,8,1,7.772,3.88e-15,2.47e-11,Calyptratae,FBpp0075798,7227,obst-G
NOG03628,8,0.9399,7.77,3.92e-15,2.49e-11,Calyptratae,FBpp0079313,7227,grk
NOG84558,8,1,7.77,3.93e-15,2.5e-11,Calyptratae,FBpp0083139,7227,CG14292
NOG255755,8,1,7.767,4e-15,2.55e-11,Calyptratae,FBpp0072627,7227,CG12003
NOG235481,8,1,7.764,4.1e-15,2.61e-11,Calyptratae,FBpp0078785,7227,CG9021
NOG84553,8,1,7.762,4.18e-15,2.66e-11,Calyptratae,FBpp0088637,7227,Gr89a
NOG75969,8,0.9565,7.762,4.19e-15,2.67e-11,Calyptratae,FBpp0112270,7227,s-cup
NOG83864,8,1,7.761,4.2e-15,2.68e-11,Calyptratae,FBpp0110282,7227,CG14042
NOG84581,8,0.9802,7.76,4.24e-15,2.7e-11,Calyptratae,FBpp0071541,7227,CG9754
NOG88912,8,1,7.759,4.28e-15,2.73e-11,Calyptratae,FBpp0305654,7227,COX8
NOG89037,8,1,7.759,4.28e-15,2.73e-11,Calyptratae,FBpp0075236,7227,CG13054
NOG255778,8,0.9088,7.758,4.31e-15,2.74e-11,Calyptratae,FBpp0300969,7227,CG14074
NOG83310,8,0.9802,7.756,4.38e-15,2.79e-11,Calyptratae,FBpp0298016,7227,CG15202
NOG281601,8,0.9405,7.755,4.43e-15,2.82e-11,Calyptratae,FBpp0080726,7227,CG15170
NOG87026,8,1,7.754,4.45e-15,2.84e-11,Calyptratae,FBpp0077869,7227,CG13250
NOG87026,8,1,7.754,4.45e-15,2.84e-11,Calyptratae,FBpp0090984,7227,CG33641
NOG87026,8,1,7.754,4.45e-15,2.84e-11,Calyptratae,FBpp0090985,7227,CG33642
NOG87026,8,1,7.754,4.45e-15,2.84e-11,Calyptratae,FBpp0090986,7227,CG33643
NOG87026,8,1,7.754,4.45e-15,2.84e-11,Calyptratae,FBpp0090987,7227,CG33644
NOG87026,8,1,7.754,4.45e-15,2.84e-11,Calyptratae,FBpp0090989,7227,CG33647
NOG87026,8,1,7.754,4.45e-15,2.84e-11,Calyptratae,FBpp0304782,7227,CG33640
NOG87026,8,1,7.754,4.45e-15,2.84e-11,Calyptratae,FBpp0305667,7227,CG34260
NOG89298,8,1,7.754,4.46e-15,2.84e-11,Calyptratae,FBpp0296941,7227,CG15256
NOG232966,8,1,7.75,4.58e-15,2.92e-11,Calyptratae,FBpp0071653,7227,CG4377
NOG232966,8,1,7.75,4.58e-15,2.92e-11,Calyptratae,FBpp0071654,7227,CG4363
NOG232966,8,1,7.75,4.58e-15,2.92e-11,Calyptratae,FBpp0099451,7227,CG34040
NOG282247,8,1,7.75,4.6e-15,2.93e-11,Calyptratae,FBpp0089412,7227,Or69a
NOG244410,8,1,7.75,4.61e-15,2.93e-11,Calyptratae,FBpp0079368,7227,CG12439
NOG244410,8,1,7.75,4.61e-15,2.93e-11,Calyptratae,FBpp0111289,7227,CG34181
NOG244410,8,1,7.75,4.61e-15,2.93e-11,Calyptratae,FBpp0290961,7227,CG42592
NOG85620,8,1,7.749,4.65e-15,2.96e-11,Calyptratae,FBpp0084401,7227,TwdlM
NOG85620,8,1,7.749,4.65e-15,2.96e-11,Calyptratae,FBpp0084403,7227,TwdlN
NOG85620,8,1,7.749,4.65e-15,2.96e-11,Calyptratae,FBpp0084404,7227,TwdlH
NOG85620,8,1,7.749,4.65e-15,2.96e-11,Calyptratae,FBpp0084405,7227,TwdlR
NOG85620,8,1,7.749,4.65e-15,2.96e-11,Calyptratae,FBpp0084406,7227,TwdlS
NOG85620,8,1,7.749,4.65e-15,2.96e-11,Calyptratae,FBpp0084407,7227,TwdlD
NOG85620,8,1,7.749,4.65e-15,2.96e-11,Calyptratae,FBpp0084408,7227,Tb
NOG85620,8,1,7.749,4.65e-15,2.96e-11,Calyptratae,FBpp0084421,7227,TwdlQ
NOG85620,8,1,7.749,4.65e-15,2.96e-11,Calyptratae,FBpp0084425,7227,TwdlK
NOG85620,8,1,7.749,4.65e-15,2.96e-11,Calyptratae,FBpp0084426,7227,TwdlO
NOG85620,8,1,7.749,4.65e-15,2.96e-11,Calyptratae,FBpp0084428,7227,TwdlL
NOG85620,8,1,7.749,4.65e-15,2.96e-11,Calyptratae,FBpp0084429,7227,TwdlB
NOG85620,8,1,7.749,4.65e-15,2.96e-11,Calyptratae,FBpp0113030,7227,TwdlJ
NOG135728,8,1,7.748,4.65e-15,2.96e-11,Calyptratae,FBpp0071246,7227,Gr8a
NOG83924,8,1,7.747,4.71e-15,3e-11,Calyptratae,FBpp0084354,7227,m2
NOG83898,8,0.9286,7.743,4.85e-15,3.09e-11,Calyptratae,FBpp0292614,7227,CG33339
NOG240183,8,1,7.742,4.9e-15,3.12e-11,Calyptratae,FBpp0305294,7227,CG9948
NOG88881,8,1,7.741,4.93e-15,3.14e-11,Calyptratae,FBpp0070829,7227,CG6067
NOG83193,8,1,7.74,4.98e-15,3.17e-11,Calyptratae,FBpp0084322,7227,CG14540
NOG84028,8,0.9207,7.736,5.13e-15,3.27e-11,Calyptratae,FBpp0072750,7227,CG8960
NOG82661,8,1,7.735,5.15e-15,3.28e-11,Calyptratae,FBpp0071207,7227,CG12662
NOG82661,8,1,7.735,5.15e-15,3.28e-11,Calyptratae,FBpp0291404,7227,CG31976
NOG280986,8,1,7.732,5.31e-15,3.38e-11,Calyptratae,FBpp0070340,7227,CG32801
NOG86954,8,1,7.729,5.42e-15,3.45e-11,Calyptratae,FBpp0071029,7227,CG12155
NOG245441,8,0.9881,7.728,5.47e-15,3.48e-11,Calyptratae,FBpp0297896,7227,CG34289
NOG115252,8,1,7.728,5.47e-15,3.48e-11,Calyptratae,FBpp0070198,7227,CG11382
NOG250179,8,1,7.724,5.63e-15,3.59e-11,Calyptratae,FBpp0289087,7227,CG34179
NOG83875,8,1,7.722,5.71e-15,3.64e-11,Calyptratae,FBpp0075150,7227,CG4229
NOG83875,8,1,7.722,5.71e-15,3.64e-11,Calyptratae,FBpp0075158,7227,CG13033
NOG281208,8,1,7.722,5.75e-15,3.66e-11,Calyptratae,FBpp0078102,7227,CG7148
NOG44198,8,0.9492,7.721,5.78e-15,3.68e-11,Calyptratae,FBpp0072401,7227,CG33229
NOG83774,8,1,7.714,6.09e-15,3.88e-11,Calyptratae,FBpp0070647,7227,CG3546
NOG251487,8,1,7.711,6.25e-15,3.98e-11,Calyptratae,FBpp0086574,7227,hui
NOG252952,8,1,7.71,6.3e-15,4.01e-11,Calyptratae,FBpp0079366,7227,CG9568
NOG252952,8,1,7.71,6.3e-15,4.01e-11,Calyptratae,FBpp0301576,7227,CG13102
NOG83982,8,1,7.709,6.33e-15,4.03e-11,Calyptratae,FBpp0078106,7227,CG14565
NOG83778,8,0.9405,7.709,6.36e-15,4.05e-11,Calyptratae,FBpp0288726,7227,CG12917
NOG245410,8,0.9108,7.708,6.37e-15,4.06e-11,Calyptratae,FBpp0111424,7227,CG34314
NOG82689,8,0.9802,7.705,6.52e-15,4.15e-11,Calyptratae,FBpp0080142,7227,CG33307
NOG98227,8,1,7.7,6.82e-15,4.35e-11,Calyptratae,FBpp0086552,7227,CG10265
NOG244424,8,0.9365,7.698,6.91e-15,4.4e-11,Calyptratae,FBpp0087220,7227,CG7745
NOG129914,8,0.9746,7.693,7.17e-15,4.56e-11,Calyptratae,FBpp0083513,7227,CG31176
NOG250189,8,1,7.69,7.35e-15,4.68e-11,Calyptratae,FBpp0088285,7227,CG11076
NOG84276,8,1,7.689,7.39e-15,4.71e-11,Calyptratae,FBpp0084954,7227,CG18682
NOG281244,8,1,7.689,7.41e-15,4.72e-11,Calyptratae,FBpp0077018,7227,Obp19c
NOG84639,8,1,7.688,7.44e-15,4.74e-11,Calyptratae,FBpp0290045,7227,CG17375
NOG89279,8,0.9009,7.685,7.64e-15,4.86e-11,Calyptratae,FBpp0292731,7227,CG33772
NOG84720,8,1,7.685,7.66e-15,4.88e-11,Calyptratae,FBpp0304938,7227,CG17145
NOG84519,8,1,7.684,7.71e-15,4.91e-11,Calyptratae,FBpp0290157,7227,yuri
NOG84663,8,0.9405,7.684,7.73e-15,4.92e-11,Calyptratae,FBpp0111380,7227,Cpr65Ay
NOG98608,8,1,7.683,7.74e-15,4.93e-11,Calyptratae,FBpp0078536,7227,CG32945
NOG245432,8,1,7.683,7.78e-15,4.95e-11,Calyptratae,FBpp0073317,7227,sisA
NOG84943,8,0.9405,7.68,7.95e-15,5.06e-11,Calyptratae,FBpp0080984,7227,CG33322
NOG84943,8,0.9405,7.68,7.95e-15,5.06e-11,Calyptratae,FBpp0291473,7227,Mst36Fb
NOG84943,8,0.9405,7.68,7.95e-15,5.06e-11,Calyptratae,FBpp0293884,7227,Mst36Fa
NOG84943,8,0.9405,7.68,7.95e-15,5.06e-11,Calyptratae,FBpp0297773,7227,CG43339
NOG272200,8,0.9143,7.68,7.98e-15,5.08e-11,Calyptratae,FBpp0083928,7227,CG18428
NOG02912,8,0.9265,7.678,8.09e-15,5.15e-11,Calyptratae,FBpp0302830,7227,Spc105R
NOG84901,8,1,7.676,8.24e-15,5.25e-11,Calyptratae,FBpp0079791,7227,CG4788
NOG84530,8,0.9405,7.675,8.25e-15,5.25e-11,Calyptratae,FBpp0073630,7227,CG32631
NOG89317,8,0.9405,7.671,8.51e-15,5.42e-11,Calyptratae,FBpp0302655,7227,CG42508
NOG83331,8,0.9405,7.67,8.57e-15,5.46e-11,Calyptratae,FBpp0288401,7227,CG13046
NOG245450,8,0.9881,7.67,8.6e-15,5.48e-11,Calyptratae,FBpp0074218,7227,CG8661
NOG282248,8,0.9405,7.667,8.78e-15,5.59e-11,Calyptratae,FBpp0081506,7227,Or85f
NOG83204,8,1,7.667,8.8e-15,5.61e-11,Calyptratae,FBpp0087759,7227,CG8248
NOG93274,8,1,7.666,8.85e-15,5.64e-11,Calyptratae,FBpp0072473,7227,mthl9
NOG12520,8,0.79990000000000006,7.664,9.01e-15,5.74e-11,Calyptratae,FBpp0088037,7227,CG12164
NOG88905,8,1,7.663,9.09e-15,5.79e-11,Calyptratae,FBpp0088526,7227,CG14488
NOG88885,8,0.9405,7.663,9.11e-15,5.8e-11,Calyptratae,FBpp0073283,7227,Vago
NOG135760,8,0.9802,7.655,9.68e-15,6.17e-11,Calyptratae,FBpp0070888,7227,CG15892
NOG83884,8,1,7.654,9.77e-15,6.22e-11,Calyptratae,FBpp0070378,7227,CG14052
NOG59252,8,0.9492,7.653,9.82e-15,6.25e-11,Calyptratae,FBpp0087025,7227,Cpr49Ab
NOG257360,8,0.9405,7.652,9.93e-15,6.33e-11,Calyptratae,FBpp0071644,7227,Gr58a
NOG257360,8,0.9405,7.652,9.93e-15,6.33e-11,Calyptratae,FBpp0071648,7227,Gr58b
NOG84813,8,1,7.65,1e-14,6.38e-11,Calyptratae,FBpp0304484,7227,CG1024
NOG236045,8,0.9405,7.648,1.02e-14,6.52e-11,Calyptratae,FBpp0074090,7227,CG32573
NOG242420,8,1,7.647,1.03e-14,6.53e-11,Calyptratae,FBpp0075593,7227,CG33263
NOG242420,8,1,7.647,1.03e-14,6.53e-11,Calyptratae,FBpp0099397,7227,CG33985
NOG242420,8,1,7.647,1.03e-14,6.53e-11,Calyptratae,FBpp0292196,7227,CG42729
NOG254185,8,0.8913,7.647,1.03e-14,6.5500000000000006e-11,Calyptratae,FBpp0071332,7227,CG15247
NOG281462,8,1,7.645,1.05e-14,6.68e-11,Calyptratae,FBpp0079828,7227,CG31706
NOG133136,8,0.9405,7.643,1.06e-14,6.76e-11,Calyptratae,FBpp0074581,7227,meso18E
NOG232457,8,1,7.643,1.06e-14,6.78e-11,Calyptratae,FBpp0079987,7227,CG15484
NOG232457,8,1,7.643,1.06e-14,6.78e-11,Calyptratae,FBpp0099829,7227,squ
NOG84112,8,0.9405,7.641,1.07e-14,6.84e-11,Calyptratae,FBpp0080099,7227,Vm34Ca
NOG86568,8,1,7.64,1.08e-14,6.91e-11,Calyptratae,FBpp0080740,7227,CG17350
NOG86886,8,1,7.64,1.08e-14,6.91e-11,Calyptratae,FBpp0075000,7227,CG13728
NOG89002,8,0.9405,7.638,1.1e-14,7.03e-11,Calyptratae,FBpp0073175,7227,CG13716
NOG89002,8,0.9405,7.638,1.1e-14,7.03e-11,Calyptratae,FBpp0111375,7227,CG34266
NOG87230,8,0.9405,7.637,1.11e-14,7.06e-11,Calyptratae,FBpp0078736,7227,CG18269
NOG234877,8,1,7.63,1.17e-14,7.48e-11,Calyptratae,FBpp0076151,7227,Ir67a
NOG234877,8,1,7.63,1.17e-14,7.48e-11,Calyptratae,FBpp0083641,7227,Ir94c
NOG234877,8,1,7.63,1.17e-14,7.48e-11,Calyptratae,FBpp0086025,7227,Ir54a
NOG234877,8,1,7.63,1.17e-14,7.48e-11,Calyptratae,FBpp0086462,7227,Ir52c
NOG234877,8,1,7.63,1.17e-14,7.48e-11,Calyptratae,FBpp0087171,7227,Ir48c
NOG234877,8,1,7.63,1.17e-14,7.48e-11,Calyptratae,FBpp0087185,7227,Ir48b
NOG234877,8,1,7.63,1.17e-14,7.48e-11,Calyptratae,FBpp0271710,7227,Ir94g
NOG234877,8,1,7.63,1.17e-14,7.48e-11,Calyptratae,FBpp0271810,7227,Ir52a
NOG234877,8,1,7.63,1.17e-14,7.48e-11,Calyptratae,FBpp0271852,7227,Ir52d
NOG234877,8,1,7.63,1.17e-14,7.48e-11,Calyptratae,FBpp0271858,7227,Ir52b
NOG234877,8,1,7.63,1.17e-14,7.48e-11,Calyptratae,FBpp0271867,7227,Ir60e
NOG234877,8,1,7.63,1.17e-14,7.48e-11,Calyptratae,FBpp0288732,7227,Ir94f
NOG234877,8,1,7.63,1.17e-14,7.48e-11,Calyptratae,FBpp0288947,7227,Ir60b
NOG234877,8,1,7.63,1.17e-14,7.48e-11,Calyptratae,FBpp0288955,7227,Ir94d
NOG234877,8,1,7.63,1.17e-14,7.48e-11,Calyptratae,FBpp0288956,7227,Ir94e
NOG234877,8,1,7.63,1.17e-14,7.48e-11,Calyptratae,FBpp0291494,7227,Ir60d
NOG238655,8,0.9207,7.627,1.2e-14,7.66e-11,Calyptratae,FBpp0111661,7227,CG34445
NOG231427,8,0.9405,7.626,1.21e-14,7.7e-11,Calyptratae,FBpp0082351,7227,Or88a
NOG88647,8,0.9405,7.625,1.22e-14,7.8e-11,Calyptratae,FBpp0078294,7227,CG14676
NOG88647,8,0.9405,7.625,1.22e-14,7.8e-11,Calyptratae,FBpp0111396,7227,CG34287
NOG84614,8,1,7.624,1.23e-14,7.84e-11,Calyptratae,FBpp0084540,7227,CG3330
NOG33492,8,0.9088,7.624,1.23e-14,7.84e-11,Calyptratae,FBpp0289564,7227,CG8861
NOG85049,8,1,7.621,1.26e-14,8.04e-11,Calyptratae,FBpp0082577,7227,CG6276
NOG84227,8,0.9286,7.619,1.28e-14,8.16e-11,Calyptratae,FBpp0304416,7227,wac
NOG239438,8,1,7.617,1.29e-14,8.25e-11,Calyptratae,FBpp0081321,7227,CG31463
NOG281254,8,0.9405,7.615,1.32e-14,8.39e-11,Calyptratae,FBpp0080667,7227,CG10570
NOG85024,8,0.9207,7.614,1.33e-14,8.46e-11,Calyptratae,FBpp0070970,7227,CG14427
NOG238670,8,1,7.613,1.34e-14,8.54e-11,Calyptratae,FBpp0074392,7227,CG6470
NOG238670,8,1,7.613,1.34e-14,8.54e-11,Calyptratae,FBpp0291085,7227,CG8478
NOG255777,8,1,7.612,1.35e-14,8.57e-11,Calyptratae,FBpp0079248,7227,CG8292
NOG89324,8,0.9405,7.612,1.35e-14,8.59e-11,Calyptratae,FBpp0074896,7227,grim
NOG84394,8,1,7.599,1.49e-14,9.47e-11,Calyptratae,FBpp0112246,7227,CG14132
NOG257394,8,0.8834,7.598,1.5e-14,9.58e-11,Calyptratae,FBpp0091036,7227,CG33774
NOG83497,8,0.9405,7.594,1.55e-14,9.88e-11,Calyptratae,FBpp0079848,7227,CG14937
NOG272812,8,0.799,7.591,1.59e-14,1.01e-10,Calyptratae,FBpp0099828,7227,unc
NOG87836,8,0.8953,7.591,1.59e-14,1.01e-10,Calyptratae,FBpp0074248,7227,CG12986
NOG245409,8,1,7.59,1.6e-14,1.02e-10,Calyptratae,FBpp0071150,7227,Cp36
NOG10394,8,0.9682,7.589,1.61e-14,1.02e-10,Calyptratae,FBpp0073238,7227,CG2157
NOG82465,8,0.9405,7.589,1.62e-14,1.03e-10,Calyptratae,FBpp0085785,7227,prod
NOG82465,8,0.9405,7.589,1.62e-14,1.03e-10,Calyptratae,FBpp0304303,7227,CG15107
NOG234874,8,1,7.584,1.68e-14,1.07e-10,Calyptratae,FBpp0292443,7227,CG32428
NOG87746,8,0.9207,7.582,1.71e-14,1.09e-10,Calyptratae,FBpp0112210,7227,CG4951
NOG245433,8,0.9405,7.58,1.73e-14,1.1e-10,Calyptratae,FBpp0074886,7227,rpr
NOG32788,8,0.8575,7.577,1.77e-14,1.13e-10,Calyptratae,FBpp0080212,7227,l(2)34Fc
NOG241615,8,0.9286,7.576,1.78e-14,1.13e-10,Calyptratae,FBpp0291067,7227,CG9875
NOG44017,8,0.8831,7.575,1.79e-14,1.14e-10,Calyptratae,FBpp0071415,7227,CG2962
NOG44017,8,0.8831,7.575,1.79e-14,1.14e-10,Calyptratae,FBpp0074164,7227,CG32564
NOG88972,8,1,7.575,1.8e-14,1.14e-10,Calyptratae,FBpp0288720,7227,slam
NOG84537,8,0.9207,7.574,1.81e-14,1.15e-10,Calyptratae,FBpp0070536,7227,CG4116
NOG81956,8,0.9405,7.573,1.83e-14,1.17e-10,Calyptratae,FBpp0070718,7227,CG4198
NOG246544,8,0.9032,7.572,1.83e-14,1.17e-10,Calyptratae,FBpp0076319,7227,CG13306
NOG87182,8,1,7.571,1.85e-14,1.18e-10,Calyptratae,FBpp0111638,7227,CG34425
NOG98390,8,0.9405,7.57,1.87e-14,1.19e-10,Calyptratae,FBpp0080061,7227,CG15480
NOG87701,8,1,7.568,1.89e-14,1.21e-10,Calyptratae,FBpp0079428,7227,CG17855
NOG230456,8,1,7.564,1.95e-14,1.24e-10,Calyptratae,FBpp0086884,7227,CG17724
NOG281003,8,0.9405,7.562,1.99e-14,1.27e-10,Calyptratae,FBpp0071576,7227,CG15674
NOG87543,8,0.9405,7.561,2.01e-14,1.28e-10,Calyptratae,FBpp0305765,7227,CG13720
NOG242435,8,0.9405,7.56,2.01e-14,1.28e-10,Calyptratae,FBpp0073348,7227,HP5
NOG244421,8,0.9405,7.56,2.02e-14,1.28e-10,Calyptratae,FBpp0073837,7227,CG9114
NOG82908,8,0.881,7.557,2.06e-14,1.3100000000000001e-10,Calyptratae,FBpp0289934,7227,CG13877
NOG87842,8,0.9405,7.554,2.11e-14,1.34e-10,Calyptratae,FBpp0305582,7227,tan
NOG244414,8,0.9405,7.544,2.28e-14,1.45e-10,Calyptratae,FBpp0086793,7227,CG13331
NOG87348,8,0.9405,7.542,2.32e-14,1.48e-10,Calyptratae,FBpp0082714,7227,Mst89B
NOG84893,8,1,7.54,2.36e-14,1.5e-10,Calyptratae,FBpp0071886,7227,Gr59d
NOG87697,8,0.9207,7.537,2.4e-14,1.53e-10,Calyptratae,FBpp0081201,7227,CG1138
NOG272766,8,0.9365,7.536,2.43e-14,1.55e-10,Calyptratae,FBpp0084119,7227,AstA
NOG272957,8,0.8668,7.535,2.44e-14,1.55e-10,Calyptratae,FBpp0292360,7227,CG15740
NOG251500,8,1,7.535,2.44e-14,1.55e-10,Calyptratae,FBpp0078515,7227,CG14657
NOG279739,8,0.9405,7.529,2.55e-14,1.62e-10,Calyptratae,FBpp0080128,7227,CG7968
NOG248728,8,0.9405,7.529,2.56e-14,1.63e-10,Calyptratae,FBpp0113003,7227,CG14014
NOG257933,8,0.9153,7.529,2.56e-14,1.63e-10,Calyptratae,FBpp0073189,7227,CG15022
NOG257933,8,0.9153,7.529,2.56e-14,1.63e-10,Calyptratae,FBpp0113000,7227,CG11585
NOG281232,8,0.9207,7.522,2.69e-14,1.71e-10,Calyptratae,FBpp0288402,7227,CG13047
NOG84886,8,0.9405,7.52,2.74e-14,1.75e-10,Calyptratae,FBpp0302930,7227,mthl8
NOG81614,8,1,7.519,2.77e-14,1.76e-10,Calyptratae,FBpp0080533,7227,CG5043
NOG81614,8,1,7.519,2.77e-14,1.76e-10,Calyptratae,FBpp0080534,7227,CG5050
NOG257367,8,1,7.518,2.78e-14,1.77e-10,Calyptratae,FBpp0077078,7227,CG11927
NOG252951,8,0.9405,7.515,2.85e-14,1.82e-10,Calyptratae,FBpp0077070,7227,Elba3
NOG81830,8,1,7.514,2.86e-14,1.82e-10,Calyptratae,FBpp0076885,7227,CG15213
NOG279095,8,0.9365,7.514,2.87e-14,1.83e-10,Calyptratae,FBpp0080126,7227,CG7916
NOG271649,8,0.8833,7.513,2.89e-14,1.84e-10,Calyptratae,FBpp0078770,7227,CG7239
NOG87311,8,0.9405,7.512,2.91e-14,1.85e-10,Calyptratae,FBpp0086472,7227,CG30466
NOG242419,8,0.9405,7.512,2.92e-14,1.86e-10,Calyptratae,FBpp0075465,7227,Lk
NOG83106,8,0.9405,7.512,2.92e-14,1.86e-10,Calyptratae,FBpp0085116,7227,bnk
NOG84473,8,1,7.51,2.96e-14,1.89e-10,Calyptratae,FBpp0076462,7227,bip1
NOG84069,8,0.9405,7.507,3.02e-14,1.92e-10,Calyptratae,FBpp0084825,7227,CG18731
NOG255774,8,0.9207,7.505,3.07e-14,1.95e-10,Calyptratae,FBpp0300956,7227,CG15147
NOG281711,8,0.9405,7.504,3.11e-14,1.98e-10,Calyptratae,FBpp0070772,7227,CG15773
NOG87127,8,0.9746,7.502,3.13e-14,2e-10,Calyptratae,FBpp0087641,7227,CG13739
NOG88488,8,1,7.502,3.15e-14,2.01e-10,Calyptratae,FBpp0087634,7227,CG13955
NOG87922,8,0.9207,7.496,3.3e-14,2.1e-10,Calyptratae,FBpp0289866,7227,CG42507
NOG81790,8,0.9405,7.494,3.35e-14,2.13e-10,Calyptratae,FBpp0084554,7227,Gr98a
NOG84535,8,0.9405,7.494,3.35e-14,2.13e-10,Calyptratae,FBpp0288526,7227,CG12507
NOG133166,8,0.9207,7.494,3.35e-14,2.13e-10,Calyptratae,FBpp0079227,7227,Mur29B
NOG87873,8,0.9405,7.493,3.37e-14,2.15e-10,Calyptratae,FBpp0292826,7227,CG42807
NOG281559,8,0.9802,7.492,3.38e-14,2.15e-10,Calyptratae,FBpp0111983,7227,pyr
NOG67411,8,0.9365,7.492,3.39e-14,2.16e-10,Calyptratae,FBpp0288400,7227,CG12911
NOG231709,8,0.9183,7.492,3.39e-14,2.16e-10,Calyptratae,FBpp0087771,7227,CG14752
NOG04293,8,0.9214,7.491,3.41e-14,2.17e-10,Calyptratae,FBpp0085167,7227,pygo
NOG239435,8,0.9167,7.488,3.5e-14,2.23e-10,Calyptratae,FBpp0079923,7227,CG17217
NOG86941,8,0.9405,7.484,3.6e-14,2.29e-10,Calyptratae,FBpp0292463,7227,CG42770
NOG87279,8,0.9405,7.482,3.66e-14,2.33e-10,Calyptratae,FBpp0290761,7227,CG14502
NOG242439,8,0.9286,7.482,3.66e-14,2.33e-10,Calyptratae,FBpp0074940,7227,edin
NOG237264,8,0.9405,7.481,3.7e-14,2.35e-10,Calyptratae,FBpp0305385,7227,dgt4
NOG98554,8,0.9405,7.479,3.73e-14,2.38e-10,Calyptratae,FBpp0297716,7227,CG31464
NOG273297,8,0.8505,7.477,3.81e-14,2.42e-10,Calyptratae,FBpp0073721,7227,CG32599
NOG01393,8,0.8864,7.474,3.9e-14,2.48e-10,Calyptratae,FBpp0290252,7227,CG33258
NOG01393,8,0.8864,7.474,3.9e-14,2.48e-10,Calyptratae,FBpp0290253,7227,CG13075
NOG90859,8,0.9207,7.471,3.96e-14,2.52e-10,Calyptratae,FBpp0293428,7227,CG43106
NOG88708,8,0.9548,7.469,4.05e-14,2.58e-10,Calyptratae,FBpp0084977,7227,CecA1
NOG88708,8,0.9548,7.469,4.05e-14,2.58e-10,Calyptratae,FBpp0084978,7227,CecA2
NOG88708,8,0.9548,7.469,4.05e-14,2.58e-10,Calyptratae,FBpp0084980,7227,CecC
NOG88708,8,0.9548,7.469,4.05e-14,2.58e-10,Calyptratae,FBpp0085002,7227,CecB
NOG248740,8,0.9207,7.462,4.27e-14,2.72e-10,Calyptratae,FBpp0071949,7227,CG30413
NOG248740,8,0.9207,7.462,4.27e-14,2.72e-10,Calyptratae,FBpp0099437,7227,CG34026
NOG127363,8,0.9207,7.455,4.48e-14,2.85e-10,Calyptratae,FBpp0083943,7227,cav
NOG26874,8,0.8289,7.455,4.48e-14,2.86e-10,Calyptratae,FBpp0290482,7227,inaF-D
NOG272693,8,0.7582,7.454,4.52e-14,2.88e-10,Calyptratae,FBpp0289871,7227,CG42511
NOG281494,8,0.881,7.446,4.81e-14,3.06e-10,Calyptratae,FBpp0074635,7227,obst-J
NOG232965,8,0.881,7.444,4.88e-14,3.11e-10,Calyptratae,FBpp0289295,7227,CG12680
NOG84984,8,1,7.444,4.89e-14,3.11e-10,Calyptratae,FBpp0271837,7227,CG13114
NOG282332,8,0.9151,7.443,4.92e-14,3.13e-10,Calyptratae,FBpp0292468,7227,RAD
NOG282332,8,0.9151,7.443,4.92e-14,3.13e-10,Calyptratae,FBpp0292470,7227,RV
NOG88219,8,0.9405,7.441,4.98e-14,3.17e-10,Calyptratae,FBpp0071139,7227,CG17982
NOG87544,8,0.9405,7.431,5.39e-14,3.43e-10,Calyptratae,FBpp0082166,7227,CG11656
NOG276979,8,0.8715,7.43,5.41e-14,3.45e-10,Calyptratae,FBpp0073190,7227,CG11345
NOG87139,8,0.9405,7.429,5.49e-14,3.5e-10,Calyptratae,FBpp0070540,7227,CG14418
NOG05648,8,0.8956,7.427,5.54e-14,3.53e-10,Calyptratae,FBpp0073503,7227,CG15731
NOG39746,8,0.8857,7.423,5.73e-14,3.65e-10,Calyptratae,FBpp0078026,7227,CG33290
NOG39746,8,0.8857,7.423,5.73e-14,3.65e-10,Calyptratae,FBpp0078108,7227,CG14567
NOG252948,8,0.9405,7.419,5.89e-14,3.75e-10,Calyptratae,FBpp0072617,7227,CG9192
NOG86599,8,0.881,7.419,5.9e-14,3.76e-10,Calyptratae,FBpp0290900,7227,CG13840
NOG40349,8,0.8788,7.418,5.93e-14,3.78e-10,Calyptratae,FBpp0074712,7227,CG9368
NOG257365,8,0.9405,7.406,6.51e-14,4.15e-10,Calyptratae,FBpp0304509,7227,CG41434
NOG85018,8,0.9207,7.403,6.66e-14,4.24e-10,Calyptratae,FBpp0086642,7227,CG30076
NOG89410,8,0.9286,7.4,6.79e-14,4.33e-10,Calyptratae,FBpp0080883,7227,CG12617
NOG81879,8,0.9405,7.399,6.84e-14,4.36e-10,Calyptratae,FBpp0074117,7227,CG13002
NOG81879,8,0.9405,7.399,6.84e-14,4.36e-10,Calyptratae,FBpp0080981,7227,CheB38c
NOG81879,8,0.9405,7.399,6.84e-14,4.36e-10,Calyptratae,FBpp0080982,7227,CheB38a
NOG81879,8,0.9405,7.399,6.84e-14,4.36e-10,Calyptratae,FBpp0085519,7227,CheB42b
NOG81879,8,0.9405,7.399,6.84e-14,4.36e-10,Calyptratae,FBpp0089406,7227,CheB42a
NOG81879,8,0.9405,7.399,6.84e-14,4.36e-10,Calyptratae,FBpp0090958,7227,CheB53b
NOG81879,8,0.9405,7.399,6.84e-14,4.36e-10,Calyptratae,FBpp0090972,7227,CheB53a
NOG81879,8,0.9405,7.399,6.84e-14,4.36e-10,Calyptratae,FBpp0100172,7227,CheB38b
NOG81879,8,0.9405,7.399,6.84e-14,4.36e-10,Calyptratae,FBpp0305163,7227,CheB42c
NOG26125,8,0.8549,7.398,6.91e-14,4.4e-10,Calyptratae,FBpp0084344,7227,CG14551
NOG45436,8,0.8008,7.395,7.05e-14,4.49e-10,Calyptratae,FBpp0088777,7227,CG33170
NOG45519,8,0.8285,7.393,7.18e-14,4.57e-10,Calyptratae,FBpp0305741,7227,CG13055
NOG88501,8,0.9405,7.387,7.48e-14,4.77e-10,Calyptratae,FBpp0072244,7227,CG4741
NOG84931,8,0.9207,7.379,7.98e-14,5.08e-10,Calyptratae,FBpp0288851,7227,CG42262
NOG87237,8,0.8612,7.378,8.03e-14,5.12e-10,Calyptratae,FBpp0077110,7227,CG15631
NOG257636,8,0.7838,7.377,8.08e-14,5.15e-10,Calyptratae,FBpp0070525,7227,CG32793
NOG257636,8,0.7838,7.377,8.08e-14,5.15e-10,Calyptratae,FBpp0078868,7227,psd
NOG257636,8,0.7838,7.377,8.08e-14,5.15e-10,Calyptratae,FBpp0291870,7227,CG42676
NOG05248,8,0.8118,7.372,8.39e-14,5.34e-10,Calyptratae,FBpp0081014,7227,CG31626
NOG05248,8,0.8118,7.372,8.39e-14,5.34e-10,Calyptratae,FBpp0292129,7227,CG32248
NOG87617,8,0.9151,7.367,8.73e-14,5.56e-10,Calyptratae,FBpp0087298,7227,CG13231
NOG83750,8,0.9207,7.366,8.78e-14,5.59e-10,Calyptratae,FBpp0071413,7227,Ipod
NOG270343,8,0.8855,7.366,8.79e-14,5.6e-10,Calyptratae,FBpp0086905,7227,CG13321
NOG231431,8,0.9405,7.365,8.87e-14,5.65e-10,Calyptratae,FBpp0078110,7227,CG14569
NOG93349,8,0.9405,7.362,9.05e-14,5.76e-10,Calyptratae,FBpp0087104,7227,CG13170
NOG244420,8,0.9405,7.357,9.39e-14,5.98e-10,Calyptratae,FBpp0070745,7227,CG4151
NOG72290,8,0.8493,7.357,9.42e-14,6e-10,Calyptratae,FBpp0293005,7227,CG32846
NOG43961,8,0.847,7.356,9.47e-14,6.03e-10,Calyptratae,FBpp0112169,7227,hdly
NOG245408,8,0.8793,7.356,9.5e-14,6.05e-10,Calyptratae,FBpp0083579,7227,CG13407
NOG83954,8,0.9405,7.356,9.51e-14,6.05e-10,Calyptratae,FBpp0111436,7227,inaF-A
NOG83954,8,0.9405,7.356,9.51e-14,6.05e-10,Calyptratae,FBpp0289437,7227,inaF-B
NOG284372,8,0.9405,7.354,9.61e-14,6.12e-10,Calyptratae,FBpp0073248,7227,CG15203
NOG281550,8,0.881,7.349,9.96e-14,6.34e-10,Calyptratae,FBpp0297242,7227,CG13639
NOG135630,8,0.9151,7.349,9.98e-14,6.36e-10,Calyptratae,FBpp0289229,7227,CG42353
NOG41957,8,0.8857,7.348,1.01e-13,6.43e-10,Calyptratae,FBpp0289343,7227,Cp7Fa
NOG89120,8,0.9405,7.347,1.02e-13,6.47e-10,Calyptratae,FBpp0071956,7227,ord
NOG281522,8,0.9405,7.34,1.07e-13,6.82e-10,Calyptratae,FBpp0271821,7227,CG13022
NOG87669,8,0.9405,7.337,1.09e-13,6.94e-10,Calyptratae,FBpp0305502,7227,CG2233
NOG276227,8,0.877,7.337,1.09e-13,6.95e-10,Calyptratae,FBpp0070172,7227,CG14629
NOG31120,8,0.7589,7.322,1.22e-13,7.77e-10,Calyptratae,FBpp0075482,7227,CG7924
NOG257335,8,0.881,7.318,1.26e-13,8.01e-10,Calyptratae,FBpp0083187,7227,CG31245
NOG257335,8,0.881,7.318,1.26e-13,8.01e-10,Calyptratae,FBpp0083189,7227,CG3581
NOG45603,8,0.7902,7.315,1.29e-13,8.19e-10,Calyptratae,FBpp0083077,7227,CG31231
NOG45603,8,0.7902,7.315,1.29e-13,8.19e-10,Calyptratae,FBpp0086869,7227,CG4714
NOG45603,8,0.7902,7.315,1.29e-13,8.19e-10,Calyptratae,FBpp0086870,7227,CG4712
NOG45603,8,0.7902,7.315,1.29e-13,8.19e-10,Calyptratae,FBpp0291661,7227,CG31784
NOG40498,8,0.873,7.313,1.31e-13,8.35e-10,Calyptratae,FBpp0088025,7227,CG1360
COG4677,8,0.8439,7.311,1.32e-13,8.43e-10,Calyptratae,FBpp0074313,7227,CG12672
NOG84025,8,0.9405,7.31,1.34e-13,8.52e-10,Calyptratae,FBpp0073203,7227,CG13711
NOG84025,8,0.9405,7.31,1.34e-13,8.52e-10,Calyptratae,FBpp0077584,7227,halo
NOG14256,8,0.8671,7.309,1.34e-13,8.55e-10,Calyptratae,FBpp0291858,7227,Cpr47Ef
NOG26820,8,0.8362,7.304,1.4e-13,8.9e-10,Calyptratae,FBpp0086073,7227,Lhr
NOG31488,8,0.8095,7.302,1.42e-13,9.03e-10,Calyptratae,FBpp0071965,7227,CG13558
NOG24501,8,0.8565,7.302,1.42e-13,9.04e-10,Calyptratae,FBpp0289681,7227,CG32638
NOG282053,8,0.9207,7.301,1.43e-13,9.08e-10,Calyptratae,FBpp0081913,7227,CG6908
NOG281406,8,0.8414,7.291,1.53e-13,9.77e-10,Calyptratae,FBpp0075220,7227,CG13067
NOG251486,8,0.9405,7.275,1.73e-13,1.1e-9,Calyptratae,FBpp0083733,7227,CG17244
NOG83786,8,0.9207,7.275,1.73e-13,1.1e-9,Calyptratae,FBpp0073111,7227,CG15005
NOG281488,8,0.9405,7.266,1.85e-13,1.18e-9,Calyptratae,FBpp0081037,7227,Gr39a
NOG278053,8,0.9405,7.264,1.88e-13,1.2e-9,Calyptratae,FBpp0110287,7227,CG34144
NOG83548,8,0.9405,7.263,1.9e-13,1.21e-9,Calyptratae,FBpp0289084,7227,CG30120
NOG89050,8,0.9405,7.26,1.94e-13,1.23e-9,Calyptratae,FBpp0088057,7227,Coop
NOG271185,8,0.873,7.247,2.13e-13,1.36e-9,Calyptratae,FBpp0271525,7227,tub
NOG83233,8,0.9286,7.244,2.18e-13,1.39e-9,Calyptratae,FBpp0289668,7227,CG42487
NOG15894,8,0.8129,7.24,2.24e-13,1.43e-9,Calyptratae,FBpp0085988,7227,Muc55B
NOG86133,8,0.881,7.224,2.52e-13,1.61e-9,Calyptratae,FBpp0077231,7227,CG31777
NOG265284,8,0.832,7.221,2.58e-13,1.64e-9,Calyptratae,FBpp0113055,7227,CG9083
NOG244398,8,0.881,7.219,2.62e-13,1.67e-9,Calyptratae,FBpp0290240,7227,CG32181
NOG89425,8,0.881,7.209,2.82e-13,1.8e-9,Calyptratae,FBpp0304164,7227,CG14459
NOG38619,8,0.8857,7.206,2.89e-13,1.84e-9,Calyptratae,FBpp0083165,7227,CG5835
NOG135705,8,0.8692,7.203,2.94e-13,1.87e-9,Calyptratae,FBpp0071242,7227,Obp8a
NOG33328,8,0.7632,7.184,3.38e-13,2.15e-9,Calyptratae,FBpp0303816,7227,CG11350
NOG245417,8,0.9286,7.18,3.5e-13,2.23e-9,Calyptratae,FBpp0111360,7227,CG34251
NOG07250,8,0.7618,7.17,3.74e-13,2.38e-9,Calyptratae,FBpp0291446,7227,CG40930
NOG07250,8,0.7618,7.17,3.74e-13,2.38e-9,Calyptratae,FBpp0291997,7227,CG42685
NOG07250,8,0.7618,7.17,3.74e-13,2.38e-9,Calyptratae,FBpp0304697,7227,CG30048
NOG78356,8,0.9207,7.169,3.77e-13,2.4e-9,Calyptratae,FBpp0077939,7227,Gr77a
NOG90818,8,0.8612,7.158,4.08e-13,2.6e-9,Calyptratae,FBpp0289548,7227,Os-C
NOG40595,8,0.8222,7.152,4.28e-13,2.72e-9,Calyptratae,FBpp0304666,7227,CG7884
NOG269380,8,0.8256,7.126,5.18e-13,3.3e-9,Calyptratae,FBpp0084860,7227,CG31038
NOG135722,8,0.9207,7.116,5.55e-13,3.53e-9,Calyptratae,FBpp0271949,7227,CG15753
NOG251488,8,0.881,7.11,5.8e-13,3.69e-9,Calyptratae,FBpp0077194,7227,CG15422
NOG84902,8,0.881,7.105,6e-13,3.82e-9,Calyptratae,FBpp0085604,7227,Obp57c
NOG87638,8,0.9207,7.104,6.04e-13,3.85e-9,Calyptratae,FBpp0076847,7227,CG13285
NOG01979,8,0.7815,7.092,6.59e-13,4.2e-9,Calyptratae,FBpp0305256,7227,stwl
NOG40818,8,0.7818,7.091,6.65e-13,4.24e-9,Calyptratae,FBpp0080373,7227,CG4891
NOG232456,8,0.86240000000000006,7.077,7.34e-13,4.68e-9,Calyptratae,FBpp0086938,7227,stil
NOG85097,8,0.881,7.068,7.88e-13,5.02e-9,Calyptratae,FBpp0110113,7227,CG34116
NOG08595,8,0.8153,7.064,8.08e-13,5.15e-9,Calyptratae,FBpp0074596,7227,CG13813
NOG28590,8,0.8306,7.063,8.15e-13,5.19e-9,Calyptratae,FBpp0306206,7227,CG13931
NOG246558,8,0.8095,7.053,8.72e-13,5.56e-9,Calyptratae,FBpp0112450,7227,CG17163
NOG256654,8,0.7275,7.046,9.21e-13,5.86e-9,Calyptratae,FBpp0073162,7227,CG7465
NOG256654,8,0.7275,7.046,9.21e-13,5.86e-9,Calyptratae,FBpp0073208,7227,CG13705
NOG256654,8,0.7275,7.046,9.21e-13,5.86e-9,Calyptratae,FBpp0073212,7227,CG32237
KOG4738,8,0.7829,7.029,1.04e-12,6.62e-9,Calyptratae,FBpp0081636,7227,MtnA
KOG4738,8,0.7829,7.029,1.04e-12,6.62e-9,Calyptratae,FBpp0083292,7227,MtnC
KOG4738,8,0.7829,7.029,1.04e-12,6.62e-9,Calyptratae,FBpp0083298,7227,MtnB
KOG4738,8,0.7829,7.029,1.04e-12,6.62e-9,Calyptratae,FBpp0300409,7227,MtnD
NOG88004,8,0.8216,7.008,1.21e-12,7.69e-9,Calyptratae,FBpp0091046,7227,CG33796
NOG88004,8,0.8216,7.008,1.21e-12,7.69e-9,Calyptratae,FBpp0091165,7227,CG33927
NOG259148,8,0.8007,7.007,1.22e-12,7.75e-9,Calyptratae,FBpp0085261,7227,tsh
NOG259148,8,0.8007,7.007,1.22e-12,7.75e-9,Calyptratae,FBpp0088404,7227,tio
NOG38327,8,0.8332,7.004,1.25e-12,7.94e-9,Calyptratae,FBpp0303899,7227,CG43781
NOG19479,8,0.7904,6.993,1.34e-12,8.56e-9,Calyptratae,FBpp0070857,7227,fs(1)M3
NOG84499,8,0.8493,6.989,1.39e-12,8.83e-9,Calyptratae,FBpp0081340,7227,CG31462
NOG19258,8,0.7696,6.983,1.45e-12,9.22e-9,Calyptratae,FBpp0075343,7227,CG13449
NOG33098,8,0.8347,6.976,1.52e-12,9.65e-9,Calyptratae,FBpp0078109,7227,CG14568
NOG18733,8,0.7909,6.975,1.53e-12,9.73e-9,Calyptratae,FBpp0293086,7227,CG13607
NOG19772,8,0.7904,6.938,1.99e-12,1.27e-8,Calyptratae,FBpp0081651,7227,mtTFB2
NOG25023,8,0.7165,6.929,2.11e-12,1.35e-8,Calyptratae,FBpp0074628,7227,CG7298
NOG25023,8,0.7165,6.929,2.11e-12,1.35e-8,Calyptratae,FBpp0076300,7227,Cp19
NOG81915,8,0.8612,6.912,2.38e-12,1.52e-8,Calyptratae,FBpp0300964,7227,CG34112
NOG270575,8,0.7798,6.905,2.51e-12,1.6e-8,Calyptratae,FBpp0073553,7227,CG42237
NOG67719,8,0.816,6.886,2.87e-12,1.83e-8,Calyptratae,FBpp0288969,7227,CG42307
NOG87585,8,0.8216,6.873,3.13e-12,2e-8,Calyptratae,FBpp0290040,7227,CG17279
NOG93676,8,0.8216,6.86,3.45e-12,2.2e-8,Calyptratae,FBpp0071323,7227,CG1468
NOG234875,8,0.8097,6.849,3.72e-12,2.37e-8,Calyptratae,FBpp0289325,7227,CG34180
NOG87006,8,0.8216,6.839,4e-12,2.55e-8,Calyptratae,FBpp0111672,7227,CG34454
NOG83325,8,0.8017,6.828,4.3e-12,2.74e-8,Calyptratae,FBpp0290301,7227,CG34307
NOG06754,8,0.7642,6.813,4.78e-12,3.04e-8,Calyptratae,FBpp0071651,7227,comr
NOG281556,8,0.8216,6.806,5e-12,3.19e-8,Calyptratae,FBpp0301999,7227,CG42354
NOG05047,8,0.6799,6.723,8.9e-12,5.67e-8,Calyptratae,FBpp0086141,7227,CG17290
NOG05047,8,0.6799,6.723,8.9e-12,5.67e-8,Calyptratae,FBpp0086151,7227,CG30458
NOG05047,8,0.6799,6.723,8.9e-12,5.67e-8,Calyptratae,FBpp0297712,7227,CG13731
NOG05047,8,0.6799,6.723,8.9e-12,5.67e-8,Calyptratae,FBpp0302913,7227,CG10953
NOG31461,8,0.7469,6.69,1.11e-11,7.1e-8,Calyptratae,FBpp0083124,7227,CG14286
NOG10947,8,0.6922,6.687,1.14e-11,7.25e-8,Calyptratae,FBpp0086754,7227,CG6280
NOG01822,8,0.6904,6.67,1.28e-11,8.14e-8,Calyptratae,FBpp0290784,7227,CG15322
NOG83368,8,0.7918,6.641,1.55e-11,9.9e-8,Calyptratae,FBpp0302899,7227,CG42239
NOG270560,8,0.7171,6.598,2.08e-11,1.33e-7,Calyptratae,FBpp0074718,7227,ms(3)76Ca
NOG270560,8,0.7171,6.598,2.08e-11,1.33e-7,Calyptratae,FBpp0290081,7227,CG42529
NOG07264,8,0.6981,6.439,6e-11,3.82e-7,Calyptratae,FBpp0304780,7227,Pif1B
NOG236121,8,0.6963,6.388,8.43e-11,5.37e-7,Calyptratae,FBpp0071097,7227,dec-1
NOG258245,8,0.6294,6.382,8.74e-11,5.57e-7,Calyptratae,FBpp0070419,7227,z
NOG13107,8,0.7018,6.371,9.41e-11,6e-7,Calyptratae,FBpp0078741,7227,CG18266
NOG13107,8,0.7018,6.371,9.41e-11,6e-7,Calyptratae,FBpp0078748,7227,CG7251
NOG13107,8,0.7018,6.371,9.41e-11,6e-7,Calyptratae,FBpp0078749,7227,CG14011
NOG00851,8,0.6522,6.336,1.18e-10,7.53e-7,Calyptratae,FBpp0078813,7227,CG31643
NOG10994,8,0.6859,6.297,1.52e-10,9.67e-7,Calyptratae,FBpp0072472,7227,mthl10
NOG272242,8,0.6353,6.21,2.64e-10,1.68e-6,Calyptratae,FBpp0082439,7227,Cys
NOG272242,8,0.6353,6.21,2.64e-10,1.68e-6,Calyptratae,FBpp0082440,7227,CG8066
NOG270383,8,0.6145,6.107,5.06e-10,3.22e-6,Calyptratae,FBpp0301725,7227,cold
NOG257717,8,0.561,5.887,1.96e-9,1.25e-5,Calyptratae,FBpp0071121,7227,CG1387
KOG4828,8,0.5782,5.837,2.66e-9,1.7e-5,Calyptratae,FBpp0077749,7227,CG11885
KOG0312,8,0.6044,5.818,2.98e-9,1.9e-5,Calyptratae,FBpp0088159,7227,Slip1
NOG258545,8,0.5437,5.641,8.43e-9,5.37e-5,Calyptratae,FBpp0074096,7227,CG13008
NOG25847,8,0.5298,5.388,3.57e-8,2.27e-4,Calyptratae,FBpp0077082,7227,CG15625
NOG25847,8,0.5298,5.388,3.57e-8,2.27e-4,Calyptratae,FBpp0078812,7227,CG13996
NOG23684,8,0.5069,5.179,1.12e-7,7.12e-4,Calyptratae,FBpp0110178,7227,Muted
NOG269398,8,0.3722,4.571,2.43e-6,0.0155,Calyptratae,FBpp0086150,7227,CG30457
NOG73222,9,0.9815,8.338,3.77e-17,2.4e-13,Nematocera,FBpp0073309,7227,CG1737
NOG82068,9,1,8.211,1.1e-16,6.99e-13,Nematocera,FBpp0290472,7227,CG42558
NOG282344,9,0.98,8.183,1.38e-16,8.82e-13,Nematocera,FBpp0288711,7227,CG7203
NOG82087,9,1,8.16,1.67e-16,1.06e-12,Nematocera,FBpp0083103,7227,CG7705
NOG84631,9,0.98,8.144,1.92e-16,1.22e-12,Nematocera,FBpp0300549,7227,CG13810
NOG83267,9,0.9795,8.139,1.99e-16,1.27e-12,Nematocera,FBpp0071483,7227,CG15650
NOG275618,9,0.9694,8.11,2.54e-16,1.62e-12,Nematocera,FBpp0073680,7227,tth
NOG282452,9,0.9401,8.092,2.94e-16,1.87e-12,Nematocera,FBpp0288793,7227,CG34453
NOG234881,9,1,8.082,3.19e-16,2.03e-12,Nematocera,FBpp0080026,7227,CG16813
NOG234881,9,1,8.082,3.19e-16,2.03e-12,Nematocera,FBpp0080060,7227,CG15479
NOG234881,9,1,8.082,3.19e-16,2.03e-12,Nematocera,FBpp0271956,7227,CG16815
NOG245414,9,1,8.08,3.25e-16,2.07e-12,Nematocera,FBpp0085445,7227,sced
NOG83839,9,0.98,8.074,3.41e-16,2.17e-12,Nematocera,FBpp0073394,7227,Gr10a
NOG83441,9,1,8.073,3.43e-16,2.19e-12,Nematocera,FBpp0080725,7227,CG10650
NOG83441,9,1,8.073,3.43e-16,2.19e-12,Nematocera,FBpp0291634,7227,CG13492
NOG83441,9,1,8.073,3.43e-16,2.19e-12,Nematocera,FBpp0291662,7227,CG15347
NOG246526,9,0.9914,8.069,3.55e-16,2.26e-12,Nematocera,FBpp0291343,7227,CG16734
NOG244385,9,1,8.06,3.8e-16,2.42e-12,Nematocera,FBpp0305153,7227,CG43902
NOG255178,9,1,8.031,4.83e-16,3.08e-12,Nematocera,FBpp0080394,7227,CG4455
NOG92721,9,0.9914,8.024,5.13e-16,3.27e-12,Nematocera,FBpp0074397,7227,CG15043
NOG84656,9,1,8.024,5.14e-16,3.27e-12,Nematocera,FBpp0075266,7227,CG17032
NOG87162,9,0.98,8.021,5.25e-16,3.34e-12,Nematocera,FBpp0070248,7227,mei-38
NOG87162,9,0.98,8.021,5.25e-16,3.34e-12,Nematocera,FBpp0113005,7227,CG15395
NOG85060,9,0.9601,8.015,5.52e-16,3.52e-12,Nematocera,FBpp0074082,7227,CG9992
NOG86172,9,0.98,8.005,5.95e-16,3.79e-12,Nematocera,FBpp0084880,7227,Capa
NOG81940,9,1,7.997,6.38e-16,4.06e-12,Nematocera,FBpp0078548,7227,CG14645
NOG81940,9,1,7.997,6.38e-16,4.06e-12,Nematocera,FBpp0079318,7227,Dm15a
NOG81940,9,1,7.997,6.38e-16,4.06e-12,Nematocera,FBpp0084542,7227,CG3348
NOG81940,9,1,7.997,6.38e-16,4.06e-12,Nematocera,FBpp0111392,7227,CG34282
NOG238650,9,1,7.995,6.48e-16,4.13e-12,Nematocera,FBpp0075933,7227,SuUR
NOG281541,9,1,7.994,6.52e-16,4.15e-12,Nematocera,FBpp0083997,7227,CG33341
NOG281541,9,1,7.994,6.52e-16,4.15e-12,Nematocera,FBpp0083998,7227,CG13614
NOG87699,9,1,7.988,6.88e-16,4.38e-12,Nematocera,FBpp0113069,7227,PGRP-LD
NOG255780,9,1,7.976,7.58e-16,4.83e-12,Nematocera,FBpp0077131,7227,CG15435
NOG87794,9,0.9715,7.974,7.7e-16,4.91e-12,Nematocera,FBpp0070275,7227,CG14795
NOG74748,9,1,7.971,7.9e-16,5.03e-12,Nematocera,FBpp0082775,7227,CG14879
NOG250211,9,0.9914,7.966,8.18e-16,5.21e-12,Nematocera,FBpp0076590,7227,CG14834
NOG273355,9,0.9597,7.959,8.67e-16,5.52e-12,Nematocera,FBpp0083435,7227,Bdbt
NOG85784,9,0.9914,7.958,8.75e-16,5.58e-12,Nematocera,FBpp0297497,7227,dbr
NOG70780,9,0.9492,7.954,8.99e-16,5.73e-12,Nematocera,FBpp0294015,7227,CG13258
NOG247688,9,1,7.954,9.04e-16,5.76e-12,Nematocera,FBpp0085080,7227,CG15546
NOG252965,9,0.9914,7.953,9.11e-16,5.8e-12,Nematocera,FBpp0078986,7227,sip2
NOG88543,9,1,7.951,9.24e-16,5.88e-12,Nematocera,FBpp0083358,7227,CG15922
NOG273180,9,0.9483,7.949,9.42e-16,6e-12,Nematocera,FBpp0073944,7227,CG12698
NOG273180,9,0.9483,7.949,9.42e-16,6e-12,Nematocera,FBpp0073987,7227,CG8958
NOG257348,9,1,7.945,9.7e-16,6.18e-12,Nematocera,FBpp0087492,7227,CG12920
NOG238668,9,0.8984,7.942,9.97e-16,6.35e-12,Nematocera,FBpp0111308,7227,CG34200
NOG230010,9,1,7.936,1.04e-15,6.63e-12,Nematocera,FBpp0084045,7227,CG31125
NOG86122,9,1,7.935,1.05e-15,6.7e-12,Nematocera,FBpp0085947,7227,Ote
NOG236048,9,1,7.931,1.09e-15,6.92e-12,Nematocera,FBpp0073393,7227,Or10a
NOG236048,9,1,7.931,1.09e-15,6.92e-12,Nematocera,FBpp0077499,7227,Or22c
NOG236048,9,1,7.931,1.09e-15,6.92e-12,Nematocera,FBpp0087602,7227,Or45b
NOG236048,9,1,7.931,1.09e-15,6.92e-12,Nematocera,FBpp0288403,7227,Or24a
NOG83262,9,1,7.928,1.11e-15,7.08e-12,Nematocera,FBpp0079374,7227,CG13108
NOG06661,9,0.9715,7.922,1.17e-15,7.45e-12,Nematocera,FBpp0070380,7227,fs(1)K10
NOG243357,9,0.9914,7.922,1.17e-15,7.45e-12,Nematocera,FBpp0077966,7227,CG10510
NOG86566,9,0.9914,7.916,1.22e-15,7.8e-12,Nematocera,FBpp0082838,7227,kuk
NOG230050,9,1,7.911,1.27e-15,8.11e-12,Nematocera,FBpp0303971,7227,CG6685
NOG39703,9,0.9047,7.909,1.3e-15,8.27e-12,Nematocera,FBpp0072815,7227,CG1246
NOG39703,9,0.9047,7.909,1.3e-15,8.27e-12,Nematocera,FBpp0078065,7227,CG12974
NOG242417,9,1,7.898,1.42e-15,9.01e-12,Nematocera,FBpp0073041,7227,ntc
NOG112436,9,1,7.897,1.42e-15,9.07e-12,Nematocera,FBpp0079052,7227,Nuf2
NOG83550,9,0.9481,7.897,1.43e-15,9.08e-12,Nematocera,FBpp0305298,7227,del
NOG84152,9,1,7.89,1.51e-15,9.63e-12,Nematocera,FBpp0087576,7227,CG30001
NOG82112,9,1,7.889,1.52e-15,9.67e-12,Nematocera,FBpp0084396,7227,Pdf
NOG282948,9,1,7.881,1.63e-15,1.04e-11,Nematocera,FBpp0089010,7227,CG10725
NOG246560,9,1,7.876,1.69e-15,1.08e-11,Nematocera,FBpp0074461,7227,CG14195
NOG68087,9,0.9165,7.873,1.73e-15,1.1e-11,Nematocera,FBpp0300675,7227,CG14989
NOG34326,9,0.8836,7.865,1.85e-15,1.18e-11,Nematocera,FBpp0070552,7227,Ilp7
NOG243353,9,1,7.862,1.89e-15,1.2e-11,Nematocera,FBpp0078051,7227,CG5664
NOG245359,9,0.9337,7.859,1.93e-15,1.23e-11,Nematocera,FBpp0072847,7227,Or63a
NOG88251,9,1,7.857,1.97e-15,1.26e-11,Nematocera,FBpp0086645,7227,phyl
NOG273365,9,0.9223,7.853,2.03e-15,1.29e-11,Nematocera,FBpp0077061,7227,CG14615
NOG241616,9,1,7.847,2.14e-15,1.36e-11,Nematocera,FBpp0079869,7227,dgt2
NOG44131,9,0.9819,7.841,2.24e-15,1.42e-11,Nematocera,FBpp0072682,7227,CG18171
NOG44131,9,0.9819,7.841,2.24e-15,1.42e-11,Nematocera,FBpp0078270,7227,CG15580
NOG269679,9,0.9269,7.836,2.33e-15,1.49e-11,Nematocera,FBpp0301614,7227,dila
NOG243344,9,1,7.831,2.41e-15,1.54e-11,Nematocera,FBpp0075738,7227,CG32100
NOG277259,9,0.9585,7.829,2.47e-15,1.57e-11,Nematocera,FBpp0072222,7227,CG3548
NOG277259,9,0.9585,7.829,2.47e-15,1.57e-11,Nematocera,FBpp0305146,7227,apt
NOG83300,9,1,7.825,2.55e-15,1.62e-11,Nematocera,FBpp0071607,7227,CG10433
NOG36461,9,1,7.824,2.56e-15,1.63e-11,Nematocera,FBpp0112268,7227,CG30015
NOG86612,9,1,7.822,2.61e-15,1.66e-11,Nematocera,FBpp0075251,7227,CG13074
NOG280254,9,0.9914,7.821,2.61e-15,1.66e-11,Nematocera,FBpp0079224,7227,CG14274
NOG247682,9,0.9601,7.809,2.87e-15,1.83e-11,Nematocera,FBpp0292798,7227,mex1
NOG03508,9,0.9154,7.808,2.91e-15,1.85e-11,Nematocera,FBpp0290280,7227,CG3588
NOG242422,9,0.9914,7.799,3.12e-15,1.98e-11,Nematocera,FBpp0077515,7227,CG10880
NOG73466,9,0.9914,7.799,3.13e-15,1.99e-11,Nematocera,FBpp0075849,7227,Gr68a
NOG73466,9,0.9914,7.799,3.13e-15,1.99e-11,Nematocera,FBpp0079787,7227,Gr32a
NOG73500,9,0.9597,7.796,3.19e-15,2.03e-11,Nematocera,FBpp0072667,7227,GV1
NOG242150,9,1,7.795,3.22e-15,2.05e-11,Nematocera,FBpp0072402,7227,mthl14
NOG239434,9,0.98,7.795,3.22e-15,2.05e-11,Nematocera,FBpp0077682,7227,CG13949
NOG39423,9,0.9597,7.789,3.38e-15,2.15e-11,Nematocera,FBpp0111418,7227,CG34309
NOG231714,9,0.9914,7.785,3.47e-15,2.21e-11,Nematocera,FBpp0078533,7227,Dip2
NOG246559,9,1,7.783,3.53e-15,2.25e-11,Nematocera,FBpp0072206,7227,Crtp
NOG246559,9,1,7.783,3.53e-15,2.25e-11,Nematocera,FBpp0075783,7227,CG6793
NOG88864,9,1,7.781,3.6e-15,2.29e-11,Nematocera,FBpp0078266,7227,Obp83g
NOG88864,9,1,7.781,3.6e-15,2.29e-11,Nematocera,FBpp0084816,7227,Obp99a
NOG88864,9,1,7.781,3.6e-15,2.29e-11,Nematocera,FBpp0087892,7227,Obp44a
NOG88864,9,1,7.781,3.6e-15,2.29e-11,Nematocera,FBpp0305400,7227,Obp99b
NOG282029,9,0.98,7.771,3.89e-15,2.48e-11,Nematocera,FBpp0099395,7227,obst-H
NOG282029,9,0.98,7.771,3.89e-15,2.48e-11,Nematocera,FBpp0293993,7227,CG33986
NOG267735,9,0.9401,7.77,3.93e-15,2.5e-11,Nematocera,FBpp0304047,7227,CG3651
NOG276982,9,1,7.77,3.93e-15,2.5e-11,Nematocera,FBpp0079371,7227,Or30a
NOG276982,9,1,7.77,3.93e-15,2.5e-11,Nematocera,FBpp0086894,7227,Or49b
NOG276982,9,1,7.77,3.93e-15,2.5e-11,Nematocera,FBpp0088122,7227,Or43a
NOG252936,9,0.8898,7.768,3.98e-15,2.54e-11,Nematocera,FBpp0292142,7227,CG15905
NOG86885,9,0.9715,7.758,4.3e-15,2.74e-11,Nematocera,FBpp0070649,7227,pon
NOG231174,9,0.9914,7.756,4.38e-15,2.79e-11,Nematocera,FBpp0111307,7227,CG34199
NOG31532,9,0.8771,7.755,4.41e-15,2.81e-11,Nematocera,FBpp0079479,7227,CG4619
NOG250176,9,1,7.754,4.45e-15,2.83e-11,Nematocera,FBpp0087059,7227,dgt5
NOG247702,9,0.9914,7.744,4.82e-15,3.07e-11,Nematocera,FBpp0306231,7227,CG14561
NOG02006,9,0.9177,7.735,5.18e-15,3.3e-11,Nematocera,FBpp0305177,7227,CG2186
NOG87556,9,1,7.731,5.34e-15,3.4e-11,Nematocera,FBpp0304702,7227,CG15515
NOG42078,9,0.9377,7.723,5.66e-15,3.6e-11,Nematocera,FBpp0083568,7227,CG6332
NOG38438,9,0.9047,7.721,5.75e-15,3.66e-11,Nematocera,FBpp0084780,7227,CG11882
NOG133100,9,0.9577,7.715,6.03e-15,3.84e-11,Nematocera,FBpp0271790,7227,CG5746
NOG282357,9,0.98,7.715,6.07e-15,3.86e-11,Nematocera,FBpp0070076,7227,CG32817
NOG282357,9,0.98,7.715,6.07e-15,3.86e-11,Nematocera,FBpp0070077,7227,CG3176
NOG282357,9,0.98,7.715,6.07e-15,3.86e-11,Nematocera,FBpp0111860,7227,CG13373
NOG87407,9,0.9914,7.709,6.34e-15,4.04e-11,Nematocera,FBpp0111532,7227,CG34382
NOG63578,9,0.9682,7.708,6.4e-15,4.08e-11,Nematocera,FBpp0074443,7227,Mur18B
NOG277631,9,0.9279,7.704,6.57e-15,4.18e-11,Nematocera,FBpp0086372,7227,CG30094
NOG21840,9,0.8943,7.702,6.68e-15,4.26e-11,Nematocera,FBpp0303500,7227,CG17078
NOG41078,9,0.9279,7.702,6.71e-15,4.27e-11,Nematocera,FBpp0292252,7227,CG13924
NOG85787,9,0.9914,7.694,7.15e-15,4.55e-11,Nematocera,FBpp0079552,7227,Ripalpha
NOG251902,9,0.9597,7.691,7.32e-15,4.66e-11,Nematocera,FBpp0300888,7227,CG13004
NOG254173,9,1,7.69,7.34e-15,4.68e-11,Nematocera,FBpp0297130,7227,CG13562
NOG31121,9,0.8975,7.687,7.55e-15,4.81e-11,Nematocera,FBpp0072933,7227,CG14961
NOG84000,9,0.9914,7.685,7.65e-15,4.87e-11,Nematocera,FBpp0076026,7227,Or67d
NOG84000,9,0.9914,7.685,7.65e-15,4.87e-11,Nematocera,FBpp0078269,7227,Or83c
NOG240178,9,0.8848,7.682,7.82e-15,4.98e-11,Nematocera,FBpp0305888,7227,Ptth
NOG278402,9,0.9047,7.672,8.49e-15,5.41e-11,Nematocera,FBpp0075430,7227,CG9628
NOG242440,9,0.9795,7.652,9.93e-15,6.32e-11,Nematocera,FBpp0292254,7227,CNMa
NOG83304,9,0.9401,7.65,1e-14,6.38e-11,Nematocera,FBpp0300748,7227,CG30127
NOG34636,9,0.9491,7.648,1.02e-14,6.49e-11,Nematocera,FBpp0085196,7227,CG1896
NOG246118,9,1,7.631,1.17e-14,7.42e-11,Nematocera,FBpp0304277,7227,CG8854
NOG40372,9,0.902,7.63,1.17e-14,7.46e-11,Nematocera,FBpp0083991,7227,Ms
NOG248722,9,0.9201,7.627,1.2e-14,7.64e-11,Nematocera,FBpp0083739,7227,Gr94a
NOG248722,9,0.9201,7.627,1.2e-14,7.64e-11,Nematocera,FBpp0084453,7227,Gr97a
NOG245392,9,0.8742,7.626,1.21e-14,7.68e-11,Nematocera,FBpp0074116,7227,CG4880
NOG245392,9,0.8742,7.626,1.21e-14,7.68e-11,Nematocera,FBpp0075904,7227,CG7557
NOG34187,9,0.9111,7.626,1.21e-14,7.72e-11,Nematocera,FBpp0305999,7227,CG32037
NOG65099,9,0.9492,7.619,1.28e-14,8.12e-11,Nematocera,FBpp0081435,7227,osk
NOG75659,9,0.9279,7.611,1.36e-14,8.65e-11,Nematocera,FBpp0083933,7227,Npc2f
NOG32480,9,0.8975,7.61,1.37e-14,8.72e-11,Nematocera,FBpp0289101,7227,mei-218
NOG32480,9,0.8975,7.61,1.37e-14,8.72e-11,Nematocera,FBpp0292856,7227,mei-217
NOG83263,9,1,7.597,1.52e-14,9.65e-11,Nematocera,FBpp0083553,7227,CG6569
NOG282060,9,0.9993,7.596,1.53e-14,9.75e-11,Nematocera,FBpp0071683,7227,CG11275
NOG87208,9,0.9914,7.591,1.59e-14,1.01e-10,Nematocera,FBpp0082217,7227,CheA87a
NOG233404,9,1,7.589,1.61e-14,1.03e-10,Nematocera,FBpp0071119,7227,CG1636
NOG29111,9,0.8197,7.588,1.63e-14,1.04e-10,Nematocera,FBpp0072042,7227,CG17658
NOG29111,9,0.8197,7.588,1.63e-14,1.04e-10,Nematocera,FBpp0075390,7227,CG13458
NOG67632,9,0.9165,7.587,1.64e-14,1.04e-10,Nematocera,FBpp0111936,7227,CG14007
NOG246119,9,1,7.582,1.7e-14,1.08e-10,Nematocera,FBpp0085548,7227,CG13437
NOG42952,9,0.9183,7.575,1.79e-14,1.14e-10,Nematocera,FBpp0079970,7227,vir-1
NOG88920,9,1,7.567,1.91e-14,1.22e-10,Nematocera,FBpp0072335,7227,Lcp9
NOG88920,9,1,7.567,1.91e-14,1.22e-10,Nematocera,FBpp0073483,7227,Cpr11A
NOG87085,9,0.9201,7.561,2e-14,1.28e-10,Nematocera,FBpp0082339,7227,CG9925
NOG56546,9,0.9406,7.561,2e-14,1.28e-10,Nematocera,FBpp0080137,7227,CG16886
NOG232803,9,0.9365,7.561,2.01e-14,1.28e-10,Nematocera,FBpp0072826,7227,CG14949
NOG88345,9,0.98,7.554,2.11e-14,1.34e-10,Nematocera,FBpp0081413,7227,CG9821
NOG246568,9,0.8657,7.541,2.34e-14,1.49e-10,Nematocera,FBpp0077057,7227,CG12576
NOG45022,9,0.9365,7.537,2.41e-14,1.53e-10,Nematocera,FBpp0291998,7227,CG42686
NOG272874,9,0.9519,7.536,2.43e-14,1.55e-10,Nematocera,FBpp0085235,7227,Map205
NOG38706,9,0.8771,7.533,2.48e-14,1.58e-10,Nematocera,FBpp0084005,7227,CG17780
NOG258571,9,0.8128,7.524,2.65e-14,1.69e-10,Nematocera,FBpp0077155,7227,Sr-CIII
NOG258571,9,0.8128,7.524,2.65e-14,1.69e-10,Nematocera,FBpp0077156,7227,Sr-CI
NOG258571,9,0.8128,7.524,2.65e-14,1.69e-10,Nematocera,FBpp0077249,7227,Sr-CIV
NOG258571,9,0.8128,7.524,2.65e-14,1.69e-10,Nematocera,FBpp0087112,7227,Sr-CII
NOG82060,9,0.9401,7.52,2.75e-14,1.75e-10,Nematocera,FBpp0075021,7227,CG13028
NOG43645,9,0.8363,7.515,2.84e-14,1.81e-10,Nematocera,FBpp0082230,7227,CCHa2
NOG245428,9,0.9401,7.515,2.85e-14,1.81e-10,Nematocera,FBpp0297711,7227,CG13707
NOG21715,9,0.9225,7.513,2.9e-14,1.85e-10,Nematocera,FBpp0079051,7227,Pvf2
NOG21715,9,0.9225,7.513,2.9e-14,1.85e-10,Nematocera,FBpp0111523,7227,Pvf3
NOG234315,9,1,7.507,3.03e-14,1.93e-10,Nematocera,FBpp0086684,7227,Obp50e
NOG234315,9,1,7.507,3.03e-14,1.93e-10,Nematocera,FBpp0086985,7227,Obp49a
NOG42067,9,0.9047,7.503,3.11e-14,1.98e-10,Nematocera,FBpp0082820,7227,CG18622
NOG35710,9,0.8412,7.494,3.34e-14,2.12e-10,Nematocera,FBpp0079216,7227,CG14277
NOG70526,9,0.9047,7.493,3.37e-14,2.15e-10,Nematocera,FBpp0304993,7227,Cpr76Bc
NOG38532,9,0.9279,7.487,3.51e-14,2.24e-10,Nematocera,FBpp0077187,7227,Reph
NOG233411,9,0.9292,7.478,3.79e-14,2.41e-10,Nematocera,FBpp0075333,7227,comm2
NOG233411,9,0.9292,7.478,3.79e-14,2.41e-10,Nematocera,FBpp0289129,7227,comm3
NOG233411,9,0.9292,7.478,3.79e-14,2.41e-10,Nematocera,FBpp0305237,7227,comm
NOG282502,9,0.9201,7.476,3.82e-14,2.44e-10,Nematocera,FBpp0077514,7227,CG15386
NOG40740,9,0.8848,7.474,3.89e-14,2.48e-10,Nematocera,FBpp0086332,7227,CG15708
NOG35173,9,0.9245,7.474,3.9e-14,2.48e-10,Nematocera,FBpp0084065,7227,CG13627
NOG279426,9,0.8566,7.467,4.1e-14,2.61e-10,Nematocera,FBpp0077360,7227,CG9641
NOG279426,9,0.8566,7.467,4.1e-14,2.61e-10,Nematocera,FBpp0084994,7227,CG2217
NOG21483,9,0.9543,7.465,4.18e-14,2.66e-10,Nematocera,FBpp0305384,7227,fog
NOG133057,9,0.9279,7.462,4.25e-14,2.71e-10,Nematocera,FBpp0085345,7227,CG17994
NOG64865,9,0.9365,7.46,4.32e-14,2.75e-10,Nematocera,FBpp0080066,7227,CG16972
NOG88276,9,0.9315,7.458,4.38e-14,2.79e-10,Nematocera,FBpp0074705,7227,Rcd7
NOG70965,9,0.9279,7.453,4.56e-14,2.9e-10,Nematocera,FBpp0079821,7227,AstC
NOG44038,9,0.9279,7.45,4.67e-14,2.97e-10,Nematocera,FBpp0080792,7227,CG13082
NOG18213,9,0.8327,7.447,4.79e-14,3.05e-10,Nematocera,FBpp0072891,7227,pfk
NOG42818,9,0.8508,7.444,4.89e-14,3.11e-10,Nematocera,FBpp0100132,7227,coil
NOG03099,9,0.8686,7.437,5.15e-14,3.28e-10,Nematocera,FBpp0289224,7227,CG14651
NOG239173,9,0.873,7.437,5.15e-14,3.28e-10,Nematocera,FBpp0292615,7227,CG13613
NOG239173,9,0.873,7.437,5.15e-14,3.28e-10,Nematocera,FBpp0292829,7227,CG42812
NOG239173,9,0.873,7.437,5.15e-14,3.28e-10,Nematocera,FBpp0292830,7227,CG42811
NOG39982,9,0.8412,7.423,5.74e-14,3.66e-10,Nematocera,FBpp0072732,7227,CG1927
NOG31774,9,0.873,7.413,6.16e-14,3.92e-10,Nematocera,FBpp0079108,7227,CG7191
NOG76956,9,0.9365,7.411,6.26e-14,3.98e-10,Nematocera,FBpp0077705,7227,Saf6
NOG273289,9,0.8768,7.411,6.27e-14,4e-10,Nematocera,FBpp0074455,7227,CG32536
NOG88944,9,0.9315,7.407,6.46e-14,4.12e-10,Nematocera,FBpp0086109,7227,insb
NOG281266,9,0.9401,7.405,6.55e-14,4.17e-10,Nematocera,FBpp0071831,7227,Obp58c
NOG77426,9,0.8802,7.405,6.56e-14,4.18e-10,Nematocera,FBpp0084397,7227,CG6503
NOG77426,9,0.8802,7.405,6.56e-14,4.18e-10,Nematocera,FBpp0111400,7227,CG34291
NOG240192,9,0.9365,7.402,6.73e-14,4.28e-10,Nematocera,FBpp0076995,7227,Obp19d
NOG240192,9,0.9365,7.402,6.73e-14,4.28e-10,Nematocera,FBpp0079083,7227,Obp28a
NOG41687,9,0.9491,7.399,6.87e-14,4.37e-10,Nematocera,FBpp0289318,7227,CG17162
NOG250177,9,0.9279,7.389,7.38e-14,4.7e-10,Nematocera,FBpp0073069,7227,Akh
NOG27117,9,0.7978,7.386,7.56e-14,4.82e-10,Nematocera,FBpp0111402,7227,CG34293
NOG42156,9,0.8742,7.371,8.45e-14,5.38e-10,Nematocera,FBpp0087083,7227,CG8321
NOG244389,9,0.9165,7.37,8.56e-14,5.45e-10,Nematocera,FBpp0080243,7227,Mst35Bb
NOG244389,9,0.9165,7.37,8.56e-14,5.45e-10,Nematocera,FBpp0080244,7227,Mst35Ba
NOG244389,9,0.9165,7.37,8.56e-14,5.45e-10,Nematocera,FBpp0294009,7227,CG15278
NOG133072,9,0.9365,7.361,9.12e-14,5.81e-10,Nematocera,FBpp0071013,7227,CheA7a
NOG133072,9,0.9365,7.361,9.12e-14,5.81e-10,Nematocera,FBpp0074895,7227,CheA75a
NOG68016,9,0.9365,7.36,9.21e-14,5.86e-10,Nematocera,FBpp0078886,7227,CG13982
NOG238420,9,0.9353,7.348,1e-13,6.4e-10,Nematocera,FBpp0076541,7227,CG7548
NOG238420,9,0.9353,7.348,1e-13,6.4e-10,Nematocera,FBpp0076572,7227,CG8541
NOG238420,9,0.9353,7.348,1e-13,6.4e-10,Nematocera,FBpp0076573,7227,CG8543
NOG42169,9,0.854,7.342,1.05e-13,6.7e-10,Nematocera,FBpp0290471,7227,CG42557
NOG22180,9,0.827,7.334,1.11e-13,7.1e-10,Nematocera,FBpp0081562,7227,CG18542
NOG22180,9,0.827,7.334,1.11e-13,7.1e-10,Nematocera,FBpp0081563,7227,CG32939
NOG276656,9,0.8327,7.326,1.19e-13,7.56e-10,Nematocera,FBpp0078616,7227,Or82a
NOG276656,9,0.8327,7.326,1.19e-13,7.56e-10,Nematocera,FBpp0087212,7227,Or47a
NOG276656,9,0.8327,7.326,1.19e-13,7.56e-10,Nematocera,FBpp0087587,7227,Or45a
NOG31476,9,0.8045,7.316,1.28e-13,8.12e-10,Nematocera,FBpp0072789,7227,CG15878
NOG71281,9,0.8644,7.301,1.42e-13,9.06e-10,Nematocera,FBpp0072860,7227,CG16753
NOG242421,9,0.9401,7.299,1.45e-13,9.22e-10,Nematocera,FBpp0072331,7227,ETH
NOG72040,9,0.8551,7.268,1.83e-13,1.16e-9,Nematocera,FBpp0076190,7227,ghi
NOG251470,9,0.8766,7.267,1.83e-13,1.17e-9,Nematocera,FBpp0082485,7227,CG3987
NOG42441,9,0.8666,7.254,2.03e-13,1.29e-9,Nematocera,FBpp0078628,7227,Dsk
NOG41390,9,0.8656,7.249,2.1e-13,1.34e-9,Nematocera,FBpp0304833,7227,CG32803
NOG270495,9,0.8267,7.237,2.29e-13,1.46e-9,Nematocera,FBpp0086119,7227,CG6568
NOG278610,9,0.8448,7.233,2.36e-13,1.5e-9,Nematocera,FBpp0075226,7227,CG4962
NOG01994,9,0.8486,7.22,2.61e-13,1.66e-9,Nematocera,FBpp0085493,7227,CG15236
NOG258843,9,0.8565,7.212,2.76e-13,1.76e-9,Nematocera,FBpp0077257,7227,CG15414
NOG258843,9,0.8565,7.212,2.76e-13,1.76e-9,Nematocera,FBpp0083100,7227,CG7715
NOG67597,9,0.8857,7.209,2.81e-13,1.79e-9,Nematocera,FBpp0288719,7227,CG8736
NOG57168,9,0.8342,7.177,3.56e-13,2.27e-9,Nematocera,FBpp0085205,7227,Ir100a
NOG39965,9,0.8766,7.166,3.86e-13,2.46e-9,Nematocera,FBpp0288835,7227,Cpr62Ba
NOG44497,9,0.8499,7.161,4.01e-13,2.55e-9,Nematocera,FBpp0289473,7227,CG42456
NOG25419,9,0.8089,7.151,4.3e-13,2.74e-9,Nematocera,FBpp0087089,7227,CG13186
NOG258600,9,0.8441,7.148,4.39e-13,2.8e-9,Nematocera,FBpp0073711,7227,CG32603
NOG71783,9,0.8537,7.142,4.61e-13,2.94e-9,Nematocera,FBpp0078237,7227,Osi1
NOG38756,9,0.7983,7.14,4.66e-13,2.97e-9,Nematocera,FBpp0293053,7227,CG14431
NOG87111,9,0.8802,7.136,4.81e-13,3.06e-9,Nematocera,FBpp0079268,7227,Rcd4
NOG42585,9,0.873,7.122,5.31e-13,3.38e-9,Nematocera,FBpp0289638,7227,CG4294
NOG14117,9,0.7805,7.112,5.73e-13,3.65e-9,Nematocera,FBpp0077967,7227,CG33056
NOG14117,9,0.7805,7.112,5.73e-13,3.65e-9,Nematocera,FBpp0077972,7227,CG33054
NOG14117,9,0.7805,7.112,5.73e-13,3.65e-9,Nematocera,FBpp0111371,7227,CG34261
NOG238648,9,0.853,7.107,5.93e-13,3.77e-9,Nematocera,FBpp0075310,7227,yellow-k
NOG273430,9,0.7749,7.097,6.39e-13,4.07e-9,Nematocera,FBpp0099876,7227,CG33155
NOG40376,9,0.848,7.057,8.53e-13,5.43e-9,Nematocera,FBpp0289247,7227,CG42371
NOG05481,9,0.7893,7.054,8.68e-13,5.53e-9,Nematocera,FBpp0082355,7227,CG3199
NOG05481,9,0.7893,7.054,8.68e-13,5.53e-9,Nematocera,FBpp0082365,7227,CG31327
NOG05481,9,0.7893,7.054,8.68e-13,5.53e-9,Nematocera,FBpp0082366,7227,CG31533
NOG05481,9,0.7893,7.054,8.68e-13,5.53e-9,Nematocera,FBpp0082368,7227,CG14355
NOG05481,9,0.7893,7.054,8.68e-13,5.53e-9,Nematocera,FBpp0084951,7227,CG31029
NOG05481,9,0.7893,7.054,8.68e-13,5.53e-9,Nematocera,FBpp0084953,7227,Ppi1
NOG269915,9,0.827,7.036,9.89e-13,6.3e-9,Nematocera,FBpp0305260,7227,Trl
NOG38348,9,0.8574,7.018,1.12e-12,7.16e-9,Nematocera,FBpp0072196,7227,CG13578
NOG36443,9,0.8222,6.929,2.12e-12,1.35e-8,Nematocera,FBpp0074892,7227,gk
NOG238669,9,0.8378,6.92,2.26e-12,1.44e-8,Nematocera,FBpp0110244,7227,CG34136
NOG35510,9,0.7785,6.888,2.83e-12,1.8e-8,Nematocera,FBpp0289054,7227,CG42323
NOG39170,9,0.7813,6.87,3.2e-12,2.04e-8,Nematocera,FBpp0073209,7227,CG13704
NOG20668,9,0.7097,6.861,3.43e-12,2.18e-8,Nematocera,FBpp0084928,7227,CG15526
NOG20668,9,0.7097,6.861,3.43e-12,2.18e-8,Nematocera,FBpp0111428,7227,CG34317
NOG245442,9,0.8131,6.835,4.11e-12,2.62e-8,Nematocera,FBpp0291585,7227,CG34045
KOG3718,9,0.701,6.825,4.39e-12,2.8e-8,Nematocera,FBpp0084605,7227,CG12428
NOG271881,9,0.7692,6.796,5.37e-12,3.42e-8,Nematocera,FBpp0072829,7227,CG12182
NOG272780,9,0.7727,6.753,7.22e-12,4.6e-8,Nematocera,FBpp0073589,7227,CG15745
NOG19267,9,0.7749,6.753,7.25e-12,4.62e-8,Nematocera,FBpp0112397,7227,Ir10a
NOG40488,9,0.7031,6.739,8e-12,5.1e-8,Nematocera,FBpp0087471,7227,FMRFa
NOG84793,9,0.7917,6.676,1.23e-11,7.82e-8,Nematocera,FBpp0298345,7227,CG33199
NOG88855,9,0.8202,6.674,1.25e-11,7.95e-8,Nematocera,FBpp0289215,7227,moi
NOG36692,9,0.7332,6.66,1.37e-11,8.7e-8,Nematocera,FBpp0290233,7227,CG34236
NOG244762,9,0.6817,6.608,1.94e-11,1.24e-7,Nematocera,FBpp0072136,7227,CG4585
NOG41562,9,0.6934,6.556,2.77e-11,1.76e-7,Nematocera,FBpp0075774,7227,CG17826
NOG41562,9,0.6934,6.556,2.77e-11,1.76e-7,Nematocera,FBpp0291187,7227,CG31077
NOG36198,9,0.7031,6.553,2.82e-11,1.79e-7,Nematocera,FBpp0078094,7227,CG7407
COG3665,9,0.7678,6.541,3.06e-11,1.95e-7,Nematocera,FBpp0083852,7227,CG10208
NOG37755,9,0.7002,6.508,3.82e-11,2.43e-7,Nematocera,FBpp0079667,7227,trk
NOG272062,9,0.7126,6.486,4.41e-11,2.81e-7,Nematocera,FBpp0289887,7227,CG42518
KOG4783,9,0.6808,6.457,5.34e-11,3.4e-7,Nematocera,FBpp0077856,7227,CG5969
KOG4783,9,0.6808,6.457,5.34e-11,3.4e-7,Nematocera,FBpp0083792,7227,CG13829
NOG239425,9,0.6933,6.399,7.8e-11,4.97e-7,Nematocera,FBpp0074951,7227,Ccn
NOG258412,9,0.6528,6.389,8.34e-11,5.31e-7,Nematocera,FBpp0083846,7227,Lsd-1
NOG258412,9,0.6528,6.389,8.34e-11,5.31e-7,Nematocera,FBpp0110269,7227,Lsd-2
NOG14803,9,0.7124,6.305,1.44e-10,9.18e-7,Nematocera,FBpp0077444,7227,CG15390
NOG12867,9,0.5747,5.553,1.4e-8,8.94e-5,Nematocera,FBpp0078629,7227,CG14044
NOG258004,9,0.433,4.819,7.21e-7,0.00459,Nematocera,FBpp0079655,7227,CG13138
NOG258004,9,0.433,4.819,7.21e-7,0.00459,Nematocera,FBpp0082830,7227,CG5225
NOG258004,9,0.433,4.819,7.21e-7,0.00459,Nematocera,FBpp0084001,7227,CG13615
NOG258004,9,0.433,4.819,7.21e-7,0.00459,Nematocera,FBpp0084084,7227,CG7016
NOG258004,9,0.433,4.819,7.21e-7,0.00459,Nematocera,FBpp0292131,7227,CG32241
NOG258004,9,0.433,4.819,7.21e-7,0.00459,Nematocera,FBpp0300163,7227,CG31817
NOG258004,9,0.433,4.819,7.21e-7,0.00459,Nematocera,FBpp0302672,7227,CG14125
NOG11125,9,0.4188,4.455,4.2e-6,0.0267,Nematocera,FBpp0071241,7227,CG12106
NOG67731,10,0.9914,8.06,3.82e-16,2.43e-12,Amphiesmenoptera,FBpp0300229,7227,CG15252
NOG231063,10,0.9793,8.058,3.89e-16,2.48e-12,Amphiesmenoptera,FBpp0074752,7227,CG18294
NOG231063,10,0.9793,8.058,3.89e-16,2.48e-12,Amphiesmenoptera,FBpp0074754,7227,CG14096
NOG231063,10,0.9793,8.058,3.89e-16,2.48e-12,Amphiesmenoptera,FBpp0074755,7227,CG14095
NOG231063,10,0.9793,8.058,3.89e-16,2.48e-12,Amphiesmenoptera,FBpp0075218,7227,CG13069
NOG231063,10,0.9793,8.058,3.89e-16,2.48e-12,Amphiesmenoptera,FBpp0075219,7227,CG13068
NOG231063,10,0.9793,8.058,3.89e-16,2.48e-12,Amphiesmenoptera,FBpp0271914,7227,825-Oak
NOG231063,10,0.9793,8.058,3.89e-16,2.48e-12,Amphiesmenoptera,FBpp0271917,7227,CG32213
NOG231063,10,0.9793,8.058,3.89e-16,2.48e-12,Amphiesmenoptera,FBpp0292867,7227,CG33255
NOG231063,10,0.9793,8.058,3.89e-16,2.48e-12,Amphiesmenoptera,FBpp0305977,7227,CG32214
NOG231063,10,0.9793,8.058,3.89e-16,2.48e-12,Amphiesmenoptera,FBpp0305978,7227,CG12519
NOG59280,10,0.9577,8.046,4.28e-16,2.73e-12,Amphiesmenoptera,FBpp0076029,7227,Or67c
NOG59280,10,0.9577,8.046,4.28e-16,2.73e-12,Amphiesmenoptera,FBpp0076104,7227,Or67a
NOG59280,10,0.9577,8.046,4.28e-16,2.73e-12,Amphiesmenoptera,FBpp0081382,7227,Or85c
NOG59280,10,0.9577,8.046,4.28e-16,2.73e-12,Amphiesmenoptera,FBpp0081383,7227,Or85b
NOG59280,10,0.9577,8.046,4.28e-16,2.73e-12,Amphiesmenoptera,FBpp0083295,7227,Or92a
NOG59280,10,0.9577,8.046,4.28e-16,2.73e-12,Amphiesmenoptera,FBpp0087029,7227,Or49a
NOG255745,10,1,8.044,4.35e-16,2.77e-12,Amphiesmenoptera,FBpp0079298,7227,CG17834
NOG278140,10,0.9423,7.944,9.81e-16,6.25e-12,Amphiesmenoptera,FBpp0072915,7227,CG14960
NOG278140,10,0.9423,7.944,9.81e-16,6.25e-12,Amphiesmenoptera,FBpp0082244,7227,CG15887
NOG42635,10,0.9003,7.914,1.25e-15,7.97e-12,Amphiesmenoptera,FBpp0071599,7227,pirk
NOG82672,10,0.9793,7.852,2.05e-15,1.3e-11,Amphiesmenoptera,FBpp0075923,7227,Cpr67Fb
NOG37126,10,0.9577,7.817,2.7e-15,1.72e-11,Amphiesmenoptera,FBpp0081540,7227,Rlb1
NOG31545,10,0.9365,7.816,2.73e-15,1.74e-11,Amphiesmenoptera,FBpp0071278,7227,CG9034
NOG43329,10,0.9365,7.781,3.59e-15,2.28e-11,Amphiesmenoptera,FBpp0078264,7227,Osi4
NOG70980,10,0.9879,7.735,5.18e-15,3.3e-11,Amphiesmenoptera,FBpp0290047,7227,CG17549
NOG40638,10,0.8762,7.731,5.34e-15,3.4e-11,Amphiesmenoptera,FBpp0080078,7227,CG7110
NOG67165,10,0.9222,7.714,6.11e-15,3.89e-11,Amphiesmenoptera,FBpp0099724,7227,CG15891
NOG42679,10,0.8983,7.702,6.7e-15,4.27e-11,Amphiesmenoptera,FBpp0070518,7227,CG18508
NOG62489,10,0.9799,7.681,7.91e-15,5.04e-11,Amphiesmenoptera,FBpp0070206,7227,CG14770
NOG27873,10,0.8841,7.656,9.59e-15,6.11e-11,Amphiesmenoptera,FBpp0086492,7227,CG8180
NOG277891,10,1,7.65,1e-14,6.4e-11,Amphiesmenoptera,FBpp0075125,7227,CG13063
NOG277891,10,1,7.65,1e-14,6.4e-11,Amphiesmenoptera,FBpp0075192,7227,CG13043
NOG277891,10,1,7.65,1e-14,6.4e-11,Amphiesmenoptera,FBpp0075225,7227,CG13044
NOG277891,10,1,7.65,1e-14,6.4e-11,Amphiesmenoptera,FBpp0111313,7227,CG34205
NOG44368,10,0.9279,7.649,1.01e-14,6.44e-11,Amphiesmenoptera,FBpp0289293,7227,Obp84a
NOG255746,10,0.9799,7.646,1.04e-14,6.61e-11,Amphiesmenoptera,FBpp0082245,7227,CG15888
NOG39016,10,0.9244,7.626,1.21e-14,7.68e-11,Amphiesmenoptera,FBpp0070374,7227,CG17776
NOG234317,10,0.9397,7.595,1.54e-14,9.84e-11,Amphiesmenoptera,FBpp0304057,7227,CG5381
NOG45869,10,0.9371,7.585,1.67e-14,1.06e-10,Amphiesmenoptera,FBpp0110099,7227,CG14034
NOG45869,10,0.9371,7.585,1.67e-14,1.06e-10,Amphiesmenoptera,FBpp0111663,7227,CG34447
NOG39127,10,0.9222,7.583,1.68e-14,1.07e-10,Amphiesmenoptera,FBpp0084823,7227,CG15506
NOG74032,10,0.9914,7.571,1.85e-14,1.18e-10,Amphiesmenoptera,FBpp0070194,7227,CG11380
NOG42830,10,0.8376,7.56,2.02e-14,1.28e-10,Amphiesmenoptera,FBpp0070948,7227,CG14442
NOG252954,10,0.9183,7.552,2.14e-14,1.36e-10,Amphiesmenoptera,FBpp0083574,7227,Fadd
NOG67579,10,0.9423,7.551,2.15e-14,1.37e-10,Amphiesmenoptera,FBpp0070463,7227,fs(1)Ya
NOG277494,10,0.9291,7.541,2.32e-14,1.48e-10,Amphiesmenoptera,FBpp0080598,7227,CG15153
NOG277494,10,0.9291,7.541,2.32e-14,1.48e-10,Amphiesmenoptera,FBpp0086866,7227,CG17047
NOG277494,10,0.9291,7.541,2.32e-14,1.48e-10,Amphiesmenoptera,FBpp0086867,7227,CG4734
NOG71729,10,0.9638,7.511,2.94e-14,1.87e-10,Amphiesmenoptera,FBpp0086567,7227,AttA
NOG71729,10,0.9638,7.511,2.94e-14,1.87e-10,Amphiesmenoptera,FBpp0086568,7227,AttB
NOG71729,10,0.9638,7.511,2.94e-14,1.87e-10,Amphiesmenoptera,FBpp0297062,7227,AttC
NOG35860,10,0.8741,7.487,3.52e-14,2.24e-10,Amphiesmenoptera,FBpp0292357,7227,poly
NOG232962,10,0.9423,7.461,4.31e-14,2.74e-10,Amphiesmenoptera,FBpp0271922,7227,dgt3
NOG39576,10,0.8317,7.458,4.38e-14,2.79e-10,Amphiesmenoptera,FBpp0084646,7227,Mst98Ca
NOG39576,10,0.8317,7.458,4.38e-14,2.79e-10,Amphiesmenoptera,FBpp0084647,7227,Mst98Cb
NOG88307,10,0.9501,7.397,6.94e-14,4.42e-10,Amphiesmenoptera,FBpp0289374,7227,Pallidin
NOG42854,10,0.8238,7.344,1.03e-13,6.58e-10,Amphiesmenoptera,FBpp0086183,7227,CG15919
NOG247332,10,0.9005,7.339,1.08e-13,6.87e-10,Amphiesmenoptera,FBpp0301052,7227,CG11000
NOG59820,10,0.8794,7.283,1.63e-13,1.04e-9,Amphiesmenoptera,FBpp0291822,7227,CG42669
NOG31621,10,0.8771,7.264,1.88e-13,1.2e-9,Amphiesmenoptera,FBpp0289220,7227,Jabba
NOG32422,10,0.8177,7.196,3.1e-13,1.98e-9,Amphiesmenoptera,FBpp0086755,7227,Cpr50Ca
NOG244425,10,0.8347,7.174,3.64e-13,2.32e-9,Amphiesmenoptera,FBpp0072497,7227,hng3
NOG244425,10,0.8347,7.174,3.64e-13,2.32e-9,Amphiesmenoptera,FBpp0077524,7227,CG11723
NOG31981,10,0.8336,7.059,8.39e-13,5.34e-9,Amphiesmenoptera,FBpp0078189,7227,CG14450
NOG270604,10,0.8159,7.024,1.08e-12,6.89e-9,Amphiesmenoptera,FBpp0075493,7227,Tsp68C
NOG23362,10,0.8352,7.002,1.27e-12,8.06e-9,Amphiesmenoptera,FBpp0082059,7227,CG17202
NOG42510,10,0.8238,6.993,1.34e-12,8.55e-9,Amphiesmenoptera,FBpp0071765,7227,CG4269
NOG248720,10,0.8166,6.806,5.01e-12,3.19e-8,Amphiesmenoptera,FBpp0081275,7227,CG11286
NOG248720,10,0.8166,6.806,5.01e-12,3.19e-8,Amphiesmenoptera,FBpp0291589,7227,CG42650
NOG34697,10,0.7589,6.769,6.48e-12,4.13e-8,Amphiesmenoptera,FBpp0288972,7227,CG42308
NOG38342,10,0.7755,6.738,8.05e-12,5.13e-8,Amphiesmenoptera,FBpp0073708,7227,CG1368
NOG269483,10,0.679,6.661,1.36e-11,8.69e-8,Amphiesmenoptera,FBpp0070130,7227,CG5273
NOG269483,10,0.679,6.661,1.36e-11,8.69e-8,Amphiesmenoptera,FBpp0079829,7227,CG31705
NOG06527,10,0.7363,6.477,4.69e-11,2.99e-7,Amphiesmenoptera,FBpp0081766,7227,CG4596
NOG29599,10,0.497,5.577,1.22e-8,7.79e-5,Amphiesmenoptera,FBpp0082484,7227,CG3984
COG3648,10,0.5207,5.215,9.19e-8,5.85e-4,Amphiesmenoptera,FBpp0079109,7227,Uro
COG1554,10,0.4974,5.197,1.01e-7,6.44e-4,Amphiesmenoptera,FBpp0301834,7227,CG16965
NOG15260,11,1,8.264,7.06e-17,4.49e-13,Coleoptera,FBpp0074817,7227,GNBP1
NOG42030,11,1,8.178,1.44e-16,9.2e-13,Coleoptera,FBpp0078174,7227,CG11370
NOG45469,11,0.9913,8.152,1.78e-16,1.14e-12,Coleoptera,FBpp0081149,7227,CG1943
NOG27602,11,0.9682,7.999,6.25e-16,3.98e-12,Coleoptera,FBpp0081905,7227,CG12594
NOG254166,11,0.9682,7.927,1.12e-15,7.16e-12,Coleoptera,FBpp0289411,7227,Trissin
NOG63805,11,0.9697,7.919,1.2e-15,7.63e-12,Coleoptera,FBpp0305619,7227,l(1)G0469
NOG88577,11,0.9481,7.917,1.21e-15,7.73e-12,Coleoptera,FBpp0081203,7227,CG1137
NOG88577,11,0.9481,7.917,1.21e-15,7.73e-12,Coleoptera,FBpp0087106,7227,CG13168
NOG61170,11,1,7.911,1.28e-15,8.14e-12,Coleoptera,FBpp0082127,7227,beat-Vc
NOG61170,11,1,7.911,1.28e-15,8.14e-12,Coleoptera,FBpp0082152,7227,beat-Vb
NOG61170,11,1,7.911,1.28e-15,8.14e-12,Coleoptera,FBpp0082156,7227,beat-Va
NOG264654,11,0.8641,7.837,2.31e-15,1.47e-11,Coleoptera,FBpp0080591,7227,CG17681
NOG264654,11,0.8641,7.837,2.31e-15,1.47e-11,Coleoptera,FBpp0080601,7227,CG15155
NOG264654,11,0.8641,7.837,2.31e-15,1.47e-11,Coleoptera,FBpp0080602,7227,CG5783
NOG264654,11,0.8641,7.837,2.31e-15,1.47e-11,Coleoptera,FBpp0289985,7227,CG12560
NOG246046,11,0.9481,7.829,2.47e-15,1.57e-11,Coleoptera,FBpp0072758,7227,CG13806
NOG26704,11,0.9797,7.745,4.8e-15,3.05e-11,Coleoptera,FBpp0077114,7227,Bsg25A
NOG26704,11,0.9797,7.745,4.8e-15,3.05e-11,Coleoptera,FBpp0077377,7227,Elba2
NOG26704,11,0.9797,7.745,4.8e-15,3.05e-11,Coleoptera,FBpp0077426,7227,insv
NOG32933,11,0.9559,7.735,5.16e-15,3.28e-11,Coleoptera,FBpp0112152,7227,CG6118
NOG270606,11,0.8673,7.722,5.74e-15,3.66e-11,Coleoptera,FBpp0071133,7227,CG2278
NOG30925,11,0.8552,7.721,5.76e-15,3.67e-11,Coleoptera,FBpp0085103,7227,CG11317
NOG45252,11,0.9405,7.678,8.1e-15,5.16e-11,Coleoptera,FBpp0082206,7227,Osi22
NOG41324,11,0.8751,7.67,8.58e-15,5.46e-11,Coleoptera,FBpp0075003,7227,Mip
NOG132958,11,0.8926,7.632,1.15e-14,7.35e-11,Coleoptera,FBpp0289283,7227,CG42390
NOG27189,11,0.8926,7.628,1.2e-14,7.62e-11,Coleoptera,FBpp0087052,7227,CG8818
NOG271680,11,0.9178,7.583,1.69e-14,1.07e-10,Coleoptera,FBpp0112125,7227,CG12947
NOG240742,11,0.9047,7.539,2.37e-14,1.51e-10,Coleoptera,FBpp0077671,7227,Gr21a
NOG240742,11,0.9047,7.539,2.37e-14,1.51e-10,Coleoptera,FBpp0113004,7227,Gr63a
NOG42681,11,0.8718,7.522,2.7e-14,1.72e-10,Coleoptera,FBpp0085834,7227,edl
NOG270485,11,0.9492,7.517,2.81e-14,1.79e-10,Coleoptera,FBpp0079778,7227,CG31869
NOG14582,11,0.9913,7.492,3.38e-14,2.15e-10,Coleoptera,FBpp0082005,7227,CG17360
NOG38670,11,0.8306,7.439,5.07e-14,3.23e-10,Coleoptera,FBpp0082203,7227,CG11686
NOG38593,11,0.8759,7.395,7.09e-14,4.52e-10,Coleoptera,FBpp0301562,7227,CG17377
NOG36040,11,0.8765,7.281,1.66e-13,1.06e-9,Coleoptera,FBpp0071908,7227,CG3092
NOG36040,11,0.8765,7.281,1.66e-13,1.06e-9,Coleoptera,FBpp0071952,7227,CG30412
NOG36040,11,0.8765,7.281,1.66e-13,1.06e-9,Coleoptera,FBpp0288724,7227,CG9863
NOG20372,11,0.8412,7.258,1.96e-13,1.25e-9,Coleoptera,FBpp0080903,7227,CG16798
NOG28499,11,0.8306,7.255,2e-13,1.28e-9,Coleoptera,FBpp0085565,7227,Rcd6
NOG09434,11,0.7963,7.238,2.28e-13,1.45e-9,Coleoptera,FBpp0087050,7227,CG13151
NOG33973,11,0.9262,7.235,2.33e-13,1.48e-9,Coleoptera,FBpp0073378,7227,CG2371
NOG11311,11,0.823,7.199,3.03e-13,1.93e-9,Coleoptera,FBpp0086137,7227,Cda9
NOG271302,11,0.8472,7.161,4.01e-13,2.55e-9,Coleoptera,FBpp0072114,7227,CG10904
NOG271302,11,0.8472,7.161,4.01e-13,2.55e-9,Coleoptera,FBpp0080430,7227,CG5953
NOG33116,11,0.7392,7.133,4.92e-13,3.13e-9,Coleoptera,FBpp0111337,7227,CG34229
NOG26968,11,0.7429,7.124,5.25e-13,3.34e-9,Coleoptera,FBpp0082419,7227,CG14853
NOG235666,11,0.8159,7.119,5.42e-13,3.45e-9,Coleoptera,FBpp0288865,7227,CG15464
NOG11862,11,0.7688,7.096,6.42e-13,4.09e-9,Coleoptera,FBpp0086046,7227,CG6424
NOG02838,11,0.6812,7.064,8.1e-13,5.16e-9,Coleoptera,FBpp0304994,7227,Cpr76Bd
NOG244514,11,0.768,7.051,8.86e-13,5.64e-9,Coleoptera,FBpp0088120,7227,Gadd45
NOG43176,11,0.8402,6.96,1.7e-12,1.08e-8,Coleoptera,FBpp0070664,7227,CG12184
NOG43176,11,0.8402,6.96,1.7e-12,1.08e-8,Coleoptera,FBpp0289979,7227,CG12179
NOG28102,11,0.8407,6.931,2.08e-12,1.33e-8,Coleoptera,FBpp0112341,7227,CG32204
NOG271384,11,0.7803,6.868,3.25e-12,2.07e-8,Coleoptera,FBpp0071502,7227,hng1
NOG271384,11,0.7803,6.868,3.25e-12,2.07e-8,Coleoptera,FBpp0088554,7227,CG8765
NOG39083,11,0.7514,6.821,4.51e-12,2.87e-8,Coleoptera,FBpp0076379,7227,CG6683
NOG39083,11,0.7514,6.821,4.51e-12,2.87e-8,Coleoptera,FBpp0085913,7227,Dip3
NOG39083,11,0.7514,6.821,4.51e-12,2.87e-8,Coleoptera,FBpp0087229,7227,CG13204
NOG39083,11,0.7514,6.821,4.51e-12,2.87e-8,Coleoptera,FBpp0303283,7227,Adf1
NOG40745,11,0.7678,6.695,1.08e-11,6.87e-8,Coleoptera,FBpp0300639,7227,CG14797
NOG254330,11,0.6744,6.206,2.71e-10,1.73e-6,Coleoptera,FBpp0071474,7227,CG15653
NOG254330,11,0.6744,6.206,2.71e-10,1.73e-6,Coleoptera,FBpp0078769,7227,CG31913
NOG231536,11,0.6443,6.108,5.03e-10,3.2e-6,Coleoptera,FBpp0086488,7227,CG8187
COG3664,11,0.5562,5.937,1.45e-9,9.24e-6,Coleoptera,FBpp0079816,7227,CG6201
NOG269611,11,0.6347,5.843,2.56e-9,1.63e-5,Coleoptera,FBpp0086077,7227,CG14478
NOG00061,11,0.6122,5.696,6.12e-9,3.9e-5,Coleoptera,FBpp0303714,7227,CG13243
KOG4148,11,0.5168,5.62,9.56e-9,6.09e-5,Coleoptera,FBpp0289253,7227,CG42375
NOG03326,11,0.54990000000000006,5.564,1.32e-8,8.4e-5,Coleoptera,FBpp0074559,7227,CG14234
NOG257814,11,0.4888,5.402,3.3e-8,2.1e-4,Coleoptera,FBpp0073709,7227,CG11581
NOG22546,11,0.4448,4.867,5.67e-7,0.00361,Coleoptera,FBpp0110084,7227,CG34107
NOG34292,12,0.9878,8.114,2.45e-16,1.56e-12,Hymenoptera,FBpp0297280,7227,CG9812
NOG29339,12,0.9878,8.077,3.31e-16,2.11e-12,Hymenoptera,FBpp0081682,7227,CG12811
NOG246906,12,1,8.071,3.48e-16,2.22e-12,Hymenoptera,FBpp0289790,7227,CG15649
NOG250218,12,0.9474,8.069,3.54e-16,2.26e-12,Hymenoptera,FBpp0290393,7227,mtsh
NOG63965,12,0.9419,8.063,3.73e-16,2.38e-12,Hymenoptera,FBpp0084008,7227,CG17782
NOG63965,12,0.9419,8.063,3.73e-16,2.38e-12,Hymenoptera,FBpp0112191,7227,CG17781
NOG33936,12,1,8.004,6.03e-16,3.84e-12,Hymenoptera,FBpp0100077,7227,CG9795
NOG40380,12,0.9627,7.979,7.37e-16,4.7e-12,Hymenoptera,FBpp0086118,7227,CG30101
NOG28498,12,0.9278,7.934,1.06e-15,6.76e-12,Hymenoptera,FBpp0072916,7227,CG12017
NOG20910,12,0.9561,7.911,1.27e-15,8.1e-12,Hymenoptera,FBpp0074211,7227,p-cup
NOG20910,12,0.9561,7.911,1.27e-15,8.1e-12,Hymenoptera,FBpp0076961,7227,r-cup
NOG20910,12,0.9561,7.911,1.27e-15,8.1e-12,Hymenoptera,FBpp0078027,7227,CG7634
NOG20910,12,0.9561,7.911,1.27e-15,8.1e-12,Hymenoptera,FBpp0085676,7227,CG15128
NOG20910,12,0.9561,7.911,1.27e-15,8.1e-12,Hymenoptera,FBpp0290863,7227,wa-cup
NOG33363,12,0.9742,7.888,1.53e-15,9.77e-12,Hymenoptera,FBpp0076279,7227,CG5280
NOG33017,12,0.9823,7.885,1.58e-15,1e-11,Hymenoptera,FBpp0076131,7227,CG14174
NOG241600,12,0.9365,7.853,2.04e-15,1.3e-11,Hymenoptera,FBpp0086273,7227,CG15712
NOG241600,12,0.9365,7.853,2.04e-15,1.3e-11,Hymenoptera,FBpp0111998,7227,CG4409
NOG248723,12,0.9075,7.837,2.31e-15,1.47e-11,Hymenoptera,FBpp0304387,7227,CG11279
NOG245406,12,0.8816,7.833,2.37e-15,1.51e-11,Hymenoptera,FBpp0071911,7227,CG9861
NOG245406,12,0.8816,7.833,2.37e-15,1.51e-11,Hymenoptera,FBpp0079523,7227,CG13127
NOG245406,12,0.8816,7.833,2.37e-15,1.51e-11,Hymenoptera,FBpp0082012,7227,ssp5
NOG245406,12,0.8816,7.833,2.37e-15,1.51e-11,Hymenoptera,FBpp0085093,7227,CG15548
NOG245406,12,0.8816,7.833,2.37e-15,1.51e-11,Hymenoptera,FBpp0292806,7227,CG42820
NOG239680,12,0.9823,7.829,2.45e-15,1.56e-11,Hymenoptera,FBpp0111880,7227,CG15249
NOG42265,12,0.8932,7.794,3.23e-15,2.06e-11,Hymenoptera,FBpp0080859,7227,sNPF
NOG133037,12,0.9102,7.792,3.3e-15,2.1e-11,Hymenoptera,FBpp0078317,7227,CG2046
NOG40924,12,0.9676,7.792,3.31e-15,2.11e-11,Hymenoptera,FBpp0086623,7227,CG30197
NOG35183,12,0.9561,7.791,3.32e-15,2.11e-11,Hymenoptera,FBpp0079105,7227,CG7196
NOG38842,12,0.9303,7.79,3.34e-15,2.13e-11,Hymenoptera,FBpp0075005,7227,CG13727
NOG38842,12,0.9303,7.79,3.34e-15,2.13e-11,Hymenoptera,FBpp0079276,7227,CG13386
NOG241618,12,0.9122,7.771,3.91e-15,2.49e-11,Hymenoptera,FBpp0075137,7227,CG33257
NOG241618,12,0.9122,7.771,3.91e-15,2.49e-11,Hymenoptera,FBpp0297706,7227,CG11693
NOG44209,12,0.9141,7.762,4.2e-15,2.67e-11,Hymenoptera,FBpp0110091,7227,CG13606
NOG273388,12,0.9162,7.75,4.59e-15,2.92e-11,Hymenoptera,FBpp0081309,7227,ImpE3
NOG36580,12,0.9392,7.743,4.86e-15,3.09e-11,Hymenoptera,FBpp0084665,7227,CG31051
NOG45241,12,0.9392,7.74,4.95e-15,3.15e-11,Hymenoptera,FBpp0305345,7227,CG14984
NOG270173,12,0.9392,7.736,5.14e-15,3.27e-11,Hymenoptera,FBpp0081092,7227,CG14609
NOG34050,12,0.8953,7.729,5.41e-15,3.44e-11,Hymenoptera,FBpp0077853,7227,CG5910
NOG37921,12,0.9365,7.717,5.93e-15,3.78e-11,Hymenoptera,FBpp0077629,7227,CG14341
NOG33148,12,0.9365,7.703,6.63e-15,4.22e-11,Hymenoptera,FBpp0085687,7227,CG16926
NOG34225,12,0.931,7.687,7.52e-15,4.79e-11,Hymenoptera,FBpp0070611,7227,tyf
NOG242434,12,0.9676,7.679,8.01e-15,5.1e-11,Hymenoptera,FBpp0076928,7227,CG32521
NOG242434,12,0.9676,7.679,8.01e-15,5.1e-11,Hymenoptera,FBpp0305025,7227,CG43894
NOG28121,12,0.8785,7.676,8.18e-15,5.21e-11,Hymenoptera,FBpp0077346,7227,toc
NOG251499,12,0.9278,7.673,8.4e-15,5.35e-11,Hymenoptera,FBpp0075590,7227,CG10713
NOG35660,12,0.867,7.663,9.05e-15,5.77e-11,Hymenoptera,FBpp0302808,7227,CG12885
NOG252966,12,0.9682,7.657,9.51e-15,6.06e-11,Hymenoptera,FBpp0083322,7227,H
NOG41424,12,0.8745,7.651,9.95e-15,6.33e-11,Hymenoptera,FBpp0303292,7227,CG43737
NOG24977,12,0.9278,7.649,1.01e-14,6.43e-11,Hymenoptera,FBpp0073219,7227,CG12493
NOG24977,12,0.9278,7.649,1.01e-14,6.43e-11,Hymenoptera,FBpp0076856,7227,blanks
NOG24977,12,0.9278,7.649,1.01e-14,6.43e-11,Hymenoptera,FBpp0077065,7227,DIP1
NOG37016,12,0.9392,7.649,1.02e-14,6.47e-11,Hymenoptera,FBpp0079417,7227,borr
NOG37016,12,0.9392,7.649,1.02e-14,6.47e-11,Hymenoptera,FBpp0079418,7227,aust
NOG30886,12,0.9188,7.64,1.08e-14,6.89e-11,Hymenoptera,FBpp0083020,7227,CG14312
NOG33399,12,0.9223,7.634,1.14e-14,7.24e-11,Hymenoptera,FBpp0081449,7227,Mst85C
NOG01021,12,0.931,7.62,1.26e-14,8.05e-11,Hymenoptera,FBpp0293353,7227,CG43078
NOG270370,12,0.8989,7.619,1.28e-14,8.13e-11,Hymenoptera,FBpp0077015,7227,CG15456
NOG252027,12,0.9243,7.618,1.29e-14,8.22e-11,Hymenoptera,FBpp0071967,7227,mi
NOG230905,12,0.9392,7.602,1.45e-14,9.25e-11,Hymenoptera,FBpp0078256,7227,Osi15
NOG23662,12,0.9278,7.591,1.58e-14,1.01e-10,Hymenoptera,FBpp0071035,7227,CG15478
NOG41064,12,0.8757,7.587,1.63e-14,1.04e-10,Hymenoptera,FBpp0070586,7227,CG2941
NOG41064,12,0.8757,7.587,1.63e-14,1.04e-10,Hymenoptera,FBpp0070587,7227,CG32786
NOG41064,12,0.8757,7.587,1.63e-14,1.04e-10,Hymenoptera,FBpp0070588,7227,CG32783
NOG257689,12,0.8507,7.574,1.82e-14,1.16e-10,Hymenoptera,FBpp0076269,7227,CG4911
NOG32527,12,0.8723,7.571,1.85e-14,1.18e-10,Hymenoptera,FBpp0073485,7227,CG2556
NOG37246,12,0.931,7.551,2.17e-14,1.38e-10,Hymenoptera,FBpp0300232,7227,CG43386
NOG257313,12,0.9797,7.549,2.2e-14,1.4e-10,Hymenoptera,FBpp0085634,7227,Obp56e
NOG257313,12,0.9797,7.549,2.2e-14,1.4e-10,Hymenoptera,FBpp0085673,7227,Obp56d
NOG270048,12,0.9204,7.546,2.24e-14,1.42e-10,Hymenoptera,FBpp0099486,7227,sPLA2
NOG270048,12,0.9204,7.546,2.24e-14,1.42e-10,Hymenoptera,FBpp0289080,7227,CG30503
NOG41608,12,0.9149,7.539,2.37e-14,1.51e-10,Hymenoptera,FBpp0083014,7227,CG7126
NOG25900,12,0.8615,7.515,2.84e-14,1.81e-10,Hymenoptera,FBpp0073418,7227,CG1806
NOG31182,12,0.9365,7.505,3.07e-14,1.96e-10,Hymenoptera,FBpp0072113,7227,Gadd34
NOG259059,12,0.9101,7.489,3.47e-14,2.21e-10,Hymenoptera,FBpp0077941,7227,kni
NOG37771,12,0.8701,7.472,3.95e-14,2.52e-10,Hymenoptera,FBpp0084080,7227,sosie
NOG272613,12,0.8816,7.456,4.48e-14,2.85e-10,Hymenoptera,FBpp0082997,7227,hmw
NOG271904,12,0.9006,7.453,4.56e-14,2.91e-10,Hymenoptera,FBpp0080127,7227,CG7953
NOG271904,12,0.9006,7.453,4.56e-14,2.91e-10,Hymenoptera,FBpp0080140,7227,CG8997
NOG271904,12,0.9006,7.453,4.56e-14,2.91e-10,Hymenoptera,FBpp0080141,7227,CG33306
NOG271904,12,0.9006,7.453,4.56e-14,2.91e-10,Hymenoptera,FBpp0111426,7227,CG34316
NOG26738,12,0.9189,7.443,4.9e-14,3.12e-10,Hymenoptera,FBpp0077313,7227,CG8813
NOG38054,12,0.8866,7.441,5.01e-14,3.19e-10,Hymenoptera,FBpp0071781,7227,Obp59a
NOG240805,12,0.9365,7.44,5.03e-14,3.2e-10,Hymenoptera,FBpp0074737,7227,lush
NOG240805,12,0.9365,7.44,5.03e-14,3.2e-10,Hymenoptera,FBpp0297995,7227,Obp19a
NOG23417,12,0.8845,7.435,5.22e-14,3.32e-10,Hymenoptera,FBpp0074836,7227,CG6839
NOG270468,12,0.8859,7.432,5.36e-14,3.41e-10,Hymenoptera,FBpp0290925,7227,CG13847
NOG270602,12,0.8299,7.431,5.38e-14,3.43e-10,Hymenoptera,FBpp0070657,7227,CG15473
NOG270602,12,0.8299,7.431,5.38e-14,3.43e-10,Hymenoptera,FBpp0082497,7227,CG6912
NOG270602,12,0.8299,7.431,5.38e-14,3.43e-10,Hymenoptera,FBpp0290144,7227,CG30026
NOG243863,12,0.8689,7.426,5.6e-14,3.57e-10,Hymenoptera,FBpp0073307,7227,CG1738
NOG31699,12,0.9122,7.425,5.65e-14,3.6e-10,Hymenoptera,FBpp0306010,7227,CG14103
NOG30444,12,0.8757,7.421,5.83e-14,3.71e-10,Hymenoptera,FBpp0084138,7227,CG11791
NOG25256,12,0.8494,7.419,5.92e-14,3.77e-10,Hymenoptera,FBpp0088524,7227,CG6362
NOG63413,12,0.896,7.403,6.68e-14,4.26e-10,Hymenoptera,FBpp0083327,7227,Cpr92F
NOG63413,12,0.896,7.403,6.68e-14,4.26e-10,Hymenoptera,FBpp0088093,7227,CG1850
NOG277461,12,0.9162,7.402,6.72e-14,4.28e-10,Hymenoptera,FBpp0075412,7227,Or71a
NOG277461,12,0.9162,7.402,6.72e-14,4.28e-10,Hymenoptera,FBpp0083734,7227,Or94a
NOG277461,12,0.9162,7.402,6.72e-14,4.28e-10,Hymenoptera,FBpp0083735,7227,Or94b
NOG277461,12,0.9162,7.402,6.72e-14,4.28e-10,Hymenoptera,FBpp0089408,7227,Or46a
NOG13484,12,0.86240000000000006,7.389,7.41e-14,4.72e-10,Hymenoptera,FBpp0305376,7227,CG9380
NOG35974,12,0.8816,7.387,7.52e-14,4.79e-10,Hymenoptera,FBpp0073015,7227,Fie
NOG273664,12,0.8701,7.383,7.73e-14,4.93e-10,Hymenoptera,FBpp0084092,7227,Mink
NOG236042,12,0.8838,7.353,9.68e-14,6.16e-10,Hymenoptera,FBpp0075373,7227,Tom
NOG236042,12,0.8838,7.353,9.68e-14,6.16e-10,Hymenoptera,FBpp0084330,7227,malpha
NOG236042,12,0.8838,7.353,9.68e-14,6.16e-10,Hymenoptera,FBpp0289057,7227,Ocho
NOG246569,12,0.8181,7.353,9.72e-14,6.19e-10,Hymenoptera,FBpp0304308,7227,Mid1
NOG270557,12,0.8517,7.35,9.92e-14,6.32e-10,Hymenoptera,FBpp0083866,7227,CG10252
NOG07340,12,0.9392,7.347,1.01e-13,6.45e-10,Hymenoptera,FBpp0074716,7227,ms(3)76Cc
NOG07340,12,0.9392,7.347,1.01e-13,6.45e-10,Hymenoptera,FBpp0076874,7227,CG4669
NOG07340,12,0.9392,7.347,1.01e-13,6.45e-10,Hymenoptera,FBpp0077999,7227,CG32436
NOG07340,12,0.9392,7.347,1.01e-13,6.45e-10,Hymenoptera,FBpp0078229,7227,CG32462
NOG07340,12,0.9392,7.347,1.01e-13,6.45e-10,Hymenoptera,FBpp0080954,7227,CG14402
NOG32958,12,0.9305,7.319,1.25e-13,7.98e-10,Hymenoptera,FBpp0081399,7227,CG8236
NOG24801,12,0.9019,7.318,1.26e-13,8e-10,Hymenoptera,FBpp0074268,7227,CG12985
NOG24801,12,0.9019,7.318,1.26e-13,8e-10,Hymenoptera,FBpp0081323,7227,CG11698
NOG24801,12,0.9019,7.318,1.26e-13,8e-10,Hymenoptera,FBpp0081348,7227,CG11694
NOG24801,12,0.9019,7.318,1.26e-13,8e-10,Hymenoptera,FBpp0082379,7227,CG14839
NOG24801,12,0.9019,7.318,1.26e-13,8e-10,Hymenoptera,FBpp0082410,7227,CG14841
NOG24801,12,0.9019,7.318,1.26e-13,8e-10,Hymenoptera,FBpp0082411,7227,CG14840
NOG24801,12,0.9019,7.318,1.26e-13,8e-10,Hymenoptera,FBpp0084279,7227,CG14354
NOG24801,12,0.9019,7.318,1.26e-13,8e-10,Hymenoptera,FBpp0111677,7227,CG34459
NOG40878,12,0.8635,7.311,1.33e-13,8.44e-10,Hymenoptera,FBpp0074522,7227,CG14229
NOG31977,12,0.8351,7.297,1.47e-13,9.38e-10,Hymenoptera,FBpp0112947,7227,AstCC
NOG21286,12,0.8757,7.293,1.51e-13,9.64e-10,Hymenoptera,FBpp0301097,7227,CG4022
NOG33444,12,0.8701,7.287,1.58e-13,1.01e-9,Hymenoptera,FBpp0071919,7227,Ice1
NOG33161,12,0.8554,7.282,1.64e-13,1.04e-9,Hymenoptera,FBpp0072102,7227,CG30172
NOG230909,12,0.8987,7.282,1.65e-13,1.05e-9,Hymenoptera,FBpp0293440,7227,CG13203
NOG234116,12,0.8427,7.274,1.74e-13,1.11e-9,Hymenoptera,FBpp0076168,7227,CG32040
NOG257279,12,0.9521,7.269,1.81e-13,1.15e-9,Hymenoptera,FBpp0289081,7227,Cpr57A
NOG22854,12,0.8757,7.255,2.01e-13,1.28e-9,Hymenoptera,FBpp0304892,7227,CG10660
NOG40230,12,0.867,7.255,2.02e-13,1.28e-9,Hymenoptera,FBpp0085198,7227,CG1910
NOG34035,12,0.8588,7.25,2.08e-13,1.33e-9,Hymenoptera,FBpp0079891,7227,CG6785
NOG43673,12,0.9305,7.241,2.22e-13,1.41e-9,Hymenoptera,FBpp0081403,7227,CG8369
NOG35344,12,0.8701,7.203,2.94e-13,1.87e-9,Hymenoptera,FBpp0081962,7227,Tk
NOG244426,12,0.9337,7.202,2.96e-13,1.88e-9,Hymenoptera,FBpp0072547,7227,CG9129
NOG244426,12,0.9337,7.202,2.96e-13,1.88e-9,Hymenoptera,FBpp0099862,7227,CG9130
NOG244426,12,0.9337,7.202,2.96e-13,1.88e-9,Hymenoptera,FBpp0100107,7227,CG9133
NOG30880,12,0.8635,7.193,3.18e-13,2.02e-9,Hymenoptera,FBpp0085904,7227,imd
NOG23164,12,0.9278,7.169,3.79e-13,2.41e-9,Hymenoptera,FBpp0083706,7227,CG7031
NOG23164,12,0.9278,7.169,3.79e-13,2.41e-9,Hymenoptera,FBpp0289450,7227,CG33299
NOG15272,12,0.8135,7.167,3.84e-13,2.44e-9,Hymenoptera,FBpp0297862,7227,CG15130
NOG34657,12,0.7852,7.155,4.18e-13,2.67e-9,Hymenoptera,FBpp0288791,7227,CG42245
NOG270315,12,0.7993,7.129,5.05e-13,3.22e-9,Hymenoptera,FBpp0083016,7227,l(3)05822
NOG63938,12,0.8701,7.125,5.22e-13,3.33e-9,Hymenoptera,FBpp0076431,7227,CG13670
NOG20553,12,0.8013,7.11,5.8e-13,3.69e-9,Hymenoptera,FBpp0073542,7227,Aven
NOG238895,12,0.8181,7.092,6.6e-13,4.21e-9,Hymenoptera,FBpp0074794,7227,CG14079
NOG250130,12,0.8109,7.077,7.35e-13,4.68e-9,Hymenoptera,FBpp0110110,7227,CG34115
NOG30068,12,0.8632,7.073,7.58e-13,4.83e-9,Hymenoptera,FBpp0071459,7227,ND-B14.7
NOG39321,12,0.8006,7.057,8.52e-13,5.43e-9,Hymenoptera,FBpp0083261,7227,Xport
NOG258892,12,0.7505,7.056,8.6e-13,5.48e-9,Hymenoptera,FBpp0087009,7227,CG13163
NOG241614,12,0.8,7.04,9.64e-13,6.14e-9,Hymenoptera,FBpp0070200,7227,fs(1)N
NOG07387,12,0.7983,6.997,1.3e-12,8.3e-9,Hymenoptera,FBpp0070644,7227,CG3568
NOG07387,12,0.7983,6.997,1.3e-12,8.3e-9,Hymenoptera,FBpp0071376,7227,CG2909
NOG25199,12,0.794,6.968,1.61e-12,1.03e-8,Hymenoptera,FBpp0306142,7227,pxb
NOG270519,12,0.8432,6.907,2.48e-12,1.58e-8,Hymenoptera,FBpp0289156,7227,CG34038
NOG33432,12,0.8427,6.87,3.2e-12,2.04e-8,Hymenoptera,FBpp0288531,7227,Nplp1
NOG271899,12,0.7921,6.87,3.21e-12,2.04e-8,Hymenoptera,FBpp0293708,7227,clos
NOG259042,12,0.7451,6.852,3.63e-12,2.31e-8,Hymenoptera,FBpp0289656,7227,br
NOG35326,12,0.7799,6.835,4.1e-12,2.61e-8,Hymenoptera,FBpp0305178,7227,CG2865
NOG29000,12,0.7792,6.803,5.12e-12,3.26e-8,Hymenoptera,FBpp0305695,7227,CG14812
NOG24949,12,0.7807,6.733,8.33e-12,5.31e-8,Hymenoptera,FBpp0087188,7227,CG13196
NOG38105,12,0.7932,6.668,1.3e-11,8.28e-8,Hymenoptera,FBpp0070824,7227,CG12728
NOG38105,12,0.7932,6.668,1.3e-11,8.28e-8,Hymenoptera,FBpp0070825,7227,CG32756
KOG4784,12,0.714,6.666,1.32e-11,8.4e-8,Hymenoptera,FBpp0082039,7227,CG10013
KOG4784,12,0.714,6.666,1.32e-11,8.4e-8,Hymenoptera,FBpp0305362,7227,CG7326
NOG35015,12,0.7167,6.656,1.4e-11,8.94e-8,Hymenoptera,FBpp0087026,7227,CG8501
NOG30556,12,0.761,6.53,3.29e-11,2.1e-7,Hymenoptera,FBpp0075074,7227,CG4101
NOG24633,12,0.7195,6.501,3.98e-11,2.53e-7,Hymenoptera,FBpp0078403,7227,CG14671
NOG12180,12,0.6733,6.343,1.13e-10,7.17e-7,Hymenoptera,FBpp0081793,7227,CG14689
NOG12180,12,0.6733,6.343,1.13e-10,7.17e-7,Hymenoptera,FBpp0081796,7227,CG31467
NOG12180,12,0.6733,6.343,1.13e-10,7.17e-7,Hymenoptera,FBpp0081797,7227,CG31391
NOG02847,12,0.6404,6.124,4.56e-10,2.9e-6,Hymenoptera,FBpp0080797,7227,CG13078
NOG02847,12,0.6404,6.124,4.56e-10,2.9e-6,Hymenoptera,FBpp0080798,7227,CG13077
NOG237489,12,0.6433,5.826,2.83e-9,1.8e-5,Hymenoptera,FBpp0305291,7227,tow
NOG04619,12,0.5734,5.577,1.22e-8,7.77e-5,Hymenoptera,FBpp0084029,7227,ana1
NOG07589,12,0.5757,5.517,1.73e-8,1.1e-4,Hymenoptera,FBpp0084783,7227,dgt6
NOG33797,13,1,8.205,1.15e-16,7.32e-13,Paraneoptera,FBpp0076256,7227,CG32032
NOG07752,13,0.9791,8.178,1.45e-16,9.23e-13,Paraneoptera,FBpp0077250,7227,CG3213
NOG07752,13,0.9791,8.178,1.45e-16,9.23e-13,Paraneoptera,FBpp0305449,7227,CG8851
NOG32956,13,0.9547,8.149,1.84e-16,1.17e-12,Paraneoptera,FBpp0083627,7227,CG13857
NOG28823,13,0.9878,8.13,2.15e-16,1.37e-12,Paraneoptera,FBpp0288668,7227,CG17127
NOG13279,13,0.9607,8.113,2.47e-16,1.57e-12,Paraneoptera,FBpp0304128,7227,CG13003
NOG09269,13,1,8.089,3.01e-16,1.92e-12,Paraneoptera,FBpp0085272,7227,CG2225
NOG270050,13,1,8.016,5.48e-16,3.49e-12,Paraneoptera,FBpp0296933,7227,CG2269
NOG31703,13,0.9878,7.983,7.13e-16,4.54e-12,Paraneoptera,FBpp0303897,7227,CG43780
NOG32341,13,0.9634,7.974,7.68e-16,4.89e-12,Paraneoptera,FBpp0074063,7227,CG9782
NOG29410,13,0.939,7.9,1.39e-15,8.87e-12,Paraneoptera,FBpp0070096,7227,CG32816
NOG29831,13,0.9797,7.868,1.8e-15,1.15e-11,Paraneoptera,FBpp0070228,7227,CG11409
NOG270180,13,0.9822,7.86,1.92e-15,1.22e-11,Paraneoptera,FBpp0305528,7227,beat-VI
NOG20094,13,0.8843,7.783,3.53e-15,2.25e-11,Paraneoptera,FBpp0303953,7227,CG13288
NOG22485,13,0.9465,7.779,3.66e-15,2.33e-11,Paraneoptera,FBpp0084363,7227,CG12290
NOG24267,13,0.9434,7.756,4.37e-15,2.78e-11,Paraneoptera,FBpp0083018,7227,CG7131
NOG40113,13,0.9212,7.746,4.76e-15,3.03e-11,Paraneoptera,FBpp0087518,7227,Def
NOG252371,13,0.9878,7.725,5.57e-15,3.55e-11,Paraneoptera,FBpp0084587,7227,CG12880
NOG00274,13,0.9666,7.708,6.38e-15,4.06e-11,Paraneoptera,FBpp0289828,7227,mtg
NOG28741,13,0.939,7.696,7.01e-15,4.46e-11,Paraneoptera,FBpp0080029,7227,CG5867
NOG28741,13,0.939,7.696,7.01e-15,4.46e-11,Paraneoptera,FBpp0080030,7227,CG5945
NOG28741,13,0.939,7.696,7.01e-15,4.46e-11,Paraneoptera,FBpp0080031,7227,CG16820
NOG17481,13,0.9268,7.655,9.68e-15,6.17e-11,Paraneoptera,FBpp0292603,7227,CG31068
NOG237496,13,0.9857,7.64,1.09e-14,6.94e-11,Paraneoptera,FBpp0071007,7227,brk
NOG15380,13,0.9082,7.626,1.21e-14,7.71e-11,Paraneoptera,FBpp0086751,7227,fas
NOG16854,13,0.9303,7.608,1.39e-14,8.86e-11,Paraneoptera,FBpp0305240,7227,CG17364
NOG24476,13,0.9047,7.597,1.51e-14,9.63e-11,Paraneoptera,FBpp0072234,7227,Pof
NOG44574,13,0.9268,7.584,1.68e-14,1.07e-10,Paraneoptera,FBpp0289584,7227,CG15673
NOG35490,13,0.813,7.566,1.93e-14,1.23e-10,Paraneoptera,FBpp0300176,7227,CG5151
NOG37653,13,0.9822,7.541,2.34e-14,1.49e-10,Paraneoptera,FBpp0084923,7227,Sry-alpha
NOG37653,13,0.9822,7.541,2.34e-14,1.49e-10,Paraneoptera,FBpp0288472,7227,Spt
NOG252969,13,0.9212,7.537,2.4e-14,1.53e-10,Paraneoptera,FBpp0085132,7227,CG15564
NOG252969,13,0.9212,7.537,2.4e-14,1.53e-10,Paraneoptera,FBpp0085133,7227,CG15563
NOG07086,13,0.867,7.527,2.59e-14,1.65e-10,Paraneoptera,FBpp0070262,7227,b6
NOG18780,13,0.9805,7.422,5.78e-14,3.68e-10,Paraneoptera,FBpp0079185,7227,TwdlE
NOG18780,13,0.9805,7.422,5.78e-14,3.68e-10,Paraneoptera,FBpp0084447,7227,TwdlC
NOG18780,13,0.9805,7.422,5.78e-14,3.68e-10,Paraneoptera,FBpp0084471,7227,TwdlT
NOG18780,13,0.9805,7.422,5.78e-14,3.68e-10,Paraneoptera,FBpp0087168,7227,TwdlBeta
NOG25953,13,0.8314,7.366,8.81e-14,5.61e-10,Paraneoptera,FBpp0077786,7227,CG3345
NOG255744,13,0.8963,7.366,8.81e-14,5.61e-10,Paraneoptera,FBpp0111560,7227,CG34398
NOG267633,13,0.8321,7.322,1.23e-13,7.8e-10,Paraneoptera,FBpp0304652,7227,CG32547
NOG266523,13,0.9268,7.308,1.36e-13,8.65e-10,Paraneoptera,FBpp0077583,7227,CG10869
NOG266523,13,0.9268,7.308,1.36e-13,8.65e-10,Paraneoptera,FBpp0077924,7227,CG10589
NOG27235,13,0.8265,7.261,1.92e-13,1.22e-9,Paraneoptera,FBpp0087252,7227,CG12384
NOG231167,13,0.8516,7.26,1.93e-13,1.23e-9,Paraneoptera,FBpp0070325,7227,CG4281
KOG4823,13,0.8632,7.189,3.26e-13,2.08e-9,Paraneoptera,FBpp0289574,7227,CG12502
NOG29900,13,0.8147,7.187,3.32e-13,2.11e-9,Paraneoptera,FBpp0303789,7227,CG16879
NOG39566,13,0.8942,7.139,4.71e-13,3e-9,Paraneoptera,FBpp0083881,7227,CG13599
NOG02813,13,0.8234,7.133,4.9e-13,3.12e-9,Paraneoptera,FBpp0076790,7227,vn
NOG34622,13,0.7717,7.025,1.07e-12,6.82e-9,Paraneoptera,FBpp0088313,7227,MED26
NOG26082,13,0.8114,7.022,1.09e-12,6.96e-9,Paraneoptera,FBpp0290215,7227,CG32017
NOG258557,13,0.6959,6.756,7.09e-12,4.52e-8,Paraneoptera,FBpp0304636,7227,CG8086
NOG251152,13,0.6683,6.684,1.16e-11,7.4e-8,Paraneoptera,FBpp0076129,7227,vsg
NOG18820,13,0.796,6.657,1.4e-11,8.89e-8,Paraneoptera,FBpp0303124,7227,CG14082
NOG258146,13,0.6829,6.644,1.53e-11,9.73e-8,Paraneoptera,FBpp0271809,7227,CG6026
NOG36019,13,0.7013,6.451,5.55e-11,3.53e-7,Paraneoptera,FBpp0074762,7227,CG14086
NOG13331,13,0.7309,6.38,8.88e-11,5.65e-7,Paraneoptera,FBpp0087273,7227,CG18335
NOG03004,13,0.6752,6.139,4.16e-10,2.65e-6,Paraneoptera,FBpp0297775,7227,CG43338
NOG01937,14,0.9913,8.326,4.19e-17,2.67e-13,Polyneoptera,FBpp0112105,7227,Orco
NOG19506,14,0.9944,8.246,8.2e-17,5.22e-13,Polyneoptera,FBpp0070661,7227,CG3081
NOG11148,14,0.9807,8.228,9.51e-17,6.06e-13,Polyneoptera,FBpp0293785,7227,spz4
NOG27540,14,0.9878,8.207,1.13e-16,7.22e-13,Polyneoptera,FBpp0075627,7227,CG14115
NOG27540,14,0.9878,8.207,1.13e-16,7.22e-13,Polyneoptera,FBpp0081904,7227,CG14720
NOG27540,14,0.9878,8.207,1.13e-16,7.22e-13,Polyneoptera,FBpp0111292,7227,CG34184
NOG27540,14,0.9878,8.207,1.13e-16,7.22e-13,Polyneoptera,FBpp0111641,7227,CG34428
NOG27540,14,0.9878,8.207,1.13e-16,7.22e-13,Polyneoptera,FBpp0111642,7227,CG34429
NOG27540,14,0.9878,8.207,1.13e-16,7.22e-13,Polyneoptera,FBpp0111658,7227,CG34442
NOG27540,14,0.9878,8.207,1.13e-16,7.22e-13,Polyneoptera,FBpp0111659,7227,CG34443
NOG27540,14,0.9878,8.207,1.13e-16,7.22e-13,Polyneoptera,FBpp0291588,7227,CG33262
NOG269709,14,0.9551,8.171,1.53e-16,9.77e-13,Polyneoptera,FBpp0082852,7227,beat-IIb
NOG269709,14,0.9551,8.171,1.53e-16,9.77e-13,Polyneoptera,FBpp0082894,7227,beat-IIa
NOG246123,14,0.9944,8.142,1.95e-16,1.24e-12,Polyneoptera,FBpp0083001,7227,CG14309
NOG33374,14,0.9796,8.136,2.04e-16,1.3e-12,Polyneoptera,FBpp0111265,7227,CG34159
NOG21385,14,0.9735,8.123,2.27e-16,1.45e-12,Polyneoptera,FBpp0291635,7227,CG13759
NOG24340,14,1,8.114,2.46e-16,1.57e-12,Polyneoptera,FBpp0084117,7227,CG13634
NOG258643,14,0.9913,8.103,2.67e-16,1.7e-12,Polyneoptera,FBpp0073402,7227,Karl
NOG36973,14,0.9878,8.082,3.17e-16,2.02e-12,Polyneoptera,FBpp0289673,7227,CG14397
NOG36973,14,0.9878,8.082,3.17e-16,2.02e-12,Polyneoptera,FBpp0292325,7227,CG13314
NOG39326,14,0.9332,8.075,3.37e-16,2.14e-12,Polyneoptera,FBpp0074388,7227,wgn
NOG18040,14,0.9878,8.055,3.96e-16,2.52e-12,Polyneoptera,FBpp0082490,7227,Mf
NOG26139,14,1,8.034,4.71e-16,3e-12,Polyneoptera,FBpp0300646,7227,mud
NOG256707,14,1,8.027,5.01e-16,3.19e-12,Polyneoptera,FBpp0078240,7227,Osi24
NOG256707,14,1,8.027,5.01e-16,3.19e-12,Polyneoptera,FBpp0078259,7227,Osi17
NOG30542,14,0.9796,8.022,5.18e-16,3.3e-12,Polyneoptera,FBpp0083685,7227,CG5376
NOG23679,14,0.9878,8.019,5.31e-16,3.38e-12,Polyneoptera,FBpp0079087,7227,Gr28a
NOG23679,14,0.9878,8.019,5.31e-16,3.38e-12,Polyneoptera,FBpp0089145,7227,Gr28b
NOG23679,14,0.9878,8.019,5.31e-16,3.38e-12,Polyneoptera,FBpp0110117,7227,Gr43a
NOG23679,14,0.9878,8.019,5.31e-16,3.38e-12,Polyneoptera,FBpp0289508,7227,Gr66a
NOG24039,14,0.9878,8.017,5.4e-16,3.44e-12,Polyneoptera,FBpp0084002,7227,CG13616
NOG24039,14,0.9878,8.017,5.4e-16,3.44e-12,Polyneoptera,FBpp0084004,7227,CG5768
NOG14468,14,0.9755,8.015,5.51e-16,3.51e-12,Polyneoptera,FBpp0085143,7227,stops
NOG03980,14,0.9822,7.986,6.97e-16,4.44e-12,Polyneoptera,FBpp0298290,7227,east
NOG41024,14,0.9822,7.979,7.36e-16,4.69e-12,Polyneoptera,FBpp0073308,7227,CG11752
NOG132908,14,0.9755,7.951,9.24e-16,5.88e-12,Polyneoptera,FBpp0074639,7227,CG14186
NOG19348,14,0.9635,7.95,9.36e-16,5.96e-12,Polyneoptera,FBpp0077148,7227,CG15431
NOG251446,14,1,7.944,9.81e-16,6.25e-12,Polyneoptera,FBpp0074982,7227,CG7603
NOG18254,14,0.979,7.937,1.03e-15,6.59e-12,Polyneoptera,FBpp0076125,7227,CG16711
NOG25978,14,0.9822,7.933,1.07e-15,6.83e-12,Polyneoptera,FBpp0085122,7227,spn-F
NOG26623,14,0.9944,7.928,1.11e-15,7.09e-12,Polyneoptera,FBpp0074015,7227,CG9919
NOG20225,14,0.9607,7.922,1.17e-15,7.43e-12,Polyneoptera,FBpp0305109,7227,CG15760
NOG237962,14,0.944,7.909,1.3e-15,8.26e-12,Polyneoptera,FBpp0070155,7227,CG13365
NOG03924,14,0.9467,7.908,1.3e-15,8.3e-12,Polyneoptera,FBpp0078993,7227,ihog
NOG03924,14,0.9467,7.908,1.3e-15,8.3e-12,Polyneoptera,FBpp0113020,7227,boi
NOG04411,14,0.9913,7.907,1.32e-15,8.38e-12,Polyneoptera,FBpp0070585,7227,CG15239
NOG25253,14,0.9913,7.882,1.61e-15,1.02e-11,Polyneoptera,FBpp0078249,7227,Osi10
NOG269852,14,0.9694,7.878,1.66e-15,1.06e-11,Polyneoptera,FBpp0075950,7227,CG6216
NOG28614,14,0.9374,7.861,1.91e-15,1.22e-11,Polyneoptera,FBpp0071647,7227,CG30401
NOG28614,14,0.9374,7.861,1.91e-15,1.22e-11,Polyneoptera,FBpp0084155,7227,danr
NOG28614,14,0.9374,7.861,1.91e-15,1.22e-11,Polyneoptera,FBpp0303321,7227,dan
NOG247703,14,0.9878,7.854,2.02e-15,1.29e-11,Polyneoptera,FBpp0071289,7227,CG7267
NOG247703,14,0.9878,7.854,2.02e-15,1.29e-11,Polyneoptera,FBpp0076958,7227,CG15449
NOG17119,14,0.9683,7.85,2.08e-15,1.32e-11,Polyneoptera,FBpp0073337,7227,CG11122
NOG33383,14,0.9577,7.844,2.18e-15,1.39e-11,Polyneoptera,FBpp0087957,7227,CG30380
NOG06383,14,0.9878,7.842,2.23e-15,1.42e-11,Polyneoptera,FBpp0302561,7227,Osi2
NOG14879,14,0.9822,7.84,2.25e-15,1.43e-11,Polyneoptera,FBpp0083029,7227,mTerf5
NOG05462,14,0.9694,7.838,2.28e-15,1.45e-11,Polyneoptera,FBpp0070768,7227,Gr5a
NOG05462,14,0.9694,7.838,2.28e-15,1.45e-11,Polyneoptera,FBpp0072482,7227,Gr61a
NOG05462,14,0.9694,7.838,2.28e-15,1.45e-11,Polyneoptera,FBpp0073050,7227,Gr64a
NOG05462,14,0.9694,7.838,2.28e-15,1.45e-11,Polyneoptera,FBpp0073051,7227,Gr64b
NOG05462,14,0.9694,7.838,2.28e-15,1.45e-11,Polyneoptera,FBpp0073057,7227,Gr64f
NOG05462,14,0.9694,7.838,2.28e-15,1.45e-11,Polyneoptera,FBpp0099615,7227,Gr64d
NOG05462,14,0.9694,7.838,2.28e-15,1.45e-11,Polyneoptera,FBpp0099916,7227,Gr64e
NOG05462,14,0.9694,7.838,2.28e-15,1.45e-11,Polyneoptera,FBpp0301543,7227,Gr64c
NOG06092,14,0.9822,7.835,2.35e-15,1.5e-11,Polyneoptera,FBpp0078925,7227,Tango1
NOG17440,14,1,7.827,2.51e-15,1.6e-11,Polyneoptera,FBpp0079803,7227,Osi21
NOG17440,14,1,7.827,2.51e-15,1.6e-11,Polyneoptera,FBpp0078246,7227,Osi7
NOG17440,14,1,7.827,2.51e-15,1.6e-11,Polyneoptera,FBpp0078247,7227,Osi8
NOG17440,14,1,7.827,2.51e-15,1.6e-11,Polyneoptera,FBpp0078248,7227,Osi9
NOG17440,14,1,7.827,2.51e-15,1.6e-11,Polyneoptera,FBpp0078251,7227,Osi12
NOG17440,14,1,7.827,2.51e-15,1.6e-11,Polyneoptera,FBpp0078255,7227,Osi14
NOG17440,14,1,7.827,2.51e-15,1.6e-11,Polyneoptera,FBpp0078263,7227,Osi11
NOG17440,14,1,7.827,2.51e-15,1.6e-11,Polyneoptera,FBpp0302562,7227,Osi3
NOG22080,14,0.9857,7.824,2.56e-15,1.63e-11,Polyneoptera,FBpp0073775,7227,CG5541
NOG238660,14,0.9301,7.822,2.61e-15,1.66e-11,Polyneoptera,FBpp0075062,7227,CG11905
NOG15184,14,0.9572,7.82,2.64e-15,1.68e-11,Polyneoptera,FBpp0304681,7227,CG15412
NOG12377,14,1,7.82,2.64e-15,1.68e-11,Polyneoptera,FBpp0303927,7227,CG42268
NOG258818,14,0.9755,7.818,2.68e-15,1.71e-11,Polyneoptera,FBpp0296972,7227,jvl
NOG17619,14,0.9388,7.815,2.74e-15,1.74e-11,Polyneoptera,FBpp0113063,7227,CG31036
NOG21913,14,0.9284,7.813,2.78e-15,1.77e-11,Polyneoptera,FBpp0112090,7227,Obp73a
NOG29075,14,0.9062,7.81,2.85e-15,1.81e-11,Polyneoptera,FBpp0077842,7227,CG13247
NOG07406,14,1,7.81,2.87e-15,1.83e-11,Polyneoptera,FBpp0071308,7227,CG32700
NOG07406,14,1,7.81,2.87e-15,1.83e-11,Polyneoptera,FBpp0300205,7227,CG6123
NOG230009,14,0.8654,7.801,3.07e-15,1.95e-11,Polyneoptera,FBpp0082694,7227,CG4287
NOG254167,14,0.9149,7.801,3.08e-15,1.96e-11,Polyneoptera,FBpp0303323,7227,Osi23
NOG38719,14,0.9123,7.8,3.11e-15,1.98e-11,Polyneoptera,FBpp0071092,7227,ND-MNLL
NOG22926,14,0.919,7.796,3.19e-15,2.03e-11,Polyneoptera,FBpp0073178,7227,CG32243
NOG22926,14,0.919,7.796,3.19e-15,2.03e-11,Polyneoptera,FBpp0088545,7227,CG7730
NOG22926,14,0.919,7.796,3.19e-15,2.03e-11,Polyneoptera,FBpp0271907,7227,pst
NOG22416,14,0.9822,7.795,3.23e-15,2.06e-11,Polyneoptera,FBpp0085218,7227,CG2150
NOG22445,14,0.9694,7.779,3.67e-15,2.33e-11,Polyneoptera,FBpp0081085,7227,CG31248
NOG112540,14,0.9618,7.778,3.69e-15,2.35e-11,Polyneoptera,FBpp0073518,7227,CG15725
NOG232024,14,0.9735,7.773,3.84e-15,2.45e-11,Polyneoptera,FBpp0305211,7227,CG13954
NOG09774,14,0.9894,7.768,3.99e-15,2.54e-11,Polyneoptera,FBpp0077752,7227,CG4213
NOG06663,14,0.9284,7.767,4.02e-15,2.56e-11,Polyneoptera,FBpp0112089,7227,Cpr73D
NOG246555,14,0.925,7.764,4.11e-15,2.62e-11,Polyneoptera,FBpp0072074,7227,CG3163
NOG246555,14,0.925,7.764,4.11e-15,2.62e-11,Polyneoptera,FBpp0073520,7227,CG4004
NOG246555,14,0.925,7.764,4.11e-15,2.62e-11,Polyneoptera,FBpp0076465,7227,CG8281
NOG246555,14,0.925,7.764,4.11e-15,2.62e-11,Polyneoptera,FBpp0083311,7227,CG5180
NOG246555,14,0.925,7.764,4.11e-15,2.62e-11,Polyneoptera,FBpp0305571,7227,CG3386
NOG25138,14,0.9551,7.763,4.14e-15,2.64e-11,Polyneoptera,FBpp0085795,7227,CG15080
NOG238640,14,0.9572,7.756,4.39e-15,2.8e-11,Polyneoptera,FBpp0080213,7227,mTTF
NOG236470,14,0.9047,7.754,4.45e-15,2.84e-11,Polyneoptera,FBpp0112096,7227,cmpy
NOG25001,14,0.9178,7.754,4.46e-15,2.84e-11,Polyneoptera,FBpp0072161,7227,CG3257
NOG25001,14,0.9178,7.754,4.46e-15,2.84e-11,Polyneoptera,FBpp0072243,7227,CG13594
NOG269588,14,0.9674,7.751,4.57e-15,2.9099999999999998e-11,Polyneoptera,FBpp0304700,7227,beat-IV
NOG08680,14,0.9285,7.743,4.86e-15,3.09e-11,Polyneoptera,FBpp0289779,7227,CG15615
NOG02287,14,0.9855,7.74,4.99e-15,3.18e-11,Polyneoptera,FBpp0072365,7227,Lsp1gamma
NOG02287,14,0.9855,7.74,4.99e-15,3.18e-11,Polyneoptera,FBpp0073484,7227,Lsp1alpha
NOG02287,14,0.9855,7.74,4.99e-15,3.18e-11,Polyneoptera,FBpp0075491,7227,Fbp1
NOG02287,14,0.9855,7.74,4.99e-15,3.18e-11,Polyneoptera,FBpp0077690,7227,Lsp1beta
NOG02287,14,0.9855,7.74,4.99e-15,3.18e-11,Polyneoptera,FBpp0088363,7227,Lsp2
NOG02287,14,0.9855,7.74,4.99e-15,3.18e-11,Polyneoptera,FBpp0301841,7227,CG7320
NOG02287,14,0.9855,7.74,4.99e-15,3.18e-11,Polyneoptera,FBpp0306180,7227,CG8100
NOG18736,14,1,7.738,5.06e-15,3.22e-11,Polyneoptera,FBpp0074589,7227,Ssk
NOG35158,14,0.9572,7.731,5.35e-15,3.41e-11,Polyneoptera,FBpp0074437,7227,CG7453
NOG05664,14,0.9913,7.714,6.11e-15,3.89e-11,Polyneoptera,FBpp0074251,7227,chas
NOG36090,14,0.8776,7.709,6.32e-15,4.03e-11,Polyneoptera,FBpp0071605,7227,CG18870
NOG36090,14,0.8776,7.709,6.32e-15,4.03e-11,Polyneoptera,FBpp0271694,7227,CG17005
NOG03385,14,0.9026,7.702,6.7e-15,4.27e-11,Polyneoptera,FBpp0070858,7227,CG14445
NOG13437,14,0.9755,7.7,6.79e-15,4.32e-11,Polyneoptera,FBpp0081204,7227,Osi19
NOG29582,14,0.9134,7.699,6.85e-15,4.36e-11,Polyneoptera,FBpp0070089,7227,CG18273
NOG22677,14,0.9822,7.697,6.94e-15,4.42e-11,Polyneoptera,FBpp0074092,7227,sing
NOG259578,14,0.9245,7.687,7.5e-15,4.78e-11,Polyneoptera,FBpp0078482,7227,CG1124
NOG36937,14,0.9694,7.686,7.57e-15,4.82e-11,Polyneoptera,FBpp0070381,7227,Or2a
NOG36937,14,0.9694,7.686,7.57e-15,4.82e-11,Polyneoptera,FBpp0073938,7227,Or13a
NOG36937,14,0.9694,7.686,7.57e-15,4.82e-11,Polyneoptera,FBpp0078441,7227,Or83a
NOG36937,14,0.9694,7.686,7.57e-15,4.82e-11,Polyneoptera,FBpp0301983,7227,Or85e
NOG12755,14,0.9944,7.68,7.93e-15,5.05e-11,Polyneoptera,FBpp0083321,7227,CG5466
NOG234880,14,0.921,7.679,8.03e-15,5.12e-11,Polyneoptera,FBpp0077093,7227,CG2837
NOG29890,14,0.9327,7.673,8.41e-15,5.36e-11,Polyneoptera,FBpp0083463,7227,mod(mdg4)
NOG29890,14,0.9327,7.673,8.41e-15,5.36e-11,Polyneoptera,FBpp0111520,7227,CG34376
NOG28267,14,0.9636,7.667,8.78e-15,5.59e-11,Polyneoptera,FBpp0070596,7227,lva
NOG03223,14,0.8722,7.665,8.93e-15,5.69e-11,Polyneoptera,FBpp0271815,7227,CG12964
NOG21945,14,0.9878,7.664,9.04e-15,5.76e-11,Polyneoptera,FBpp0088048,7227,CG11127
NOG14031,14,0.9143,7.662,9.13e-15,5.81e-11,Polyneoptera,FBpp0076034,7227,ect
NOG245452,14,0.9755,7.644,1.06e-14,6.73e-11,Polyneoptera,FBpp0304011,7227,CG13272
NOG27341,14,0.9484,7.641,1.08e-14,6.87e-11,Polyneoptera,FBpp0074900,7227,CG13699
NOG27341,14,0.9484,7.641,1.08e-14,6.87e-11,Polyneoptera,FBpp0305083,7227,CG7330
NOG242433,14,0.8694,7.638,1.1e-14,7.03e-11,Polyneoptera,FBpp0074212,7227,CG12994
NOG242433,14,0.8694,7.638,1.1e-14,7.03e-11,Polyneoptera,FBpp0083247,7227,CG17193
NOG40414,14,0.9026,7.638,1.11e-14,7.05e-11,Polyneoptera,FBpp0074979,7227,CG7630
NOG270216,14,0.8837,7.636,1.12e-14,7.15e-11,Polyneoptera,FBpp0070517,7227,Fcp3C
NOG27829,14,0.8995,7.621,1.26e-14,8.03e-11,Polyneoptera,FBpp0081361,7227,Or85d
NOG33627,14,0.8192,7.618,1.29e-14,8.19e-11,Polyneoptera,FBpp0084436,7227,CG5500
NOG246552,14,0.9822,7.614,1.33e-14,8.48e-11,Polyneoptera,FBpp0081783,7227,fau
NOG30767,14,0.896,7.607,1.4e-14,8.93e-11,Polyneoptera,FBpp0081446,7227,CG11983
NOG237211,14,0.895,7.603,1.45e-14,9.23e-11,Polyneoptera,FBpp0301707,7227,Afti
NOG31610,14,0.9878,7.601,1.47e-14,9.37e-11,Polyneoptera,FBpp0075687,7227,Obp69a
NOG31610,14,0.9878,7.601,1.47e-14,9.37e-11,Polyneoptera,FBpp0078304,7227,Obp83b
NOG31610,14,0.9878,7.601,1.47e-14,9.37e-11,Polyneoptera,FBpp0078305,7227,Obp83a
NOG236678,14,0.9572,7.581,1.72e-14,1.09e-10,Polyneoptera,FBpp0070079,7227,CG17778
NOG272813,14,0.8816,7.575,1.8e-14,1.14e-10,Polyneoptera,FBpp0099409,7227,CG33998
NOG31523,14,0.8893,7.548,2.21e-14,1.41e-10,Polyneoptera,FBpp0071777,7227,CG30273
NOG31523,14,0.8893,7.548,2.21e-14,1.41e-10,Polyneoptera,FBpp0071778,7227,CG30269
NOG31523,14,0.8893,7.548,2.21e-14,1.41e-10,Polyneoptera,FBpp0100005,7227,CG13516
NOG31523,14,0.8893,7.548,2.21e-14,1.41e-10,Polyneoptera,FBpp0111886,7227,CG12645
NOG31523,14,0.8893,7.548,2.21e-14,1.41e-10,Polyneoptera,FBpp0301552,7227,CG13510
NOG31523,14,0.8893,7.548,2.21e-14,1.41e-10,Polyneoptera,FBpp0301555,7227,CG4250
NOG26247,14,0.9913,7.547,2.23e-14,1.42e-10,Polyneoptera,FBpp0084799,7227,CG2310
NOG17104,14,0.9878,7.54,2.36e-14,1.5e-10,Polyneoptera,FBpp0078244,7227,Osi5
NOG17104,14,0.9878,7.54,2.36e-14,1.5e-10,Polyneoptera,FBpp0078257,7227,Osi16
NOG20454,14,0.9266,7.537,2.41e-14,1.54e-10,Polyneoptera,FBpp0112165,7227,Ir92a
NOG20454,14,0.9266,7.537,2.41e-14,1.54e-10,Polyneoptera,FBpp0289203,7227,Ir41a
NOG20454,14,0.9266,7.537,2.41e-14,1.54e-10,Polyneoptera,FBpp0290822,7227,Ir76a
NOG16401,14,0.966,7.536,2.41e-14,1.54e-10,Polyneoptera,FBpp0072721,7227,Cnb
NOG32206,14,0.9026,7.535,2.44e-14,1.55e-10,Polyneoptera,FBpp0081930,7227,Jupiter
NOG12740,14,0.895,7.531,2.52e-14,1.6e-10,Polyneoptera,FBpp0074980,7227,CG32176
NOG239241,14,0.8889,7.529,2.56e-14,1.63e-10,Polyneoptera,FBpp0085480,7227,geminin
NOG32512,14,0.818,7.526,2.61e-14,1.66e-10,Polyneoptera,FBpp0073414,7227,SelG
NOG14097,14,1,7.514,2.86e-14,1.82e-10,Polyneoptera,FBpp0073059,7227,CG1136
NOG37521,14,0.9266,7.507,3.03e-14,1.93e-10,Polyneoptera,FBpp0083726,7227,CCAP
NOG26124,14,0.9098,7.499,3.22e-14,2.05e-10,Polyneoptera,FBpp0304317,7227,CG13392
NOG272078,14,0.8817,7.484,3.62e-14,2.3e-10,Polyneoptera,FBpp0083114,7227,Xrp1
NOG270742,14,0.921,7.48,3.72e-14,2.37e-10,Polyneoptera,FBpp0071618,7227,TAF1C-like
NOG17356,14,0.9301,7.478,3.77e-14,2.4e-10,Polyneoptera,FBpp0071770,7227,CG33143
NOG31029,14,0.8222,7.476,3.84e-14,2.45e-10,Polyneoptera,FBpp0073527,7227,CG4404
NOG31029,14,0.8222,7.476,3.84e-14,2.45e-10,Polyneoptera,FBpp0079432,7227,CG3838
NOG31029,14,0.8222,7.476,3.84e-14,2.45e-10,Polyneoptera,FBpp0305254,7227,CG3919
NOG258665,14,0.8081,7.473,3.91e-14,2.49e-10,Polyneoptera,FBpp0074806,7227,nkd
NOG17661,14,0.9266,7.471,3.97e-14,2.53e-10,Polyneoptera,FBpp0289987,7227,CG12851
NOG242668,14,0.9143,7.465,4.15e-14,2.64e-10,Polyneoptera,FBpp0297709,7227,CG13566
NOG61030,14,0.9143,7.465,4.15e-14,2.64e-10,Polyneoptera,FBpp0111680,7227,CG34462
NOG32687,14,0.8756,7.462,4.28e-14,2.72e-10,Polyneoptera,FBpp0076169,7227,CG32039
NOG05474,14,0.8201,7.461,4.29e-14,2.73e-10,Polyneoptera,FBpp0071945,7227,Golgin245
NOG32108,14,0.9082,7.452,4.59e-14,2.92e-10,Polyneoptera,FBpp0300510,7227,CG5928
NOG247662,14,0.8823,7.446,4.79e-14,3.05e-10,Polyneoptera,FBpp0071011,7227,CBP
NOG10362,14,0.8842,7.428,5.52e-14,3.52e-10,Polyneoptera,FBpp0080660,7227,CG17321
NOG43522,14,0.8612,7.428,5.53e-14,3.52e-10,Polyneoptera,FBpp0087920,7227,CG30377
NOG30930,14,0.8603,7.416,6.03e-14,3.84e-10,Polyneoptera,FBpp0303017,7227,CG4230
NOG34991,14,0.8822,7.412,6.21e-14,3.95e-10,Polyneoptera,FBpp0079282,7227,Akap200
NOG15212,14,0.9388,7.408,6.4e-14,4.08e-10,Polyneoptera,FBpp0070065,7227,CG3777
NOG19446,14,1,7.386,7.57e-14,4.82e-10,Polyneoptera,FBpp0078260,7227,Osi18
NOG19446,14,1,7.386,7.57e-14,4.82e-10,Polyneoptera,FBpp0081205,7227,Osi20
NOG29529,14,0.8916,7.384,7.66e-14,4.88e-10,Polyneoptera,FBpp0082161,7227,Paip2
NOG272732,14,0.8724,7.376,8.16e-14,5.2e-10,Polyneoptera,FBpp0073871,7227,CG15601
NOG272732,14,0.8724,7.376,8.16e-14,5.2e-10,Polyneoptera,FBpp0078211,7227,CG12768
NOG272732,14,0.8724,7.376,8.16e-14,5.2e-10,Polyneoptera,FBpp0084913,7227,CG11504
NOG272732,14,0.8724,7.376,8.16e-14,5.2e-10,Polyneoptera,FBpp0113015,7227,CG30403
NOG272732,14,0.8724,7.376,8.16e-14,5.2e-10,Polyneoptera,FBpp0305581,7227,CG6175
NOG39538,14,0.8898,7.374,8.28e-14,5.27e-10,Polyneoptera,FBpp0111783,7227,Dh44
NOG29527,14,0.8145,7.369,8.59e-14,5.47e-10,Polyneoptera,FBpp0082935,7227,CG14321
NOG27180,14,0.8974,7.367,8.71e-14,5.55e-10,Polyneoptera,FBpp0076463,7227,CG32365
NOG43530,14,0.8704,7.365,8.87e-14,5.65e-10,Polyneoptera,FBpp0070797,7227,CG15766
NOG43530,14,0.8704,7.365,8.87e-14,5.65e-10,Polyneoptera,FBpp0078873,7227,AANATL2
NOG43530,14,0.8704,7.365,8.87e-14,5.65e-10,Polyneoptera,FBpp0080882,7227,CG10659
NOG43530,14,0.8704,7.365,8.87e-14,5.65e-10,Polyneoptera,FBpp0085702,7227,CG18607
NOG43530,14,0.8704,7.365,8.87e-14,5.65e-10,Polyneoptera,FBpp0085746,7227,CG10476
NOG43530,14,0.8704,7.365,8.87e-14,5.65e-10,Polyneoptera,FBpp0289819,7227,CG18606
NOG272056,14,0.7954,7.355,9.52e-14,6.06e-10,Polyneoptera,FBpp0073380,7227,RPA3
NOG28166,14,0.9284,7.353,9.66e-14,6.15e-10,Polyneoptera,FBpp0288767,7227,beat-VII
NOG241612,14,0.9178,7.347,1.01e-13,6.44e-10,Polyneoptera,FBpp0080953,7227,CG31676
NOG241612,14,0.9178,7.347,1.01e-13,6.44e-10,Polyneoptera,FBpp0080955,7227,twit
NOG01991,14,0.8763,7.347,1.01e-13,6.45e-10,Polyneoptera,FBpp0083705,7227,CG7029
NOG07423,14,0.8187,7.337,1.09e-13,6.97e-10,Polyneoptera,FBpp0297121,7227,cp309
NOG26635,14,0.8429,7.318,1.26e-13,8.04e-10,Polyneoptera,FBpp0077652,7227,Pino
NOG34488,14,0.8995,7.306,1.38e-13,8.76e-10,Polyneoptera,FBpp0297080,7227,CG13024
NOG39040,14,0.8123,7.29,1.55e-13,9.86e-10,Polyneoptera,FBpp0111364,7227,Blos3
NOG272262,14,0.8292,7.288,1.5700000000000001e-13,1e-9,Polyneoptera,FBpp0099600,7227,Kaz1-ORFB
NOG269407,14,0.8572,7.281,1.65e-13,1.05e-9,Polyneoptera,FBpp0073935,7227,CG8924
NOG272752,14,0.9082,7.28,1.66e-13,1.06e-9,Polyneoptera,FBpp0074888,7227,mus304
NOG45406,14,0.8776,7.28,1.67e-13,1.06e-9,Polyneoptera,FBpp0077643,7227,CG5126
NOG45406,14,0.8776,7.28,1.67e-13,1.06e-9,Polyneoptera,FBpp0086283,7227,JhI-26
NOG266670,14,0.8776,7.262,1.9e-13,1.21e-9,Polyneoptera,FBpp0297890,7227,chinmo
NOG245448,14,0.8776,7.259,1.94e-13,1.24e-9,Polyneoptera,FBpp0305863,7227,CG17600
NOG06093,14,0.8558,7.257,1.98e-13,1.26e-9,Polyneoptera,FBpp0087086,7227,Drep1
NOG06093,14,0.8558,7.257,1.98e-13,1.26e-9,Polyneoptera,FBpp0087087,7227,Drep3
NOG24509,14,0.8654,7.243,2.2e-13,1.4e-9,Polyneoptera,FBpp0078245,7227,Osi6
NOG05411,14,0.7836,7.225,2.5e-13,1.59e-9,Polyneoptera,FBpp0081310,7227,CG10435
NOG83298,14,0.8872,7.223,2.54e-13,1.62e-9,Polyneoptera,FBpp0072757,7227,CG13807
NOG244415,14,0.879,7.209,2.83e-13,1.8e-9,Polyneoptera,FBpp0290805,7227,Spindly
NOG270374,14,0.8254,7.205,2.9e-13,1.85e-9,Polyneoptera,FBpp0083151,7227,CG3773
NOG10979,14,0.8023,7.198,3.05e-13,1.94e-9,Polyneoptera,FBpp0082698,7227,CG31291
NOG251498,14,0.8566,7.191,3.21e-13,2.04e-9,Polyneoptera,FBpp0088026,7227,blow
NOG26583,14,0.8456,7.187,3.3e-13,2.1e-9,Polyneoptera,FBpp0081329,7227,COX7AL
NOG26583,14,0.8456,7.187,3.3e-13,2.1e-9,Polyneoptera,FBpp0296960,7227,COX7A
NOG26583,14,0.8456,7.187,3.3e-13,2.1e-9,Polyneoptera,FBpp0303513,7227,CG34172
NOG33880,14,0.8388,7.183,3.41e-13,2.17e-9,Polyneoptera,FBpp0073746,7227,CG12540
NOG08930,14,0.7589,7.178,3.54e-13,2.26e-9,Polyneoptera,FBpp0074552,7227,CG12204
NOG269942,14,0.8123,7.169,3.78e-13,2.41e-9,Polyneoptera,FBpp0085013,7227,spdo
NOG237963,14,0.8654,7.161,4.01e-13,2.55e-9,Polyneoptera,FBpp0084533,7227,CG3368
KOG4782,14,0.7765,7.149,4.36e-13,2.78e-9,Polyneoptera,FBpp0291477,7227,Ccdc56
NOG24834,14,0.8776,7.141,4.63e-13,2.95e-9,Polyneoptera,FBpp0076715,7227,CG13300
NOG24834,14,0.8776,7.141,4.63e-13,2.95e-9,Polyneoptera,FBpp0292362,7227,CG42747
NOG06473,14,0.7508,7.129,5.04e-13,3.21e-9,Polyneoptera,FBpp0083724,7227,CG13842
NOG132703,14,0.8884,7.111,5.77e-13,3.68e-9,Polyneoptera,FBpp0075122,7227,spd-2
NOG09105,14,0.8323,7.081,7.18e-13,4.57e-9,Polyneoptera,FBpp0073951,7227,CG9170
NOG09857,14,0.7696,7.065,8.01e-13,5.1e-9,Polyneoptera,FBpp0080735,7227,pigeon
NOG10849,14,0.8035,7.043,9.38e-13,5.98e-9,Polyneoptera,FBpp0112135,7227,CG12213
NOG256711,14,0.8531,6.928,2.14e-12,1.36e-8,Polyneoptera,FBpp0078998,7227,CG32829
NOG20331,14,0.7823,6.922,2.23e-12,1.42e-8,Polyneoptera,FBpp0084437,7227,T48
NOG28601,14,0.7837,6.918,2.3e-12,1.46e-8,Polyneoptera,FBpp0290723,7227,CG11293
NOG04266,14,0.7839,6.894,2.71e-12,1.72e-8,Polyneoptera,FBpp0076485,7227,CG8111
NOG245596,14,0.7641,6.89,2.78e-12,1.77e-8,Polyneoptera,FBpp0074760,7227,CG14085
NOG250154,14,0.8204,6.877,3.06e-12,1.95e-8,Polyneoptera,FBpp0074456,7227,CG32537
NOG08639,14,0.7375,6.845,3.83e-12,2.44e-8,Polyneoptera,FBpp0083914,7227,CG33111
NOG24567,14,0.847,6.83,4.26e-12,2.71e-8,Polyneoptera,FBpp0298342,7227,CG31086
NOG38785,14,0.7715,6.823,4.45e-12,2.83e-8,Polyneoptera,FBpp0079651,7227,l(2)SH0834
NOG28944,14,0.7884,6.822,4.5e-12,2.87e-8,Polyneoptera,FBpp0086219,7227,CG8910
NOG11998,14,0.7202,6.74,7.92e-12,5.05e-8,Polyneoptera,FBpp0077544,7227,CG14352
NOG11998,14,0.7202,6.74,7.92e-12,5.05e-8,Polyneoptera,FBpp0304088,7227,Ude
NOG01227,14,0.6794,6.72,9.06e-12,5.77e-8,Polyneoptera,FBpp0075051,7227,CG6652
KOG4282,14,0.7291,6.71,9.7e-12,6.18e-8,Polyneoptera,FBpp0071617,7227,CG10494
KOG4282,14,0.7291,6.71,9.7e-12,6.18e-8,Polyneoptera,FBpp0084492,7227,CG18766
KOG4282,14,0.7291,6.71,9.7e-12,6.18e-8,Polyneoptera,FBpp0288372,7227,CG10151
KOG4282,14,0.7291,6.71,9.7e-12,6.18e-8,Polyneoptera,FBpp0304300,7227,CG13148
NOG07591,14,0.6935,6.541,3.06e-11,1.95e-7,Polyneoptera,FBpp0071482,7227,CG15651
NOG02881,14,0.6727,6.497,4.1e-11,2.61e-7,Polyneoptera,FBpp0077721,7227,CG4133
NOG06905,14,0.682,6.479,4.63e-11,2.95e-7,Polyneoptera,FBpp0075318,7227,CG12304
NOG09666,14,0.7065,6.41,7.27e-11,4.63e-7,Polyneoptera,FBpp0086454,7227,Cep89
KOG3495,14,0.6776,6.392,8.19e-11,5.22e-7,Polyneoptera,FBpp0073963,7227,sun
KOG3495,14,0.6776,6.392,8.19e-11,5.22e-7,Polyneoptera,FBpp0112320,7227,CG31477
NOG270287,14,0.6522,6.371,9.41e-11,5.99e-7,Polyneoptera,FBpp0112286,7227,CG30381
NOG233775,14,0.7176,6.368,9.55e-11,6.08e-7,Polyneoptera,FBpp0111653,7227,ND-MWFE
NOG33989,14,0.6578,6.273,1.77e-10,1.13e-6,Polyneoptera,FBpp0087675,7227,CG30343
NOG09550,14,0.6088,6.139,4.15e-10,2.64e-6,Polyneoptera,FBpp0081416,7227,CG9839
NOG11450,14,0.6087,6.138,4.18e-10,2.67e-6,Polyneoptera,FBpp0290931,7227,CG42588
NOG05273,14,0.6055,6.112,4.9e-10,3.12e-6,Polyneoptera,FBpp0300394,7227,DOR
NOG258016,14,0.6392,6.079,6.03e-10,3.84e-6,Polyneoptera,FBpp0077338,7227,CG17260
NOG02972,14,0.6368,5.986,1.08e-9,6.85e-6,Polyneoptera,FBpp0078970,7227,Rca1
NOG17572,14,0.6205,5.68,6.74e-9,4.29e-5,Polyneoptera,FBpp0300169,7227,jv
KOG4772,14,0.5689,5.544,1.47e-8,9.39e-5,Polyneoptera,FBpp0075748,7227,CG5626
NOG16990,14,0.6205,5.499,1.91e-8,1.22e-4,Polyneoptera,FBpp0290383,7227,CG11307
NOG04423,14,0.6328,5.428,2.85e-8,1.81e-4,Polyneoptera,FBpp0078219,7227,Chro
NOG270489,14,0.4577,4.709,1.25e-6,0.00794,Polyneoptera,FBpp0083102,7227,Muc91C
NOG15369,15,0.9877,8.446,1.5e-17,9.58e-14,Crustacea,FBpp0072304,7227,uzip
NOG257278,15,1,8.377,2.72e-17,1.73e-13,Crustacea,FBpp0081453,7227,CG8420
NOG255179,15,1,8.185,1.36e-16,8.69e-13,Crustacea,FBpp0073076,7227,tipE
NOG255179,15,1,8.185,1.36e-16,8.69e-13,Crustacea,FBpp0081629,7227,Teh1
NOG255179,15,1,8.185,1.36e-16,8.69e-13,Crustacea,FBpp0289848,7227,Teh2
NOG264751,15,0.9857,8.182,1.4e-16,8.92e-13,Crustacea,FBpp0072359,7227,lov
NOG08936,15,0.9912,8.175,1.48e-16,9.42e-13,Crustacea,FBpp0073774,7227,be
NOG11985,15,0.979,8.142,1.95e-16,1.24e-12,Crustacea,FBpp0076439,7227,CG7201
NOG16588,15,1,8.1,2.75e-16,1.75e-12,Crustacea,FBpp0081619,7227,CG8516
NOG258810,15,0.9687,8.054,4e-16,2.55e-12,Crustacea,FBpp0088611,7227,SIP2
NOG258810,15,0.9687,8.054,4e-16,2.55e-12,Crustacea,FBpp0289066,7227,CG42326
NOG25462,15,0.9606,8.044,4.36e-16,2.78e-12,Crustacea,FBpp0073535,7227,CG32647
NOG25462,15,0.9606,8.044,4.36e-16,2.78e-12,Crustacea,FBpp0294062,7227,CG42404
NOG26886,15,0.9877,8.032,4.81e-16,3.06e-12,Crustacea,FBpp0085978,7227,olf186-M
NOG26317,15,1,7.99,6.74e-16,4.29e-12,Crustacea,FBpp0072073,7227,PebIII
NOG26317,15,1,7.99,6.74e-16,4.29e-12,Crustacea,FBpp0072311,7227,Phk-3
NOG26317,15,1,7.99,6.74e-16,4.29e-12,Crustacea,FBpp0075050,7227,a10
NOG06486,15,0.9822,7.988,6.87e-16,4.37e-12,Crustacea,FBpp0111942,7227,CG31886
NOG13720,15,0.9584,7.987,6.91e-16,4.4e-12,Crustacea,FBpp0076239,7227,CG13313
NOG13720,15,0.9584,7.987,6.91e-16,4.4e-12,Crustacea,FBpp0077332,7227,CG17264
NOG13720,15,0.9584,7.987,6.91e-16,4.4e-12,Crustacea,FBpp0083152,7227,CG14280
NOG25117,15,0.9771,7.987,6.94e-16,4.42e-12,Crustacea,FBpp0085613,7227,Cpr56F
NOG25117,15,0.9771,7.987,6.94e-16,4.42e-12,Crustacea,FBpp0086175,7227,resilin
NOG28502,15,0.9944,7.978,7.45e-16,4.75e-12,Crustacea,FBpp0085084,7227,Npc2h
NOG28502,15,0.9944,7.978,7.45e-16,4.75e-12,Crustacea,FBpp0085085,7227,Npc2g
NOG269378,15,0.9552,7.967,8.15e-16,5.19e-12,Crustacea,FBpp0075773,7227,CG7252
NOG269378,15,0.9552,7.967,8.15e-16,5.19e-12,Crustacea,FBpp0078795,7227,obst-E
NOG239424,15,1,7.964,8.3e-16,5.28e-12,Crustacea,FBpp0305983,7227,klar
NOG257542,15,1,7.963,8.36e-16,5.33e-12,Crustacea,FBpp0071081,7227,l(1)G0193
NOG257542,15,1,7.963,8.36e-16,5.33e-12,Crustacea,FBpp0292439,7227,CG31664
NOG22018,15,0.8362,7.956,8.91e-16,5.67e-12,Crustacea,FBpp0072182,7227,CG30419
NOG10190,15,0.9442,7.941,1e-15,6.37e-12,Crustacea,FBpp0088180,7227,lgs
NOG07819,15,0.9889,7.935,1.06e-15,6.72e-12,Crustacea,FBpp0291491,7227,exu
NOG13228,15,0.9944,7.926,1.13e-15,7.21e-12,Crustacea,FBpp0076598,7227,CG14830
NOG12259,15,0.987,7.926,1.13e-15,7.22e-12,Crustacea,FBpp0077646,7227,CG5080
NOG07888,15,1,7.92,1.19e-15,7.56e-12,Crustacea,FBpp0073113,7227,Teh3
NOG07888,15,1,7.92,1.19e-15,7.56e-12,Crustacea,FBpp0290859,7227,Teh4
NOG10923,15,1,7.919,1.2e-15,7.65e-12,Crustacea,FBpp0075408,7227,CG16959
NOG24590,15,0.9301,7.913,1.26e-15,8.02e-12,Crustacea,FBpp0077658,7227,S
NOG270198,15,0.9944,7.908,1.31e-15,8.35e-12,Crustacea,FBpp0089101,7227,Dat
NOG269846,15,1,7.903,1.36e-15,8.67e-12,Crustacea,FBpp0085596,7227,CG8929
NOG248729,15,0.9795,7.889,1.53e-15,9.72e-12,Crustacea,FBpp0074222,7227,CG12991
NOG259412,15,0.9894,7.874,1.71e-15,1.09e-11,Crustacea,FBpp0077027,7227,PeriA
NOG247806,15,1,7.874,1.72e-15,1.1e-11,Crustacea,FBpp0081751,7227,Desi
NOG15463,15,0.9158,7.864,1.86e-15,1.18e-11,Crustacea,FBpp0080359,7227,beat-Ic
NOG15463,15,0.9158,7.864,1.86e-15,1.18e-11,Crustacea,FBpp0080364,7227,beat-Ia
NOG15463,15,0.9158,7.864,1.86e-15,1.18e-11,Crustacea,FBpp0080366,7227,beat-Ib
NOG12531,15,0.8857,7.857,1.97e-15,1.26e-11,Crustacea,FBpp0080449,7227,ChLD3
NOG21503,15,0.8936,7.852,2.04e-15,1.3e-11,Crustacea,FBpp0099405,7227,CG33995
NOG260033,15,0.9454,7.848,2.12e-15,1.35e-11,Crustacea,FBpp0087368,7227,psq
NOG23361,15,0.9734,7.848,2.12e-15,1.35e-11,Crustacea,FBpp0082774,7227,CG10311
NOG35429,15,0.9877,7.847,2.13e-15,1.36e-11,Crustacea,FBpp0074679,7227,fln
NOG11617,15,1,7.845,2.16e-15,1.38e-11,Crustacea,FBpp0077026,7227,obst-A
NOG06372,15,1,7.833,2.39e-15,1.52e-11,Crustacea,FBpp0083562,7227,tsl
NOG12989,15,0.9035,7.832,2.4e-15,1.53e-11,Crustacea,FBpp0072656,7227,CG13921
NOG271785,15,0.9673,7.829,2.46e-15,1.56e-11,Crustacea,FBpp0303353,7227,CG43394
NOG06795,15,0.9251,7.828,2.48e-15,1.58e-11,Crustacea,FBpp0079593,7227,CG5056
NOG09333,15,0.9716,7.825,2.53e-15,1.61e-11,Crustacea,FBpp0075559,7227,CG10710
NOG32127,15,0.9085,7.822,2.6e-15,1.66e-11,Crustacea,FBpp0070623,7227,mRpL33
NOG258824,15,0.9894,7.82,2.64e-15,1.68e-11,Crustacea,FBpp0073449,7227,dy
NOG269426,15,0.9693,7.816,2.72e-15,1.74e-11,Crustacea,FBpp0085955,7227,lolal
NOG13035,15,0.9993,7.815,2.74e-15,1.75e-11,Crustacea,FBpp0304816,7227,ab
NOG17703,15,0.957,7.813,2.8e-15,1.78e-11,Crustacea,FBpp0075602,7227,CG14120
NOG17703,15,0.957,7.813,2.8e-15,1.78e-11,Crustacea,FBpp0075604,7227,CG14118
NOG17703,15,0.957,7.813,2.8e-15,1.78e-11,Crustacea,FBpp0305859,7227,CG3819
NOG08432,15,0.9606,7.803,3.01e-15,1.92e-11,Crustacea,FBpp0077076,7227,CG15628
NOG08432,15,0.9606,7.803,3.01e-15,1.92e-11,Crustacea,FBpp0099421,7227,CG34010
NOG11665,15,1,7.782,3.57e-15,2.27e-11,Crustacea,FBpp0288916,7227,corn
NOG21069,15,1,7.781,3.6e-15,2.29e-11,Crustacea,FBpp0073371,7227,bif
NOG29734,15,0.9894,7.778,3.68e-15,2.35e-11,Crustacea,FBpp0084507,7227,spz
NOG11909,15,0.8314,7.773,3.83e-15,2.44e-11,Crustacea,FBpp0071400,7227,CG32681
NOG11909,15,0.8314,7.773,3.83e-15,2.44e-11,Crustacea,FBpp0300571,7227,CG33978
NOG06601,15,0.9102,7.767,4.03e-15,2.56e-11,Crustacea,FBpp0298307,7227,BtbVII
NOG08756,15,1,7.763,4.13e-15,2.63e-11,Crustacea,FBpp0081875,7227,sals
NOG37070,15,0.9386,7.755,4.42e-15,2.82e-11,Crustacea,FBpp0289728,7227,ana
NOG269593,15,0.9137,7.748,4.69e-15,2.98e-11,Crustacea,FBpp0072769,7227,CG13800
NOG19327,15,1,7.74,4.97e-15,3.17e-11,Crustacea,FBpp0074490,7227,CG14200
NOG233389,15,0.9606,7.737,5.07e-15,3.23e-11,Crustacea,FBpp0302733,7227,CG14395
NOG259054,15,0.9771,7.737,5.08e-15,3.24e-11,Crustacea,FBpp0078268,7227,Gasp
NOG15879,15,0.9693,7.73,5.37e-15,3.42e-11,Crustacea,FBpp0112115,7227,CG17816
NOG08364,15,1,7.727,5.5e-15,3.5e-11,Crustacea,FBpp0304821,7227,CG43861
NOG23578,15,0.979,7.725,5.58e-15,3.56e-11,Crustacea,FBpp0084641,7227,CG5003
NOG10650,15,0.9319,7.725,5.6e-15,3.57e-11,Crustacea,FBpp0302745,7227,Bsg25D
NOG13512,15,1,7.723,5.7e-15,3.63e-11,Crustacea,FBpp0078651,7227,qtc
NOG27234,15,0.9386,7.712,6.18e-15,3.93e-11,Crustacea,FBpp0072332,7227,Reg-5
NOG21935,15,0.9489,7.711,6.24e-15,3.98e-11,Crustacea,FBpp0076770,7227,l(3)mbn
NOG21124,15,0.9944,7.708,6.37e-15,4.06e-11,Crustacea,FBpp0290421,7227,CG8547
NOG11755,15,0.9944,7.696,7.02e-15,4.47e-11,Crustacea,FBpp0074903,7227,CG13698
NOG21100,15,0.8953,7.692,7.22e-15,4.6e-11,Crustacea,FBpp0113067,7227,qvr
NOG270181,15,0.947,7.69,7.33e-15,4.67e-11,Crustacea,FBpp0292311,7227,CG14608
NOG17655,15,0.9454,7.69,7.38e-15,4.7e-11,Crustacea,FBpp0070142,7227,CG13360
NOG17655,15,0.9454,7.69,7.38e-15,4.7e-11,Crustacea,FBpp0073384,7227,CG1561
NOG17655,15,0.9454,7.69,7.38e-15,4.7e-11,Crustacea,FBpp0074289,7227,CG7135
NOG17655,15,0.9454,7.69,7.38e-15,4.7e-11,Crustacea,FBpp0074891,7227,CG32195
NOG17655,15,0.9454,7.69,7.38e-15,4.7e-11,Crustacea,FBpp0076283,7227,CG5644
NOG17655,15,0.9454,7.69,7.38e-15,4.7e-11,Crustacea,FBpp0078238,7227,CG31562
NOG17655,15,0.9454,7.69,7.38e-15,4.7e-11,Crustacea,FBpp0078912,7227,CG9498
NOG17655,15,0.9454,7.69,7.38e-15,4.7e-11,Crustacea,FBpp0079525,7227,CG33301
NOG17655,15,0.9454,7.69,7.38e-15,4.7e-11,Crustacea,FBpp0081914,7227,CG6834
NOG17655,15,0.9454,7.69,7.38e-15,4.7e-11,Crustacea,FBpp0081915,7227,CG6830
NOG17655,15,0.9454,7.69,7.38e-15,4.7e-11,Crustacea,FBpp0082982,7227,CG14314
NOG17655,15,0.9454,7.69,7.38e-15,4.7e-11,Crustacea,FBpp0084199,7227,CG31300
NOG17655,15,0.9454,7.69,7.38e-15,4.7e-11,Crustacea,FBpp0084200,7227,CG31104
NOG17655,15,0.9454,7.69,7.38e-15,4.7e-11,Crustacea,FBpp0084202,7227,CG11893
NOG17655,15,0.9454,7.69,7.38e-15,4.7e-11,Crustacea,FBpp0084203,7227,CG13659
NOG17655,15,0.9454,7.69,7.38e-15,4.7e-11,Crustacea,FBpp0084205,7227,CG31436
NOG17655,15,0.9454,7.69,7.38e-15,4.7e-11,Crustacea,FBpp0084225,7227,CG10562
NOG17655,15,0.9454,7.69,7.38e-15,4.7e-11,Crustacea,FBpp0084226,7227,CG10560
NOG17655,15,0.9454,7.69,7.38e-15,4.7e-11,Crustacea,FBpp0084227,7227,CG10553
NOG17655,15,0.9454,7.69,7.38e-15,4.7e-11,Crustacea,FBpp0084229,7227,CG31087
NOG17655,15,0.9454,7.69,7.38e-15,4.7e-11,Crustacea,FBpp0084230,7227,CG31099
NOG17655,15,0.9454,7.69,7.38e-15,4.7e-11,Crustacea,FBpp0084231,7227,CG10550
NOG17655,15,0.9454,7.69,7.38e-15,4.7e-11,Crustacea,FBpp0084234,7227,CG31288
NOG17655,15,0.9454,7.69,7.38e-15,4.7e-11,Crustacea,FBpp0084236,7227,CG31102
NOG17655,15,0.9454,7.69,7.38e-15,4.7e-11,Crustacea,FBpp0084237,7227,CG31098
NOG17655,15,0.9454,7.69,7.38e-15,4.7e-11,Crustacea,FBpp0084238,7227,CG10514
NOG17655,15,0.9454,7.69,7.38e-15,4.7e-11,Crustacea,FBpp0084292,7227,CG31380
NOG17655,15,0.9454,7.69,7.38e-15,4.7e-11,Crustacea,FBpp0085633,7227,CG16898
NOG17655,15,0.9454,7.69,7.38e-15,4.7e-11,Crustacea,FBpp0088588,7227,CG11892
NOG17655,15,0.9454,7.69,7.38e-15,4.7e-11,Crustacea,FBpp0090945,7227,CG33509
NOG17655,15,0.9454,7.69,7.38e-15,4.7e-11,Crustacea,FBpp0090947,7227,CG33511
NOG17655,15,0.9454,7.69,7.38e-15,4.7e-11,Crustacea,FBpp0112258,7227,CG18765
NOG17655,15,0.9454,7.69,7.38e-15,4.7e-11,Crustacea,FBpp0112264,7227,CHKov1
NOG17655,15,0.9454,7.69,7.38e-15,4.7e-11,Crustacea,FBpp0112997,7227,CG10513
NOG17655,15,0.9454,7.69,7.38e-15,4.7e-11,Crustacea,FBpp0271869,7227,CG13658
NOG17655,15,0.9454,7.69,7.38e-15,4.7e-11,Crustacea,FBpp0288491,7227,CG31097
NOG17655,15,0.9454,7.69,7.38e-15,4.7e-11,Crustacea,FBpp0288494,7227,CG31370
NOG17655,15,0.9454,7.69,7.38e-15,4.7e-11,Crustacea,FBpp0289589,7227,CG33510
NOG17655,15,0.9454,7.69,7.38e-15,4.7e-11,Crustacea,FBpp0291406,7227,CG31975
NOG17655,15,0.9454,7.69,7.38e-15,4.7e-11,Crustacea,FBpp0303495,7227,CG31974
NOG17655,15,0.9454,7.69,7.38e-15,4.7e-11,Crustacea,FBpp0303667,7227,CG9497
NOG17655,15,0.9454,7.69,7.38e-15,4.7e-11,Crustacea,FBpp0304346,7227,CG9259
NOG17655,15,0.9454,7.69,7.38e-15,4.7e-11,Crustacea,FBpp0305172,7227,CG2004
NOG16479,15,0.9386,7.689,7.44e-15,4.74e-11,Crustacea,FBpp0088384,7227,lola
NOG254159,15,0.9331,7.681,7.92e-15,5.04e-11,Crustacea,FBpp0083437,7227,CG7044
NOG21047,15,0.9428,7.666,8.85e-15,5.64e-11,Crustacea,FBpp0078549,7227,CG1103
NOG22103,15,0.9331,7.661,9.19e-15,5.85e-11,Crustacea,FBpp0074016,7227,CG9917
NOG22103,15,0.9331,7.661,9.19e-15,5.85e-11,Crustacea,FBpp0302731,7227,CG11378
NOG03524,15,0.9912,7.658,9.46e-15,6.02e-11,Crustacea,FBpp0111868,7227,CG15894
NOG34918,15,0.8717,7.653,9.82e-15,6.25e-11,Crustacea,FBpp0076544,7227,CG14826
NOG34918,15,0.8717,7.653,9.82e-15,6.25e-11,Crustacea,FBpp0084010,7227,CG17784
NOG34918,15,0.8717,7.653,9.82e-15,6.25e-11,Crustacea,FBpp0085631,7227,CG13869
NOG34918,15,0.8717,7.653,9.82e-15,6.25e-11,Crustacea,FBpp0112372,7227,CG33342
NOG22782,15,0.9338,7.633,1.14e-14,7.28e-11,Crustacea,FBpp0082711,7227,tara
NOG12650,15,0.908,7.633,1.15e-14,7.33e-11,Crustacea,FBpp0305841,7227,CG18265
NOG270085,15,0.918,7.625,1.22e-14,7.76e-11,Crustacea,FBpp0084758,7227,CG14515
NOG31494,15,0.79990000000000006,7.605,1.43e-14,9.1e-11,Crustacea,FBpp0077789,7227,CG11562
NOG04812,15,0.9428,7.601,1.47e-14,9.39e-11,Crustacea,FBpp0074236,7227,CG6398
NOG24552,15,0.9684,7.599,1.5e-14,9.53e-11,Crustacea,FBpp0072881,7227,spz5
NOG27812,15,0.879,7.593,1.56e-14,9.95e-11,Crustacea,FBpp0302564,7227,miple
NOG27812,15,0.879,7.593,1.56e-14,9.95e-11,Crustacea,FBpp0305059,7227,miple2
NOG26391,15,0.9158,7.59,1.6e-14,1.02e-10,Crustacea,FBpp0086893,7227,CG3955
NOG27716,15,0.832,7.587,1.64e-14,1.05e-10,Crustacea,FBpp0112496,7227,ND-AGGG
NOG27716,15,0.832,7.587,1.64e-14,1.05e-10,Crustacea,FBpp0291442,7227,CG40472
NOG254354,15,0.95,7.555,2.09e-14,1.33e-10,Crustacea,FBpp0079308,7227,Dh31
NOG08339,15,0.9877,7.543,2.3e-14,1.47e-10,Crustacea,FBpp0074578,7227,CG12702
NOG270144,15,0.8594,7.542,2.32e-14,1.48e-10,Crustacea,FBpp0075968,7227,CG6310
NOG07339,15,0.9208,7.539,2.36e-14,1.5e-10,Crustacea,FBpp0290833,7227,stnA
NOG22531,15,0.8787,7.538,2.39e-14,1.52e-10,Crustacea,FBpp0081981,7227,CG10005
NOG23223,15,1,7.538,2.39e-14,1.52e-10,Crustacea,FBpp0112336,7227,CG32121
NOG20771,15,0.9277,7.522,2.7e-14,1.72e-10,Crustacea,FBpp0089001,7227,NijA
NOG20771,15,0.9277,7.522,2.7e-14,1.72e-10,Crustacea,FBpp0112140,7227,NijC
NOG240760,15,0.8969,7.514,2.87e-14,1.83e-10,Crustacea,FBpp0074963,7227,Pep
NOG240760,15,0.8969,7.514,2.87e-14,1.83e-10,Crustacea,FBpp0076068,7227,CG8108
NOG27904,15,0.9227,7.512,2.9e-14,1.85e-10,Crustacea,FBpp0085070,7227,CG15544
NOG270639,15,0.8495,7.512,2.9e-14,1.85e-10,Crustacea,FBpp0086759,7227,CG6329
NOG26118,15,0.8878,7.505,3.07e-14,1.96e-10,Crustacea,FBpp0070349,7227,CG14817
NOG06425,15,0.8837,7.491,3.41e-14,2.17e-10,Crustacea,FBpp0087493,7227,egr
NOG05132,15,0.8898,7.486,3.54e-14,2.26e-10,Crustacea,FBpp0292074,7227,CG4497
NOG06784,15,0.8256,7.485,3.57e-14,2.28e-10,Crustacea,FBpp0072278,7227,CG3880
NOG01520,15,0.9114,7.469,4.03e-14,2.56e-10,Crustacea,FBpp0085186,7227,ttk
NOG271956,15,0.8321,7.469,4.04e-14,2.57e-10,Crustacea,FBpp0074707,7227,CG9300
NOG236411,15,0.8896,7.458,4.39e-14,2.79e-10,Crustacea,FBpp0078627,7227,CG14636
NOG27761,15,0.865,7.439,5.08e-14,3.23e-10,Crustacea,FBpp0290262,7227,CG32982
NOG269711,15,0.8881,7.436,5.19e-14,3.3e-10,Crustacea,FBpp0113017,7227,CG32036
NOG42988,15,0.9401,7.43,5.41e-14,3.45e-10,Crustacea,FBpp0297717,7227,CG9626
NOG34759,15,0.8587,7.428,5.53e-14,3.52e-10,Crustacea,FBpp0302902,7227,UQCR-6.4
NOG37238,15,0.8773,7.42,5.83e-14,3.72e-10,Crustacea,FBpp0288554,7227,CG8740
NOG261571,15,0.8704,7.42,5.85e-14,3.73e-10,Crustacea,FBpp0083125,7227,CG14285
NOG15925,15,0.8631,7.419,5.9e-14,3.76e-10,Crustacea,FBpp0086879,7227,AQP
NOG07446,15,0.8258,7.409,6.37e-14,4.06e-10,Crustacea,FBpp0086986,7227,CG30053
NOG239419,15,0.9331,7.396,6.99e-14,4.45e-10,Crustacea,FBpp0081700,7227,CG12420
NOG31201,15,0.854,7.388,7.48e-14,4.76e-10,Crustacea,FBpp0076550,7227,mus312
NOG17748,15,0.8544,7.383,7.75e-14,4.94e-10,Crustacea,FBpp0305151,7227,CG43901
NOG21971,15,0.9161,7.381,7.88e-14,5.02e-10,Crustacea,FBpp0070742,7227,CG16756
NOG21971,15,0.9161,7.381,7.88e-14,5.02e-10,Crustacea,FBpp0072524,7227,LysB
NOG21971,15,0.9161,7.381,7.88e-14,5.02e-10,Crustacea,FBpp0072525,7227,LysC
NOG21971,15,0.9161,7.381,7.88e-14,5.02e-10,Crustacea,FBpp0072526,7227,LysE
NOG21971,15,0.9161,7.381,7.88e-14,5.02e-10,Crustacea,FBpp0072527,7227,LysS
NOG21971,15,0.9161,7.381,7.88e-14,5.02e-10,Crustacea,FBpp0072529,7227,LysP
NOG21971,15,0.9161,7.381,7.88e-14,5.02e-10,Crustacea,FBpp0072530,7227,LysD
NOG21971,15,0.9161,7.381,7.88e-14,5.02e-10,Crustacea,FBpp0072533,7227,LysX
NOG21971,15,0.9161,7.381,7.88e-14,5.02e-10,Crustacea,FBpp0085560,7227,CG11159
NOG21971,15,0.9161,7.381,7.88e-14,5.02e-10,Crustacea,FBpp0085561,7227,CG16799
NOG21971,15,0.9161,7.381,7.88e-14,5.02e-10,Crustacea,FBpp0086336,7227,CG7798
NOG21971,15,0.9161,7.381,7.88e-14,5.02e-10,Crustacea,FBpp0292257,7227,CG30062
NOG21971,15,0.9161,7.381,7.88e-14,5.02e-10,Crustacea,FBpp0297621,7227,CG8492
NOG19165,15,0.8943,7.369,8.58e-14,5.46e-10,Crustacea,FBpp0076083,7227,CG6674
NOG15623,15,0.9157,7.365,8.84e-14,5.63e-10,Crustacea,FBpp0112123,7227,CG9471
NOG19974,15,0.8332,7.361,9.11e-14,5.8e-10,Crustacea,FBpp0088433,7227,alt
NOG07685,15,0.8568,7.354,9.64e-14,6.14e-10,Crustacea,FBpp0070823,7227,CG3726
NOG265601,15,0.8773,7.341,1.06e-13,6.74e-10,Crustacea,FBpp0074617,7227,gogo
NOG15344,15,0.9281,7.34,1.07e-13,6.81e-10,Crustacea,FBpp0298376,7227,CG10508
NOG24934,15,0.7826,7.336,1.1e-13,7.02e-10,Crustacea,FBpp0074260,7227,CG8326
NOG10422,15,0.8318,7.321,1.23e-13,7.83e-10,Crustacea,FBpp0080057,7227,Drep4
NOG240521,15,0.8378,7.315,1.29e-13,8.22e-10,Crustacea,FBpp0086643,7227,Cpr51A
NOG02809,15,0.8476,7.302,1.42e-13,9.06e-10,Crustacea,FBpp0112222,7227,CG15537
NOG11600,15,0.8123,7.291,1.54e-13,9.78e-10,Crustacea,FBpp0077882,7227,CG5199
NOG29514,15,0.8594,7.29,1.55e-13,9.85e-10,Crustacea,FBpp0300399,7227,CG15186
NOG09714,15,0.8714,7.29,1.55e-13,9.88e-10,Crustacea,FBpp0079524,7227,obst-B
NOG252899,15,0.9264,7.284,1.62e-13,1.03e-9,Crustacea,FBpp0086570,7227,ND-B15
NOG258719,15,0.861,7.269,1.81e-13,1.15e-9,Crustacea,FBpp0271851,7227,sha
NOG21887,15,0.8568,7.263,1.9e-13,1.21e-9,Crustacea,FBpp0300441,7227,corto
NOG34873,15,0.7728,7.263,1.9e-13,1.21e-9,Crustacea,FBpp0070274,7227,Mur2B
NOG12444,15,0.9158,7.249,2.1e-13,1.34e-9,Crustacea,FBpp0305496,7227,fend
NOG259085,15,0.8216,7.237,2.29e-13,1.46e-9,Crustacea,FBpp0077044,7227,Cp110
NOG234316,15,0.8589,7.208,2.84e-13,1.81e-9,Crustacea,FBpp0082236,7227,CG9813
NOG22431,15,0.865,7.201,2.99e-13,1.9e-9,Crustacea,FBpp0292380,7227,CG14414
NOG11545,15,0.8544,7.198,3.06e-13,1.95e-9,Crustacea,FBpp0111945,7227,CG31714
NOG258349,15,0.7912,7.192,3.2e-13,2.04e-9,Crustacea,FBpp0071420,7227,CG2124
NOG20005,15,0.834,7.191,3.21e-13,2.04e-9,Crustacea,FBpp0084734,7227,CG11873
NOG17036,15,0.8524,7.189,3.25e-13,2.07e-9,Crustacea,FBpp0290823,7227,NT1
NOG272793,15,0.8226,7.184,3.38e-13,2.15e-9,Crustacea,FBpp0305168,7227,Neb-cGP
NOG259024,15,0.8112,7.182,3.42e-13,2.18e-9,Crustacea,FBpp0072630,7227,CG13917
NOG72390,15,0.8367,7.18,3.5e-13,2.23e-9,Crustacea,FBpp0291417,7227,CG5897
NOG72390,15,0.8367,7.18,3.5e-13,2.23e-9,Crustacea,FBpp0302616,7227,CG6933
NOG72390,15,0.8367,7.18,3.5e-13,2.23e-9,Crustacea,FBpp0304941,7227,CG7017
NOG72390,15,0.8367,7.18,3.5e-13,2.23e-9,Crustacea,FBpp0305040,7227,CG43896
NOG257705,15,0.8667,7.152,4.28e-13,2.73e-9,Crustacea,FBpp0076939,7227,bves
NOG246122,15,0.8568,7.138,4.74e-13,3.02e-9,Crustacea,FBpp0088221,7227,CG31997
NOG24250,15,0.726,7.106,5.97e-13,3.8e-9,Crustacea,FBpp0086901,7227,CG13319
NOG258694,15,0.8218,7.1,6.23e-13,3.97e-9,Crustacea,FBpp0087732,7227,lin
NOG266397,15,0.798,7.1,6.26e-13,3.98e-9,Crustacea,FBpp0288891,7227,CG42272
NOG01434,15,0.7947,7.046,9.22e-13,5.87e-9,Crustacea,FBpp0078586,7227,srl
NOG257611,15,0.865,6.982,1.45e-12,9.24e-9,Crustacea,FBpp0080588,7227,CG5758
NOG06776,15,0.7703,6.963,1.67e-12,1.06e-8,Crustacea,FBpp0078187,7227,l(3)04053
NOG04123,15,0.7783,6.96,1.7e-12,1.08e-8,Crustacea,FBpp0088212,7227,CG31998
NOG259047,15,0.7565,6.93,2.1e-12,1.34e-8,Crustacea,FBpp0080867,7227,nesd
NOG09962,15,0.8027,6.906,2.5e-12,1.59e-8,Crustacea,FBpp0111717,7227,Fas3
NOG00935,15,0.7889,6.904,2.53e-12,1.61e-8,Crustacea,FBpp0075671,7227,CG10948
NOG26777,15,0.6612,6.891,2.77e-12,1.76e-8,Crustacea,FBpp0088016,7227,mRpL52
NOG02183,15,0.7526,6.873,3.13e-12,2e-8,Crustacea,FBpp0076745,7227,PVRAP
NOG02183,15,0.7526,6.873,3.13e-12,2e-8,Crustacea,FBpp0099403,7227,CG33993
NOG07412,15,0.7291,6.862,3.4e-12,2.17e-8,Crustacea,FBpp0078534,7227,CG9775
NOG09210,15,0.7596,6.848,3.74e-12,2.38e-8,Crustacea,FBpp0077889,7227,CG5274
NOG29613,15,0.7893,6.824,4.42e-12,2.81e-8,Crustacea,FBpp0303825,7227,ND-MLRQ
NOG10524,15,0.761,6.81,4.87e-12,3.1e-8,Crustacea,FBpp0077901,7227,CG13251
NOG06759,15,0.7568,6.703,1.02e-11,6.49e-8,Crustacea,FBpp0085933,7227,fj
NOG269791,15,0.7084,6.701,1.03e-11,6.58e-8,Crustacea,FBpp0111280,7227,CG34174
KOG3494,15,0.7156,6.645,1.51e-11,9.64e-8,Crustacea,FBpp0086974,7227,ox
NOG10467,15,0.7533,6.624,1.75e-11,1.12e-7,Crustacea,FBpp0087563,7227,CG1667
NOG35215,15,0.7373,6.595,2.13e-11,1.35e-7,Crustacea,FBpp0111539,7227,CG34386
NOG35595,15,0.6866,6.591,2.19e-11,1.39e-7,Crustacea,FBpp0077931,7227,CG3698
NOG07159,15,0.7209,6.586,2.26e-11,1.44e-7,Crustacea,FBpp0303497,7227,Amnionless
NOG246589,15,0.6959,6.525,3.39e-11,2.16e-7,Crustacea,FBpp0076383,7227,CG6983
NOG20702,15,0.6784,6.491,4.26e-11,2.72e-7,Crustacea,FBpp0086851,7227,CG4627
NOG246625,15,0.6911,6.466,5.03e-11,3.2e-7,Crustacea,FBpp0079592,7227,lft
NOG31665,15,0.6944,6.446,5.74e-11,3.65e-7,Crustacea,FBpp0078200,7227,CG33169
NOG20869,15,0.717,6.403,7.6e-11,4.84e-7,Crustacea,FBpp0293083,7227,Gpa2
NOG01995,15,0.6554,6.269,1.81e-10,1.16e-6,Crustacea,FBpp0083719,7227,CG4813
NOG01995,15,0.6554,6.269,1.81e-10,1.16e-6,Crustacea,FBpp0271915,7227,tey
NOG247725,15,0.6534,6.258,1.94e-10,1.24e-6,Crustacea,FBpp0084893,7227,dgt1
NOG263822,15,0.6903,6.18,3.2e-10,2.04e-6,Crustacea,FBpp0301611,7227,rad
NOG236266,15,0.6809,6.027,8.37e-10,5.33e-6,Crustacea,FBpp0291544,7227,CG40498
NOG07225,15,0.6899,6.015,8.97e-10,5.71e-6,Crustacea,FBpp0083418,7227,Ice2
KOG3374,15,0.6511,5.874,2.13e-9,1.36e-5,Crustacea,FBpp0088836,7227,CREG
COG0257,15,0.5637,5.77,3.97e-9,2.53e-5,Crustacea,FBpp0076458,7227,mRpL36
NOG258459,15,0.6319,5.657,7.69e-9,4.9e-5,Crustacea,FBpp0303090,7227,rib
COG5398,15,0.5424,5.404,3.26e-8,2.08e-4,Crustacea,FBpp0081900,7227,Ho
COG2351,15,0.5082,5.032,2.42e-7,0.00154,Crustacea,FBpp0087336,7227,CG30016
NOG255743,15,0.504,4.999,2.89e-7,0.00184,Crustacea,FBpp0071292,7227,CG15365
NOG257790,15,0.4344,4.784,8.59e-7,0.00547,Crustacea,FBpp0080674,7227,msl-1
NOG25857,16,0.9944,8.342,3.64e-17,2.32e-13,Myriapoda,FBpp0288833,7227,CG42258
NOG05788,16,0.9894,8.299,5.26e-17,3.35e-13,Myriapoda,FBpp0071141,7227,cyr
NOG05788,16,0.9894,8.299,5.26e-17,3.35e-13,Myriapoda,FBpp0072219,7227,pio
NOG240735,16,0.9944,8.173,1.5e-16,9.56e-13,Myriapoda,FBpp0082885,7227,Eh
NOG17520,16,0.9675,8.173,1.51e-16,9.6e-13,Myriapoda,FBpp0289414,7227,CG4558
NOG24460,16,0.9843,8.069,3.54e-16,2.26e-12,Myriapoda,FBpp0072299,7227,CG3760
NOG06460,16,0.9631,8.026,5.02e-16,3.2e-12,Myriapoda,FBpp0075167,7227,dsx-c73A
NOG01638,16,0.9672,8.007,5.9e-16,3.76e-12,Myriapoda,FBpp0304734,7227,pwn
NOG08441,16,0.9754,7.993,6.57e-16,4.19e-12,Myriapoda,FBpp0290027,7227,CG16953
NOG20889,16,0.9806,7.98,7.3e-16,4.65e-12,Myriapoda,FBpp0304131,7227,rtv
NOG21976,16,0.9221,7.951,9.22e-16,5.87e-12,Myriapoda,FBpp0084214,7227,CG4553
NOG10679,16,0.9894,7.929,1.11e-15,7.04e-12,Myriapoda,FBpp0072277,7227,spz6
NOG245425,16,0.987,7.925,1.14e-15,7.28e-12,Myriapoda,FBpp0072669,7227,Cpr62Bb
NOG245425,16,0.987,7.925,1.14e-15,7.28e-12,Myriapoda,FBpp0072748,7227,Cpr62Bc
NOG245425,16,0.987,7.925,1.14e-15,7.28e-12,Myriapoda,FBpp0073079,7227,Cpr64Ad
NOG245425,16,0.987,7.925,1.14e-15,7.28e-12,Myriapoda,FBpp0073108,7227,Cpr64Ac
NOG245425,16,0.987,7.925,1.14e-15,7.28e-12,Myriapoda,FBpp0073109,7227,Cpr64Ab
NOG245425,16,0.987,7.925,1.14e-15,7.28e-12,Myriapoda,FBpp0073110,7227,Cpr64Aa
NOG245425,16,0.987,7.925,1.14e-15,7.28e-12,Myriapoda,FBpp0074702,7227,Cpr76Bb
NOG245425,16,0.987,7.925,1.14e-15,7.28e-12,Myriapoda,FBpp0074745,7227,Cpr76Ba
NOG245425,16,0.987,7.925,1.14e-15,7.28e-12,Myriapoda,FBpp0076294,7227,Cpr66D
NOG245425,16,0.987,7.925,1.14e-15,7.28e-12,Myriapoda,FBpp0076328,7227,Cpr66Cb
NOG245425,16,0.987,7.925,1.14e-15,7.28e-12,Myriapoda,FBpp0079429,7227,Cpr30B
NOG245425,16,0.987,7.925,1.14e-15,7.28e-12,Myriapoda,FBpp0079492,7227,Cpr30F
NOG245425,16,0.987,7.925,1.14e-15,7.28e-12,Myriapoda,FBpp0079526,7227,Cpr31A
NOG245425,16,0.987,7.925,1.14e-15,7.28e-12,Myriapoda,FBpp0079865,7227,Cry
NOG245425,16,0.987,7.925,1.14e-15,7.28e-12,Myriapoda,FBpp0080206,7227,Cpr35B
NOG245425,16,0.987,7.925,1.14e-15,7.28e-12,Myriapoda,FBpp0081186,7227,Edg84A
NOG245425,16,0.987,7.925,1.14e-15,7.28e-12,Myriapoda,FBpp0081187,7227,Ccp84Ag
NOG245425,16,0.987,7.925,1.14e-15,7.28e-12,Myriapoda,FBpp0081188,7227,Ccp84Ad
NOG245425,16,0.987,7.925,1.14e-15,7.28e-12,Myriapoda,FBpp0081189,7227,Ccp84Aa
NOG245425,16,0.987,7.925,1.14e-15,7.28e-12,Myriapoda,FBpp0081190,7227,Ccp84Ab
NOG245425,16,0.987,7.925,1.14e-15,7.28e-12,Myriapoda,FBpp0081191,7227,Ccp84Ac
NOG245425,16,0.987,7.925,1.14e-15,7.28e-12,Myriapoda,FBpp0081192,7227,Ccp84Ae
NOG245425,16,0.987,7.925,1.14e-15,7.28e-12,Myriapoda,FBpp0081193,7227,Ccp84Af
NOG245425,16,0.987,7.925,1.14e-15,7.28e-12,Myriapoda,FBpp0083221,7227,Cpr92A
NOG245425,16,0.987,7.925,1.14e-15,7.28e-12,Myriapoda,FBpp0305270,7227,CG34461
NOG252910,16,0.9443,7.919,1.2e-15,7.64e-12,Myriapoda,FBpp0289396,7227,CG13675
NOG20684,16,0.9238,7.91,1.29e-15,8.21e-12,Myriapoda,FBpp0080207,7227,Pburs
NOG258095,16,0.9894,7.887,1.54e-15,9.82e-12,Myriapoda,FBpp0074721,7227,serp
NOG258095,16,0.9894,7.887,1.54e-15,9.82e-12,Myriapoda,FBpp0291538,7227,verm
NOG33213,16,0.9754,7.881,1.63e-15,1.04e-11,Myriapoda,FBpp0082171,7227,l(3)87Df
NOG258108,16,0.975,7.879,1.65e-15,1.05e-11,Myriapoda,FBpp0111843,7227,Drep2
NOG04874,16,0.9806,7.877,1.67e-15,1.06e-11,Myriapoda,FBpp0294059,7227,pot
NOG14181,16,0.9068,7.87,1.77e-15,1.12e-11,Myriapoda,FBpp0079918,7227,CG17211
NOG24989,16,0.9068,7.866,1.83e-15,1.17e-11,Myriapoda,FBpp0076455,7227,CG13676
NOG21981,16,0.9156,7.816,2.73e-15,1.74e-11,Myriapoda,FBpp0297710,7227,CG13643
NOG06278,16,0.9838,7.815,2.74e-15,1.75e-11,Myriapoda,FBpp0080524,7227,beat-IIIc
NOG06278,16,0.9838,7.815,2.74e-15,1.75e-11,Myriapoda,FBpp0271958,7227,beat-IIIb
NOG06278,16,0.9838,7.815,2.74e-15,1.75e-11,Myriapoda,FBpp0292391,7227,beat-IIIa
NOG26918,16,0.9577,7.814,2.76e-15,1.76e-11,Myriapoda,FBpp0086756,7227,Cpr50Cb
NOG241853,16,0.9223,7.809,2.88e-15,1.84e-11,Myriapoda,FBpp0100144,7227,CG18065
NOG16941,16,0.975,7.808,2.91e-15,1.85e-11,Myriapoda,FBpp0072535,7227,bab2
NOG16941,16,0.975,7.808,2.91e-15,1.85e-11,Myriapoda,FBpp0072538,7227,bab1
NOG28807,16,0.9944,7.805,2.97e-15,1.89e-11,Myriapoda,FBpp0079222,7227,CG14275
NOG28807,16,0.9944,7.805,2.97e-15,1.89e-11,Myriapoda,FBpp0079229,7227,CG7781
NOG62831,16,1,7.789,3.38e-15,2.15e-11,Myriapoda,FBpp0073486,7227,Cpr11B
NOG62831,16,1,7.789,3.38e-15,2.15e-11,Myriapoda,FBpp0075921,7227,Cpr67Fa1
NOG62831,16,1,7.789,3.38e-15,2.15e-11,Myriapoda,FBpp0075922,7227,Cpr67Fa2
NOG62831,16,1,7.789,3.38e-15,2.15e-11,Myriapoda,FBpp0076618,7227,Cpr65Ec
NOG62831,16,1,7.789,3.38e-15,2.15e-11,Myriapoda,FBpp0076637,7227,Cpr65Eb
NOG62831,16,1,7.789,3.38e-15,2.15e-11,Myriapoda,FBpp0076638,7227,Cpr65Ea
NOG62831,16,1,7.789,3.38e-15,2.15e-11,Myriapoda,FBpp0076700,7227,Lcp65Ac
NOG62831,16,1,7.789,3.38e-15,2.15e-11,Myriapoda,FBpp0076701,7227,Lcp65Ab2
NOG62831,16,1,7.789,3.38e-15,2.15e-11,Myriapoda,FBpp0076702,7227,Lcp65Ab1
NOG62831,16,1,7.789,3.38e-15,2.15e-11,Myriapoda,FBpp0076704,7227,Cpr65Az
NOG62831,16,1,7.789,3.38e-15,2.15e-11,Myriapoda,FBpp0076729,7227,Acp65Aa
NOG62831,16,1,7.789,3.38e-15,2.15e-11,Myriapoda,FBpp0076731,7227,Cpr65Aw
NOG62831,16,1,7.789,3.38e-15,2.15e-11,Myriapoda,FBpp0076732,7227,Cpr65Av
NOG62831,16,1,7.789,3.38e-15,2.15e-11,Myriapoda,FBpp0076765,7227,Lcp65Af
NOG62831,16,1,7.789,3.38e-15,2.15e-11,Myriapoda,FBpp0076766,7227,Lcp65Ag1
NOG62831,16,1,7.789,3.38e-15,2.15e-11,Myriapoda,FBpp0076767,7227,Lcp65Ag2
NOG62831,16,1,7.789,3.38e-15,2.15e-11,Myriapoda,FBpp0076768,7227,Cpr65Au
NOG62831,16,1,7.789,3.38e-15,2.15e-11,Myriapoda,FBpp0076769,7227,Lcp65Ag3
NOG62831,16,1,7.789,3.38e-15,2.15e-11,Myriapoda,FBpp0078062,7227,Edg78E
NOG62831,16,1,7.789,3.38e-15,2.15e-11,Myriapoda,FBpp0078117,7227,Cpr78E
NOG62831,16,1,7.789,3.38e-15,2.15e-11,Myriapoda,FBpp0079016,7227,Pcp
NOG62831,16,1,7.789,3.38e-15,2.15e-11,Myriapoda,FBpp0087031,7227,Cpr49Ae
NOG62831,16,1,7.789,3.38e-15,2.15e-11,Myriapoda,FBpp0087032,7227,Cpr49Af
NOG62831,16,1,7.789,3.38e-15,2.15e-11,Myriapoda,FBpp0087033,7227,Cpr49Ag
NOG62831,16,1,7.789,3.38e-15,2.15e-11,Myriapoda,FBpp0087035,7227,Cpr49Ah
NOG62831,16,1,7.789,3.38e-15,2.15e-11,Myriapoda,FBpp0087066,7227,Cpr49Ad
NOG62831,16,1,7.789,3.38e-15,2.15e-11,Myriapoda,FBpp0087215,7227,Cpr47Ee
NOG62831,16,1,7.789,3.38e-15,2.15e-11,Myriapoda,FBpp0087279,7227,Cpr47Eg
NOG62831,16,1,7.789,3.38e-15,2.15e-11,Myriapoda,FBpp0087285,7227,Cpr47Ec
NOG62831,16,1,7.789,3.38e-15,2.15e-11,Myriapoda,FBpp0087286,7227,Cpr47Ea
NOG62831,16,1,7.789,3.38e-15,2.15e-11,Myriapoda,FBpp0111379,7227,Cpr65Ax1
NOG62831,16,1,7.789,3.38e-15,2.15e-11,Myriapoda,FBpp0112271,7227,Cpr49Aa
NOG62831,16,1,7.789,3.38e-15,2.15e-11,Myriapoda,FBpp0305758,7227,Lcp65Ad
NOG62831,16,1,7.789,3.38e-15,2.15e-11,Myriapoda,FBpp0305759,7227,Cpr65Ax2
NOG18297,16,0.9894,7.787,3.44e-15,2.19e-11,Myriapoda,FBpp0086487,7227,CG8192
NOG10705,16,0.9894,7.783,3.54e-15,2.25e-11,Myriapoda,FBpp0300611,7227,CG4702
NOG07653,16,0.9156,7.779,3.67e-15,2.34e-11,Myriapoda,FBpp0073154,7227,CG15020
NOG238609,16,0.9385,7.768,3.98e-15,2.54e-11,Myriapoda,FBpp0110281,7227,CG17672
NOG09703,16,0.957,7.732,5.3e-15,3.38e-11,Myriapoda,FBpp0079183,7227,spz3
NOG03287,16,0.8882,7.707,6.43e-15,4.09e-11,Myriapoda,FBpp0078408,7227,CG2519
NOG239903,16,0.9838,7.706,6.47e-15,4.12e-11,Myriapoda,FBpp0081495,7227,CG8121
NOG259365,16,0.9307,7.706,6.49e-15,4.14e-11,Myriapoda,FBpp0304442,7227,CG6024
NOG19218,16,0.9471,7.692,7.22e-15,4.6e-11,Myriapoda,FBpp0074961,7227,Krn
NOG19218,16,0.9471,7.692,7.22e-15,4.6e-11,Myriapoda,FBpp0080808,7227,spi
NOG255747,16,0.9279,7.691,7.32e-15,4.66e-11,Myriapoda,FBpp0083143,7227,CG6040
NOG14965,16,0.9241,7.684,7.74e-15,4.93e-11,Myriapoda,FBpp0112216,7227,CG14509
NOG24937,16,0.9385,7.683,7.75e-15,4.94e-11,Myriapoda,FBpp0070480,7227,CG2650
NOG24937,16,0.9385,7.683,7.75e-15,4.94e-11,Myriapoda,FBpp0078488,7227,CG2016
NOG24937,16,0.9385,7.683,7.75e-15,4.94e-11,Myriapoda,FBpp0078489,7227,CG14661
NOG24937,16,0.9385,7.683,7.75e-15,4.94e-11,Myriapoda,FBpp0082676,7227,CG10264
NOG24937,16,0.9385,7.683,7.75e-15,4.94e-11,Myriapoda,FBpp0082691,7227,CG10407
NOG24937,16,0.9385,7.683,7.75e-15,4.94e-11,Myriapoda,FBpp0083512,7227,CG15497
NOG24937,16,0.9385,7.683,7.75e-15,4.94e-11,Myriapoda,FBpp0084027,7227,CG13618
NOG24937,16,0.9385,7.683,7.75e-15,4.94e-11,Myriapoda,FBpp0084184,7227,CG11852
NOG24937,16,0.9385,7.683,7.75e-15,4.94e-11,Myriapoda,FBpp0084185,7227,to
NOG24937,16,0.9385,7.683,7.75e-15,4.94e-11,Myriapoda,FBpp0084186,7227,CG11854
NOG24937,16,0.9385,7.683,7.75e-15,4.94e-11,Myriapoda,FBpp0084473,7227,CG14258
NOG24937,16,0.9385,7.683,7.75e-15,4.94e-11,Myriapoda,FBpp0084474,7227,CG14259
NOG24937,16,0.9385,7.683,7.75e-15,4.94e-11,Myriapoda,FBpp0084475,7227,CG17189
NOG24937,16,0.9385,7.683,7.75e-15,4.94e-11,Myriapoda,FBpp0091002,7227,CG33680
NOG24937,16,0.9385,7.683,7.75e-15,4.94e-11,Myriapoda,FBpp0100135,7227,CG14457
NOG24937,16,0.9385,7.683,7.75e-15,4.94e-11,Myriapoda,FBpp0290041,7227,CG31189
NOG04261,16,0.8663,7.681,7.88e-15,5.02e-11,Myriapoda,FBpp0306094,7227,CG43980
NOG18829,16,0.8986,7.679,8e-15,5.09e-11,Myriapoda,FBpp0292310,7227,CG14607
NOG21772,16,0.9256,7.677,8.15e-15,5.19e-11,Myriapoda,FBpp0099678,7227,jhamt
NOG20001,16,0.9297,7.674,8.32e-15,5.3e-11,Myriapoda,FBpp0082937,7227,CG7713
NOG03623,16,0.904,7.674,8.35e-15,5.32e-11,Myriapoda,FBpp0111806,7227,stumps
NOG17900,16,0.8408,7.67,8.59e-15,5.47e-11,Myriapoda,FBpp0290401,7227,CG4984
NOG22955,16,0.9715,7.661,9.22e-15,5.87e-11,Myriapoda,FBpp0075854,7227,crim
NOG13041,16,0.8616,7.653,9.83e-15,6.26e-11,Myriapoda,FBpp0072188,7227,tamo
NOG247695,16,0.9191,7.653,9.84e-15,6.27e-11,Myriapoda,FBpp0290427,7227,CG13868
NOG11323,16,1,7.652,9.91e-15,6.31e-11,Myriapoda,FBpp0301158,7227,CG15312
NOG34852,16,0.8524,7.648,1.02e-14,6.48e-11,Myriapoda,FBpp0077140,7227,CG15443
NOG34963,16,0.9051,7.644,1.05e-14,6.7e-11,Myriapoda,FBpp0081645,7227,CG12948
NOG01727,16,1,7.633,1.14e-14,7.28e-11,Myriapoda,FBpp0072156,7227,CG16786
NOG263223,16,0.9115,7.632,1.16e-14,7.37e-11,Myriapoda,FBpp0301172,7227,CG43462
NOG18155,16,0.8485,7.606,1.41e-14,8.97e-11,Myriapoda,FBpp0075166,7227,aos
NOG15324,16,0.9001,7.605,1.43e-14,9.1e-11,Myriapoda,FBpp0302933,7227,CG34383
NOG254317,16,0.8894,7.6,1.48e-14,9.41e-11,Myriapoda,FBpp0072477,7227,emc
NOG06484,16,0.8783,7.597,1.52e-14,9.66e-11,Myriapoda,FBpp0083308,7227,CG4362
NOG06484,16,0.8783,7.597,1.52e-14,9.66e-11,Myriapoda,FBpp0083309,7227,CG4367
NOG06484,16,0.8783,7.597,1.52e-14,9.66e-11,Myriapoda,FBpp0292371,7227,CG42749
NOG04652,16,0.9329,7.596,1.52e-14,9.71e-11,Myriapoda,FBpp0074977,7227,CG7692
NOG04652,16,0.9329,7.596,1.52e-14,9.71e-11,Myriapoda,FBpp0306151,7227,CG9902
NOG14380,16,0.9454,7.593,1.56e-14,9.95e-11,Myriapoda,FBpp0301017,7227,CG11768
NOG14380,16,0.9454,7.593,1.56e-14,9.95e-11,Myriapoda,FBpp0301018,7227,CG34135
NOG07923,16,0.8677,7.592,1.58e-14,1e-10,Myriapoda,FBpp0085750,7227,sano
NOG258517,16,0.9894,7.578,1.75e-14,1.12e-10,Myriapoda,FBpp0288819,7227,CG34370
NOG258576,16,0.8508,7.574,1.81e-14,1.15e-10,Myriapoda,FBpp0084211,7227,MED28
NOG252945,16,0.9371,7.572,1.84e-14,1.17e-10,Myriapoda,FBpp0077874,7227,CG5059
NOG250210,16,0.9499,7.564,1.96e-14,1.25e-10,Myriapoda,FBpp0072917,7227,CG12009
NOG270082,16,0.9262,7.563,1.97e-14,1.25e-10,Myriapoda,FBpp0077417,7227,Snapin
NOG02811,16,0.9022,7.561,1.99e-14,1.27e-10,Myriapoda,FBpp0087251,7227,ix
NOG06350,16,0.9279,7.56,2.02e-14,1.29e-10,Myriapoda,FBpp0088737,7227,CG32206
NOG06693,16,0.9164,7.558,2.05e-14,1.3e-10,Myriapoda,FBpp0071749,7227,px
NOG25707,16,0.9135,7.557,2.06e-14,1.3100000000000001e-10,Myriapoda,FBpp0288658,7227,ITP
NOG248718,16,0.8767,7.556,2.08e-14,1.32e-10,Myriapoda,FBpp0289984,7227,CG12541
NOG08560,16,0.9894,7.544,2.28e-14,1.45e-10,Myriapoda,FBpp0077261,7227,CG3246
NOG13410,16,0.9124,7.544,2.28e-14,1.45e-10,Myriapoda,FBpp0080663,7227,CG33120
NOG08076,16,0.9436,7.542,2.31e-14,1.47e-10,Myriapoda,FBpp0073400,7227,m
NOG09087,16,0.8969,7.541,2.34e-14,1.49e-10,Myriapoda,FBpp0071234,7227,CG7065
NOG09087,16,0.8969,7.541,2.34e-14,1.49e-10,Myriapoda,FBpp0084158,7227,CG31510
NOG230297,16,0.8833,7.537,2.4e-14,1.53e-10,Myriapoda,FBpp0081302,7227,CG9636
NOG32276,16,0.8818,7.53,2.53e-14,1.61e-10,Myriapoda,FBpp0291838,7227,CG42671
NOG16203,16,0.9771,7.527,2.6e-14,1.65e-10,Myriapoda,FBpp0082770,7227,CG14880
NOG16203,16,0.9771,7.527,2.6e-14,1.65e-10,Myriapoda,FBpp0083059,7227,CG14304
NOG16203,16,0.9771,7.527,2.6e-14,1.65e-10,Myriapoda,FBpp0288638,7227,CG14301
NOG26719,16,0.9262,7.526,2.62e-14,1.67e-10,Myriapoda,FBpp0073312,7227,Pa1
NOG04202,16,0.9262,7.512,2.92e-14,1.86e-10,Myriapoda,FBpp0292221,7227,CG7991
NOG05189,16,0.8884,7.511,2.94e-14,1.87e-10,Myriapoda,FBpp0305231,7227,CG32676
NOG21827,16,0.8977,7.507,3.03e-14,1.93e-10,Myriapoda,FBpp0071810,7227,CG13532
NOG21827,16,0.8977,7.507,3.03e-14,1.93e-10,Myriapoda,FBpp0072040,7227,CG5597
NOG239455,16,0.8682,7.502,3.15e-14,2.01e-10,Myriapoda,FBpp0087744,7227,PPO2
NOG239455,16,0.8682,7.502,3.15e-14,2.01e-10,Myriapoda,FBpp0291496,7227,PPO3
NOG239455,16,0.8682,7.502,3.15e-14,2.01e-10,Myriapoda,FBpp0291497,7227,PPO1
NOG259182,16,0.9454,7.492,3.39e-14,2.16e-10,Myriapoda,FBpp0077054,7227,Cda4
NOG04584,16,0.834,7.488,3.5e-14,2.23e-10,Myriapoda,FBpp0084903,7227,CG7837
NOG253413,16,0.8839,7.475,3.87e-14,2.46e-10,Myriapoda,FBpp0080945,7227,CG9328
NOG257731,16,0.8949,7.474,3.89e-14,2.48e-10,Myriapoda,FBpp0081089,7227,sas
NOG22288,16,0.9078,7.469,4.04e-14,2.57e-10,Myriapoda,FBpp0304785,7227,B4
NOG268611,16,0.9789,7.467,4.09e-14,2.61e-10,Myriapoda,FBpp0077620,7227,CG14340
NOG268611,16,0.9789,7.467,4.09e-14,2.61e-10,Myriapoda,FBpp0111473,7227,CG34351
NOG18482,16,0.8429,7.448,4.75e-14,3.02e-10,Myriapoda,FBpp0085530,7227,CG15237
NOG258077,16,0.8269,7.435,5.24e-14,3.34e-10,Myriapoda,FBpp0075173,7227,CG13035
NOG269592,16,0.8849,7.433,5.3e-14,3.38e-10,Myriapoda,FBpp0292927,7227,CG42843
NOG258792,16,0.9894,7.425,5.64e-14,3.59e-10,Myriapoda,FBpp0074525,7227,dome
NOG11330,16,0.8603,7.422,5.75e-14,3.66e-10,Myriapoda,FBpp0071660,7227,Tango11
NOG08823,16,0.8251,7.374,8.26e-14,5.26e-10,Myriapoda,FBpp0077822,7227,Cda5
NOG28062,16,0.8591,7.364,8.92e-14,5.68e-10,Myriapoda,FBpp0301048,7227,CG42784
NOG33871,16,0.8571,7.356,9.5e-14,6.05e-10,Myriapoda,FBpp0087882,7227,CG30373
NOG242472,16,0.873,7.352,9.75e-14,6.21e-10,Myriapoda,FBpp0074387,7227,Rip11
NOG17388,16,0.8657,7.346,1.02e-13,6.48e-10,Myriapoda,FBpp0079940,7227,CG6583
NOG258808,16,0.9174,7.346,1.02e-13,6.52e-10,Myriapoda,FBpp0076317,7227,CG13310
NOG23868,16,0.8739,7.341,1.06e-13,6.77e-10,Myriapoda,FBpp0305279,7227,jeb
COG5479,16,0.8444,7.339,1.07e-13,6.84e-10,Myriapoda,FBpp0073358,7227,PGRP-SA
COG5479,16,0.8444,7.339,1.07e-13,6.84e-10,Myriapoda,FBpp0076164,7227,PGRP-LA
COG5479,16,0.8444,7.339,1.07e-13,6.84e-10,Myriapoda,FBpp0076167,7227,PGRP-LF
COG5479,16,0.8444,7.339,1.07e-13,6.84e-10,Myriapoda,FBpp0076519,7227,PGRP-SD
COG5479,16,0.8444,7.339,1.07e-13,6.84e-10,Myriapoda,FBpp0087788,7227,PGRP-SC2
COG5479,16,0.8444,7.339,1.07e-13,6.84e-10,Myriapoda,FBpp0088492,7227,PGRP-LC
COG5479,16,0.8444,7.339,1.07e-13,6.84e-10,Myriapoda,FBpp0300347,7227,PGRP-LE
NOG16383,16,0.9821,7.336,1.1e-13,7.02e-10,Myriapoda,FBpp0086722,7227,mam
NOG06642,16,0.8435,7.329,1.16e-13,7.36e-10,Myriapoda,FBpp0297880,7227,fusl
NOG270494,16,0.8712,7.325,1.2e-13,7.62e-10,Myriapoda,FBpp0111928,7227,CG15387
NOG270946,16,0.8643,7.322,1.22e-13,7.79e-10,Myriapoda,FBpp0296952,7227,key
NOG12588,16,0.8307,7.321,1.23e-13,7.85e-10,Myriapoda,FBpp0071457,7227,RIC-3
NOG239364,16,0.8725,7.319,1.25e-13,7.96e-10,Myriapoda,FBpp0084918,7227,Nlp
NOG239364,16,0.8725,7.319,1.25e-13,7.96e-10,Myriapoda,FBpp0084971,7227,CG7911
NOG231447,16,0.8594,7.286,1.6e-13,1.02e-9,Myriapoda,FBpp0074829,7227,Dysb
NOG32424,16,0.9139,7.283,1.64e-13,1.04e-9,Myriapoda,FBpp0071939,7227,CG30415
NOG13452,16,0.8364,7.257,1.98e-13,1.26e-9,Myriapoda,FBpp0086421,7227,CG30089
NOG258048,16,0.8514,7.25,2.08e-13,1.33e-9,Myriapoda,FBpp0301042,7227,CG3556
NOG19632,16,0.8192,7.246,2.15e-13,1.37e-9,Myriapoda,FBpp0086621,7227,L
NOG236656,16,0.8647,7.239,2.26e-13,1.44e-9,Myriapoda,FBpp0085706,7227,CG9975
NOG233796,16,0.8421,7.228,2.44e-13,1.56e-9,Myriapoda,FBpp0079703,7227,CG6495
NOG258306,16,0.8143,7.228,2.45e-13,1.56e-9,Myriapoda,FBpp0112048,7227,ens
NOG258903,16,0.7934,7.218,2.64e-13,1.68e-9,Myriapoda,FBpp0071270,7227,t
COG2089,16,0.7859,7.201,2.98e-13,1.9e-9,Myriapoda,FBpp0082060,7227,Sas
NOG23756,16,0.8565,7.194,3.15e-13,2e-9,Myriapoda,FBpp0304777,7227,Pif1A
NOG05611,16,0.7944,7.191,3.22e-13,2.05e-9,Myriapoda,FBpp0088574,7227,mael
NOG04910,16,0.86240000000000006,7.19,3.25e-13,2.07e-9,Myriapoda,FBpp0076199,7227,pall
NOG04910,16,0.86240000000000006,7.19,3.25e-13,2.07e-9,Myriapoda,FBpp0087509,7227,dmpd
NOG17668,16,0.8435,7.17,3.75e-13,2.39e-9,Myriapoda,FBpp0306210,7227,CG7841
NOG07219,16,0.8332,7.153,4.26e-13,2.71e-9,Myriapoda,FBpp0082068,7227,Scgbeta
NOG09748,16,0.8552,7.146,4.47e-13,2.85e-9,Myriapoda,FBpp0291785,7227,CG42663
NOG08383,16,0.864,7.136,4.8e-13,3.06e-9,Myriapoda,FBpp0071470,7227,CG10527
NOG08383,16,0.864,7.136,4.8e-13,3.06e-9,Myriapoda,FBpp0073631,7227,CG32633
NOG08383,16,0.864,7.136,4.8e-13,3.06e-9,Myriapoda,FBpp0086913,7227,CG3884
NOG04628,16,0.8591,7.131,4.99e-13,3.18e-9,Myriapoda,FBpp0086053,7227,CG10936
NOG24241,16,0.8319,7.126,5.15e-13,3.28e-9,Myriapoda,FBpp0070656,7227,CG3009
NOG04023,16,0.8321,7.119,5.42e-13,3.45e-9,Myriapoda,FBpp0086017,7227,HPS4
NOG01923,16,0.8247,7.111,5.76e-13,3.67e-9,Myriapoda,FBpp0305228,7227,ush
NOG25459,16,0.8365,7.089,6.75e-13,4.3e-9,Myriapoda,FBpp0290311,7227,l(3)neo43
NOG29780,16,0.8078,7.06,8.32e-13,5.3e-9,Myriapoda,FBpp0086494,7227,igl
NOG271160,16,0.7223,7.038,9.72e-13,6.19e-9,Myriapoda,FBpp0110114,7227,CG34117
NOG25699,16,0.8039,7.029,1.04e-12,6.6e-9,Myriapoda,FBpp0072445,7227,CG1231
NOG25699,16,0.8039,7.029,1.04e-12,6.6e-9,Myriapoda,FBpp0079692,7227,CG17098
NOG32489,16,0.7447,7.023,1.08e-12,6.9e-9,Myriapoda,FBpp0111336,7227,CG34228
NOG13589,16,0.8664,7.007,1.22e-12,7.78e-9,Myriapoda,FBpp0080038,7227,CG6108
NOG13589,16,0.8664,7.007,1.22e-12,7.78e-9,Myriapoda,FBpp0293605,7227,CG6043
NOG01667,16,0.817,7.005,1.23e-12,7.86e-9,Myriapoda,FBpp0074239,7227,CG6506
NOG21468,16,0.8252,6.989,1.39e-12,8.82e-9,Myriapoda,FBpp0288747,7227,CG42240
NOG271740,16,0.7944,6.987,1.41e-12,8.97e-9,Myriapoda,FBpp0083577,7227,CG13408
KOG1928,16,0.7583,6.984,1.43e-12,9.1e-9,Myriapoda,FBpp0077354,7227,alpha4GT1
KOG1928,16,0.7583,6.984,1.43e-12,9.1e-9,Myriapoda,FBpp0289406,7227,alpha4GT2
NOG16402,16,0.877,6.983,1.44e-12,9.2e-9,Myriapoda,FBpp0087752,7227,CG8216
NOG18237,16,0.7305,6.968,1.6e-12,1.02e-8,Myriapoda,FBpp0070273,7227,CG3740
NOG18237,16,0.7305,6.968,1.6e-12,1.02e-8,Myriapoda,FBpp0081319,7227,CG11671
NOG29409,16,0.8032,6.937,2.01e-12,1.28e-8,Myriapoda,FBpp0112289,7227,CG30424
NOG29409,16,0.8032,6.937,2.01e-12,1.28e-8,Myriapoda,FBpp0300973,7227,CG12970
COG3340,16,0.7366,6.929,2.12e-12,1.35e-8,Myriapoda,FBpp0073552,7227,CG2200
NOG24091,16,0.7622,6.899,2.61e-12,1.66e-8,Myriapoda,FBpp0303874,7227,ckd
NOG39921,16,0.8013,6.858,3.49e-12,2.22e-8,Myriapoda,FBpp0071267,7227,mxc
NOG17496,16,0.8418,6.851,3.67e-12,2.34e-8,Myriapoda,FBpp0085072,7227,Cpr100A
KOG2692,16,0.7439,6.835,4.09e-12,2.61e-8,Myriapoda,FBpp0072346,7227,ST6Gal
NOG17870,16,0.7865,6.814,4.74e-12,3.02e-8,Myriapoda,FBpp0079058,7227,CG31908
NOG258962,16,0.7371,6.793,5.51e-12,3.51e-8,Myriapoda,FBpp0080068,7227,CG31849
NOG38310,16,0.7637,6.761,6.85e-12,4.36e-8,Myriapoda,FBpp0110310,7227,mRpL34
NOG07177,16,0.7214,6.74,7.9e-12,5.03e-8,Myriapoda,FBpp0291012,7227,CG41284
NOG07177,16,0.7214,6.74,7.9e-12,5.03e-8,Myriapoda,FBpp0291014,7227,CG42598
NOG09214,16,0.7387,6.738,8.02e-12,5.11e-8,Myriapoda,FBpp0303049,7227,CG43729
NOG258436,16,0.7558,6.729,8.56e-12,5.45e-8,Myriapoda,FBpp0087569,7227,Lsm11
NOG253419,16,0.7269,6.612,1.9e-11,1.21e-7,Myriapoda,FBpp0082427,7227,Hexim
NOG09095,16,0.6882,6.596,2.12e-11,1.35e-7,Myriapoda,FBpp0288490,7227,CG31028
NOG20157,16,0.7298,6.593,2.15e-11,1.37e-7,Myriapoda,FBpp0087316,7227,CG12935
NOG22819,16,0.7356,6.562,2.65e-11,1.69e-7,Myriapoda,FBpp0074210,7227,CG8568
NOG21847,16,0.7733,6.528,3.32e-11,2.12e-7,Myriapoda,FBpp0074740,7227,CG9231
NOG13490,16,0.6839,6.422,6.74e-11,4.3e-7,Myriapoda,FBpp0302008,7227,CG3831
NOG05602,16,0.6718,6.388,8.39e-11,5.35e-7,Myriapoda,FBpp0073381,7227,CG2247
NOG31963,16,0.6791,6.378,8.94e-11,5.7e-7,Myriapoda,FBpp0082380,7227,CG12207
KOG2886,16,0.684,6.35,1.08e-10,6.85e-7,Myriapoda,FBpp0076954,7227,CG32512
NOG243358,16,0.7151,6.326,1.26e-10,8.02e-7,Myriapoda,FBpp0303354,7227,CG43740
NOG01094,16,0.6731,6.302,1.47e-10,9.36e-7,Myriapoda,FBpp0070297,7227,CG14803
COG1083,16,0.6311,6.272,1.78e-10,1.13e-6,Myriapoda,FBpp0074680,7227,Csas
NOG10054,16,0.6894,6.266,1.85e-10,1.18e-6,Myriapoda,FBpp0271946,7227,CG9760
NOG258058,16,0.6978,6.233,2.29e-10,1.46e-6,Myriapoda,FBpp0110444,7227,CG40439
NOG16278,16,0.6472,6.216,2.55e-10,1.62e-6,Myriapoda,FBpp0289884,7227,CG42516
KOG4366,16,0.6211,6.214,2.58e-10,1.64e-6,Myriapoda,FBpp0070851,7227,CG4660
KOG4366,16,0.6211,6.214,2.58e-10,1.64e-6,Myriapoda,FBpp0070852,7227,CG4666
COG4339,16,0.6378,6.202,2.78e-10,1.77e-6,Myriapoda,FBpp0289237,7227,CG42361
NOG01154,16,0.6238,6.175,3.31e-10,2.11e-6,Myriapoda,FBpp0070044,7227,CG33217
NOG01154,16,0.6238,6.175,3.31e-10,2.11e-6,Myriapoda,FBpp0085304,7227,CG11629
NOG12997,16,0.5741,6.067,6.5e-10,4.14e-6,Myriapoda,FBpp0077849,7227,zye
NOG14650,16,0.6999,6.066,6.55e-10,4.17e-6,Myriapoda,FBpp0072104,7227,CG3907
KOG4618,16,0.5789,5.98,1.12e-9,7.12e-6,Myriapoda,FBpp0077904,7227,CG4186
NOG20307,16,0.6089,5.795,3.42e-9,2.18e-5,Myriapoda,FBpp0300430,7227,CG1674
KOG4525,16,0.6066,5.78,3.73e-9,2.37e-5,Myriapoda,FBpp0300987,7227,CG6294
NOG15673,16,0.6618,5.657,7.69e-9,4.9e-5,Myriapoda,FBpp0291183,7227,mthl15
COG2273,16,0.5698,5.579,1.21e-8,7.71e-5,Myriapoda,FBpp0076237,7227,GNBP3
COG2273,16,0.5698,5.579,1.21e-8,7.71e-5,Myriapoda,FBpp0085532,7227,GNBP-like3
COG2273,16,0.5698,5.579,1.21e-8,7.71e-5,Myriapoda,FBpp0085578,7227,CG30148
COG2273,16,0.5698,5.579,1.21e-8,7.71e-5,Myriapoda,FBpp0087815,7227,CG12780
NOG02128,16,0.5494,5.574,1.24e-8,7.91e-5,Myriapoda,FBpp0073452,7227,Amun
COG3579,16,0.5887,5.513,1.76e-8,1.12e-4,Myriapoda,FBpp0085535,7227,CG13423
COG3579,16,0.5887,5.513,1.76e-8,1.12e-4,Myriapoda,FBpp0111875,7227,CG1440
NOG269880,16,0.4471,5.088,1.81e-7,0.00115,Myriapoda,FBpp0086343,7227,CG8366
NOG29627,16,0.545,4.898,4.84e-7,0.00308,Myriapoda,FBpp0076839,7227,Msr-110
NOG20746,16,0.4603,4.873,5.5e-7,0.0035,Myriapoda,FBpp0080692,7227,CG10492
COG0242,16,0.405,4.243,1.1e-5,0.0702,Myriapoda,FBpp0081794,7227,CG31373
COG0242,16,0.405,4.243,1.1e-5,0.0702,Myriapoda,FBpp0081795,7227,CG31278
NOG08499,17,0.9779,8.081,3.22e-16,2.05e-12,Nematoda,FBpp0080105,7227,CG18507
NOG245412,17,0.9891,8.041,4.45e-16,2.83e-12,Nematoda,FBpp0297308,7227,Gfrl
NOG16598,17,0.9669,7.978,7.44e-16,4.74e-12,Nematoda,FBpp0075140,7227,Cpr72Ea
NOG16598,17,0.9669,7.978,7.44e-16,4.74e-12,Nematoda,FBpp0075141,7227,Cpr72Eb
NOG16598,17,0.9669,7.978,7.44e-16,4.74e-12,Nematoda,FBpp0075182,7227,Cpr72Ec
NOG16598,17,0.9669,7.978,7.44e-16,4.74e-12,Nematoda,FBpp0076183,7227,Cpr67B
NOG16598,17,0.9669,7.978,7.44e-16,4.74e-12,Nematoda,FBpp0271953,7227,CG16800
NOG238348,17,0.972,7.886,1.56e-15,9.91e-12,Nematoda,FBpp0082708,7227,CG8927
NOG238348,17,0.972,7.886,1.56e-15,9.91e-12,Nematoda,FBpp0084505,7227,Cpr97Eb
NOG238348,17,0.972,7.886,1.56e-15,9.91e-12,Nematoda,FBpp0084506,7227,Cpr97Ea
NOG02434,17,0.9882,7.882,1.61e-15,1.03e-11,Nematoda,FBpp0297227,7227,CG12814
NOG245063,17,0.9686,7.861,1.91e-15,1.22e-11,Nematoda,FBpp0078789,7227,rau
NOG03025,17,0.9577,7.781,3.59e-15,2.29e-11,Nematoda,FBpp0081709,7227,sle
NOG03025,17,0.9577,7.781,3.59e-15,2.29e-11,Nematoda,FBpp0081711,7227,CG12592
NOG03025,17,0.9577,7.781,3.59e-15,2.29e-11,Nematoda,FBpp0084851,7227,neo
NOG03025,17,0.9577,7.781,3.59e-15,2.29e-11,Nematoda,FBpp0085151,7227,mey
NOG03025,17,0.9577,7.781,3.59e-15,2.29e-11,Nematoda,FBpp0085570,7227,qsm
NOG03025,17,0.9577,7.781,3.59e-15,2.29e-11,Nematoda,FBpp0088407,7227,nompA
NOG03025,17,0.9577,7.781,3.59e-15,2.29e-11,Nematoda,FBpp0099481,7227,tyn
NOG03025,17,0.9577,7.781,3.59e-15,2.29e-11,Nematoda,FBpp0290097,7227,nyo
NOG03025,17,0.9577,7.781,3.59e-15,2.29e-11,Nematoda,FBpp0292542,7227,CG17111
NOG12380,17,0.9465,7.768,3.99e-15,2.54e-11,Nematoda,FBpp0071149,7227,Cp7Fc
NOG12380,17,0.9465,7.768,3.99e-15,2.54e-11,Nematoda,FBpp0292049,7227,CG42700
NOG236646,17,0.9759,7.721,5.77e-15,3.67e-11,Nematoda,FBpp0075894,7227,CG7607
NOG236646,17,0.9759,7.721,5.77e-15,3.67e-11,Nematoda,FBpp0075895,7227,CG14141
NOG03215,17,0.9865,7.704,6.57e-15,4.18e-11,Nematoda,FBpp0290163,7227,mxt
KOG4326,17,0.9369,7.669,8.67e-15,5.52e-11,Nematoda,FBpp0292847,7227,ATPsynE
KOG4110,17,0.9324,7.525,2.64e-14,1.68e-10,Nematoda,FBpp0297500,7227,ND-15
KOG4565,17,0.8672,7.454,4.51e-14,2.87e-10,Nematoda,FBpp0111787,7227,Eip93F
NOG29861,17,0.9068,7.44,5.04e-14,3.21e-10,Nematoda,FBpp0076614,7227,CG14823
NOG29861,17,0.9068,7.44,5.04e-14,3.21e-10,Nematoda,FBpp0086191,7227,CG6426
NOG29861,17,0.9068,7.44,5.04e-14,3.21e-10,Nematoda,FBpp0086192,7227,CG6421
NOG29861,17,0.9068,7.44,5.04e-14,3.21e-10,Nematoda,FBpp0086193,7227,CG6429
NOG29861,17,0.9068,7.44,5.04e-14,3.21e-10,Nematoda,FBpp0086194,7227,CG6435
NOG270380,17,0.9031,7.435,5.21e-14,3.32e-10,Nematoda,FBpp0271715,7227,Sdc
KOG4482,17,0.8886,7.434,5.26e-14,3.35e-10,Nematoda,FBpp0079217,7227,Scgalpha
NOG07553,17,0.9355,7.428,5.53e-14,3.52e-10,Nematoda,FBpp0073197,7227,dyl
NOG18039,17,0.9011,7.351,9.87e-14,6.28e-10,Nematoda,FBpp0077870,7227,knrl
NOG18039,17,0.9011,7.351,9.87e-14,6.28e-10,Nematoda,FBpp0078091,7227,eg
NOG03744,17,0.9143,7.301,1.43e-13,9.1e-10,Nematoda,FBpp0291604,7227,CG31191
NOG12492,17,0.9266,7.295,1.49e-13,9.5e-10,Nematoda,FBpp0083494,7227,CG16791
NOG02321,17,0.8521,7.271,1.79e-13,1.14e-9,Nematoda,FBpp0075445,7227,CG17839
KOG3897,17,0.8763,7.171,3.72e-13,2.37e-9,Nematoda,FBpp0077980,7227,ko
NOG270846,17,0.8239,7.112,5.71e-13,3.64e-9,Nematoda,FBpp0099679,7227,mRpL53
NOG23958,17,0.8212,6.871,3.18e-12,2.03e-8,Nematoda,FBpp0074411,7227,Pvf1
KOG1100,17,0.6702,6.156,3.73e-10,2.37e-6,Nematoda,FBpp0294023,7227,unk
NOG04197,17,0.6301,6.135,4.25e-10,2.71e-6,Nematoda,FBpp0072515,7227,CG12038
KOG4766,17,0.5984,5.879,2.07e-9,1.32e-5,Nematoda,FBpp0070154,7227,CG13364
KOG4766,17,0.5984,5.879,2.07e-9,1.32e-5,Nematoda,FBpp0112248,7227,CG16824
COG1877,17,0.6171,5.821,2.93e-9,1.86e-5,Nematoda,FBpp0077121,7227,Tps1
COG1877,17,0.6171,5.821,2.93e-9,1.86e-5,Nematoda,FBpp0291743,7227,CG5171
COG1877,17,0.6171,5.821,2.93e-9,1.86e-5,Nematoda,FBpp0304792,7227,CG5177
NOG237266,18,0.9783,8.012,5.65e-16,3.6e-12,Lophotrochozoa,FBpp0087145,7227,exp
NOG237266,18,0.9783,8.012,5.65e-16,3.6e-12,Lophotrochozoa,FBpp0087160,7227,CG13183
NOG256690,18,0.8851,7.988,6.85e-16,4.36e-12,Lophotrochozoa,FBpp0070245,7227,pck
NOG256690,18,0.8851,7.988,6.85e-16,4.36e-12,Lophotrochozoa,FBpp0085373,7227,kune
NOG256690,18,0.8851,7.988,6.85e-16,4.36e-12,Lophotrochozoa,FBpp0289347,7227,sinu
NOG21649,18,0.9545,7.858,1.96e-15,1.25e-11,Lophotrochozoa,FBpp0304694,7227,CG13220
NOG231170,18,0.9153,7.784,3.52e-15,2.24e-11,Lophotrochozoa,FBpp0072765,7227,MsR1
NOG231170,18,0.9153,7.784,3.52e-15,2.24e-11,Lophotrochozoa,FBpp0303391,7227,MsR2
NOG231170,18,0.9153,7.784,3.52e-15,2.24e-11,Lophotrochozoa,FBpp0303452,7227,CG13229
KOG4731,18,0.8899,7.702,6.71e-15,4.28e-11,Lophotrochozoa,FBpp0081672,7227,knk
KOG4731,18,0.8899,7.702,6.71e-15,4.28e-11,Lophotrochozoa,FBpp0296946,7227,Skeletor
KOG4731,18,0.8899,7.702,6.71e-15,4.28e-11,Lophotrochozoa,FBpp0297661,7227,CG34355
NOG08284,18,0.8898,7.649,1.01e-14,6.44e-11,Lophotrochozoa,FBpp0070744,7227,SPR
NOG35763,18,0.86240000000000006,7.628,1.19e-14,7.59e-11,Lophotrochozoa,FBpp0087956,7227,CG14764
NOG236630,18,0.9115,7.603,1.45e-14,9.23e-11,Lophotrochozoa,FBpp0084361,7227,CG31323
NOG258759,18,0.9598,7.573,1.83e-14,1.16e-10,Lophotrochozoa,FBpp0070423,7227,egh
NOG01835,18,0.9938,7.535,2.44e-14,1.55e-10,Lophotrochozoa,FBpp0072808,7227,MEP-1
NOG00512,18,0.8576,7.524,2.65e-14,1.69e-10,Lophotrochozoa,FBpp0086020,7227,CG10933
NOG16973,18,0.9207,7.49,3.44e-14,2.19e-10,Lophotrochozoa,FBpp0082806,7227,Scp2
NOG258956,18,0.8546,7.472,3.96e-14,2.52e-10,Lophotrochozoa,FBpp0300642,7227,CG32809
NOG04988,18,0.9097,7.423,5.71e-14,3.64e-10,Lophotrochozoa,FBpp0083176,7227,CG31221
KOG4735,18,0.8064,7.409,6.37e-14,4.05e-10,Lophotrochozoa,FBpp0070241,7227,CG11384
KOG4735,18,0.8064,7.409,6.37e-14,4.05e-10,Lophotrochozoa,FBpp0073581,7227,CG12715
KOG4735,18,0.8064,7.409,6.37e-14,4.05e-10,Lophotrochozoa,FBpp0112239,7227,CG3655
KOG4735,18,0.8064,7.409,6.37e-14,4.05e-10,Lophotrochozoa,FBpp0291253,7227,CG9395
KOG4735,18,0.8064,7.409,6.37e-14,4.05e-10,Lophotrochozoa,FBpp0301827,7227,CG12910
NOG18702,18,0.8727,7.345,1.03e-13,6.58e-10,Lophotrochozoa,FBpp0079924,7227,crok
NOG05012,18,0.7808,7.277,1.71e-13,1.09e-9,Lophotrochozoa,FBpp0297894,7227,CG3921
NOG07614,18,0.8423,7.242,2.21e-13,1.41e-9,Lophotrochozoa,FBpp0303300,7227,CG43736
NOG254207,18,0.8428,7.241,2.23e-13,1.42e-9,Lophotrochozoa,FBpp0112315,7227,CG31342
NOG245362,18,0.8266,7.223,2.54e-13,1.62e-9,Lophotrochozoa,FBpp0070964,7227,bou
NOG231004,18,0.8713,7.182,3.44e-13,2.19e-9,Lophotrochozoa,FBpp0070966,7227,Inx2
NOG231004,18,0.8713,7.182,3.44e-13,2.19e-9,Lophotrochozoa,FBpp0070994,7227,Inx7
NOG231004,18,0.8713,7.182,3.44e-13,2.19e-9,Lophotrochozoa,FBpp0074467,7227,Inx5
NOG231004,18,0.8713,7.182,3.44e-13,2.19e-9,Lophotrochozoa,FBpp0077031,7227,Inx6
NOG231004,18,0.8713,7.182,3.44e-13,2.19e-9,Lophotrochozoa,FBpp0111481,7227,shakB
NOG231004,18,0.8713,7.182,3.44e-13,2.19e-9,Lophotrochozoa,FBpp0301607,7227,ogre
NOG231004,18,0.8713,7.182,3.44e-13,2.19e-9,Lophotrochozoa,FBpp0303218,7227,zpg
NOG231004,18,0.8713,7.182,3.44e-13,2.19e-9,Lophotrochozoa,FBpp0303338,7227,Inx3
KOG2995,18,0.8302,7.181,3.46e-13,2.2e-9,Lophotrochozoa,FBpp0086007,7227,POSH
NOG245328,18,0.7684,7.15,4.33e-13,2.76e-9,Lophotrochozoa,FBpp0080623,7227,MESR3
NOG231717,18,0.7864,7.039,9.68e-13,6.16e-9,Lophotrochozoa,FBpp0070182,7227,CG3706
NOG258531,18,0.8851,6.971,1.58e-12,1.01e-8,Lophotrochozoa,FBpp0083855,7227,CG10217
NOG09523,18,0.7931,6.882,2.94e-12,1.87e-8,Lophotrochozoa,FBpp0291718,7227,CG11498
NOG14733,18,0.6983,6.736,8.17e-12,5.2e-8,Lophotrochozoa,FBpp0075775,7227,CG7248
NOG14733,18,0.6983,6.736,8.17e-12,5.2e-8,Lophotrochozoa,FBpp0305790,7227,CG4835
NOG07354,18,0.7511,6.717,9.3e-12,5.92e-8,Lophotrochozoa,FBpp0088712,7227,tinc
NOG36728,18,0.6873,6.365,9.77e-11,6.22e-7,Lophotrochozoa,FBpp0081757,7227,CG14687
COG1808,18,0.6714,6.246,2.1e-10,1.34e-6,Lophotrochozoa,FBpp0077035,7227,CG12446
COG1808,18,0.6714,6.246,2.1e-10,1.34e-6,Lophotrochozoa,FBpp0289652,7227,CG34109
NOG254106,18,0.6335,6.228,2.37e-10,1.51e-6,Lophotrochozoa,FBpp0289271,7227,CG42382
NOG08405,18,0.672,6.163,3.56e-10,2.27e-6,Lophotrochozoa,FBpp0112273,7227,CG30118
COG0427,18,0.5908,6.056,6.97e-10,4.44e-6,Lophotrochozoa,FBpp0084968,7227,CG7920
COG0775,18,0.6496,6.017,8.91e-10,5.67e-6,Lophotrochozoa,FBpp0071160,7227,CG12065
KOG4636,18,0.6044,5.977,1.14e-9,7.26e-6,Lophotrochozoa,FBpp0079481,7227,CG4658
NOG232400,18,0.6136,5.672,7.06e-9,4.5e-5,Lophotrochozoa,FBpp0112499,7227,Gpb5
COG0434,18,0.5321,5.615,9.84e-9,6.27e-5,Lophotrochozoa,FBpp0076548,7227,CG8607
COG4638,18,0.3116,3.646,1.33e-4,0.849,Lophotrochozoa,FBpp0112384,7227,nvd
KOG3633,19,0.9756,8.079,3.26e-16,2.07e-12,Deuterostomia,FBpp0075353,7227,CG7945
KOG4671,19,0.9815,8.053,4.03e-16,2.57e-12,Deuterostomia,FBpp0112179,7227,CG6982
KOG4516,19,0.9566,7.998,6.32e-16,4.02e-12,Deuterostomia,FBpp0302939,7227,ND-B14.5B
NOG03953,19,0.904,7.986,6.94e-16,4.42e-12,Deuterostomia,FBpp0085698,7227,wbl
KOG4807,19,0.9815,7.944,9.8e-16,6.24e-12,Deuterostomia,FBpp0290711,7227,osp
NOG10555,19,0.9408,7.934,1.06e-15,6.75e-12,Deuterostomia,FBpp0078595,7227,CG9776
KOG4848,19,0.9735,7.905,1.34e-15,8.52e-12,Deuterostomia,FBpp0078032,7227,CG7172
NOG236107,19,0.9047,7.876,1.69e-15,1.08e-11,Deuterostomia,FBpp0080215,7227,noc
NOG236107,19,0.9047,7.876,1.69e-15,1.08e-11,Deuterostomia,FBpp0089383,7227,elB
NOG27403,19,0.9116,7.857,1.97e-15,1.25e-11,Deuterostomia,FBpp0085448,7227,CG15908
KOG3921,19,0.8862,7.851,2.07e-15,1.32e-11,Deuterostomia,FBpp0080238,7227,mol
NOG03187,19,0.9862,7.841,2.24e-15,1.42e-11,Deuterostomia,FBpp0289845,7227,dys
KOG4805,19,0.9453,7.84,2.25e-15,1.43e-11,Deuterostomia,FBpp0074619,7227,CG17233
KOG3755,19,0.9964,7.835,2.34e-15,1.49e-11,Deuterostomia,FBpp0071689,7227,dve
KOG4808,19,0.9653,7.828,2.48e-15,1.58e-11,Deuterostomia,FBpp0083126,7227,NP15.6
NOG02107,19,0.8675,7.815,2.75e-15,1.75e-11,Deuterostomia,FBpp0304150,7227,sog
NOG27689,19,0.9338,7.814,2.77e-15,1.77e-11,Deuterostomia,FBpp0289888,7227,MED9
KOG3553,19,0.9924,7.805,2.97e-15,1.89e-11,Deuterostomia,FBpp0072458,7227,CG3402
NOG31826,19,0.9082,7.802,3.04e-15,1.94e-11,Deuterostomia,FBpp0300893,7227,CG2765
KOG4481,19,0.9482,7.802,3.05e-15,1.94e-11,Deuterostomia,FBpp0081683,7227,CG11722
KOG4448,19,0.9968,7.752,4.51e-15,2.87e-11,Deuterostomia,FBpp0081553,7227,CG8312
NOG01519,19,0.9485,7.742,4.89e-15,3.11e-11,Deuterostomia,FBpp0080884,7227,spir
NOG10261,19,0.8944,7.728,5.45e-15,3.47e-11,Deuterostomia,FBpp0087170,7227,Sobp
NOG22788,19,0.8622,7.723,5.7e-15,3.63e-11,Deuterostomia,FBpp0304307,7227,CG30263
NOG231436,19,0.885,7.704,6.57e-15,4.19e-11,Deuterostomia,FBpp0075500,7227,CG32137
NOG258121,19,0.9338,7.704,6.61e-15,4.21e-11,Deuterostomia,FBpp0080560,7227,dl
NOG258121,19,0.9338,7.704,6.61e-15,4.21e-11,Deuterostomia,FBpp0290792,7227,Dif
NOG245029,19,0.8682,7.695,7.07e-15,4.5e-11,Deuterostomia,FBpp0077925,7227,fng
KOG3545,19,0.9997,7.691,7.32e-15,4.66e-11,Deuterostomia,FBpp0088539,7227,CG6867
NOG257871,19,0.8853,7.682,7.81e-15,4.97e-11,Deuterostomia,FBpp0075661,7227,Sap130
KOG4578,19,0.8618,7.681,7.92e-15,5.05e-11,Deuterostomia,FBpp0087487,7227,magu
KOG4797,19,0.9912,7.68,7.96e-15,5.07e-11,Deuterostomia,FBpp0288933,7227,bun
KOG4806,19,0.8944,7.678,8.06e-15,5.13e-11,Deuterostomia,FBpp0072170,7227,nord
NOG03458,19,0.8479,7.675,8.27e-15,5.27e-11,Deuterostomia,FBpp0086855,7227,fsd
NOG254196,19,0.9473,7.667,8.84e-15,5.63e-11,Deuterostomia,FBpp0292476,7227,CG1677
NOG254196,19,0.9473,7.667,8.84e-15,5.63e-11,Deuterostomia,FBpp0300162,7227,CG31601
NOG03231,19,0.8408,7.656,9.6e-15,6.12e-11,Deuterostomia,FBpp0289056,7227,CG42324
NOG234879,19,0.921,7.63,1.17e-14,7.45e-11,Deuterostomia,FBpp0074579,7227,CG18809
KOG4337,19,0.9882,7.628,1.2e-14,7.62e-11,Deuterostomia,FBpp0080968,7227,Mtp
NOG42109,19,0.89,7.618,1.29e-14,8.23e-11,Deuterostomia,FBpp0297878,7227,cype
KOG4788,19,0.9791,7.61,1.37e-14,8.71e-11,Deuterostomia,FBpp0070746,7227,CG12730
KOG4788,19,0.9791,7.61,1.37e-14,8.71e-11,Deuterostomia,FBpp0073232,7227,CG15211
KOG4788,19,0.9791,7.61,1.37e-14,8.71e-11,Deuterostomia,FBpp0073388,7227,CG1572
NOG02485,19,0.9363,7.607,1.4e-14,8.91e-11,Deuterostomia,FBpp0070770,7227,cv
NOG02485,19,0.9363,7.607,1.4e-14,8.91e-11,Deuterostomia,FBpp0073426,7227,tsg
NOG02485,19,0.9363,7.607,1.4e-14,8.91e-11,Deuterostomia,FBpp0289806,7227,srw
NOG14961,19,0.8685,7.599,1.49e-14,9.5e-11,Deuterostomia,FBpp0086569,7227,ave
KOG1544,19,0.8612,7.594,1.56e-14,9.91e-11,Deuterostomia,FBpp0071697,7227,Swim
KOG4681,19,0.9138,7.589,1.62e-14,1.03e-10,Deuterostomia,FBpp0077677,7227,CG3662
NOG10711,19,0.9147,7.578,1.76e-14,1.12e-10,Deuterostomia,FBpp0075899,7227,scyl
NOG10711,19,0.9147,7.578,1.76e-14,1.12e-10,Deuterostomia,FBpp0304225,7227,chrb
NOG03981,19,0.9041,7.571,1.85e-14,1.18e-10,Deuterostomia,FBpp0075138,7227,mRpS34
KOG3956,19,0.93,7.57,1.87e-14,1.19e-10,Deuterostomia,FBpp0081618,7227,CG8507
NOG07524,19,0.9373,7.569,1.89e-14,1.2e-10,Deuterostomia,FBpp0072457,7227,MED30
NOG235288,19,0.8853,7.565,1.94e-14,1.24e-10,Deuterostomia,FBpp0100030,7227,lig
NOG05284,19,0.931,7.551,2.16e-14,1.37e-10,Deuterostomia,FBpp0070383,7227,CG2854
NOG05284,19,0.931,7.551,2.16e-14,1.37e-10,Deuterostomia,FBpp0076773,7227,CG13295
KOG4852,19,0.8198,7.549,2.19e-14,1.39e-10,Deuterostomia,FBpp0080849,7227,CG10528
KOG3753,19,0.8929,7.548,2.21e-14,1.41e-10,Deuterostomia,FBpp0070455,7227,per
KOG4691,19,0.9126,7.547,2.23e-14,1.42e-10,Deuterostomia,FBpp0074887,7227,mRpS26
NOG242016,19,0.9193,7.523,2.67e-14,1.7e-10,Deuterostomia,FBpp0083897,7227,CG13603
KOG4710,19,0.9424,7.514,2.86e-14,1.82e-10,Deuterostomia,FBpp0087216,7227,Vhl
KOG1345,19,0.861,7.473,3.93e-14,2.51e-10,Deuterostomia,FBpp0078933,7227,CG11221
KOG1345,19,0.861,7.473,3.93e-14,2.51e-10,Deuterostomia,FBpp0086246,7227,CG4945
NOG05607,19,0.9064,7.466,4.15e-14,2.64e-10,Deuterostomia,FBpp0076940,7227,stg1
NOG05607,19,0.9064,7.466,4.15e-14,2.64e-10,Deuterostomia,FBpp0100069,7227,CG11566
NOG02732,19,0.8744,7.455,4.51e-14,2.87e-10,Deuterostomia,FBpp0293947,7227,CG15896
NOG233829,19,0.8163,7.451,4.62e-14,2.94e-10,Deuterostomia,FBpp0086852,7227,CG17059
NOG257329,19,0.8756,7.438,5.09e-14,3.24e-10,Deuterostomia,FBpp0077259,7227,msl-2
KOG4172,19,0.8812,7.436,5.18e-14,3.3e-10,Deuterostomia,FBpp0081481,7227,neur
KOG4395,19,0.9788,7.425,5.66e-14,3.6e-10,Deuterostomia,FBpp0080631,7227,amos
KOG4395,19,0.9788,7.425,5.66e-14,3.6e-10,Deuterostomia,FBpp0081318,7227,ato
KOG4395,19,0.9788,7.425,5.66e-14,3.6e-10,Deuterostomia,FBpp0084381,7227,tx
KOG4395,19,0.9788,7.425,5.66e-14,3.6e-10,Deuterostomia,FBpp0086327,7227,cato
KOG4247,19,0.857,7.414,6.15e-14,3.91e-10,Deuterostomia,FBpp0088773,7227,CG33649
KOG4247,19,0.857,7.414,6.15e-14,3.91e-10,Deuterostomia,FBpp0099758,7227,PolG
NOG10859,19,0.8451,7.406,6.52e-14,4.15e-10,Deuterostomia,FBpp0074682,7227,CG14182
NOG235452,19,0.9082,7.385,7.6e-14,4.84e-10,Deuterostomia,FBpp0086898,7227,vg
KOG3858,19,0.8723,7.379,7.99e-14,5.09e-10,Deuterostomia,FBpp0088146,7227,Ephrin
NOG09478,19,0.9144,7.368,8.69e-14,5.53e-10,Deuterostomia,FBpp0088165,7227,gw
KOG2579,19,0.8799,7.366,8.77e-14,5.59e-10,Deuterostomia,FBpp0071343,7227,CG1889
KOG2579,19,0.8799,7.366,8.77e-14,5.59e-10,Deuterostomia,FBpp0071364,7227,CG1791
KOG2579,19,0.8799,7.366,8.77e-14,5.59e-10,Deuterostomia,FBpp0071674,7227,CG30281
KOG2579,19,0.8799,7.366,8.77e-14,5.59e-10,Deuterostomia,FBpp0074269,7227,CG6788
KOG2579,19,0.8799,7.366,8.77e-14,5.59e-10,Deuterostomia,FBpp0078910,7227,CG9500
KOG2579,19,0.8799,7.366,8.77e-14,5.59e-10,Deuterostomia,FBpp0080285,7227,CG31832
KOG2579,19,0.8799,7.366,8.77e-14,5.59e-10,Deuterostomia,FBpp0086969,7227,sca
KOG2579,19,0.8799,7.366,8.77e-14,5.59e-10,Deuterostomia,FBpp0112834,7227,CG41520
KOG2579,19,0.8799,7.366,8.77e-14,5.59e-10,Deuterostomia,FBpp0271712,7227,CG10359
KOG2579,19,0.8799,7.366,8.77e-14,5.59e-10,Deuterostomia,FBpp0290150,7227,CG30280
KOG2579,19,0.8799,7.366,8.77e-14,5.59e-10,Deuterostomia,FBpp0298032,7227,CG9593
KOG2579,19,0.8799,7.366,8.77e-14,5.59e-10,Deuterostomia,FBpp0300934,7227,CG5550
KOG2579,19,0.8799,7.366,8.77e-14,5.59e-10,Deuterostomia,FBpp0302640,7227,CG8642
KOG2579,19,0.8799,7.366,8.77e-14,5.59e-10,Deuterostomia,FBpp0304966,7227,CG7668
KOG4517,19,0.8679,7.358,9.33e-14,5.94e-10,Deuterostomia,FBpp0072938,7227,CG12012
NOG07170,19,0.9101,7.357,9.44e-14,6.01e-10,Deuterostomia,FBpp0081954,7227,CG31211
NOG240234,19,0.832,7.354,9.65e-14,6.15e-10,Deuterostomia,FBpp0303253,7227,CG9586
NOG09678,19,0.8435,7.35,9.95e-14,6.33e-10,Deuterostomia,FBpp0305215,7227,Myd88
NOG09377,19,0.8941,7.346,1.02e-13,6.48e-10,Deuterostomia,FBpp0077456,7227,oaf
NOG02252,19,0.8208,7.342,1.05e-13,6.7e-10,Deuterostomia,FBpp0072302,7227,CG3776
KOG4764,19,0.7949,7.335,1.11e-13,7.05e-10,Deuterostomia,FBpp0079031,7227,Sem1
KOG4700,19,0.8868,7.331,1.14e-13,7.28e-10,Deuterostomia,FBpp0073927,7227,CG15916
KOG4571,19,0.8503,7.291,1.54e-13,9.79e-10,Deuterostomia,FBpp0081040,7227,crc
NOG10737,19,0.8649,7.286,1.6e-13,1.02e-9,Deuterostomia,FBpp0084802,7227,CG2321
NOG242385,19,0.8316,7.27,1.8e-13,1.14e-9,Deuterostomia,FBpp0076417,7227,MED24
KOG4811,19,0.9137,7.261,1.92e-13,1.22e-9,Deuterostomia,FBpp0112052,7227,CG15019
KOG4433,19,0.8698,7.26,1.93e-13,1.23e-9,Deuterostomia,FBpp0070239,7227,CG3638
KOG4433,19,0.8698,7.26,1.93e-13,1.23e-9,Deuterostomia,FBpp0302935,7227,tty
NOG05657,19,0.8535,7.257,1.98e-13,1.26e-9,Deuterostomia,FBpp0083626,7227,CG13850
NOG232475,19,0.8555,7.239,2.26e-13,1.44e-9,Deuterostomia,FBpp0301625,7227,cnn
KOG4847,19,0.829,7.223,2.54e-13,1.62e-9,Deuterostomia,FBpp0111946,7227,CG5375
NOG06570,19,0.8249,7.19,3.24e-13,2.06e-9,Deuterostomia,FBpp0071699,7227,CG11170
NOG07626,19,0.8047,7.177,3.55e-13,2.26e-9,Deuterostomia,FBpp0288751,7227,CG10737
NOG233507,19,0.8411,7.167,3.83e-13,2.44e-9,Deuterostomia,FBpp0292340,7227,CG32448
KOG4695,19,0.756,7.153,4.25e-13,2.71e-9,Deuterostomia,FBpp0072342,7227,CG12848
KOG4387,19,0.7758,7.143,4.55e-13,2.9e-9,Deuterostomia,FBpp0087122,7227,Oda
NOG01535,19,0.8417,7.142,4.61e-13,2.94e-9,Deuterostomia,FBpp0076374,7227,Nelf-E
KOG3723,19,0.8291,7.14,4.66e-13,2.97e-9,Deuterostomia,FBpp0291254,7227,melt
KOG3481,19,0.8196,7.134,4.87e-13,3.1e-9,Deuterostomia,FBpp0086015,7227,CG30109
KOG3481,19,0.8196,7.134,4.87e-13,3.1e-9,Deuterostomia,FBpp0271806,7227,CG30108
NOG07422,19,0.7908,7.121,5.36e-13,3.42e-9,Deuterostomia,FBpp0099839,7227,CG33969
KOG3517,19,0.8632,7.115,5.6e-13,3.57e-9,Deuterostomia,FBpp0110325,7227,Poxm
NOG236072,19,0.7619,7.094,6.53e-13,4.16e-9,Deuterostomia,FBpp0074160,7227,CG5004
NOG10690,19,0.7937,7.093,6.54e-13,4.17e-9,Deuterostomia,FBpp0305340,7227,CG14982
NOG245418,19,0.8082,7.083,7.07e-13,4.51e-9,Deuterostomia,FBpp0291479,7227,mRpL37
NOG258830,19,0.8693,7.076,7.39e-13,4.71e-9,Deuterostomia,FBpp0082786,7227,CG10326
KOG4816,19,0.7317,7.074,7.52e-13,4.79e-9,Deuterostomia,FBpp0080046,7227,CG31855
NOG33220,19,0.7996,7.061,8.25e-13,5.25e-9,Deuterostomia,FBpp0072885,7227,CG12093
NOG237213,19,0.8023,7.056,8.54e-13,5.44e-9,Deuterostomia,FBpp0082434,7227,l(3)L1231
KOG4527,19,0.8304,7.041,9.56e-13,6.09e-9,Deuterostomia,FBpp0087484,7227,COX7C
NOG05119,19,0.7981,7.038,9.78e-13,6.23e-9,Deuterostomia,FBpp0111802,7227,sba
KOG4465,19,0.7608,7.029,1.04e-12,6.61e-9,Deuterostomia,FBpp0070544,7227,CG10803
KOG4617,19,0.7443,7.023,1.09e-12,6.93e-9,Deuterostomia,FBpp0072944,7227,CG14969
NOG248915,19,0.7797,6.997,1.31e-12,8.35e-9,Deuterostomia,FBpp0074641,7227,CG14184
NOG04711,19,0.7362,6.978,1.49e-12,9.51e-9,Deuterostomia,FBpp0082850,7227,CG5285
KOG4489,19,0.7747,6.977,1.51e-12,9.59e-9,Deuterostomia,FBpp0076792,7227,bc10
NOG06163,19,0.7913,6.97,1.58e-12,1.01e-8,Deuterostomia,FBpp0074960,7227,Crtc
KOG4702,19,0.7988,6.943,1.92e-12,1.22e-8,Deuterostomia,FBpp0302901,7227,CG14483
KOG3672,19,0.7177,6.935,2.04e-12,1.3e-8,Deuterostomia,FBpp0077517,7227,CG15385
NOG10191,19,0.822,6.876,3.07e-12,1.96e-8,Deuterostomia,FBpp0301595,7227,nsl1
KOG4327,19,0.7367,6.858,3.5e-12,2.23e-8,Deuterostomia,FBpp0302954,7227,Smn
NOG19643,19,0.8034,6.856,3.54e-12,2.25e-8,Deuterostomia,FBpp0289899,7227,CG10283
COG5119,19,0.6957,6.842,3.9e-12,2.48e-8,Deuterostomia,FBpp0074266,7227,CG6762
NOG06917,19,0.7257,6.837,4.03e-12,2.57e-8,Deuterostomia,FBpp0079677,7227,chico
NOG32747,19,0.8084,6.825,4.39e-12,2.79e-8,Deuterostomia,FBpp0074874,7227,bora
NOG258196,19,0.8025,6.812,4.82e-12,3.07e-8,Deuterostomia,FBpp0075107,7227,PGRP-SB1
NOG258196,19,0.8025,6.812,4.82e-12,3.07e-8,Deuterostomia,FBpp0087786,7227,PGRP-SC1a
NOG258196,19,0.8025,6.812,4.82e-12,3.07e-8,Deuterostomia,FBpp0087787,7227,PGRP-SC1b
NOG258196,19,0.8025,6.812,4.82e-12,3.07e-8,Deuterostomia,FBpp0297234,7227,PGRP-LB
NOG242497,19,0.7378,6.798,5.29e-12,3.37e-8,Deuterostomia,FBpp0071936,7227,CG3520
KOG1610,19,0.7672,6.782,5.95e-12,3.79e-8,Deuterostomia,FBpp0084847,7227,sro
KOG1610,19,0.7672,6.782,5.95e-12,3.79e-8,Deuterostomia,FBpp0087129,7227,CG8888
KOG1610,19,0.7672,6.782,5.95e-12,3.79e-8,Deuterostomia,FBpp0305206,7227,CG13377
NOG245831,19,0.7046,6.776,6.18e-12,3.93e-8,Deuterostomia,FBpp0088702,7227,CG30159
NOG16936,19,0.7408,6.714,9.46e-12,6.03e-8,Deuterostomia,FBpp0071894,7227,l(2)06496
NOG237930,19,0.7171,6.695,1.08e-11,6.86e-8,Deuterostomia,FBpp0086579,7227,HPS1
KOG3552,19,0.7281,6.659,1.38e-11,8.76e-8,Deuterostomia,FBpp0292538,7227,CG42788
COG2723,19,0.6516,6.638,1.59e-11,1.01e-7,Deuterostomia,FBpp0075080,7227,CG9701
NOG10644,19,0.7189,6.63,1.68e-11,1.07e-7,Deuterostomia,FBpp0079899,7227,CG18789
NOG10644,19,0.7189,6.63,1.68e-11,1.07e-7,Deuterostomia,FBpp0302819,7227,CG18787
KOG3249,19,0.7218,6.618,1.81e-11,1.16e-7,Deuterostomia,FBpp0084247,7227,CG13663
KOG1941,19,0.7097,6.612,1.9e-11,1.21e-7,Deuterostomia,FBpp0088148,7227,CG1909
NOG15995,19,0.7022,6.598,2.09e-11,1.33e-7,Deuterostomia,FBpp0290011,7227,UBL3
KOG4744,19,0.6292,6.596,2.12e-11,1.35e-7,Deuterostomia,FBpp0070140,7227,CG13359
KOG4744,19,0.6292,6.596,2.12e-11,1.35e-7,Deuterostomia,FBpp0087213,7227,Cpr47Eb
KOG4744,19,0.6292,6.596,2.12e-11,1.35e-7,Deuterostomia,FBpp0087578,7227,CG1648
NOG02355,19,0.761,6.582,2.32e-11,1.48e-7,Deuterostomia,FBpp0085704,7227,Tab2
KOG4846,19,0.7159,6.564,2.61e-11,1.66e-7,Deuterostomia,FBpp0297287,7227,Eip78C
NOG08529,19,0.7204,6.562,2.66e-11,1.7e-7,Deuterostomia,FBpp0077935,7227,CG11399
NOG07283,19,0.714,6.537,3.13e-11,2e-7,Deuterostomia,FBpp0084933,7227,CG15529
KOG4420,19,0.696,6.514,3.65e-11,2.32e-7,Deuterostomia,FBpp0076870,7227,CG4623
KOG4819,19,0.7298,6.496,4.12e-11,2.62e-7,Deuterostomia,FBpp0084993,7227,CG15535
KOG3670,19,0.6701,6.481,4.56e-11,2.91e-7,Deuterostomia,FBpp0074636,7227,CG7365
KOG3670,19,0.6701,6.481,4.56e-11,2.91e-7,Deuterostomia,FBpp0078767,7227,CG11029
NOG00504,19,0.7698,6.452,5.5e-11,3.5e-7,Deuterostomia,FBpp0078859,7227,CG9098
KOG3795,19,0.6937,6.403,7.63e-11,4.86e-7,Deuterostomia,FBpp0084793,7227,CG2006
KOG4739,19,0.663,6.381,8.82e-11,5.61e-7,Deuterostomia,FBpp0070464,7227,CG2709
KOG4739,19,0.663,6.381,8.82e-11,5.61e-7,Deuterostomia,FBpp0074479,7227,CG12200
KOG4739,19,0.663,6.381,8.82e-11,5.61e-7,Deuterostomia,FBpp0084637,7227,CG31053
COG1735,19,0.6517,6.33,1.23e-10,7.83e-7,Deuterostomia,FBpp0081503,7227,CG18473
KOG1428,19,0.6658,6.281,1.68e-10,1.07e-6,Deuterostomia,FBpp0073787,7227,hiw
NOG259143,19,0.6314,6.245,2.12e-10,1.35e-6,Deuterostomia,FBpp0086441,7227,Rif1
KOG3193,19,0.6683,6.212,2.6200000000000003e-10,1.67e-6,Deuterostomia,FBpp0292199,7227,CG42732
COG1331,19,0.6167,6.208,2.69e-10,1.71e-6,Deuterostomia,FBpp0086674,7227,CG8613
NOG04647,19,0.6257,6.142,4.07e-10,2.59e-6,Deuterostomia,FBpp0078392,7227,asl
NOG12565,19,0.6377,6.047,7.36e-10,4.69e-6,Deuterostomia,FBpp0072386,7227,CG13876
NOG03192,19,0.6677,6.011,9.23e-10,5.88e-6,Deuterostomia,FBpp0071490,7227,insc
KOG4841,19,0.6093,5.901,1.8e-9,1.15e-5,Deuterostomia,FBpp0099388,7227,CG33977
KOG2561,19,0.6019,5.893,1.9e-9,1.21e-5,Deuterostomia,FBpp0076942,7227,CG15445
KOG2561,19,0.6019,5.893,1.9e-9,1.21e-5,Deuterostomia,FBpp0084254,7227,CG5111
KOG4242,19,0.6261,5.822,2.91e-9,1.85e-5,Deuterostomia,FBpp0305131,7227,CG1399
KOG0611,19,0.6129,5.699,6.01e-9,3.83e-5,Deuterostomia,FBpp0293894,7227,CG43143
COG2023,19,0.5228,5.639,8.56e-9,5.45e-5,Deuterostomia,FBpp0070169,7227,CG33082
NOG32523,19,0.6099,5.621,9.5e-9,6.05e-5,Deuterostomia,FBpp0070968,7227,CG32736
KOG4253,19,0.5716,5.462,2.35e-8,1.5e-4,Deuterostomia,FBpp0076324,7227,CG32022
KOG4551,19,0.483,5.196,1.02e-7,0.00064899999999999995,Deuterostomia,FBpp0081279,7227,CG14463
NOG38047,19,0.421,4.674,1.48e-6,0.00942,Deuterostomia,FBpp0086057,7227,CG30105
KOG4621,19,0.3896,4.447,4.35e-6,0.0277,Deuterostomia,FBpp0289931,7227,CG13760
NOG241638,19,0.4317,4.385,5.81e-6,0.037,Deuterostomia,FBpp0297366,7227,CG7518
KOG3977,20,0.987,8.106,2.62e-16,1.67e-12,Platyhelminthes,FBpp0074298,7227,wupA
NOG22827,20,0.9927,8.015,5.5e-16,3.5e-12,Platyhelminthes,FBpp0076601,7227,mRpL50
NOG235220,20,0.9817,7.943,9.91e-16,6.31e-12,Platyhelminthes,FBpp0074028,7227,disco
NOG235220,20,0.9817,7.943,9.91e-16,6.31e-12,Platyhelminthes,FBpp0074029,7227,disco-r
KOG4187,20,0.9717,7.941,1e-15,6.37e-12,Platyhelminthes,FBpp0100150,7227,7B2
KOG4632,20,0.9997,7.941,1e-15,6.37e-12,Platyhelminthes,FBpp0075755,7227,ND-SGDH
KOG1146,20,0.9711,7.938,1.03e-15,6.54e-12,Platyhelminthes,FBpp0088139,7227,zfh2
NOG25110,20,0.9112,7.891,1.5e-15,9.55e-12,Platyhelminthes,FBpp0290013,7227,cpx
KOG4377,20,0.9791,7.871,1.76e-15,1.12e-11,Platyhelminthes,FBpp0078374,7227,cas
KOG4377,20,0.9791,7.871,1.76e-15,1.12e-11,Platyhelminthes,FBpp0112076,7227,CG7512
KOG4800,20,0.9732,7.854,2.01e-15,1.28e-11,Platyhelminthes,FBpp0304961,7227,M6
KOG4045,20,0.9965,7.826,2.51e-15,1.6e-11,Platyhelminthes,FBpp0079304,7227,mRpL51
KOG4264,20,0.9187,7.819,2.67e-15,1.7e-11,Platyhelminthes,FBpp0084591,7227,btz
KOG4787,20,0.9375,7.804,3e-15,1.91e-11,Platyhelminthes,FBpp0304605,7227,CG18304
KOG4015,20,0.933,7.801,3.08e-15,1.96e-11,Platyhelminthes,FBpp0099728,7227,fabp
KOG3547,20,0.9137,7.795,3.22e-15,2.05e-11,Platyhelminthes,FBpp0075371,7227,Best3
KOG3547,20,0.9137,7.795,3.22e-15,2.05e-11,Platyhelminthes,FBpp0076718,7227,Best2
KOG3547,20,0.9137,7.795,3.22e-15,2.05e-11,Platyhelminthes,FBpp0112085,7227,Best4
KOG3547,20,0.9137,7.795,3.22e-15,2.05e-11,Platyhelminthes,FBpp0297165,7227,Best1
NOG02565,20,0.9088,7.774,3.79e-15,2.41e-11,Platyhelminthes,FBpp0291734,7227,mim
KOG3634,20,0.9785,7.759,4.27e-15,2.72e-11,Platyhelminthes,FBpp0073682,7227,up
NOG258033,20,0.8836,7.755,4.42e-15,2.81e-11,Platyhelminthes,FBpp0075653,7227,CG10984
KOG1103,20,0.9313,7.744,4.82e-15,3.07e-11,Platyhelminthes,FBpp0085925,7227,CG10915
KOG3546,20,1,7.735,5.16e-15,3.29e-11,Platyhelminthes,FBpp0301686,7227,Mp
KOG3678,20,0.9731,7.73,5.39e-15,3.43e-11,Platyhelminthes,FBpp0293535,7227,Ect4
KOG2418,20,0.9692,7.728,5.46e-15,3.47e-11,Platyhelminthes,FBpp0084568,7227,CG31058
KOG2418,20,0.9692,7.728,5.46e-15,3.47e-11,Platyhelminthes,FBpp0303784,7227,tau
KOG4631,20,0.8909,7.699,6.88e-15,4.38e-11,Platyhelminthes,FBpp0112014,7227,ND-B12
KOG4570,20,0.9758,7.677,8.13e-15,5.18e-11,Platyhelminthes,FBpp0072134,7227,CG4882
KOG4316,20,0.9075,7.653,9.82e-15,6.25e-11,Platyhelminthes,FBpp0083569,7227,mRpL35
KOG3623,20,0.9852,7.64,1.09e-14,6.93e-11,Platyhelminthes,FBpp0085063,7227,zfh1
NOG05656,20,0.9355,7.634,1.14e-14,7.26e-11,Platyhelminthes,FBpp0305357,7227,CG43921
KOG4216,20,0.9944,7.632,1.16e-14,7.38e-11,Platyhelminthes,FBpp0291630,7227,Hr46
KOG4082,20,0.9225,7.604,1.44e-14,9.16e-11,Platyhelminthes,FBpp0077059,7227,CG14613
KOG4217,20,0.9914,7.581,1.71e-14,1.09e-10,Platyhelminthes,FBpp0080927,7227,Hr38
KOG0487,20,0.9882,7.557,2.07e-14,1.32e-10,Platyhelminthes,FBpp0082826,7227,Abd-B
KOG3726,20,0.9334,7.553,2.13e-14,1.35e-10,Platyhelminthes,FBpp0271859,7227,CG6845
KOG3726,20,0.9334,7.553,2.13e-14,1.35e-10,Platyhelminthes,FBpp0289344,7227,CG32320
KOG3726,20,0.9334,7.553,2.13e-14,1.35e-10,Platyhelminthes,FBpp0306188,7227,snky
NOG245375,20,0.9196,7.548,2.21e-14,1.41e-10,Platyhelminthes,FBpp0080143,7227,mRpS23
KOG3779,20,0.9378,7.541,2.34e-14,1.49e-10,Platyhelminthes,FBpp0293146,7227,pros
KOG4218,20,0.9365,7.537,2.41e-14,1.53e-10,Platyhelminthes,FBpp0074853,7227,ftz-f1
KOG1074,20,0.8745,7.52,2.75e-14,1.75e-10,Platyhelminthes,FBpp0088852,7227,salm
KOG1074,20,0.8745,7.52,2.75e-14,1.75e-10,Platyhelminthes,FBpp0297936,7227,salr
KOG4092,20,0.9959,7.512,2.91e-14,1.85e-10,Platyhelminthes,FBpp0072246,7227,ATPsynF
KOG4084,20,0.8904,7.485,3.56e-14,2.27e-10,Platyhelminthes,FBpp0072671,7227,JTBR
KOG4083,20,0.8724,7.467,4.09e-14,2.61e-10,Platyhelminthes,FBpp0085107,7227,l(3)03670
KOG4659,20,0.8443,7.436,5.2e-14,3.31e-10,Platyhelminthes,FBpp0289137,7227,Ten-a
KOG4659,20,0.8443,7.436,5.2e-14,3.31e-10,Platyhelminthes,FBpp0297244,7227,Ten-m
KOG4009,20,0.9304,7.424,5.67e-14,3.61e-10,Platyhelminthes,FBpp0077209,7227,ND-PDSW
KOG3926,20,0.9365,7.41,6.29e-14,4.01e-10,Platyhelminthes,FBpp0075857,7227,CG11658
KOG3435,20,0.8278,7.404,6.63e-14,4.22e-10,Platyhelminthes,FBpp0071462,7227,mRpL54
KOG4060,20,0.8594,7.388,7.48e-14,4.76e-10,Platyhelminthes,FBpp0077550,7227,mRpL48
COG0333,20,0.9265,7.351,9.84e-14,6.27e-10,Platyhelminthes,FBpp0085121,7227,mRpL32
KOG4789,20,0.8672,7.337,1.09e-13,6.95e-10,Platyhelminthes,FBpp0297994,7227,CG14446
NOG04525,20,0.9026,7.311,1.32e-13,8.42e-10,Platyhelminthes,FBpp0075274,7227,mRpS31
NOG258107,20,0.8846,7.282,1.64e-13,1.05e-9,Platyhelminthes,FBpp0111770,7227,woc
KOG4542,20,0.8244,7.169,3.79e-13,2.41e-9,Platyhelminthes,FBpp0085960,7227,CG17680
KOG4633,20,0.8615,7.11,5.82e-13,3.71e-9,Platyhelminthes,FBpp0080329,7227,ND-B17
KOG3960,20,0.7869,7.076,7.41e-13,4.72e-9,Platyhelminthes,FBpp0083863,7227,nau
NOG255180,20,0.8033,7.059,8.38e-13,5.34e-9,Platyhelminthes,FBpp0072644,7227,CG13920
KOG4623,20,0.7058,6.605,1.99e-11,1.27e-7,Platyhelminthes,FBpp0085719,7227,CG7744
NOG12353,20,0.7188,6.56,2.7e-11,1.72e-7,Platyhelminthes,FBpp0074108,7227,CG13005
NOG239051,20,0.7597,6.421,6.75e-11,4.3e-7,Platyhelminthes,FBpp0290550,7227,fuss
COG2363,20,0.6656,6.239,2.2e-10,1.4e-6,Platyhelminthes,FBpp0083226,7227,CG4686
COG2363,20,0.6656,6.239,2.2e-10,1.4e-6,Platyhelminthes,FBpp0306128,7227,CG42395
NOG239366,20,0.6503,6.148,3.92e-10,2.5e-6,Platyhelminthes,FBpp0084180,7227,CG13654
NOG240802,20,0.6659,6.09,5.63e-10,3.59e-6,Platyhelminthes,FBpp0073856,7227,CG6340
KOG3591,21,1,8.298,5.29e-17,3.37e-13,Cnidaria,FBpp0072009,7227,l(2)efl
KOG3591,21,1,8.298,5.29e-17,3.37e-13,Cnidaria,FBpp0074503,7227,CG14207
KOG3591,21,1,8.298,5.29e-17,3.37e-13,Cnidaria,FBpp0076180,7227,CG4461
KOG3591,21,1,8.298,5.29e-17,3.37e-13,Cnidaria,FBpp0076182,7227,Hsp27
KOG3591,21,1,8.298,5.29e-17,3.37e-13,Cnidaria,FBpp0076223,7227,Hsp67Ba
KOG3591,21,1,8.298,5.29e-17,3.37e-13,Cnidaria,FBpp0076224,7227,Hsp26
KOG3591,21,1,8.298,5.29e-17,3.37e-13,Cnidaria,FBpp0076225,7227,Hsp67Bc
KOG3591,21,1,8.298,5.29e-17,3.37e-13,Cnidaria,FBpp0076522,7227,CG7409
KOG3591,21,1,8.298,5.29e-17,3.37e-13,Cnidaria,FBpp0079559,7227,CG13133
KOG3591,21,1,8.298,5.29e-17,3.37e-13,Cnidaria,FBpp0100010,7227,Hsp22
KOG3591,21,1,8.298,5.29e-17,3.37e-13,Cnidaria,FBpp0301282,7227,Hsp23
KOG3645,21,0.9941,8.205,1.15e-16,7.34e-13,Cnidaria,FBpp0071676,7227,NtR
KOG3645,21,0.9941,8.205,1.15e-16,7.34e-13,Cnidaria,FBpp0073155,7227,nAChRbeta1
KOG3645,21,0.9941,8.205,1.15e-16,7.34e-13,Cnidaria,FBpp0077724,7227,nAChRbeta3
KOG3645,21,0.9941,8.205,1.15e-16,7.34e-13,Cnidaria,FBpp0084003,7227,als
KOG3645,21,0.9941,8.205,1.15e-16,7.34e-13,Cnidaria,FBpp0084023,7227,AcrE
KOG3645,21,0.9941,8.205,1.15e-16,7.34e-13,Cnidaria,FBpp0084061,7227,nAChRbeta2
KOG3645,21,0.9941,8.205,1.15e-16,7.34e-13,Cnidaria,FBpp0288426,7227,Da3
KOG3645,21,0.9941,8.205,1.15e-16,7.34e-13,Cnidaria,FBpp0289395,7227,CG12414
KOG4010,21,0.9761,8.17,1.54e-16,9.82e-13,Cnidaria,FBpp0297592,7227,CG5174
KOG3447,21,0.9283,8.144,1.91e-16,1.21e-12,Cnidaria,FBpp0072184,7227,mRpS17
KOG3279,21,0.9755,8.013,5.61e-16,3.57e-12,Cnidaria,FBpp0303669,7227,mRpL28
KOG2251,21,0.922,7.988,6.86e-16,4.37e-12,Cnidaria,FBpp0304126,7227,oc
KOG3916,21,0.9324,7.864,1.86e-15,1.19e-11,Cnidaria,FBpp0084788,7227,CG14517
KOG3916,21,0.9324,7.864,1.86e-15,1.19e-11,Cnidaria,FBpp0086668,7227,CG8536
KOG3813,21,0.9675,7.863,1.88e-15,1.2e-11,Cnidaria,FBpp0077442,7227,Axud1
KOG4418,21,0.9381,7.858,1.96e-15,1.25e-11,Cnidaria,FBpp0290241,7227,CG31760
KOG4418,21,0.9381,7.858,1.96e-15,1.25e-11,Cnidaria,FBpp0293448,7227,pog
KOG4418,21,0.9381,7.858,1.96e-15,1.25e-11,Cnidaria,FBpp0304311,7227,CG43795
KOG1834,21,0.8911,7.853,2.03e-15,1.29e-11,Cnidaria,FBpp0305853,7227,Cals
KOG3805,21,0.9696,7.799,3.11e-15,1.98e-11,Cnidaria,FBpp0084594,7227,Ets98B
KOG4334,21,0.919,7.794,3.25e-15,2.07e-11,Cnidaria,FBpp0085181,7227,pasha
KOG2252,21,0.9793,7.787,3.43e-15,2.19e-11,Cnidaria,FBpp0113105,7227,ct
KOG2252,21,0.9793,7.787,3.43e-15,2.19e-11,Cnidaria,FBpp0302730,7227,onecut
KOG4057,21,0.9309,7.782,3.57e-15,2.27e-11,Cnidaria,FBpp0074821,7227,MED11
NOG250593,21,0.9675,7.775,3.77e-15,2.4e-11,Cnidaria,FBpp0304571,7227,CG11448
KOG3828,21,0.9303,7.774,3.81e-15,2.43e-11,Cnidaria,FBpp0086648,7227,CG13016
KOG4809,21,0.9238,7.768,3.98e-15,2.54e-11,Cnidaria,FBpp0293597,7227,brp
NOG06121,21,0.9065,7.764,4.12e-15,2.62e-11,Cnidaria,FBpp0079451,7227,gcm
NOG06121,21,0.9065,7.764,4.12e-15,2.62e-11,Cnidaria,FBpp0089223,7227,gcm2
KOG4447,21,0.9667,7.751,4.56e-15,2.9e-11,Cnidaria,FBpp0071864,7227,twi
KOG4794,21,0.8981,7.734,5.22e-15,3.33e-11,Cnidaria,FBpp0070607,7227,cib
KOG3803,21,0.9637,7.709,6.33e-15,4.03e-11,Cnidaria,FBpp0302633,7227,CG43689
NOG259102,21,0.8954,7.699,6.83e-15,4.35e-11,Cnidaria,FBpp0110277,7227,Mnn1
KOG3646,21,0.9734,7.691,7.28e-15,4.64e-11,Cnidaria,FBpp0079502,7227,rsn
KOG3646,21,0.9734,7.691,7.28e-15,4.64e-11,Cnidaria,FBpp0289821,7227,da5
KOG3646,21,0.9734,7.691,7.28e-15,4.64e-11,Cnidaria,FBpp0291049,7227,gfA
KOG4616,21,0.8679,7.687,7.51e-15,4.78e-11,Cnidaria,FBpp0083168,7227,mRpL55
NOG258015,21,0.865,7.675,8.24e-15,5.25e-11,Cnidaria,FBpp0293091,7227,Rootletin
KOG3963,21,0.9076,7.673,8.39e-15,5.34e-11,Cnidaria,FBpp0070855,7227,mab-21
KOG3963,21,0.9076,7.673,8.39e-15,5.34e-11,Cnidaria,FBpp0070856,7227,CG4766
KOG3963,21,0.9076,7.673,8.39e-15,5.34e-11,Cnidaria,FBpp0074149,7227,CG15865
KOG3963,21,0.9076,7.673,8.39e-15,5.34e-11,Cnidaria,FBpp0076437,7227,CG7194
KOG1574,21,0.9109,7.668,8.71e-15,5.55e-11,Cnidaria,FBpp0075290,7227,CG32150
KOG1574,21,0.9109,7.668,8.71e-15,5.55e-11,Cnidaria,FBpp0084272,7227,RASSF8
KOG1574,21,0.9109,7.668,8.71e-15,5.55e-11,Cnidaria,FBpp0306193,7227,CG13875
KOG4040,21,0.9362,7.662,9.13e-15,5.8199999999999997e-11,Cnidaria,FBpp0070950,7227,ND-ASHI
KOG3531,21,0.982,7.661,9.22e-15,5.87e-11,Cnidaria,FBpp0110258,7227,Cdep
KOG3531,21,0.982,7.661,9.22e-15,5.87e-11,Cnidaria,FBpp0111415,7227,CG34306
KOG4004,21,0.9256,7.654,9.77e-15,6.22e-11,Cnidaria,FBpp0084464,7227,BM40
KOG4004,21,0.9256,7.654,9.77e-15,6.22e-11,Cnidaria,FBpp0089409,7227,Fs
KOG0999,21,0.9335,7.629,1.18e-14,7.54e-11,Cnidaria,FBpp0303258,7227,BicD
KOG4583,21,0.9088,7.619,1.28e-14,8.16e-11,Cnidaria,FBpp0079116,7227,Herp
KOG4817,21,0.9616,7.617,1.3e-14,8.27e-11,Cnidaria,FBpp0071395,7227,nocte
KOG2838,21,0.9192,7.602,1.46e-14,9.3e-11,Cnidaria,FBpp0073924,7227,CG16952
KOG3684,21,0.8509,7.589,1.62e-14,1.03e-10,Cnidaria,FBpp0303993,7227,SK
NOG14752,21,0.9091,7.584,1.68e-14,1.07e-10,Cnidaria,FBpp0083962,7227,mRpS24
KOG4227,21,0.7892,7.584,1.68e-14,1.07e-10,Cnidaria,FBpp0288575,7227,CG42233
KOG3895,21,0.9104,7.58,1.72e-14,1.1e-10,Cnidaria,FBpp0099902,7227,Syn
KOG0494,21,0.9951,7.579,1.74e-14,1.11e-10,Cnidaria,FBpp0070747,7227,Vsx1
KOG0494,21,0.9951,7.579,1.74e-14,1.11e-10,Cnidaria,FBpp0072133,7227,PHDP
KOG0494,21,0.9951,7.579,1.74e-14,1.11e-10,Cnidaria,FBpp0099911,7227,Vsx2
KOG4564,21,0.9155,7.551,2.15e-14,1.37e-10,Cnidaria,FBpp0073584,7227,hec
KOG4564,21,0.9155,7.551,2.15e-14,1.37e-10,Cnidaria,FBpp0086614,7227,Dh44-R1
KOG4564,21,0.9155,7.551,2.15e-14,1.37e-10,Cnidaria,FBpp0086868,7227,Dh31-R
KOG4564,21,0.9155,7.551,2.15e-14,1.37e-10,Cnidaria,FBpp0111988,7227,Dh44-R2
KOG4564,21,0.9155,7.551,2.15e-14,1.37e-10,Cnidaria,FBpp0300789,7227,Pdfr
KOG4076,21,0.9103,7.531,2.52e-14,1.61e-10,Cnidaria,FBpp0305266,7227,endos
KOG3441,21,0.8669,7.522,2.71e-14,1.72e-10,Cnidaria,FBpp0305877,7227,mRpL14
NOG12017,21,0.8728,7.521,2.71e-14,1.73e-10,Cnidaria,FBpp0085502,7227,CG17002
KOG3732,21,0.9362,7.521,2.72e-14,1.73e-10,Cnidaria,FBpp0080076,7227,loqs
KOG3732,21,0.9362,7.521,2.72e-14,1.73e-10,Cnidaria,FBpp0085962,7227,stau
KOG3732,21,0.9362,7.521,2.72e-14,1.73e-10,Cnidaria,FBpp0290544,7227,r2d2
KOG3732,21,0.9362,7.521,2.72e-14,1.73e-10,Cnidaria,FBpp0293425,7227,CG43100
KOG4043,21,0.9359,7.52,2.74e-14,1.74e-10,Cnidaria,FBpp0070542,7227,CG14416
KOG4043,21,0.9359,7.52,2.74e-14,1.74e-10,Cnidaria,FBpp0074926,7227,MED19
KOG3597,21,0.9335,7.517,2.81e-14,1.79e-10,Cnidaria,FBpp0289570,7227,kon
KOG3597,21,0.9335,7.517,2.81e-14,1.79e-10,Cnidaria,FBpp0291398,7227,CG31195
NOG259103,21,0.8636,7.51,2.95e-14,1.88e-10,Cnidaria,FBpp0085311,7227,CG17018
NOG01252,21,0.8671,7.497,3.27e-14,2.08e-10,Cnidaria,FBpp0085459,7227,phtf
KOG4740,21,0.9877,7.488,3.5e-14,2.23e-10,Cnidaria,FBpp0077296,7227,CG3332
KOG4740,21,0.9877,7.488,3.5e-14,2.23e-10,Cnidaria,FBpp0289692,7227,CG42492
KOG4740,21,0.9877,7.488,3.5e-14,2.23e-10,Cnidaria,FBpp0303595,7227,CG42265
KOG4429,21,0.8459,7.471,3.97e-14,2.53e-10,Cnidaria,FBpp0292038,7227,CG42388
KOG3885,21,0.828,7.456,4.45e-14,2.83e-10,Cnidaria,FBpp0083206,7227,bnl
KOG3885,21,0.828,7.456,4.45e-14,2.83e-10,Cnidaria,FBpp0293165,7227,ths
KOG3831,21,0.8821,7.453,4.55e-14,2.9e-10,Cnidaria,FBpp0071189,7227,CG12125
KOG3831,21,0.8821,7.453,4.55e-14,2.9e-10,Cnidaria,FBpp0289615,7227,CG32712
KOG4220,21,0.938,7.45,4.66e-14,2.97e-10,Cnidaria,FBpp0072275,7227,mAChR-A
NOG231727,21,0.828,7.425,5.66e-14,3.6e-10,Cnidaria,FBpp0305885,7227,CG42748
KOG0199,21,0.8396,7.422,5.76e-14,3.67e-10,Cnidaria,FBpp0073067,7227,Ack
KOG0199,21,0.8396,7.422,5.76e-14,3.67e-10,Cnidaria,FBpp0303362,7227,Ack-like
KOG4023,21,0.863,7.398,6.91e-14,4.4e-10,Cnidaria,FBpp0291704,7227,Sh3beta
KOG3919,21,0.8803,7.385,7.6e-14,4.84e-10,Cnidaria,FBpp0305896,7227,Unc-76
KOG4566,21,0.9129,7.379,7.96e-14,5.07e-10,Cnidaria,FBpp0080593,7227,Socs36E
KOG4566,21,0.9129,7.379,7.96e-14,5.07e-10,Cnidaria,FBpp0087862,7227,Socs44A
KOG4566,21,0.9129,7.379,7.96e-14,5.07e-10,Cnidaria,FBpp0301993,7227,Socs16D
KOG3644,21,0.9223,7.37,8.51e-14,5.42e-10,Cnidaria,FBpp0070689,7227,CG6927
KOG3644,21,0.9223,7.37,8.51e-14,5.42e-10,Cnidaria,FBpp0074905,7227,Grd
KOG3644,21,0.9223,7.37,8.51e-14,5.42e-10,Cnidaria,FBpp0081946,7227,HisCl1
KOG3644,21,0.9223,7.37,8.51e-14,5.42e-10,Cnidaria,FBpp0083198,7227,ort
KOG3644,21,0.9223,7.37,8.51e-14,5.42e-10,Cnidaria,FBpp0085128,7227,CG11340
KOG3644,21,0.9223,7.37,8.51e-14,5.42e-10,Cnidaria,FBpp0087341,7227,CG12344
KOG3644,21,0.9223,7.37,8.51e-14,5.42e-10,Cnidaria,FBpp0089263,7227,Lcch3
KOG3644,21,0.9223,7.37,8.51e-14,5.42e-10,Cnidaria,FBpp0099401,7227,pHCl
KOG3644,21,0.9223,7.37,8.51e-14,5.42e-10,Cnidaria,FBpp0099473,7227,GluClalpha
KOG3644,21,0.9223,7.37,8.51e-14,5.42e-10,Cnidaria,FBpp0290450,7227,CG8916
KOG3644,21,0.9223,7.37,8.51e-14,5.42e-10,Cnidaria,FBpp0305843,7227,CG7589
KOG3644,21,0.9223,7.37,8.51e-14,5.42e-10,Cnidaria,FBpp0305970,7227,Rdl
COG5279,21,0.8317,7.348,1.01e-13,6.43e-10,Cnidaria,FBpp0085567,7227,Hil
NOG04102,21,0.8362,7.337,1.1e-13,6.98e-10,Cnidaria,FBpp0087348,7227,wde
NOG03226,21,0.8207,7.335,1.11e-13,7.04e-10,Cnidaria,FBpp0072576,7227,CG9168
NOG03226,21,0.8207,7.335,1.11e-13,7.04e-10,Cnidaria,FBpp0077407,7227,CG3123
NOG03226,21,0.8207,7.335,1.11e-13,7.04e-10,Cnidaria,FBpp0077564,7227,CG31933
NOG03226,21,0.8207,7.335,1.11e-13,7.04e-10,Cnidaria,FBpp0079358,7227,CG32985
NOG03226,21,0.8207,7.335,1.11e-13,7.04e-10,Cnidaria,FBpp0079359,7227,CG32984
NOG03226,21,0.8207,7.335,1.11e-13,7.04e-10,Cnidaria,FBpp0079386,7227,CG9525
NOG03226,21,0.8207,7.335,1.11e-13,7.04e-10,Cnidaria,FBpp0081952,7227,CG14731
NOG03226,21,0.8207,7.335,1.11e-13,7.04e-10,Cnidaria,FBpp0082575,7227,CG6236
NOG03226,21,0.8207,7.335,1.11e-13,7.04e-10,Cnidaria,FBpp0083374,7227,CG15695
NOG03226,21,0.8207,7.335,1.11e-13,7.04e-10,Cnidaria,FBpp0084674,7227,CG9988
NOG03226,21,0.8207,7.335,1.11e-13,7.04e-10,Cnidaria,FBpp0085263,7227,CG11630
NOG03226,21,0.8207,7.335,1.11e-13,7.04e-10,Cnidaria,FBpp0085283,7227,CG1428
NOG03226,21,0.8207,7.335,1.11e-13,7.04e-10,Cnidaria,FBpp0293128,7227,CG16854
NOG03226,21,0.8207,7.335,1.11e-13,7.04e-10,Cnidaria,FBpp0302659,7227,CG10730
NOG03226,21,0.8207,7.335,1.11e-13,7.04e-10,Cnidaria,FBpp0304496,7227,CG18088
NOG03226,21,0.8207,7.335,1.11e-13,7.04e-10,Cnidaria,FBpp0305199,7227,CG7120
NOG04524,21,0.8651,7.333,1.12e-13,7.16e-10,Cnidaria,FBpp0071659,7227,lox2
NOG04524,21,0.8651,7.333,1.12e-13,7.16e-10,Cnidaria,FBpp0085171,7227,lox
KOG0844,21,0.9345,7.305,1.38e-13,8.81e-10,Cnidaria,FBpp0087478,7227,eve
KOG3829,21,0.8716,7.289,1.56e-13,9.93e-10,Cnidaria,FBpp0113025,7227,CG3631
KOG3829,21,0.8716,7.289,1.56e-13,9.93e-10,Cnidaria,FBpp0288495,7227,CG31145
NOG255781,21,0.8724,7.283,1.64e-13,1.04e-9,Cnidaria,FBpp0100109,7227,CG9967
NOG00105,21,0.8249,7.277,1.71e-13,1.09e-9,Cnidaria,FBpp0079196,7227,Bsg
NOG258680,21,0.8801,7.253,2.05e-13,1.3e-9,Cnidaria,FBpp0084309,7227,Lnk
NOG257656,21,0.816,7.221,2.57e-13,1.64e-9,Cnidaria,FBpp0290893,7227,sn
KOG4810,21,0.8691,7.214,2.71e-13,1.73e-9,Cnidaria,FBpp0306207,7227,gdl
NOG233935,21,0.8,7.209,2.82e-13,1.8e-9,Cnidaria,FBpp0079362,7227,CG9555
NOG233935,21,0.8,7.209,2.82e-13,1.8e-9,Cnidaria,FBpp0079363,7227,CG17906
NOG233935,21,0.8,7.209,2.82e-13,1.8e-9,Cnidaria,FBpp0079384,7227,CG13101
NOG233935,21,0.8,7.209,2.82e-13,1.8e-9,Cnidaria,FBpp0292972,7227,CG4480
NOG233935,21,0.8,7.209,2.82e-13,1.8e-9,Cnidaria,FBpp0303870,7227,rost
NOG233935,21,0.8,7.209,2.82e-13,1.8e-9,Cnidaria,FBpp0303893,7227,CG43778
KOG3536,21,0.8239,7.201,2.98e-13,1.9e-9,Cnidaria,FBpp0072948,7227,CG14968
KOG3536,21,0.8239,7.201,2.98e-13,1.9e-9,Cnidaria,FBpp0297720,7227,ced-6
KOG4523,21,0.8166,7.2,3.01e-13,1.92e-9,Cnidaria,FBpp0073805,7227,CG32590
KOG4523,21,0.8166,7.2,3.01e-13,1.92e-9,Cnidaria,FBpp0073806,7227,CG14407
NOG04453,21,0.7606,7.184,3.39e-13,2.16e-9,Cnidaria,FBpp0111893,7227,NFAT
KOG2075,21,0.8423,7.18,3.47e-13,2.21e-9,Cnidaria,FBpp0075887,7227,CG11714
KOG2075,21,0.8423,7.18,3.47e-13,2.21e-9,Cnidaria,FBpp0076687,7227,CG8398
KOG2075,21,0.8423,7.18,3.47e-13,2.21e-9,Cnidaria,FBpp0077033,7227,CG17068
KOG2075,21,0.8423,7.18,3.47e-13,2.21e-9,Cnidaria,FBpp0293498,7227,CG43120
KOG2075,21,0.8423,7.18,3.47e-13,2.21e-9,Cnidaria,FBpp0297318,7227,lute
KOG2075,21,0.8423,7.18,3.47e-13,2.21e-9,Cnidaria,FBpp0305171,7227,Tango10
KOG0499,21,0.8048,7.178,3.53e-13,2.25e-9,Cnidaria,FBpp0071592,7227,CngB
KOG4422,21,0.9155,7.178,3.55e-13,2.26e-9,Cnidaria,FBpp0086872,7227,CG4679
KOG0515,21,0.8034,7.171,3.73e-13,2.38e-9,Cnidaria,FBpp0071549,7227,ASPP
NOG04836,21,0.8019,7.164,3.91e-13,2.49e-9,Cnidaria,FBpp0082134,7227,Su(fu)
NOG07133,21,0.8038,7.164,3.92e-13,2.49e-9,Cnidaria,FBpp0111526,7227,Shroom
NOG02952,21,0.7706,7.158,4.09e-13,2.6e-9,Cnidaria,FBpp0078890,7227,DLP
KOG3748,21,0.8405,7.142,4.6e-13,2.93e-9,Cnidaria,FBpp0289422,7227,CG7231
KOG4488,21,0.7977,7.131,4.97e-13,3.17e-9,Cnidaria,FBpp0074527,7227,CG14223
KOG4488,21,0.7977,7.131,4.97e-13,3.17e-9,Cnidaria,FBpp0304486,7227,CG17931
NOG22849,21,0.8586,7.121,5.35e-13,3.41e-9,Cnidaria,FBpp0072210,7227,CG13585
KOG4053,21,0.8123,7.121,5.37e-13,3.42e-9,Cnidaria,FBpp0289092,7227,Atx-1
KOG3942,21,0.8506,7.116,5.57e-13,3.55e-9,Cnidaria,FBpp0079497,7227,CG13124
KOG3942,21,0.8506,7.116,5.57e-13,3.55e-9,Cnidaria,FBpp0085951,7227,CG5726
KOG4319,21,0.7775,7.105,6e-13,3.82e-9,Cnidaria,FBpp0079890,7227,CG6770
KOG4605,21,0.8427,7.099,6.27e-13,4e-9,Cnidaria,FBpp0085468,7227,CG3420
KOG4802,21,0.8376,7.098,6.35e-13,4.04e-9,Cnidaria,FBpp0083934,7227,Kal1
NOG257498,21,0.7119,7.091,6.67e-13,4.25e-9,Cnidaria,FBpp0083936,7227,CG6182
NOG00045,21,0.8125,7.084,7e-13,4.46e-9,Cnidaria,FBpp0081805,7227,CG6621
NOG03676,21,0.7692,7.019,1.11e-12,7.1e-9,Cnidaria,FBpp0111861,7227,CG4068
KOG1904,21,0.8119,7.008,1.21e-12,7.72e-9,Cnidaria,FBpp0082340,7227,CG9926
KOG1904,21,0.8119,7.008,1.21e-12,7.72e-9,Cnidaria,FBpp0084927,7227,CG7946
KOG3979,21,0.8443,7.003,1.25e-12,7.99e-9,Cnidaria,FBpp0074464,7227,CG7990
KOG3979,21,0.8443,7.003,1.25e-12,7.99e-9,Cnidaria,FBpp0077703,7227,CG3876
KOG3979,21,0.8443,7.003,1.25e-12,7.99e-9,Cnidaria,FBpp0077704,7227,CG15880
NOG08316,21,0.822,6.997,1.31e-12,8.34e-9,Cnidaria,FBpp0288708,7227,CG6184
NOG08316,21,0.822,6.997,1.31e-12,8.34e-9,Cnidaria,FBpp0292073,7227,CG3618
KOG4746,21,0.7832,6.993,1.34e-12,8.56e-9,Cnidaria,FBpp0082644,7227,Pbp45
NOG258488,21,0.747,6.978,1.49e-12,9.51e-9,Cnidaria,FBpp0111930,7227,G6P
KOG3592,21,0.7905,6.958,1.73e-12,1.1e-8,Cnidaria,FBpp0300236,7227,futsch
NOG233843,21,0.8321,6.957,1.73e-12,1.1e-8,Cnidaria,FBpp0084622,7227,CG5514
NOG06083,21,0.8022,6.919,2.28e-12,1.45e-8,Cnidaria,FBpp0297428,7227,Mrtf
COG1324,21,0.6922,6.907,2.48e-12,1.58e-8,Cnidaria,FBpp0073716,7227,CG11590
KOG4251,21,0.8124,6.905,2.52e-12,1.6e-8,Cnidaria,FBpp0083149,7227,CG31475
NOG10521,21,0.7216,6.9,2.61e-12,1.66e-8,Cnidaria,FBpp0073728,7227,Muc12Ea
NOG10521,21,0.7216,6.9,2.61e-12,1.66e-8,Cnidaria,FBpp0085987,7227,CG10911
NOG10521,21,0.7216,6.9,2.61e-12,1.66e-8,Cnidaria,FBpp0086659,7227,CG30069
NOG10521,21,0.7216,6.9,2.61e-12,1.66e-8,Cnidaria,FBpp0304942,7227,CG7290
COG3040,21,0.6882,6.869,3.23e-12,2.06e-8,Cnidaria,FBpp0077607,7227,NLaz
COG3040,21,0.6882,6.869,3.23e-12,2.06e-8,Cnidaria,FBpp0077608,7227,CG31659
COG3040,21,0.6882,6.869,3.23e-12,2.06e-8,Cnidaria,FBpp0086885,7227,GLaz
NOG07687,21,0.7945,6.835,4.11e-12,2.62e-8,Cnidaria,FBpp0071748,7227,dnr1
COG0359,21,0.7538,6.821,4.51e-12,2.87e-8,Cnidaria,FBpp0082540,7227,mRpL9
NOG239423,21,0.7722,6.818,4.62e-12,2.94e-8,Cnidaria,FBpp0080929,7227,Cen
KOG1934,21,0.774,6.779,6.05e-12,3.85e-8,Cnidaria,FBpp0298836,7227,Ptr
KOG3227,21,0.6975,6.771,6.41e-12,4.08e-8,Cnidaria,FBpp0071122,7227,CG10555
KOG4358,21,0.7475,6.737,8.07e-12,5.14e-8,Cnidaria,FBpp0083879,7227,Ndc1
KOG4358,21,0.7475,6.737,8.07e-12,5.14e-8,Cnidaria,FBpp0292067,7227,CG32246
KOG2029,21,0.758,6.724,8.84e-12,5.63e-8,Cnidaria,FBpp0084387,7227,CG5455
KOG2029,21,0.758,6.724,8.84e-12,5.63e-8,Cnidaria,FBpp0088571,7227,CG10383
NOG246478,21,0.7796,6.703,1.02e-11,6.5e-8,Cnidaria,FBpp0073004,7227,sty
KOG4822,21,0.7649,6.69,1.12e-11,7.12e-8,Cnidaria,FBpp0071946,7227,vir
KOG2857,21,0.7348,6.679,1.2e-11,7.65e-8,Cnidaria,FBpp0086482,7227,CG8204
KOG4693,21,0.6907,6.665,1.32e-11,8.4e-8,Cnidaria,FBpp0304872,7227,CG12081
KOG3160,21,0.7155,6.661,1.36e-11,8.69e-8,Cnidaria,FBpp0081582,7227,CG9427
KOG3160,21,0.7155,6.661,1.36e-11,8.69e-8,Cnidaria,FBpp0082228,7227,GILT1
KOG3160,21,0.7155,6.661,1.36e-11,8.69e-8,Cnidaria,FBpp0083826,7227,GILT3
KOG3160,21,0.7155,6.661,1.36e-11,8.69e-8,Cnidaria,FBpp0083827,7227,GILT2
KOG3160,21,0.7155,6.661,1.36e-11,8.69e-8,Cnidaria,FBpp0291004,7227,CG41378
NOG24748,21,0.7209,6.63,1.68e-11,1.07e-7,Cnidaria,FBpp0073016,7227,CG14977
NOG22542,21,0.7046,6.622,1.77e-11,1.13e-7,Cnidaria,FBpp0078388,7227,Spec2
KOG3950,21,0.7547,6.574,2.45e-11,1.56e-7,Cnidaria,FBpp0291385,7227,Scgdelta
NOG258804,21,0.7181,6.551,2.86e-11,1.82e-7,Cnidaria,FBpp0081426,7227,CG9801
NOG09140,21,0.6834,6.497,4.1e-11,2.61e-7,Cnidaria,FBpp0305839,7227,Glut4EF
KOG4369,21,0.666,6.392,8.2e-11,5.22e-7,Cnidaria,FBpp0293580,7227,mask
NOG270771,21,0.6834,6.372,9.35e-11,5.95e-7,Cnidaria,FBpp0290226,7227,CG34150
KOG4803,21,0.6512,6.339,1.16e-10,7.37e-7,Cnidaria,FBpp0085138,7227,Zwilch
NOG05941,21,0.7005,6.319,1.32e-10,8.39e-7,Cnidaria,FBpp0292509,7227,GIIIspla2
KOG4591,21,0.623,6.286,1.63e-10,1.04e-6,Cnidaria,FBpp0112713,7227,CG41099
NOG238675,21,0.7217,6.215,2.57e-10,1.63e-6,Cnidaria,FBpp0075816,7227,CG5964
NOG01346,21,0.6151,6.156,3.72e-10,2.37e-6,Cnidaria,FBpp0073919,7227,CG15914
NOG252433,21,0.6051,5.981,1.11e-9,7.08e-6,Cnidaria,FBpp0306213,7227,CG14562
COG5067,21,0.552,5.785,3.63e-9,2.31e-5,Cnidaria,FBpp0080396,7227,chif
KOG0109,21,0.5074,5.292,6.04e-8,3.85e-4,Cnidaria,FBpp0076555,7227,lark
KOG2985,21,0.4876,5.199,1e-7,6.39e-4,Cnidaria,FBpp0070874,7227,CG3918
KOG0491,22,0.9309,8.028,4.95e-16,3.15e-12,Ctenophora,FBpp0088920,7227,bsh
KOG1935,22,0.9378,7.97,7.95e-16,5.07e-12,Ctenophora,FBpp0088443,7227,ptc
KOG3825,22,0.8737,7.794,3.26e-15,2.07e-11,Ctenophora,FBpp0082962,7227,DNaseII
KOG4454,22,0.9149,7.75,4.59e-15,2.92e-11,Ctenophora,FBpp0077775,7227,CG11454
KOG3915,22,0.9761,7.739,5e-15,3.18e-11,Ctenophora,FBpp0080433,7227,dac
KOG4440,22,0.9257,7.727,5.51e-15,3.51e-11,Ctenophora,FBpp0078410,7227,Nmdar1
NOG04031,22,0.9627,7.704,6.59e-15,4.2e-11,Ctenophora,FBpp0078892,7227,CG31638
KOG3609,22,0.9258,7.678,8.06e-15,5.14e-11,Ctenophora,FBpp0080498,7227,Trpgamma
KOG3609,22,0.9258,7.678,8.06e-15,5.14e-11,Ctenophora,FBpp0084879,7227,trp
KOG3609,22,0.9258,7.678,8.06e-15,5.14e-11,Ctenophora,FBpp0290876,7227,trpl
KOG3609,22,0.9258,7.678,8.06e-15,5.14e-11,Ctenophora,FBpp0293383,7227,nompC
KOG4736,22,0.9232,7.677,8.13e-15,5.18e-11,Ctenophora,FBpp0078853,7227,CG9117
KOG0493,22,0.9136,7.642,1.07e-14,6.82e-11,Ctenophora,FBpp0087197,7227,en
KOG0689,22,0.9583,7.631,1.17e-14,7.44e-11,Ctenophora,FBpp0072539,7227,trio
KOG0689,22,0.9583,7.631,1.17e-14,7.44e-11,Ctenophora,FBpp0085412,7227,CG30440
KOG0689,22,0.9583,7.631,1.17e-14,7.44e-11,Ctenophora,FBpp0086135,7227,CG15611
KOG0689,22,0.9583,7.631,1.17e-14,7.44e-11,Ctenophora,FBpp0088791,7227,CG33275
KOG0689,22,0.9583,7.631,1.17e-14,7.44e-11,Ctenophora,FBpp0271844,7227,CG30456
KOG3587,22,0.874,7.621,1.26e-14,8.04e-11,Ctenophora,FBpp0074615,7227,Pex23
KOG3587,22,0.874,7.621,1.26e-14,8.04e-11,Ctenophora,FBpp0077683,7227,CG13950
KOG3587,22,0.874,7.621,1.26e-14,8.04e-11,Ctenophora,FBpp0077760,7227,galectin
KOG3587,22,0.874,7.621,1.26e-14,8.04e-11,Ctenophora,FBpp0085887,7227,CG5335
KOG3587,22,0.874,7.621,1.26e-14,8.04e-11,Ctenophora,FBpp0297499,7227,CG11374
KOG3555,22,0.901,7.567,1.91e-14,1.21e-10,Ctenophora,FBpp0291233,7227,CG13830
NOG12102,22,0.8532,7.553,2.12e-14,1.35e-10,Ctenophora,FBpp0078916,7227,CG9550
NOG12102,22,0.8532,7.553,2.12e-14,1.35e-10,Ctenophora,FBpp0078917,7227,CG31637
KOG4834,22,0.9695,7.524,2.66e-14,1.7e-10,Ctenophora,FBpp0079796,7227,CG33695
KOG3648,22,0.9116,7.501,3.18e-14,2.02e-10,Ctenophora,FBpp0304963,7227,Glg1
KOG4357,22,0.8896,7.444,4.89e-14,3.12e-10,Ctenophora,FBpp0088027,7227,boca
KOG1847,22,0.7876,7.418,5.96e-14,3.8e-10,Ctenophora,FBpp0070171,7227,su(w[a])
KOG4729,22,0.8868,7.412,6.21e-14,3.96e-10,Ctenophora,FBpp0291154,7227,CG42402
KOG4729,22,0.8868,7.412,6.21e-14,3.96e-10,Ctenophora,FBpp0302596,7227,Cirl
KOG3920,22,0.7712,7.4,6.83e-14,4.35e-10,Ctenophora,FBpp0071862,7227,CG9849
KOG2120,22,0.8823,7.384,7.67e-14,4.88e-10,Ctenophora,FBpp0078592,7227,Skp2
KOG4050,22,0.8833,7.352,9.8e-14,6.24e-10,Ctenophora,FBpp0080671,7227,Jwa
NOG03818,22,0.9377,7.274,1.74e-13,1.11e-9,Ctenophora,FBpp0075947,7227,wls
NOG03949,22,0.8647,7.173,3.68e-13,2.34e-9,Ctenophora,FBpp0303739,7227,CG4617
KOG0720,22,0.7713,7.16,4.04e-13,2.57e-9,Ctenophora,FBpp0078566,7227,CG14650
NOG05299,22,0.7681,7.121,5.37e-13,3.42e-9,Ctenophora,FBpp0078846,7227,Fbw5
NOG258374,22,0.8133,7.075,7.45e-13,4.74e-9,Ctenophora,FBpp0289280,7227,CG42389
KOG1449,22,0.8639,7.014,1.16e-12,7.38e-9,Ctenophora,FBpp0304488,7227,CdGAPr
KOG3835,22,0.8254,6.895,2.68e-12,1.71e-8,Ctenophora,FBpp0291243,7227,nab
KOG2932,22,0.7674,6.89,2.8e-12,1.78e-8,Ctenophora,FBpp0303688,7227,Hakai
KOG3918,22,0.7001,6.836,4.08e-12,2.6e-8,Ctenophora,FBpp0080679,7227,CG15168
KOG1473,22,0.8355,6.824,4.42e-12,2.81e-8,Ctenophora,FBpp0304412,7227,E(bx)
NOG03519,22,0.8082,6.81,4.86e-12,3.1e-8,Ctenophora,FBpp0078361,7227,MED27
NOG01537,22,0.7024,6.794,5.44e-12,3.46e-8,Ctenophora,FBpp0303280,7227,CG11025
NOG06816,22,0.803,6.764,6.73e-12,4.29e-8,Ctenophora,FBpp0086203,7227,CG6665
NOG10989,22,0.7332,6.734,8.27e-12,5.27e-8,Ctenophora,FBpp0074991,7227,CG33052
KOG4743,22,0.733,6.703,1.02e-11,6.5e-8,Ctenophora,FBpp0087553,7227,dap
KOG4307,22,0.6928,6.67,1.28e-11,8.14e-8,Ctenophora,FBpp0072706,7227,CG7879
KOG4502,22,0.7393,6.661,1.36e-11,8.67e-8,Ctenophora,FBpp0081390,7227,CG11760
KOG4502,22,0.7393,6.661,1.36e-11,8.67e-8,Ctenophora,FBpp0289770,7227,CG8116
COG1090,22,0.719,6.645,1.52e-11,9.67e-8,Ctenophora,FBpp0086984,7227,CG8768
NOG270184,22,0.7103,6.644,1.53e-11,9.73e-8,Ctenophora,FBpp0072894,7227,CG32280
KOG3384,22,0.6708,6.641,1.56e-11,9.91e-8,Ctenophora,FBpp0074949,7227,CG7484
NOG16755,22,0.7353,6.568,2.55e-11,1.63e-7,Ctenophora,FBpp0070975,7227,CG8300
KOG4749,22,0.6048,6.558,2.74e-11,1.74e-7,Ctenophora,FBpp0112280,7227,Ipk1
KOG2405,22,0.6849,6.522,3.46e-11,2.2e-7,Ctenophora,FBpp0075607,7227,CG11263
KOG2405,22,0.6849,6.522,3.46e-11,2.2e-7,Ctenophora,FBpp0113078,7227,egl
COG3670,22,0.6729,6.501,3.98e-11,2.54e-7,Ctenophora,FBpp0082288,7227,ninaB
KOG1571,22,0.6709,6.391,8.25e-11,5.25e-7,Ctenophora,FBpp0073049,7227,Mul1
NOG07567,22,0.6414,6.223,2.45e-10,1.56e-6,Ctenophora,FBpp0078965,7227,CG17378
NOG02338,22,0.6039,5.873,2.14e-9,1.37e-5,Ctenophora,FBpp0084025,7227,CG13617
KOG4692,22,0.5531,5.689,6.39e-9,4.07e-5,Ctenophora,FBpp0082488,7227,CG6752
KOG3665,23,0.9524,8.39,2.43e-17,1.55e-13,Placozoa,FBpp0072595,7227,CG12084
KOG3576,23,0.9869,8.23,9.37e-17,5.97e-13,Placozoa,FBpp0291128,7227,ovo
KOG4029,23,1,8.135,2.05e-16,1.31e-12,Placozoa,FBpp0070071,7227,ac
KOG4029,23,1,8.135,2.05e-16,1.31e-12,Placozoa,FBpp0070072,7227,sc
KOG4029,23,1,8.135,2.05e-16,1.31e-12,Placozoa,FBpp0070073,7227,l(1)sc
KOG4029,23,1,8.135,2.05e-16,1.31e-12,Placozoa,FBpp0070074,7227,ase
KOG4029,23,1,8.135,2.05e-16,1.31e-12,Placozoa,FBpp0070482,7227,HLH3B
KOG4029,23,1,8.135,2.05e-16,1.31e-12,Placozoa,FBpp0070659,7227,HLH4C
KOG4029,23,1,8.135,2.05e-16,1.31e-12,Placozoa,FBpp0079662,7227,Hand
KOG4029,23,1,8.135,2.05e-16,1.31e-12,Placozoa,FBpp0081911,7227,Fer3
KOG4029,23,1,8.135,2.05e-16,1.31e-12,Placozoa,FBpp0088516,7227,HLH54F
KOG4029,23,1,8.135,2.05e-16,1.31e-12,Placozoa,FBpp0089410,7227,Fer1
KOG4029,23,1,8.135,2.05e-16,1.31e-12,Placozoa,FBpp0090974,7227,CG33557
KOG4029,23,1,8.135,2.05e-16,1.31e-12,Placozoa,FBpp0290923,7227,Fer2
KOG1846,23,0.9725,8.053,4.04e-16,2.57e-12,Placozoa,FBpp0293889,7227,CG5937
KOG3537,23,0.9788,8.043,4.37e-16,2.78e-12,Placozoa,FBpp0303726,7227,numb
KOG4063,23,0.9947,8.007,5.89e-16,3.75e-12,Placozoa,FBpp0077492,7227,Npc2a
KOG4063,23,0.9947,8.007,5.89e-16,3.75e-12,Placozoa,FBpp0081654,7227,Npc2c
KOG4063,23,0.9947,8.007,5.89e-16,3.75e-12,Placozoa,FBpp0081680,7227,Npc2d
KOG4063,23,0.9947,8.007,5.89e-16,3.75e-12,Placozoa,FBpp0082349,7227,Npc2b
KOG4063,23,0.9947,8.007,5.89e-16,3.75e-12,Placozoa,FBpp0271877,7227,Npc2e
KOG2748,23,0.9255,7.999,6.29e-16,4e-12,Placozoa,FBpp0078059,7227,Pc
KOG1682,23,0.9056,7.941,9.99e-16,6.36e-12,Placozoa,FBpp0086132,7227,CG6984
KOG3615,23,0.9293,7.938,1.02e-15,6.52e-12,Placozoa,FBpp0111565,7227,CG34401
KOG1955,23,0.9051,7.926,1.13e-15,7.18e-12,Placozoa,FBpp0079817,7227,Reps
KOG3608,23,0.9968,7.886,1.57e-15,9.97e-12,Placozoa,FBpp0070111,7227,CG17829
NOG04602,23,0.9015,7.868,1.8e-15,1.15e-11,Placozoa,FBpp0074331,7227,Tsf1
NOG04602,23,0.9015,7.868,1.8e-15,1.15e-11,Placozoa,FBpp0075698,7227,Tsf2
NOG04602,23,0.9015,7.868,1.8e-15,1.15e-11,Placozoa,FBpp0086274,7227,Tsf3
KOG0993,23,0.967,7.866,1.84e-15,1.17e-11,Placozoa,FBpp0071563,7227,Rbpn-5
KOG4451,23,0.9107,7.857,1.97e-15,1.26e-11,Placozoa,FBpp0074191,7227,CG13001
KOG0485,23,0.9743,7.856,1.98e-15,1.26e-11,Placozoa,FBpp0082400,7227,NK7.1
KOG0485,23,0.9743,7.856,1.98e-15,1.26e-11,Placozoa,FBpp0085536,7227,lms
KOG0485,23,0.9743,7.856,1.98e-15,1.26e-11,Placozoa,FBpp0303411,7227,Hmx
KOG3891,23,0.997,7.793,3.27e-15,2.08e-11,Placozoa,FBpp0077950,7227,CG10566
KOG1892,23,0.9524,7.778,3.67e-15,2.34e-11,Placozoa,FBpp0289752,7227,cno
KOG3512,23,0.9172,7.752,4.53e-15,2.89e-11,Placozoa,FBpp0073759,7227,NetA
KOG3512,23,0.9172,7.752,4.53e-15,2.89e-11,Placozoa,FBpp0291228,7227,NetB
KOG4292,23,0.9574,7.71,6.29e-15,4e-11,Placozoa,FBpp0271945,7227,Cubn
KOG4292,23,0.9574,7.71,6.29e-15,4e-11,Placozoa,FBpp0293228,7227,CG42613
KOG4292,23,0.9574,7.71,6.29e-15,4e-11,Placozoa,FBpp0304441,7227,CG42255
KOG4514,23,0.8847,7.71,6.3e-15,4.01e-11,Placozoa,FBpp0072449,7227,CG17180
KOG4630,23,0.9326,7.706,6.51e-15,4.15e-11,Placozoa,FBpp0070370,7227,ND-B14.5A
KOG4630,23,0.9326,7.706,6.51e-15,4.15e-11,Placozoa,FBpp0078167,7227,ND-B14.5AL
KOG3864,23,0.9427,7.698,6.89e-15,4.39e-11,Placozoa,FBpp0099933,7227,CG10731
KOG3864,23,0.9427,7.698,6.89e-15,4.39e-11,Placozoa,FBpp0302832,7227,CG4042
KOG3560,23,0.9027,7.682,7.86e-15,5e-11,Placozoa,FBpp0297168,7227,ss
KOG4371,23,0.9142,7.68,7.94e-15,5.06e-11,Placozoa,FBpp0077719,7227,ex
COG1972,23,0.8893,7.676,8.22e-15,5.23e-11,Placozoa,FBpp0087643,7227,CG8083
COG1972,23,0.8893,7.676,8.22e-15,5.23e-11,Placozoa,FBpp0289410,7227,CNT1
KOG2193,23,0.8843,7.659,9.4e-15,5.99e-11,Placozoa,FBpp0293680,7227,Imp
COG2373,23,0.9442,7.649,1.01e-14,6.43e-11,Placozoa,FBpp0079101,7227,Tep3
COG2373,23,0.9442,7.649,1.01e-14,6.43e-11,Placozoa,FBpp0079133,7227,Tep2
COG2373,23,0.9442,7.649,1.01e-14,6.43e-11,Placozoa,FBpp0079165,7227,Mcr
COG2373,23,0.9442,7.649,1.01e-14,6.43e-11,Placozoa,FBpp0080369,7227,Tep1
COG2373,23,0.9442,7.649,1.01e-14,6.43e-11,Placozoa,FBpp0303747,7227,Tep4
COG2373,23,0.9442,7.649,1.01e-14,6.43e-11,Placozoa,FBpp0303749,7227,Tep5
KOG3778,23,0.9104,7.626,1.21e-14,7.69e-11,Placozoa,FBpp0077491,7227,CG7289
KOG3965,23,0.8723,7.625,1.22e-14,7.76e-11,Placozoa,FBpp0078163,7227,CG11523
KOG3965,23,0.8723,7.625,1.22e-14,7.76e-11,Placozoa,FBpp0110100,7227,CG14505
KOG3664,23,0.9101,7.617,1.3e-14,8.3e-11,Placozoa,FBpp0078314,7227,disp
KOG4215,23,0.9322,7.616,1.31e-14,8.32e-11,Placozoa,FBpp0079350,7227,Hnf4
KOG4007,23,0.9107,7.616,1.31e-14,8.34e-11,Placozoa,FBpp0099853,7227,CG1161
KOG2181,23,0.9081,7.61,1.37e-14,8.74e-11,Placozoa,FBpp0072101,7227,Chi
KOG4360,23,0.905,7.608,1.39e-14,8.83e-11,Placozoa,FBpp0297341,7227,milt
KOG4796,23,0.8903,7.596,1.53e-14,9.74e-11,Placozoa,FBpp0291257,7227,Su(Tpl)
KOG0081,23,0.8445,7.575,1.8e-14,1.15e-10,Placozoa,FBpp0070280,7227,Rab27
KOG2746,23,0.9472,7.572,1.84e-14,1.17e-10,Placozoa,FBpp0100055,7227,bbx
KOG2746,23,0.9472,7.572,1.84e-14,1.17e-10,Placozoa,FBpp0293566,7227,cic
KOG4349,23,0.9232,7.57,1.86e-14,1.18e-10,Placozoa,FBpp0087346,7227,CG12341
KOG2640,23,0.8903,7.566,1.92e-14,1.22e-10,Placozoa,FBpp0086426,7227,CG8297
KOG4606,23,0.9122,7.55,2.18e-14,1.39e-10,Placozoa,FBpp0075984,7227,CG8009
KOG4606,23,0.9122,7.55,2.18e-14,1.39e-10,Placozoa,FBpp0110553,7227,CG41106
KOG3590,23,0.9302,7.538,2.39e-14,1.52e-10,Placozoa,FBpp0080384,7227,pkaap
KOG4404,23,0.9384,7.531,2.51e-14,1.6e-10,Placozoa,FBpp0081523,7227,Task7
KOG4404,23,0.9384,7.531,2.51e-14,1.6e-10,Placozoa,FBpp0290868,7227,Task6
KOG4404,23,0.9384,7.531,2.51e-14,1.6e-10,Placozoa,FBpp0304660,7227,CG42340
KOG3564,23,0.9637,7.528,2.58e-14,1.65e-10,Placozoa,FBpp0081099,7227,RacGAP84C
KOG3564,23,0.9637,7.528,2.58e-14,1.65e-10,Placozoa,FBpp0086767,7227,tum
KOG3564,23,0.9637,7.528,2.58e-14,1.65e-10,Placozoa,FBpp0288898,7227,RhoGAP18B
NOG07575,23,0.8113,7.522,2.69e-14,1.71e-10,Placozoa,FBpp0085744,7227,mip40
KOG3899,23,0.8738,7.515,2.85e-14,1.81e-10,Placozoa,FBpp0078559,7227,CG14646
KOG3676,23,0.8277,7.509,2.98e-14,1.9e-10,Placozoa,FBpp0070930,7227,iav
KOG3676,23,0.8277,7.509,2.98e-14,1.9e-10,Placozoa,FBpp0302810,7227,nan
KOG2462,23,0.9203,7.504,3.1e-14,1.97e-10,Placozoa,FBpp0072462,7227,Kah
KOG2462,23,0.9203,7.504,3.1e-14,1.97e-10,Placozoa,FBpp0080293,7227,esg
KOG2462,23,0.9203,7.504,3.1e-14,1.97e-10,Placozoa,FBpp0080298,7227,sna
KOG2462,23,0.9203,7.504,3.1e-14,1.97e-10,Placozoa,FBpp0080299,7227,wor
KOG2462,23,0.9203,7.504,3.1e-14,1.97e-10,Placozoa,FBpp0083051,7227,CG7691
KOG2462,23,0.9203,7.504,3.1e-14,1.97e-10,Placozoa,FBpp0289582,7227,CG15446
KOG2462,23,0.9203,7.504,3.1e-14,1.97e-10,Placozoa,FBpp0305342,7227,scrt
KOG2462,23,0.9203,7.504,3.1e-14,1.97e-10,Placozoa,FBpp0305343,7227,CG12605
KOG3705,23,0.8558,7.504,3.1e-14,1.97e-10,Placozoa,FBpp0073457,7227,FucT6
KOG4367,23,0.8648,7.499,3.21e-14,2.04e-10,Placozoa,FBpp0293057,7227,Trim9
KOG3884,23,0.931,7.479,3.74e-14,2.38e-10,Placozoa,FBpp0072288,7227,Atf-2
KOG3760,23,0.9379,7.473,3.93e-14,2.5e-10,Placozoa,FBpp0085478,7227,Hsepi
KOG4594,23,0.8737,7.466,4.14e-14,2.64e-10,Placozoa,FBpp0083032,7227,Ssdp
KOG4577,23,0.9276,7.46,4.32e-14,2.75e-10,Placozoa,FBpp0301569,7227,Lim3
KOG4263,23,0.8044,7.446,4.83e-14,3.07e-10,Placozoa,FBpp0076373,7227,CG5989
KOG3516,23,0.8755,7.433,5.3e-14,3.38e-10,Placozoa,FBpp0075730,7227,Nrx-IV
KOG3516,23,0.8755,7.433,5.3e-14,3.38e-10,Placozoa,FBpp0305769,7227,axo
KOG4734,23,0.8661,7.429,5.46e-14,3.48e-10,Placozoa,FBpp0078445,7227,hd
KOG4490,23,0.8824,7.415,6.08e-14,3.87e-10,Placozoa,FBpp0079495,7227,CG5885
KOG2060,23,0.8702,7.413,6.16e-14,3.92e-10,Placozoa,FBpp0290770,7227,Rim
KOG2060,23,0.8702,7.413,6.16e-14,3.92e-10,Placozoa,FBpp0305807,7227,Fife
NOG05235,23,0.8932,7.41,6.31e-14,4.02e-10,Placozoa,FBpp0111630,7227,Snoo
KOG4099,23,0.8945,7.408,6.41e-14,4.09e-10,Placozoa,FBpp0079675,7227,CG5676
KOG4099,23,0.8945,7.408,6.41e-14,4.09e-10,Placozoa,FBpp0292075,7227,CG12511
KOG4118,23,0.8928,7.399,6.87e-14,4.37e-10,Placozoa,FBpp0297749,7227,CG15715
KOG4118,23,0.8928,7.399,6.87e-14,4.37e-10,Placozoa,FBpp0297750,7227,CG18081
arCOG07452,23,0.8717,7.395,7.05e-14,4.49e-10,Placozoa,FBpp0082981,7227,CG7985
KOG3580,23,0.9142,7.389,7.37e-14,4.7e-10,Placozoa,FBpp0301889,7227,pyd
KOG3551,23,0.8723,7.389,7.38e-14,4.7e-10,Placozoa,FBpp0078104,7227,Syn1
NOG258442,23,0.8,7.381,7.88e-14,5.02e-10,Placozoa,FBpp0076621,7227,BBS1
NOG00583,23,0.8446,7.378,8.06e-14,5.13e-10,Placozoa,FBpp0078118,7227,MED1
KOG4778,23,0.8418,7.37,8.51e-14,5.42e-10,Placozoa,FBpp0081860,7227,mRpL40
KOG0486,23,0.8345,7.363,8.97e-14,5.71e-10,Placozoa,FBpp0271894,7227,Ptx1
KOG3107,23,0.8241,7.361,9.12e-14,5.81e-10,Placozoa,FBpp0078964,7227,eya
NOG270300,23,0.8379,7.36,9.18e-14,5.85e-10,Placozoa,FBpp0110588,7227,CG40127
NOG258080,23,0.8453,7.355,9.56e-14,6.09e-10,Placozoa,FBpp0080722,7227,hk
KOG4590,23,0.877,7.35,9.89e-14,6.3e-10,Placozoa,FBpp0086597,7227,Spred
KOG4590,23,0.877,7.35,9.89e-14,6.3e-10,Placozoa,FBpp0113115,7227,ena
KOG4634,23,0.8684,7.343,1.04e-13,6.65e-10,Placozoa,FBpp0073228,7227,ATPsynCF6L
KOG4634,23,0.8684,7.343,1.04e-13,6.65e-10,Placozoa,FBpp0305911,7227,ATPsynCF6
KOG3930,23,0.8771,7.331,1.15e-13,7.3e-10,Placozoa,FBpp0080025,7227,CG16812
KOG3814,23,0.9349,7.324,1.21e-13,7.69e-10,Placozoa,FBpp0087647,7227,Vang
KOG2170,23,0.9052,7.315,1.29e-13,8.2e-10,Placozoa,FBpp0070658,7227,Torsin
KOG3692,23,0.8521,7.315,1.29e-13,8.21e-10,Placozoa,FBpp0079708,7227,CG6729
KOG0774,23,0.8203,7.308,1.36e-13,8.64e-10,Placozoa,FBpp0073940,7227,exd
KOG1452,23,0.8358,7.307,1.37e-13,8.73e-10,Placozoa,FBpp0291391,7227,RhoGAP100F
NOG05055,23,0.8646,7.305,1.38e-13,8.8e-10,Placozoa,FBpp0110092,7227,CG13624
KOG4647,23,0.8891,7.293,1.51e-13,9.62e-10,Placozoa,FBpp0087734,7227,CG8237
NOG07122,23,0.823,7.29,1.55e-13,9.85e-10,Placozoa,FBpp0078315,7227,CG2023
KOG4379,23,0.8415,7.268,1.83e-13,1.16e-9,Placozoa,FBpp0073439,7227,CG10347
KOG1619,23,0.828,7.267,1.84e-13,1.17e-9,Placozoa,FBpp0072783,7227,CG1275
KOG1619,23,0.828,7.267,1.84e-13,1.17e-9,Placozoa,FBpp0086980,7227,nemy
KOG4706,23,0.8744,7.257,1.98e-13,1.26e-9,Placozoa,FBpp0085192,7227,CG11563
KOG1086,23,0.8522,7.255,2.01e-13,1.28e-9,Placozoa,FBpp0071298,7227,Gga
NOG00367,23,0.78,7.252,2.05e-13,1.3e-9,Placozoa,FBpp0074855,7227,Nufip
NOG00747,23,0.8221,7.244,2.18e-13,1.39e-9,Placozoa,FBpp0071684,7227,MED16
KOG4531,23,0.8138,7.234,2.34e-13,1.49e-9,Placozoa,FBpp0080998,7227,Mpp6
NOG240758,23,0.8329,7.22,2.59e-13,1.65e-9,Placozoa,FBpp0074992,7227,CG33051
NOG00533,23,0.7841,7.21,2.79e-13,1.78e-9,Placozoa,FBpp0083582,7227,CG13409
KOG4538,23,0.8252,7.199,3.04e-13,1.93e-9,Placozoa,FBpp0074509,7227,CG14210
KOG4477,23,0.8214,7.198,3.05e-13,1.94e-9,Placozoa,FBpp0071779,7227,RYBP
KOG2287,23,0.784,7.193,3.17e-13,2.02e-9,Placozoa,FBpp0070103,7227,CG3038
KOG2287,23,0.784,7.193,3.17e-13,2.02e-9,Placozoa,FBpp0070606,7227,brn
KOG2287,23,0.784,7.193,3.17e-13,2.02e-9,Placozoa,FBpp0079197,7227,CG8673
KOG2287,23,0.784,7.193,3.17e-13,2.02e-9,Placozoa,FBpp0079198,7227,CG8668
KOG2287,23,0.784,7.193,3.17e-13,2.02e-9,Placozoa,FBpp0087154,7227,CG33145
KOG2287,23,0.784,7.193,3.17e-13,2.02e-9,Placozoa,FBpp0087155,7227,CG30037
KOG2287,23,0.784,7.193,3.17e-13,2.02e-9,Placozoa,FBpp0087156,7227,CG30036
KOG2287,23,0.784,7.193,3.17e-13,2.02e-9,Placozoa,FBpp0293524,7227,CG11357
NOG26478,23,0.815,7.192,3.2e-13,2.04e-9,Placozoa,FBpp0082232,7227,mRpS21
KOG3640,23,0.8492,7.18,3.47e-13,2.21e-9,Placozoa,FBpp0072008,7227,CG30183
KOG3640,23,0.8492,7.18,3.47e-13,2.21e-9,Placozoa,FBpp0087986,7227,scra
KOG4338,23,0.9142,7.177,3.55e-13,2.26e-9,Placozoa,FBpp0082643,7227,cv-d
KOG4338,23,0.9142,7.177,3.55e-13,2.26e-9,Placozoa,FBpp0088252,7227,Rfabg
KOG4338,23,0.9142,7.177,3.55e-13,2.26e-9,Placozoa,FBpp0292877,7227,Apoltp
NOG19353,23,0.8137,7.172,3.7e-13,2.36e-9,Placozoa,FBpp0073779,7227,CG33177
NOG19353,23,0.8137,7.172,3.7e-13,2.36e-9,Placozoa,FBpp0073780,7227,CG33178
NOG19353,23,0.8137,7.172,3.7e-13,2.36e-9,Placozoa,FBpp0076936,7227,Mgstl
KOG4556,23,0.8603,7.168,3.81e-13,2.43e-9,Placozoa,FBpp0291061,7227,NKAIN
COG1520,23,0.7093,7.156,4.15e-13,2.65e-9,Placozoa,FBpp0088615,7227,U26
NOG00258,23,0.8049,7.144,4.52e-13,2.88e-9,Placozoa,FBpp0075440,7227,CG9384
NOG00258,23,0.8049,7.144,4.52e-13,2.88e-9,Placozoa,FBpp0075451,7227,CG17173
KOG4094,23,0.7694,7.142,4.58e-13,2.92e-9,Placozoa,FBpp0070300,7227,CG14806
KOG1457,23,0.771,7.142,4.59e-13,2.93e-9,Placozoa,FBpp0303307,7227,cpo
KOG1052,23,0.8533,7.141,4.64e-13,2.95e-9,Placozoa,FBpp0070276,7227,Nmdar2
KOG1052,23,0.8533,7.141,4.64e-13,2.95e-9,Placozoa,FBpp0071032,7227,Ir7a
KOG1052,23,0.8533,7.141,4.64e-13,2.95e-9,Placozoa,FBpp0071043,7227,Ir7c
KOG1052,23,0.8533,7.141,4.64e-13,2.95e-9,Placozoa,FBpp0071044,7227,Ir7g
KOG1052,23,0.8533,7.141,4.64e-13,2.95e-9,Placozoa,FBpp0071100,7227,Ir7b
KOG1052,23,0.8533,7.141,4.64e-13,2.95e-9,Placozoa,FBpp0071268,7227,Ir8a
KOG1052,23,0.8533,7.141,4.64e-13,2.95e-9,Placozoa,FBpp0072181,7227,Ir60a
KOG1052,23,0.8533,7.141,4.64e-13,2.95e-9,Placozoa,FBpp0073506,7227,Ir11a
KOG1052,23,0.8533,7.141,4.64e-13,2.95e-9,Placozoa,FBpp0074638,7227,Ir76b
KOG1052,23,0.8533,7.141,4.64e-13,2.95e-9,Placozoa,FBpp0075915,7227,Ir68a
KOG1052,23,0.8533,7.141,4.64e-13,2.95e-9,Placozoa,FBpp0076691,7227,GluRIA
KOG1052,23,0.8533,7.141,4.64e-13,2.95e-9,Placozoa,FBpp0076857,7227,Ir64a
KOG1052,23,0.8533,7.141,4.64e-13,2.95e-9,Placozoa,FBpp0078739,7227,GluRIIA
KOG1052,23,0.8533,7.141,4.64e-13,2.95e-9,Placozoa,FBpp0081058,7227,Ir84a
KOG1052,23,0.8533,7.141,4.64e-13,2.95e-9,Placozoa,FBpp0081400,7227,Ir85a
KOG1052,23,0.8533,7.141,4.64e-13,2.95e-9,Placozoa,FBpp0082252,7227,Ir87a
KOG1052,23,0.8533,7.141,4.64e-13,2.95e-9,Placozoa,FBpp0083346,7227,GluRIID
KOG1052,23,0.8533,7.141,4.64e-13,2.95e-9,Placozoa,FBpp0083391,7227,CG3822
KOG1052,23,0.8533,7.141,4.64e-13,2.95e-9,Placozoa,FBpp0088541,7227,GluRIIB
KOG1052,23,0.8533,7.141,4.64e-13,2.95e-9,Placozoa,FBpp0110134,7227,GluRIIE
KOG1052,23,0.8533,7.141,4.64e-13,2.95e-9,Placozoa,FBpp0110195,7227,clumsy
KOG1052,23,0.8533,7.141,4.64e-13,2.95e-9,Placozoa,FBpp0110206,7227,CG9935
KOG1052,23,0.8533,7.141,4.64e-13,2.95e-9,Placozoa,FBpp0110256,7227,CG5621
KOG1052,23,0.8533,7.141,4.64e-13,2.95e-9,Placozoa,FBpp0111921,7227,Ir21a
KOG1052,23,0.8533,7.141,4.64e-13,2.95e-9,Placozoa,FBpp0271752,7227,GluRIIC
KOG1052,23,0.8533,7.141,4.64e-13,2.95e-9,Placozoa,FBpp0271900,7227,Ir75a
KOG1052,23,0.8533,7.141,4.64e-13,2.95e-9,Placozoa,FBpp0288950,7227,Ir7f
KOG1052,23,0.8533,7.141,4.64e-13,2.95e-9,Placozoa,FBpp0288951,7227,Ir7e
KOG1052,23,0.8533,7.141,4.64e-13,2.95e-9,Placozoa,FBpp0288952,7227,Ir7d
KOG1052,23,0.8533,7.141,4.64e-13,2.95e-9,Placozoa,FBpp0288996,7227,Ir93a
KOG1052,23,0.8533,7.141,4.64e-13,2.95e-9,Placozoa,FBpp0291498,7227,Ir75c
KOG1052,23,0.8533,7.141,4.64e-13,2.95e-9,Placozoa,FBpp0291499,7227,Ir75b
KOG1052,23,0.8533,7.141,4.64e-13,2.95e-9,Placozoa,FBpp0301551,7227,Ir75d
KOG1052,23,0.8533,7.141,4.64e-13,2.95e-9,Placozoa,FBpp0303372,7227,GluRIB
KOG1052,23,0.8533,7.141,4.64e-13,2.95e-9,Placozoa,FBpp0304030,7227,Ir31a
KOG1052,23,0.8533,7.141,4.64e-13,2.95e-9,Placozoa,FBpp0304756,7227,Ir25a
KOG1052,23,0.8533,7.141,4.64e-13,2.95e-9,Placozoa,FBpp0305854,7227,CG11155
NOG08298,23,0.7785,7.137,4.78e-13,3.04e-9,Placozoa,FBpp0079317,7227,fy
KOG4703,23,0.7437,7.13,5.01e-13,3.19e-9,Placozoa,FBpp0301023,7227,CG10616
NOG238027,23,0.832,7.12,5.4e-13,3.44e-9,Placozoa,FBpp0303514,7227,CG10874
KOG3162,23,0.7801,7.119,5.44e-13,3.46e-9,Placozoa,FBpp0081380,7227,mRpS18A
KOG3162,23,0.7801,7.119,5.44e-13,3.46e-9,Placozoa,FBpp0084989,7227,mRpS18C
NOG06086,23,0.7528,7.114,5.66e-13,3.6e-9,Placozoa,FBpp0305749,7227,GXIVsPLA2
NOG04259,23,0.8069,7.088,6.82e-13,4.35e-9,Placozoa,FBpp0291075,7227,SP2637
KOG3993,23,0.8051,7.079,7.25e-13,4.62e-9,Placozoa,FBpp0072489,7227,nerfin-1
KOG3993,23,0.8051,7.079,7.25e-13,4.62e-9,Placozoa,FBpp0081655,7227,nerfin-2
KOG3690,23,0.8502,7.039,9.66e-13,6.15e-9,Placozoa,FBpp0072325,7227,Ance-5
KOG3690,23,0.8502,7.039,9.66e-13,6.15e-9,Placozoa,FBpp0080129,7227,Ance
KOG3690,23,0.8502,7.039,9.66e-13,6.15e-9,Placozoa,FBpp0080131,7227,Ance-2
KOG3690,23,0.8502,7.039,9.66e-13,6.15e-9,Placozoa,FBpp0087745,7227,Ance-4
KOG3690,23,0.8502,7.039,9.66e-13,6.15e-9,Placozoa,FBpp0099733,7227,Ance-3
KOG3690,23,0.8502,7.039,9.66e-13,6.15e-9,Placozoa,FBpp0305608,7227,Acer
NOG09187,23,0.7621,7.038,9.78e-13,6.23e-9,Placozoa,FBpp0304067,7227,CG8677
NOG00449,23,0.7471,7.037,9.85e-13,6.27e-9,Placozoa,FBpp0082313,7227,omd
KOG0976,23,0.793,7.033,1.01e-12,6.44e-9,Placozoa,FBpp0304889,7227,sti
KOG3500,23,0.7409,7.02,1.11e-12,7.08e-9,Placozoa,FBpp0073112,7227,VhaM9.7-c
KOG3500,23,0.7409,7.02,1.11e-12,7.08e-9,Placozoa,FBpp0082809,7227,VhaM9.7-d
KOG3500,23,0.7409,7.02,1.11e-12,7.08e-9,Placozoa,FBpp0112050,7227,VhaM9.7-a
KOG3500,23,0.7409,7.02,1.11e-12,7.08e-9,Placozoa,FBpp0305645,7227,VhaM9.7-b
KOG4052,23,0.8274,7.015,1.15e-12,7.34e-9,Placozoa,FBpp0074801,7227,CG11577
KOG4610,23,0.7939,7.014,1.15e-12,7.35e-9,Placozoa,FBpp0084386,7227,CG14238
COG0629,23,0.7091,7.005,1.24e-12,7.87e-9,Placozoa,FBpp0099503,7227,mtSSB
KOG0750,23,0.8294,6.994,1.33e-12,8.48e-9,Placozoa,FBpp0081958,7227,GC1
KOG0750,23,0.8294,6.994,1.33e-12,8.48e-9,Placozoa,FBpp0081959,7227,GC2
KOG3261,23,0.7845,6.994,1.33e-12,8.49e-9,Placozoa,FBpp0300971,7227,tun
KOG2791,23,0.7722,6.993,1.35e-12,8.57e-9,Placozoa,FBpp0084967,7227,Mgat2
KOG3762,23,0.7887,6.979,1.48e-12,9.44e-9,Placozoa,FBpp0076667,7227,SP1173
KOG3762,23,0.7887,6.979,1.48e-12,9.44e-9,Placozoa,FBpp0077561,7227,CG31663
KOG3762,23,0.7887,6.979,1.48e-12,9.44e-9,Placozoa,FBpp0086335,7227,CG15706
KOG3762,23,0.7887,6.979,1.48e-12,9.44e-9,Placozoa,FBpp0271871,7227,Sug
KOG3762,23,0.7887,6.979,1.48e-12,9.44e-9,Placozoa,FBpp0301077,7227,CG12858
NOG00691,23,0.7117,6.972,1.56e-12,9.95e-9,Placozoa,FBpp0078379,7227,CG2182
KOG2191,23,0.7848,6.953,1.79e-12,1.14e-8,Placozoa,FBpp0291831,7227,ps
KOG0656,23,0.7624,6.945,1.9e-12,1.21e-8,Placozoa,FBpp0289620,7227,CycD
KOG4189,23,0.8094,6.937,2e-12,1.27e-8,Placozoa,FBpp0071544,7227,CG30392
KOG1731,23,0.7909,6.937,2e-12,1.28e-8,Placozoa,FBpp0083547,7227,CG6690
KOG1731,23,0.7909,6.937,2e-12,1.28e-8,Placozoa,FBpp0083548,7227,CG17843
KOG1731,23,0.7909,6.937,2e-12,1.28e-8,Placozoa,FBpp0083834,7227,CG31413
KOG1731,23,0.7909,6.937,2e-12,1.28e-8,Placozoa,FBpp0086873,7227,CG4670
NOG251395,23,0.7536,6.936,2.01e-12,1.28e-8,Placozoa,FBpp0072673,7227,dlt
NOG06803,23,0.8328,6.921,2.24e-12,1.43e-8,Placozoa,FBpp0070831,7227,CG5966
NOG06803,23,0.8328,6.921,2.24e-12,1.43e-8,Placozoa,FBpp0071330,7227,CG1986
NOG06803,23,0.8328,6.921,2.24e-12,1.43e-8,Placozoa,FBpp0071354,7227,Yp1
NOG06803,23,0.8328,6.921,2.24e-12,1.43e-8,Placozoa,FBpp0071359,7227,Yp2
NOG06803,23,0.8328,6.921,2.24e-12,1.43e-8,Placozoa,FBpp0073652,7227,Yp3
NOG06803,23,0.8328,6.921,2.24e-12,1.43e-8,Placozoa,FBpp0074166,7227,CG18258
NOG06803,23,0.8328,6.921,2.24e-12,1.43e-8,Placozoa,FBpp0074167,7227,CG5162
NOG06803,23,0.8328,6.921,2.24e-12,1.43e-8,Placozoa,FBpp0074279,7227,CG6847
NOG06803,23,0.8328,6.921,2.24e-12,1.43e-8,Placozoa,FBpp0075566,7227,CG10116
NOG06803,23,0.8328,6.921,2.24e-12,1.43e-8,Placozoa,FBpp0076717,7227,CG10163
NOG06803,23,0.8328,6.921,2.24e-12,1.43e-8,Placozoa,FBpp0077431,7227,CG4267
NOG06803,23,0.8328,6.921,2.24e-12,1.43e-8,Placozoa,FBpp0079264,7227,CG17292
NOG06803,23,0.8328,6.921,2.24e-12,1.43e-8,Placozoa,FBpp0082679,7227,sxe2
NOG06803,23,0.8328,6.921,2.24e-12,1.43e-8,Placozoa,FBpp0084270,7227,CG4582
NOG06803,23,0.8328,6.921,2.24e-12,1.43e-8,Placozoa,FBpp0084449,7227,CG6295
NOG06803,23,0.8328,6.921,2.24e-12,1.43e-8,Placozoa,FBpp0084450,7227,CG6296
NOG06803,23,0.8328,6.921,2.24e-12,1.43e-8,Placozoa,FBpp0084519,7227,CG6271
NOG06803,23,0.8328,6.921,2.24e-12,1.43e-8,Placozoa,FBpp0084520,7227,CG6277
NOG06803,23,0.8328,6.921,2.24e-12,1.43e-8,Placozoa,FBpp0084521,7227,CG6283
NOG06803,23,0.8328,6.921,2.24e-12,1.43e-8,Placozoa,FBpp0084522,7227,CG17191
NOG06803,23,0.8328,6.921,2.24e-12,1.43e-8,Placozoa,FBpp0086195,7227,CG6472
NOG06803,23,0.8328,6.921,2.24e-12,1.43e-8,Placozoa,FBpp0111664,7227,CG34448
NOG06803,23,0.8328,6.921,2.24e-12,1.43e-8,Placozoa,FBpp0289183,7227,CG6675
NOG06803,23,0.8328,6.921,2.24e-12,1.43e-8,Placozoa,FBpp0289339,7227,CG10357
NOG06803,23,0.8328,6.921,2.24e-12,1.43e-8,Placozoa,FBpp0290351,7227,CG7367
NOG06803,23,0.8328,6.921,2.24e-12,1.43e-8,Placozoa,FBpp0292601,7227,CG6431
NOG06803,23,0.8328,6.921,2.24e-12,1.43e-8,Placozoa,FBpp0297922,7227,CG18641
NOG06803,23,0.8328,6.921,2.24e-12,1.43e-8,Placozoa,FBpp0300878,7227,CG5665
NOG06803,23,0.8328,6.921,2.24e-12,1.43e-8,Placozoa,FBpp0304014,7227,CG13282
KOG2356,23,0.7692,6.875,3.09e-12,1.97e-8,Placozoa,FBpp0111793,7227,CG14906
KOG4798,23,0.7685,6.867,3.27e-12,2.08e-8,Placozoa,FBpp0082733,7227,CG5903
KOG1267,23,0.7473,6.86,3.44e-12,2.19e-8,Placozoa,FBpp0077873,7227,mTerf3
KOG4483,23,0.8039,6.844,3.85e-12,2.45e-8,Placozoa,FBpp0289412,7227,CG2162
KOG2092,23,0.7557,6.835,4.09e-12,2.61e-8,Placozoa,FBpp0086352,7227,CG8405
NOG245535,23,0.7498,6.815,4.73e-12,3.01e-8,Placozoa,FBpp0086186,7227,IntS8
KOG4361,23,0.8016,6.807,4.98e-12,3.17e-8,Placozoa,FBpp0112337,7227,stv
KOG4689,23,0.7166,6.801,5.21e-12,3.32e-8,Placozoa,FBpp0089022,7227,CG7206
KOG4588,23,0.773,6.795,5.41e-12,3.45e-8,Placozoa,FBpp0072712,7227,CG12024
NOG03029,23,0.7119,6.784,5.83e-12,3.71e-8,Placozoa,FBpp0072701,7227,GC
NOG29918,23,0.7119,6.765,6.67e-12,4.25e-8,Placozoa,FBpp0288656,7227,Cby
KOG3945,23,0.6838,6.76,6.9e-12,4.4e-8,Placozoa,FBpp0074314,7227,CG7772
KOG4365,23,0.7066,6.758,6.99e-12,4.45e-8,Placozoa,FBpp0074556,7227,CG14230
KOG4085,23,0.8096,6.752,7.28e-12,4.64e-8,Placozoa,FBpp0075297,7227,fwe
NOG26581,23,0.7056,6.721,9.02e-12,5.74e-8,Placozoa,FBpp0084962,7227,janA
COG4826,23,0.7846,6.72,9.08e-12,5.79e-8,Placozoa,FBpp0074610,7227,Spn77Ba
COG4826,23,0.7846,6.72,9.08e-12,5.79e-8,Placozoa,FBpp0074612,7227,Spn77Bb
COG4826,23,0.7846,6.72,9.08e-12,5.79e-8,Placozoa,FBpp0074805,7227,Acp76A
COG4826,23,0.7846,6.72,9.08e-12,5.79e-8,Placozoa,FBpp0077830,7227,Spn77Bc
COG4826,23,0.7846,6.72,9.08e-12,5.79e-8,Placozoa,FBpp0079094,7227,Spn28B
COG4826,23,0.7846,6.72,9.08e-12,5.79e-8,Placozoa,FBpp0079171,7227,Spn28Dc
COG4826,23,0.7846,6.72,9.08e-12,5.79e-8,Placozoa,FBpp0079179,7227,Spn28Db
COG4826,23,0.7846,6.72,9.08e-12,5.79e-8,Placozoa,FBpp0079243,7227,Spn28F
COG4826,23,0.7846,6.72,9.08e-12,5.79e-8,Placozoa,FBpp0079528,7227,Spn31A
COG4826,23,0.7846,6.72,9.08e-12,5.79e-8,Placozoa,FBpp0080979,7227,Spn38F
COG4826,23,0.7846,6.72,9.08e-12,5.79e-8,Placozoa,FBpp0081649,7227,Spn85F
COG4826,23,0.7846,6.72,9.08e-12,5.79e-8,Placozoa,FBpp0082594,7227,Spn88Eb
COG4826,23,0.7846,6.72,9.08e-12,5.79e-8,Placozoa,FBpp0082595,7227,Spn88Ea
COG4826,23,0.7846,6.72,9.08e-12,5.79e-8,Placozoa,FBpp0085060,7227,Spn100A
COG4826,23,0.7846,6.72,9.08e-12,5.79e-8,Placozoa,FBpp0085497,7227,Spn42De
COG4826,23,0.7846,6.72,9.08e-12,5.79e-8,Placozoa,FBpp0085523,7227,Spn42Da
COG4826,23,0.7846,6.72,9.08e-12,5.79e-8,Placozoa,FBpp0085912,7227,Spn55B
COG4826,23,0.7846,6.72,9.08e-12,5.79e-8,Placozoa,FBpp0088112,7227,Spn43Aa
COG4826,23,0.7846,6.72,9.08e-12,5.79e-8,Placozoa,FBpp0088123,7227,nec
COG4826,23,0.7846,6.72,9.08e-12,5.79e-8,Placozoa,FBpp0088124,7227,Spn43Ad
COG4826,23,0.7846,6.72,9.08e-12,5.79e-8,Placozoa,FBpp0088125,7227,Spn43Ab
COG4826,23,0.7846,6.72,9.08e-12,5.79e-8,Placozoa,FBpp0110068,7227,Spn75F
COG4826,23,0.7846,6.72,9.08e-12,5.79e-8,Placozoa,FBpp0110074,7227,Spn53F
COG4826,23,0.7846,6.72,9.08e-12,5.79e-8,Placozoa,FBpp0110138,7227,Spn28Da
COG4826,23,0.7846,6.72,9.08e-12,5.79e-8,Placozoa,FBpp0289586,7227,Spn42Dd
COG4826,23,0.7846,6.72,9.08e-12,5.79e-8,Placozoa,FBpp0289587,7227,Spn42Db
COG4826,23,0.7846,6.72,9.08e-12,5.79e-8,Placozoa,FBpp0290084,7227,Spn47C
COG4826,23,0.7846,6.72,9.08e-12,5.79e-8,Placozoa,FBpp0296959,7227,Spn42Dc
COG4826,23,0.7846,6.72,9.08e-12,5.79e-8,Placozoa,FBpp0298308,7227,CG43366
COG4826,23,0.7846,6.72,9.08e-12,5.79e-8,Placozoa,FBpp0305543,7227,Spn27A
KOG4244,23,0.6889,6.717,9.25e-12,5.89e-8,Placozoa,FBpp0075170,7227,fax
KOG3777,23,0.7597,6.716,9.32e-12,5.94e-8,Placozoa,FBpp0083248,7227,CG10889
KOG3777,23,0.7597,6.716,9.32e-12,5.94e-8,Placozoa,FBpp0289236,7227,CG42360
NOG14566,23,0.7821,6.694,1.09e-11,6.91e-8,Placozoa,FBpp0305129,7227,asrij
KOG0150,23,0.7793,6.666,1.31e-11,8.37e-8,Placozoa,FBpp0077698,7227,CG4291
KOG2266,23,0.6766,6.626,1.73e-11,1.1e-7,Placozoa,FBpp0099856,7227,Dek
NOG02795,23,0.7383,6.59,2.19e-11,1.4e-7,Placozoa,FBpp0082120,7227,Gnmt
COG3483,23,0.7491,6.562,2.65e-11,1.69e-7,Placozoa,FBpp0073242,7227,v
KOG4467,23,0.7549,6.508,3.8e-11,2.42e-7,Placozoa,FBpp0079758,7227,CG33129
NOG236267,23,0.6948,6.504,3.91e-11,2.49e-7,Placozoa,FBpp0083753,7227,p53
KOG3710,23,0.681,6.481,4.54e-11,2.89e-7,Placozoa,FBpp0078427,7227,Hph
KOG2723,23,0.7416,6.476,4.7e-11,2.99e-7,Placozoa,FBpp0083390,7227,Ktl
KOG2723,23,0.7416,6.476,4.7e-11,2.99e-7,Placozoa,FBpp0300865,7227,twz
KOG3765,23,0.7139,6.466,5.04e-11,3.21e-7,Placozoa,FBpp0072071,7227,CG11388
KOG3765,23,0.7139,6.466,5.04e-11,3.21e-7,Placozoa,FBpp0078799,7227,CG11149
KOG3765,23,0.7139,6.466,5.04e-11,3.21e-7,Placozoa,FBpp0079983,7227,CG15483
KOG3765,23,0.7139,6.466,5.04e-11,3.21e-7,Placozoa,FBpp0112197,7227,CG9996
KOG3765,23,0.7139,6.466,5.04e-11,3.21e-7,Placozoa,FBpp0290453,7227,CG9171
KOG3765,23,0.7139,6.466,5.04e-11,3.21e-7,Placozoa,FBpp0293007,7227,CG34011
KOG3765,23,0.7139,6.466,5.04e-11,3.21e-7,Placozoa,FBpp0293957,7227,CG3253
KOG2673,23,0.6641,6.42,6.8e-11,4.33e-7,Placozoa,FBpp0289717,7227,CG4622
NOG257722,23,0.6869,6.413,7.11e-11,4.53e-7,Placozoa,FBpp0111579,7227,CG34404
NOG257976,23,0.7075,6.411,7.23e-11,4.6e-7,Placozoa,FBpp0081737,7227,CG6325
NOG03260,23,0.6769,6.404,7.58e-11,4.83e-7,Placozoa,FBpp0080737,7227,CG10750
NOG03260,23,0.6769,6.404,7.58e-11,4.83e-7,Placozoa,FBpp0080766,7227,CG17564
NOG03471,23,0.6664,6.401,7.74e-11,4.93e-7,Placozoa,FBpp0290038,7227,CG17258
arCOG04990,23,0.6859,6.33,1.23e-10,7.82e-7,Placozoa,FBpp0075261,7227,CG12713
KOG4452,23,0.6032,6.321,1.3e-10,8.28e-7,Placozoa,FBpp0075098,7227,CG9669
KOG1841,23,0.6366,6.286,1.63e-10,1.04e-6,Placozoa,FBpp0071564,7227,Sara
KOG4034,23,0.6504,6.107,5.09e-10,3.24e-6,Placozoa,FBpp0073524,7227,mRpL49
KOG2800,23,0.6221,6.033,8.06e-10,5.13e-6,Placozoa,FBpp0083068,7227,CG31122
COG2262,23,0.6524,5.955,1.3e-9,8.3e-6,Placozoa,FBpp0084251,7227,CG5116
COG2262,23,0.6524,5.955,1.3e-9,8.3e-6,Placozoa,FBpp0289669,7227,CG42488
NOG00984,23,0.5894,5.937,1.45e-9,9.22e-6,Placozoa,FBpp0086114,7227,EDTP
KOG4745,23,0.6276,5.876,2.1e-9,1.34e-5,Placozoa,FBpp0081722,7227,Timp
KOG0568,23,0.5914,5.869,2.19e-9,1.4e-5,Placozoa,FBpp0297779,7227,CG43322
KOG4850,23,0.6185,5.839,2.62e-9,1.67e-5,Placozoa,FBpp0289201,7227,CG14464
NOG06895,23,0.5538,5.825,2.86e-9,1.82e-5,Placozoa,FBpp0303820,7227,CG13901
NOG258024,23,0.5069,5.762,4.17e-9,2.65e-5,Placozoa,FBpp0081044,7227,dtr
NOG253616,23,0.5726,5.756,4.3e-9,2.74e-5,Placozoa,FBpp0073030,7227,CG10866
NOG11629,23,0.5848,5.737,4.81e-9,3.06e-5,Placozoa,FBpp0290414,7227,CG8401
NOG00087,23,0.5744,5.657,7.72e-9,4.91e-5,Placozoa,FBpp0303126,7227,Gem2
NOG258353,23,0.5683,5.617,9.73e-9,6.2e-5,Placozoa,FBpp0077861,7227,CG32425
NOG244820,23,0.5791,5.535,1.56e-8,9.94e-5,Placozoa,FBpp0291772,7227,tacc
NOG00350,23,0.5221,5.452,2.5e-8,1.59e-4,Placozoa,FBpp0292263,7227,Pol32
NOG230612,23,0.5741,5.43,2.82e-8,1.79e-4,Placozoa,FBpp0087763,7227,CG8252
NOG257568,23,0.5216,5.408,3.18e-8,2.03e-4,Placozoa,FBpp0078757,7227,CG14015
NOG09884,23,0.4686,5.043,2.3e-7,0.00146,Placozoa,FBpp0081214,7227,CG10286
NOG03694,23,0.5468,5.019,2.6e-7,0.00165,Placozoa,FBpp0087798,7227,CG14767
NOG08700,23,0.4409,4.927,4.17e-7,0.00266,Placozoa,FBpp0079364,7227,CG18661
NOG254102,23,0.2987,3.276,5.27e-4,1,Placozoa,FBpp0297737,7227,CG43295
NOG269623,23,0.1983,2.249,0.0122,1,Placozoa,FBpp0111321,7227,CG34213
KOG3606,24,0.9664,8.3,5.19e-17,3.31e-13,Porifera,FBpp0074229,7227,par-6
KOG3927,24,1,8.207,1.14e-16,7.25e-13,Porifera,FBpp0079009,7227,nrv2
KOG3927,24,1,8.207,1.14e-16,7.25e-13,Porifera,FBpp0079012,7227,nrv1
KOG3927,24,1,8.207,1.14e-16,7.25e-13,Porifera,FBpp0080259,7227,CG33310
KOG3927,24,1,8.207,1.14e-16,7.25e-13,Porifera,FBpp0083157,7227,CG5250
KOG3927,24,1,8.207,1.14e-16,7.25e-13,Porifera,FBpp0083158,7227,CG11703
KOG3927,24,1,8.207,1.14e-16,7.25e-13,Porifera,FBpp0293274,7227,GABA-B-R1
KOG3927,24,1,8.207,1.14e-16,7.25e-13,Porifera,FBpp0305547,7227,nrv3
KOG3759,24,0.9928,8.197,1.24e-16,7.88e-13,Porifera,FBpp0070180,7227,CG3703
KOG3944,24,0.9634,8.177,1.46e-16,9.28e-13,Porifera,FBpp0074044,7227,CG4239
KOG3944,24,0.9634,8.177,1.46e-16,9.28e-13,Porifera,FBpp0075134,7227,retinin
KOG3944,24,0.9634,8.177,1.46e-16,9.28e-13,Porifera,FBpp0112360,7227,CG33061
KOG3944,24,0.9634,8.177,1.46e-16,9.28e-13,Porifera,FBpp0293850,7227,CG33060
KOG3900,24,1,8.159,1.69e-16,1.08e-12,Porifera,FBpp0072036,7227,gbb
KOG3900,24,1,8.159,1.69e-16,1.08e-12,Porifera,FBpp0077404,7227,daw
KOG3900,24,1,8.159,1.69e-16,1.08e-12,Porifera,FBpp0077451,7227,dpp
KOG3900,24,1,8.159,1.69e-16,1.08e-12,Porifera,FBpp0080802,7227,scw
KOG3900,24,1,8.159,1.69e-16,1.08e-12,Porifera,FBpp0088162,7227,myo
KOG3900,24,1,8.159,1.69e-16,1.08e-12,Porifera,FBpp0088172,7227,mav
KOG3900,24,1,8.159,1.69e-16,1.08e-12,Porifera,FBpp0088273,7227,Actbeta
KOG2133,24,0.9649,8.157,1.72e-16,1.1e-12,Porifera,FBpp0305263,7227,Gug
KOG3821,24,0.997,8.141,1.97e-16,1.25e-12,Porifera,FBpp0075431,7227,dlp
KOG3821,24,0.997,8.141,1.97e-16,1.25e-12,Porifera,FBpp0297069,7227,dally
KOG0125,24,0.9222,8.14,1.97e-16,1.25e-12,Porifera,FBpp0293630,7227,A2bp1
KOG3792,24,0.9954,8.129,2.17e-16,1.38e-12,Porifera,FBpp0082066,7227,CG5641
KOG3792,24,0.9954,8.129,2.17e-16,1.38e-12,Porifera,FBpp0305489,7227,Zn72D
KOG3708,24,0.9876,8.085,3.11e-16,1.98e-12,Porifera,FBpp0297743,7227,CG43313
KOG3513,24,0.9788,8.077,3.32e-16,2.11e-12,Porifera,FBpp0078557,7227,Cont
KOG3513,24,0.9788,8.077,3.32e-16,2.11e-12,Porifera,FBpp0297081,7227,Nrg
KOG3913,24,1,8.066,3.62e-16,2.31e-12,Porifera,FBpp0074394,7227,Wnt5
KOG3913,24,1,8.066,3.62e-16,2.31e-12,Porifera,FBpp0079060,7227,wg
KOG3913,24,1,8.066,3.62e-16,2.31e-12,Porifera,FBpp0082243,7227,wntD
KOG3913,24,1,8.066,3.62e-16,2.31e-12,Porifera,FBpp0087596,7227,Wnt2
KOG3913,24,1,8.066,3.62e-16,2.31e-12,Porifera,FBpp0088345,7227,Wnt4
KOG3913,24,1,8.066,3.62e-16,2.31e-12,Porifera,FBpp0292305,7227,Wnt10
KOG3913,24,1,8.066,3.62e-16,2.31e-12,Porifera,FBpp0292343,7227,Wnt6
KOG0489,24,0.9959,8.059,3.85e-16,2.45e-12,Porifera,FBpp0070105,7227,vnd
KOG0489,24,0.9959,8.059,3.85e-16,2.45e-12,Porifera,FBpp0076468,7227,exex
KOG0489,24,0.9959,8.059,3.85e-16,2.45e-12,Porifera,FBpp0081138,7227,Dfd
KOG0489,24,0.9959,8.059,3.85e-16,2.45e-12,Porifera,FBpp0081139,7227,ftz
KOG0489,24,0.9959,8.059,3.85e-16,2.45e-12,Porifera,FBpp0081161,7227,Antp
KOG0489,24,0.9959,8.059,3.85e-16,2.45e-12,Porifera,FBpp0081168,7227,bcd
KOG0489,24,0.9959,8.059,3.85e-16,2.45e-12,Porifera,FBpp0081170,7227,zen
KOG0489,24,0.9959,8.059,3.85e-16,2.45e-12,Porifera,FBpp0081171,7227,zen2
KOG0489,24,0.9959,8.059,3.85e-16,2.45e-12,Porifera,FBpp0081194,7227,lab
KOG0489,24,0.9959,8.059,3.85e-16,2.45e-12,Porifera,FBpp0082793,7227,Ubx
KOG0489,24,0.9959,8.059,3.85e-16,2.45e-12,Porifera,FBpp0082829,7227,abd-A
KOG0489,24,0.9959,8.059,3.85e-16,2.45e-12,Porifera,FBpp0083485,7227,tin
KOG0489,24,0.9959,8.059,3.85e-16,2.45e-12,Porifera,FBpp0083486,7227,bap
KOG0489,24,0.9959,8.059,3.85e-16,2.45e-12,Porifera,FBpp0083671,7227,btn
KOG0489,24,0.9959,8.059,3.85e-16,2.45e-12,Porifera,FBpp0084461,7227,ro
KOG0489,24,0.9959,8.059,3.85e-16,2.45e-12,Porifera,FBpp0087173,7227,inv
KOG0489,24,0.9959,8.059,3.85e-16,2.45e-12,Porifera,FBpp0087667,7227,unpg
KOG0489,24,0.9959,8.059,3.85e-16,2.45e-12,Porifera,FBpp0088333,7227,pb
KOG0489,24,0.9959,8.059,3.85e-16,2.45e-12,Porifera,FBpp0089393,7227,Scr
KOG0489,24,0.9959,8.059,3.85e-16,2.45e-12,Porifera,FBpp0112474,7227,scro
KOG0489,24,0.9959,8.059,3.85e-16,2.45e-12,Porifera,FBpp0306007,7227,ind
KOG3573,24,0.997,8.05,4.15e-16,2.65e-12,Porifera,FBpp0071971,7227,Dcp-1
KOG3573,24,0.997,8.05,4.15e-16,2.65e-12,Porifera,FBpp0076076,7227,Dronc
KOG3573,24,0.997,8.05,4.15e-16,2.65e-12,Porifera,FBpp0082755,7227,Decay
KOG3573,24,0.997,8.05,4.15e-16,2.65e-12,Porifera,FBpp0084848,7227,Drice
KOG3573,24,0.997,8.05,4.15e-16,2.65e-12,Porifera,FBpp0085364,7227,Strica
KOG3573,24,0.997,8.05,4.15e-16,2.65e-12,Porifera,FBpp0087167,7227,Damm
KOG3573,24,0.997,8.05,4.15e-16,2.65e-12,Porifera,FBpp0113052,7227,Dredd
KOG4294,24,1,8.033,4.77e-16,3.04e-12,Porifera,FBpp0071741,7227,ppk12
KOG4294,24,1,8.033,4.77e-16,3.04e-12,Porifera,FBpp0072024,7227,Gr59e
KOG4294,24,1,8.033,4.77e-16,3.04e-12,Porifera,FBpp0072025,7227,ppk3
KOG4294,24,1,8.033,4.77e-16,3.04e-12,Porifera,FBpp0074109,7227,ppk28
KOG4294,24,1,8.033,4.77e-16,3.04e-12,Porifera,FBpp0078882,7227,ppk14
KOG4294,24,1,8.033,4.77e-16,3.04e-12,Porifera,FBpp0078911,7227,ppk7
KOG4294,24,1,8.033,4.77e-16,3.04e-12,Porifera,FBpp0079513,7227,CG13120
KOG4294,24,1,8.033,4.77e-16,3.04e-12,Porifera,FBpp0080210,7227,ppk
KOG4294,24,1,8.033,4.77e-16,3.04e-12,Porifera,FBpp0080487,7227,ppk17
KOG4294,24,1,8.033,4.77e-16,3.04e-12,Porifera,FBpp0081034,7227,ppk13
KOG4294,24,1,8.033,4.77e-16,3.04e-12,Porifera,FBpp0084814,7227,ppk21
KOG4294,24,1,8.033,4.77e-16,3.04e-12,Porifera,FBpp0084817,7227,ppk19
KOG4294,24,1,8.033,4.77e-16,3.04e-12,Porifera,FBpp0084832,7227,ppk20
KOG4294,24,1,8.033,4.77e-16,3.04e-12,Porifera,FBpp0085126,7227,ppk24
KOG4294,24,1,8.033,4.77e-16,3.04e-12,Porifera,FBpp0085501,7227,ppk25
KOG4294,24,1,8.033,4.77e-16,3.04e-12,Porifera,FBpp0085629,7227,ppk6
KOG4294,24,1,8.033,4.77e-16,3.04e-12,Porifera,FBpp0088959,7227,Nach
KOG4294,24,1,8.033,4.77e-16,3.04e-12,Porifera,FBpp0099453,7227,ppk10
KOG4294,24,1,8.033,4.77e-16,3.04e-12,Porifera,FBpp0100162,7227,ppk11
KOG4294,24,1,8.033,4.77e-16,3.04e-12,Porifera,FBpp0100163,7227,ppk16
KOG4294,24,1,8.033,4.77e-16,3.04e-12,Porifera,FBpp0111506,7227,ppk9
KOG4294,24,1,8.033,4.77e-16,3.04e-12,Porifera,FBpp0111911,7227,ppk23
KOG4294,24,1,8.033,4.77e-16,3.04e-12,Porifera,FBpp0112207,7227,ppk15
KOG4294,24,1,8.033,4.77e-16,3.04e-12,Porifera,FBpp0112295,7227,ppk31
KOG4294,24,1,8.033,4.77e-16,3.04e-12,Porifera,FBpp0271865,7227,ppk22
KOG4294,24,1,8.033,4.77e-16,3.04e-12,Porifera,FBpp0288408,7227,ppk29
KOG4294,24,1,8.033,4.77e-16,3.04e-12,Porifera,FBpp0292213,7227,ppk27
KOG4294,24,1,8.033,4.77e-16,3.04e-12,Porifera,FBpp0293856,7227,rpk
KOG4294,24,1,8.033,4.77e-16,3.04e-12,Porifera,FBpp0293869,7227,ppk5
KOG4294,24,1,8.033,4.77e-16,3.04e-12,Porifera,FBpp0298009,7227,ppk8
KOG4294,24,1,8.033,4.77e-16,3.04e-12,Porifera,FBpp0304714,7227,ppk30
KOG4294,24,1,8.033,4.77e-16,3.04e-12,Porifera,FBpp0305020,7227,ppk26
KOG3806,24,1,8.028,4.94e-16,3.15e-12,Porifera,FBpp0076762,7227,Ets65A
KOG3806,24,1,8.028,4.94e-16,3.15e-12,Porifera,FBpp0077739,7227,Ets21C
KOG3806,24,1,8.028,4.94e-16,3.15e-12,Porifera,FBpp0084458,7227,Ets97D
KOG3806,24,1,8.028,4.94e-16,3.15e-12,Porifera,FBpp0088658,7227,pnt
KOG3806,24,1,8.028,4.94e-16,3.15e-12,Porifera,FBpp0089401,7227,Ets96B
KOG4637,24,0.9756,8.017,5.42e-16,3.45e-12,Porifera,FBpp0303635,7227,Pi3K21B
KOG0249,24,0.9993,8.01,5.74e-16,3.65e-12,Porifera,FBpp0112019,7227,CG11206
KOG0249,24,0.9993,8.01,5.74e-16,3.65e-12,Porifera,FBpp0302974,7227,LIP
KOG3567,24,0.9606,8.008,5.84e-16,3.72e-12,Porifera,FBpp0072112,7227,Phm
KOG3567,24,0.9606,8.008,5.84e-16,3.72e-12,Porifera,FBpp0088497,7227,Pal2
KOG3567,24,0.9606,8.008,5.84e-16,3.72e-12,Porifera,FBpp0271777,7227,Pal1
KOG3816,24,0.9133,7.972,7.81e-16,4.98e-12,Porifera,FBpp0303343,7227,hdc
KOG3583,24,0.9665,7.959,8.66e-16,5.51e-12,Porifera,FBpp0085609,7227,MED8
KOG4219,24,0.9938,7.951,9.28e-16,5.91e-12,Porifera,FBpp0072171,7227,CG13575
KOG4219,24,0.9938,7.951,9.28e-16,5.91e-12,Porifera,FBpp0076853,7227,Lkr
KOG4219,24,0.9938,7.951,9.28e-16,5.91e-12,Porifera,FBpp0084873,7227,TkR99D
KOG4219,24,0.9938,7.951,9.28e-16,5.91e-12,Porifera,FBpp0085328,7227,CCHa2-R
KOG4219,24,0.9938,7.951,9.28e-16,5.91e-12,Porifera,FBpp0086052,7227,CCHa1-R
KOG4219,24,0.9938,7.951,9.28e-16,5.91e-12,Porifera,FBpp0111701,7227,TkR86C
KOG4221,24,0.9574,7.95,9.36e-16,5.96e-12,Porifera,FBpp0086935,7227,fra
KOG4221,24,0.9574,7.95,9.36e-16,5.96e-12,Porifera,FBpp0293586,7227,plum
KOG4715,24,0.9303,7.936,1.05e-15,6.67e-12,Porifera,FBpp0071235,7227,dalao
KOG3932,24,0.9251,7.932,1.07e-15,6.84e-12,Porifera,FBpp0304060,7227,Cdk5alpha
KOG0665,24,0.9355,7.92,1.18e-15,7.54e-12,Porifera,FBpp0079676,7227,bsk
KOG0850,24,0.9903,7.915,1.23e-15,7.86e-12,Porifera,FBpp0075463,7227,HGTX
KOG0850,24,0.9903,7.915,1.23e-15,7.86e-12,Porifera,FBpp0080942,7227,cad
KOG0850,24,0.9903,7.915,1.23e-15,7.86e-12,Porifera,FBpp0082326,7227,ems
KOG0850,24,0.9903,7.915,1.23e-15,7.86e-12,Porifera,FBpp0082343,7227,E5
KOG0850,24,0.9903,7.915,1.23e-15,7.86e-12,Porifera,FBpp0082993,7227,CG18599
KOG0850,24,0.9903,7.915,1.23e-15,7.86e-12,Porifera,FBpp0083375,7227,CG15696
KOG0850,24,0.9903,7.915,1.23e-15,7.86e-12,Porifera,FBpp0084807,7227,Dr
KOG0850,24,0.9903,7.915,1.23e-15,7.86e-12,Porifera,FBpp0289353,7227,Dll
KOG1013,24,0.9434,7.908,1.31e-15,8.33e-12,Porifera,FBpp0071431,7227,Rph
KOG1013,24,0.9434,7.908,1.31e-15,8.33e-12,Porifera,FBpp0305709,7227,PsGEF
KOG3955,24,0.994,7.906,1.33e-15,8.49e-12,Porifera,FBpp0083255,7227,Hs6st
KOG1215,24,0.9587,7.9,1.39e-15,8.88e-12,Porifera,FBpp0072590,7227,cue
KOG1215,24,0.9587,7.9,1.39e-15,8.88e-12,Porifera,FBpp0073715,7227,yl
KOG1215,24,0.9587,7.9,1.39e-15,8.88e-12,Porifera,FBpp0073931,7227,CG8909
KOG1215,24,0.9587,7.9,1.39e-15,8.88e-12,Porifera,FBpp0076333,7227,ImpE1
KOG1215,24,0.9587,7.9,1.39e-15,8.88e-12,Porifera,FBpp0076397,7227,CG17352
KOG1215,24,0.9587,7.9,1.39e-15,8.88e-12,Porifera,FBpp0077926,7227,CG32432
KOG1215,24,0.9587,7.9,1.39e-15,8.88e-12,Porifera,FBpp0079096,7227,CG6739
KOG1215,24,0.9587,7.9,1.39e-15,8.88e-12,Porifera,FBpp0086768,7227,CG6553
KOG1215,24,0.9587,7.9,1.39e-15,8.88e-12,Porifera,FBpp0086821,7227,arr
KOG1215,24,0.9587,7.9,1.39e-15,8.88e-12,Porifera,FBpp0112298,7227,LpR2
KOG1215,24,0.9587,7.9,1.39e-15,8.88e-12,Porifera,FBpp0291363,7227,mgl
KOG1215,24,0.9587,7.9,1.39e-15,8.88e-12,Porifera,FBpp0303798,7227,LRP1
KOG1215,24,0.9587,7.9,1.39e-15,8.88e-12,Porifera,FBpp0305397,7227,LpR1
KOG2494,24,0.9692,7.893,1.47e-15,9.37e-12,Porifera,FBpp0297556,7227,mbl
KOG4095,24,0.976,7.878,1.66e-15,1.06e-11,Porifera,FBpp0071293,7227,BCL7-like
KOG0983,24,0.9683,7.877,1.68e-15,1.07e-11,Porifera,FBpp0073578,7227,hep
KOG0630,24,0.9424,7.875,1.7e-15,1.08e-11,Porifera,FBpp0076891,7227,CG1486
KOG4602,24,0.9754,7.875,1.71e-15,1.09e-11,Porifera,FBpp0083146,7227,nos
KOG3978,24,0.9683,7.875,1.71e-15,1.09e-11,Porifera,FBpp0075940,7227,CG7638
KOG4304,24,0.9715,7.874,1.71e-15,1.09e-11,Porifera,FBpp0074362,7227,Her
KOG4304,24,0.9715,7.874,1.71e-15,1.09e-11,Porifera,FBpp0080685,7227,Side
KOG4304,24,0.9715,7.874,1.71e-15,1.09e-11,Porifera,FBpp0081723,7227,cwo
KOG4304,24,0.9715,7.874,1.71e-15,1.09e-11,Porifera,FBpp0084328,7227,HLHmdelta
KOG4304,24,0.9715,7.874,1.71e-15,1.09e-11,Porifera,FBpp0084329,7227,HLHmgamma
KOG4304,24,0.9715,7.874,1.71e-15,1.09e-11,Porifera,FBpp0084332,7227,HLHm3
KOG4304,24,0.9715,7.874,1.71e-15,1.09e-11,Porifera,FBpp0084334,7227,HLHm7
KOG4304,24,0.9715,7.874,1.71e-15,1.09e-11,Porifera,FBpp0084335,7227,E(spl)
KOG4304,24,0.9715,7.874,1.71e-15,1.09e-11,Porifera,FBpp0084352,7227,HLHm5
KOG4304,24,0.9715,7.874,1.71e-15,1.09e-11,Porifera,FBpp0084355,7227,HLHmbeta
KOG4304,24,0.9715,7.874,1.71e-15,1.09e-11,Porifera,FBpp0087879,7227,dpn
KOG4304,24,0.9715,7.874,1.71e-15,1.09e-11,Porifera,FBpp0087945,7227,Hey
KOG4304,24,0.9715,7.874,1.71e-15,1.09e-11,Porifera,FBpp0099504,7227,h
KOG3663,24,0.9846,7.869,1.78e-15,1.14e-11,Porifera,FBpp0088208,7227,NfI
KOG1945,24,0.9873,7.867,1.81e-15,1.16e-11,Porifera,FBpp0075758,7227,Ir68b
KOG1945,24,0.9873,7.867,1.81e-15,1.16e-11,Porifera,FBpp0293163,7227,Spn
KOG0775,24,0.9759,7.865,1.85e-15,1.18e-11,Porifera,FBpp0077932,7227,Six4
KOG0775,24,0.9759,7.865,1.85e-15,1.18e-11,Porifera,FBpp0087941,7227,Optix
KOG0775,24,0.9759,7.865,1.85e-15,1.18e-11,Porifera,FBpp0089177,7227,so
KOG0112,24,0.9744,7.856,1.99e-15,1.27e-11,Porifera,FBpp0077781,7227,spen
KOG0112,24,0.9744,7.856,1.99e-15,1.27e-11,Porifera,FBpp0087934,7227,nito
KOG2353,24,0.9347,7.854,2.02e-15,1.29e-11,Porifera,FBpp0085614,7227,CG16868
KOG2353,24,0.9347,7.854,2.02e-15,1.29e-11,Porifera,FBpp0291664,7227,CG4587
KOG2353,24,0.9347,7.854,2.02e-15,1.29e-11,Porifera,FBpp0292805,7227,CG42818
KOG2353,24,0.9347,7.854,2.02e-15,1.29e-11,Porifera,FBpp0293237,7227,stj
KOG2353,24,0.9347,7.854,2.02e-15,1.29e-11,Porifera,FBpp0304633,7227,CG42817
KOG1608,24,0.9788,7.849,2.1e-15,1.34e-11,Porifera,FBpp0070162,7227,TRAM
KOG1608,24,0.9788,7.849,2.1e-15,1.34e-11,Porifera,FBpp0298010,7227,CG32815
KOG3879,24,0.9211,7.846,2.15e-15,1.37e-11,Porifera,FBpp0072642,7227,CG13919
KOG3879,24,0.9211,7.846,2.15e-15,1.37e-11,Porifera,FBpp0074442,7227,CG14194
KOG3701,24,1,7.845,2.16e-15,1.38e-11,Porifera,FBpp0071140,7227,Smox
KOG3701,24,1,7.845,2.16e-15,1.38e-11,Porifera,FBpp0082834,7227,Dad
KOG3701,24,1,7.845,2.16e-15,1.38e-11,Porifera,FBpp0085176,7227,Med
KOG3701,24,1,7.845,2.16e-15,1.38e-11,Porifera,FBpp0304648,7227,Mad
KOG4396,24,0.929,7.833,2.38e-15,1.51e-11,Porifera,FBpp0081990,7227,CG6962
KOG3570,24,0.9515,7.833,2.38e-15,1.52e-11,Porifera,FBpp0298037,7227,Rab3-GEF
KOG4790,24,0.9109,7.833,2.39e-15,1.52e-11,Porifera,FBpp0088525,7227,CG18635
COG3177,24,0.8777,7.832,2.41e-15,1.53e-11,Porifera,FBpp0078887,7227,Fic
KOG2077,24,0.9787,7.831,2.43e-15,1.55e-11,Porifera,FBpp0076483,7227,syd
KOG4156,24,0.8775,7.828,2.48e-15,1.58e-11,Porifera,FBpp0073142,7227,Claspin
KOG3811,24,0.9494,7.819,2.65e-15,1.69e-11,Porifera,FBpp0305656,7227,TfAP-2
KOG4301,24,0.984,7.819,2.67e-15,1.7e-11,Porifera,FBpp0111987,7227,Dyb
NOG253121,24,0.969,7.816,2.73e-15,1.74e-11,Porifera,FBpp0271789,7227,CG12393
KOG0115,24,0.9362,7.81,2.85e-15,1.81e-11,Porifera,FBpp0074012,7227,nonA
KOG0115,24,0.9362,7.81,2.85e-15,1.81e-11,Porifera,FBpp0305874,7227,nonA-l
KOG3598,24,0.934,7.799,3.12e-15,1.98e-11,Porifera,FBpp0074653,7227,kto
KOG0488,24,0.9317,7.789,3.37e-15,2.15e-11,Porifera,FBpp0073489,7227,CG11085
KOG0488,24,0.9317,7.789,3.37e-15,2.15e-11,Porifera,FBpp0074203,7227,B-H2
KOG0488,24,0.9317,7.789,3.37e-15,2.15e-11,Porifera,FBpp0074204,7227,B-H1
KOG0488,24,0.9317,7.789,3.37e-15,2.15e-11,Porifera,FBpp0078858,7227,H2.0
KOG0488,24,0.9317,7.789,3.37e-15,2.15e-11,Porifera,FBpp0083490,7227,lbe
KOG0488,24,0.9317,7.789,3.37e-15,2.15e-11,Porifera,FBpp0083510,7227,C15
KOG0488,24,0.9317,7.789,3.37e-15,2.15e-11,Porifera,FBpp0083521,7227,slou
KOG0488,24,0.9317,7.789,3.37e-15,2.15e-11,Porifera,FBpp0288576,7227,Dbx
KOG0488,24,0.9317,7.789,3.37e-15,2.15e-11,Porifera,FBpp0301047,7227,CG34031
KOG0488,24,0.9317,7.789,3.37e-15,2.15e-11,Porifera,FBpp0304711,7227,lbl
KOG4222,24,0.9732,7.786,3.47e-15,2.21e-11,Porifera,FBpp0071834,7227,robo
KOG4222,24,0.9732,7.786,3.47e-15,2.21e-11,Porifera,FBpp0077587,7227,robo3
KOG4222,24,0.9732,7.786,3.47e-15,2.21e-11,Porifera,FBpp0077606,7227,lea
KOG3558,24,0.9986,7.785,3.49e-15,2.22e-11,Porifera,FBpp0082178,7227,sim
KOG3558,24,0.9986,7.785,3.49e-15,2.22e-11,Porifera,FBpp0084931,7227,sima
KOG3558,24,0.9986,7.785,3.49e-15,2.22e-11,Porifera,FBpp0306032,7227,trh
KOG3714,24,0.9435,7.785,3.5e-15,2.23e-11,Porifera,FBpp0074382,7227,CG6696
KOG3714,24,0.9435,7.785,3.5e-15,2.23e-11,Porifera,FBpp0080312,7227,CG11865
KOG3714,24,0.9435,7.785,3.5e-15,2.23e-11,Porifera,FBpp0080313,7227,CG7631
KOG3714,24,0.9435,7.785,3.5e-15,2.23e-11,Porifera,FBpp0080340,7227,CG15253
KOG3714,24,0.9435,7.785,3.5e-15,2.23e-11,Porifera,FBpp0080341,7227,CG15254
KOG3714,24,0.9435,7.785,3.5e-15,2.23e-11,Porifera,FBpp0080342,7227,Semp1
KOG3714,24,0.9435,7.785,3.5e-15,2.23e-11,Porifera,FBpp0080343,7227,CG15255
KOG3714,24,0.9435,7.785,3.5e-15,2.23e-11,Porifera,FBpp0082501,7227,CG6974
KOG3714,24,0.9435,7.785,3.5e-15,2.23e-11,Porifera,FBpp0083770,7227,CG6763
KOG3714,24,0.9435,7.785,3.5e-15,2.23e-11,Porifera,FBpp0084018,7227,CG5715
KOG3714,24,0.9435,7.785,3.5e-15,2.23e-11,Porifera,FBpp0084068,7227,tok
KOG3714,24,0.9435,7.785,3.5e-15,2.23e-11,Porifera,FBpp0084070,7227,tld
KOG3714,24,0.9435,7.785,3.5e-15,2.23e-11,Porifera,FBpp0301222,7227,CG10280
KOG3714,24,0.9435,7.785,3.5e-15,2.23e-11,Porifera,FBpp0304441,7227,CG42255
KOG4572,24,0.9336,7.779,3.65e-15,2.33e-11,Porifera,FBpp0078365,7227,Atg17
KOG4786,24,0.9277,7.772,3.86e-15,2.46e-11,Porifera,FBpp0084784,7227,yem
KOG1229,24,0.9215,7.772,3.86e-15,2.46e-11,Porifera,FBpp0291341,7227,Pde8
KOG4552,24,0.9788,7.772,3.87e-15,2.47e-11,Porifera,FBpp0076599,7227,MED4
NOG259096,24,0.8656,7.758,4.33e-15,2.76e-11,Porifera,FBpp0070116,7227,CG13367
KOG2192,24,0.998,7.757,4.33e-15,2.76e-11,Porifera,FBpp0089363,7227,bl
KOG4345,24,0.9677,7.747,4.71e-15,3e-11,Porifera,FBpp0081569,7227,trbd
KOG3600,24,0.883,7.744,4.82e-15,3.07e-11,Porifera,FBpp0111743,7227,skd
KOG3612,24,0.9378,7.735,5.17e-15,3.29e-11,Porifera,FBpp0085185,7227,CG1815
KOG3612,24,0.9378,7.735,5.17e-15,3.29e-11,Porifera,FBpp0087051,7227,CG8569
KOG4079,24,0.9343,7.733,5.24e-15,3.34e-11,Porifera,FBpp0073762,7227,mRpS25
KOG3575,24,1,7.729,5.42e-15,3.45e-11,Porifera,FBpp0076448,7227,ERR
KOG3575,24,1,7.729,5.42e-15,3.45e-11,Porifera,FBpp0081008,7227,Hr39
KOG3575,24,1,7.729,5.42e-15,3.45e-11,Porifera,FBpp0081210,7227,Hr83
KOG3575,24,1,7.729,5.42e-15,3.45e-11,Porifera,FBpp0082035,7227,svp
KOG3575,24,1,7.729,5.42e-15,3.45e-11,Porifera,FBpp0084131,7227,Hr96
KOG3575,24,1,7.729,5.42e-15,3.45e-11,Porifera,FBpp0085071,7227,tll
KOG3575,24,1,7.729,5.42e-15,3.45e-11,Porifera,FBpp0089291,7227,Hr78
KOG3575,24,1,7.729,5.42e-15,3.45e-11,Porifera,FBpp0112948,7227,Hr51
KOG3575,24,1,7.729,5.42e-15,3.45e-11,Porifera,FBpp0291631,7227,EcR
KOG3575,24,1,7.729,5.42e-15,3.45e-11,Porifera,FBpp0297287,7227,Eip78C
KOG3575,24,1,7.729,5.42e-15,3.45e-11,Porifera,FBpp0297726,7227,Eip75B
KOG3575,24,1,7.729,5.42e-15,3.45e-11,Porifera,FBpp0305445,7227,dsf
KOG3575,24,1,7.729,5.42e-15,3.45e-11,Porifera,FBpp0305529,7227,Hr4
KOG3575,24,1,7.729,5.42e-15,3.45e-11,Porifera,FBpp0305937,7227,usp
KOG3535,24,0.9728,7.727,5.52e-15,3.52e-11,Porifera,FBpp0075077,7227,Dab
KOG3802,24,0.9993,7.723,5.69e-15,3.63e-11,Porifera,FBpp0073832,7227,acj6
KOG3802,24,0.9993,7.723,5.69e-15,3.63e-11,Porifera,FBpp0076653,7227,vvl
KOG3802,24,0.9993,7.723,5.69e-15,3.63e-11,Porifera,FBpp0079973,7227,pdm2
KOG3802,24,0.9993,7.723,5.69e-15,3.63e-11,Porifera,FBpp0111554,7227,nub
KOG3802,24,0.9993,7.723,5.69e-15,3.63e-11,Porifera,FBpp0292045,7227,pdm3
KOG0824,24,0.931,7.715,6.03e-15,3.84e-11,Porifera,FBpp0079707,7227,CG17124
KOG0824,24,0.931,7.715,6.03e-15,3.84e-11,Porifera,FBpp0304246,7227,CG8786
KOG4343,24,0.8511,7.712,6.17e-15,3.93e-11,Porifera,FBpp0085417,7227,Atf6
KOG3990,24,0.8984,7.709,6.36e-15,4.05e-11,Porifera,FBpp0088493,7227,CG4452
KOG3577,24,0.9956,7.708,6.39e-15,4.07e-11,Porifera,FBpp0070976,7227,fz4
KOG3577,24,0.9956,7.708,6.39e-15,4.07e-11,Porifera,FBpp0071118,7227,CG1632
KOG3577,24,0.9956,7.708,6.39e-15,4.07e-11,Porifera,FBpp0075485,7227,fz
KOG3577,24,0.9956,7.708,6.39e-15,4.07e-11,Porifera,FBpp0077788,7227,smo
KOG3577,24,0.9956,7.708,6.39e-15,4.07e-11,Porifera,FBpp0087983,7227,Corin
KOG3577,24,0.9956,7.708,6.39e-15,4.07e-11,Porifera,FBpp0111841,7227,fz3
KOG3577,24,0.9956,7.708,6.39e-15,4.07e-11,Porifera,FBpp0304981,7227,fz2
KOG2070,24,0.9311,7.707,6.43e-15,4.1e-11,Porifera,FBpp0111797,7227,rtGEF
KOG4078,24,0.8971,7.703,6.67e-15,4.25e-11,Porifera,FBpp0085893,7227,mRpS28
KOG3727,24,1,7.702,6.68e-15,4.25e-11,Porifera,FBpp0073066,7227,Fit1
KOG3727,24,1,7.702,6.68e-15,4.25e-11,Porifera,FBpp0075035,7227,Fit2
NOG257675,24,0.9674,7.702,6.69e-15,4.26e-11,Porifera,FBpp0302887,7227,sick
KOG3815,24,1,7.702,6.71e-15,4.27e-11,Porifera,FBpp0073599,7227,dmrt11E
KOG3815,24,1,7.702,6.71e-15,4.27e-11,Porifera,FBpp0081256,7227,dsx
KOG3815,24,1,7.702,6.71e-15,4.27e-11,Porifera,FBpp0083410,7227,dmrt93B
KOG3815,24,1,7.702,6.71e-15,4.27e-11,Porifera,FBpp0084820,7227,dmrt99B
KOG3515,24,0.873,7.701,6.75e-15,4.3e-11,Porifera,FBpp0077154,7227,ed
KOG3515,24,0.873,7.701,6.75e-15,4.3e-11,Porifera,FBpp0077198,7227,CG31773
KOG3515,24,0.873,7.701,6.75e-15,4.3e-11,Porifera,FBpp0086545,7227,hbs
KOG3515,24,0.873,7.701,6.75e-15,4.3e-11,Porifera,FBpp0087717,7227,CG30350
KOG3515,24,0.873,7.701,6.75e-15,4.3e-11,Porifera,FBpp0110103,7227,CG34113
KOG3515,24,0.873,7.701,6.75e-15,4.3e-11,Porifera,FBpp0110105,7227,CG34114
KOG3515,24,0.873,7.701,6.75e-15,4.3e-11,Porifera,FBpp0110338,7227,sns
KOG3515,24,0.873,7.701,6.75e-15,4.3e-11,Porifera,FBpp0111508,7227,CG34371
KOG3515,24,0.873,7.701,6.75e-15,4.3e-11,Porifera,FBpp0111687,7227,CG12484
KOG3515,24,0.873,7.701,6.75e-15,4.3e-11,Porifera,FBpp0288989,7227,CG42313
KOG3515,24,0.873,7.701,6.75e-15,4.3e-11,Porifera,FBpp0292351,7227,CG14372
KOG3515,24,0.873,7.701,6.75e-15,4.3e-11,Porifera,FBpp0293373,7227,nrm
KOG3515,24,0.873,7.701,6.75e-15,4.3e-11,Porifera,FBpp0300449,7227,fred
KOG3515,24,0.873,7.701,6.75e-15,4.3e-11,Porifera,FBpp0301133,7227,side
KOG3515,24,0.873,7.701,6.75e-15,4.3e-11,Porifera,FBpp0304084,7227,CG12950
KOG4240,24,0.9556,7.701,6.77e-15,4.31e-11,Porifera,FBpp0072539,7227,trio
KOG4240,24,0.9556,7.701,6.77e-15,4.31e-11,Porifera,FBpp0112375,7227,Unc-89
KOG4240,24,0.9556,7.701,6.77e-15,4.31e-11,Porifera,FBpp0304429,7227,zormin
KOG4240,24,0.9556,7.701,6.77e-15,4.31e-11,Porifera,FBpp0305643,7227,CG15822
KOG3807,24,0.9042,7.699,6.83e-15,4.35e-11,Porifera,FBpp0077930,7227,CG3634
NOG03672,24,0.9556,7.693,7.21e-15,4.59e-11,Porifera,FBpp0304603,7227,Fgop2
KOG0129,24,0.997,7.684,7.7e-15,4.9e-11,Porifera,FBpp0083776,7227,orb
KOG0129,24,0.997,7.684,7.7e-15,4.9e-11,Porifera,FBpp0303905,7227,orb2
KOG0129,24,0.997,7.684,7.7e-15,4.9e-11,Porifera,FBpp0303909,7227,CG43783
KOG4026,24,0.9938,7.684,7.71e-15,4.91e-11,Porifera,FBpp0072300,7227,CG3770
KOG4026,24,0.9938,7.684,7.71e-15,4.91e-11,Porifera,FBpp0072716,7227,Tmhs
KOG3740,24,0.9079,7.683,7.77e-15,4.95e-11,Porifera,FBpp0303964,7227,simj
KOG2312,24,0.9313,7.682,7.83e-15,4.99e-11,Porifera,FBpp0085442,7227,Bap170
KOG3571,24,0.9788,7.681,7.87e-15,5.01e-11,Porifera,FBpp0073310,7227,dsh
NOG03159,24,0.936,7.677,8.15e-15,5.19e-11,Porifera,FBpp0073859,7227,Gmap
KOG4152,24,0.8411,7.675,8.25e-15,5.25e-11,Porifera,FBpp0088193,7227,Hcf
KOG3842,24,0.9073,7.67,8.62e-15,5.49e-11,Porifera,FBpp0111820,7227,Pli
KOG1899,24,0.9704,7.669,8.7e-15,5.54e-11,Porifera,FBpp0075555,7227,CG10743
KOG1480,24,0.9137,7.662,9.17e-15,5.84e-11,Porifera,FBpp0086514,7227,unc-5
KOG4051,24,0.9183,7.661,9.21e-15,5.86e-11,Porifera,FBpp0087765,7227,MrgBP
KOG3556,24,0.883,7.661,9.25e-15,5.89e-11,Porifera,FBpp0079659,7227,CYLD
KOG3568,24,0.8492,7.658,9.47e-15,6.03e-11,Porifera,FBpp0075252,7227,CG5235
KOG3568,24,0.8492,7.658,9.47e-15,6.03e-11,Porifera,FBpp0089042,7227,Tbh
KOG3568,24,0.8492,7.658,9.47e-15,6.03e-11,Porifera,FBpp0305421,7227,olf413
KOG4005,24,0.886,7.656,9.56e-15,6.09e-11,Porifera,FBpp0301746,7227,Xbp1
KOG4290,24,0.8572,7.648,1.02e-14,6.51e-11,Porifera,FBpp0071642,7227,CG9304
KOG3868,24,0.9171,7.647,1.03e-14,6.58e-11,Porifera,FBpp0087668,7227,VhaAC45
KOG3868,24,0.9171,7.647,1.03e-14,6.58e-11,Porifera,FBpp0110131,7227,CG31030
KOG3868,24,0.9171,7.647,1.03e-14,6.58e-11,Porifera,FBpp0305304,7227,CG5421
KOG4059,24,0.8949,7.643,1.06e-14,6.73e-11,Porifera,FBpp0074883,7227,CG4306
KOG4059,24,0.8949,7.643,1.06e-14,6.73e-11,Porifera,FBpp0271909,7227,CG32196
KOG4560,24,0.9378,7.629,1.18e-14,7.52e-11,Porifera,FBpp0080077,7227,CG7099
KOG4684,24,0.9346,7.626,1.21e-14,7.7e-11,Porifera,FBpp0076085,7227,CG6707
KOG4495,24,0.9006,7.622,1.25e-14,7.94e-11,Porifera,FBpp0083354,7227,EloB
KOG4312,24,0.972,7.621,1.26e-14,8.04e-11,Porifera,FBpp0305446,7227,por
KOG4087,24,0.8893,7.619,1.28e-14,8.14e-11,Porifera,FBpp0112217,7227,CG14507
KOG2279,24,0.9329,7.619,1.28e-14,8.15e-11,Porifera,FBpp0070761,7227,spoon
KOG2279,24,0.9329,7.619,1.28e-14,8.15e-11,Porifera,FBpp0077508,7227,papi
KOG4402,24,0.8881,7.616,1.31e-14,8.33e-11,Porifera,FBpp0070805,7227,lin-52
KOG4728,24,0.8949,7.613,1.34e-14,8.53e-11,Porifera,FBpp0085443,7227,Debcl
KOG4728,24,0.8949,7.613,1.34e-14,8.53e-11,Porifera,FBpp0087182,7227,Buffy
NOG09806,24,0.9177,7.613,1.34e-14,8.53e-11,Porifera,FBpp0305149,7227,Asx
KOG3804,24,0.9171,7.605,1.43e-14,9.08e-11,Porifera,FBpp0077522,7227,aop
KOG3804,24,0.9171,7.605,1.43e-14,9.08e-11,Porifera,FBpp0099825,7227,Eip74EF
KOG2715,24,0.86,7.598,1.5e-14,9.55e-11,Porifera,FBpp0070250,7227,inc
KOG3450,24,0.8327,7.593,1.56e-14,9.94e-11,Porifera,FBpp0082333,7227,CG9922
KOG3161,24,0.9139,7.59,1.6e-14,1.02e-10,Porifera,FBpp0305463,7227,roq
KOG1821,24,0.9349,7.587,1.64e-14,1.04e-10,Porifera,FBpp0303268,7227,CG30389
NOG02932,24,0.8309,7.585,1.67e-14,1.06e-10,Porifera,FBpp0081012,7227,CG8671
KOG2677,24,0.9378,7.584,1.67e-14,1.06e-10,Porifera,FBpp0291230,7227,stnB
KOG0639,24,0.9026,7.582,1.7e-14,1.08e-10,Porifera,FBpp0089115,7227,gro
KOG4101,24,0.9289,7.571,1.85e-14,1.18e-10,Porifera,FBpp0084530,7227,CG5938
KOG3910,24,0.9943,7.571,1.86e-14,1.18e-10,Porifera,FBpp0304504,7227,da
KOG4352,24,0.9039,7.571,1.86e-14,1.18e-10,Porifera,FBpp0078601,7227,CG12581
KOG4352,24,0.9039,7.571,1.86e-14,1.18e-10,Porifera,FBpp0086539,7227,CG10257
KOG4074,24,0.8974,7.561,2e-14,1.28e-10,Porifera,FBpp0081525,7227,CG9356
KOG2685,24,0.9005,7.555,2.09e-14,1.33e-10,Porifera,FBpp0070049,7227,CG32819
KOG2685,24,0.9005,7.555,2.09e-14,1.33e-10,Porifera,FBpp0070052,7227,CG32820
KOG2685,24,0.9005,7.555,2.09e-14,1.33e-10,Porifera,FBpp0070056,7227,CG17450
KOG2685,24,0.9005,7.555,2.09e-14,1.33e-10,Porifera,FBpp0302027,7227,CG3085
KOG2685,24,0.9005,7.555,2.09e-14,1.33e-10,Porifera,FBpp0303715,7227,Tektin-A
KOG2685,24,0.9005,7.555,2.09e-14,1.33e-10,Porifera,FBpp0303911,7227,Tektin-C
KOG3898,24,0.9349,7.553,2.13e-14,1.36e-10,Porifera,FBpp0074978,7227,tap
KOG3898,24,0.9349,7.553,2.13e-14,1.36e-10,Porifera,FBpp0081462,7227,sage
KOG3898,24,0.9349,7.553,2.13e-14,1.36e-10,Porifera,FBpp0288762,7227,net
KOG3898,24,0.9349,7.553,2.13e-14,1.36e-10,Porifera,FBpp0292344,7227,Oli
KOG3898,24,0.9349,7.553,2.13e-14,1.36e-10,Porifera,FBpp0305546,7227,dimm
KOG2400,24,0.8437,7.55,2.18e-14,1.39e-10,Porifera,FBpp0300807,7227,ZAP3
NOG01580,24,0.8189,7.547,2.22e-14,1.41e-10,Porifera,FBpp0077617,7227,ast
KOG3817,24,0.9095,7.545,2.25e-14,1.44e-10,Porifera,FBpp0074150,7227,CG9723
KOG4785,24,0.9047,7.544,2.29e-14,1.46e-10,Porifera,FBpp0072641,7227,Bgb
KOG4785,24,0.9047,7.544,2.29e-14,1.46e-10,Porifera,FBpp0072643,7227,Bro
NOG09264,24,0.8357,7.541,2.33e-14,1.48e-10,Porifera,FBpp0291968,7227,CG14591
NOG17268,24,0.8426,7.536,2.43e-14,1.55e-10,Porifera,FBpp0088669,7227,CG18004
NOG02259,24,0.8385,7.534,2.47e-14,1.57e-10,Porifera,FBpp0076461,7227,CG7565
KOG2010,24,0.855,7.529,2.55e-14,1.63e-10,Porifera,FBpp0073918,7227,CG8578
KOG0006,24,0.893,7.529,2.56e-14,1.63e-10,Porifera,FBpp0077974,7227,park
KOG3579,24,0.9154,7.526,2.62e-14,1.67e-10,Porifera,FBpp0271753,7227,CG11138
KOG3427,24,0.8357,7.525,2.63e-14,1.67e-10,Porifera,FBpp0084140,7227,PQBP1
KOG0827,24,0.869,7.522,2.69e-14,1.71e-10,Porifera,FBpp0085929,7227,nopo
KOG3543,24,0.9254,7.522,2.71e-14,1.72e-10,Porifera,FBpp0298334,7227,Caps
KOG4795,24,0.8472,7.515,2.84e-14,1.81e-10,Porifera,FBpp0088079,7227,Eaf
KOG4196,24,0.924,7.503,3.11e-14,1.98e-10,Porifera,FBpp0085544,7227,maf-S
KOG4196,24,0.924,7.503,3.11e-14,1.98e-10,Porifera,FBpp0290883,7227,tj
KOG4318,24,0.8922,7.501,3.17e-14,2.02e-10,Porifera,FBpp0070221,7227,CG14786
KOG4318,24,0.8922,7.501,3.17e-14,2.02e-10,Porifera,FBpp0080637,7227,bsf
KOG4466,24,0.8698,7.493,3.36e-14,2.14e-10,Porifera,FBpp0073526,7227,Brms1
KOG4466,24,0.8698,7.493,3.36e-14,2.14e-10,Porifera,FBpp0297991,7227,CG14220
KOG3605,24,0.9167,7.49,3.45e-14,2.2e-10,Porifera,FBpp0071422,7227,X11Lbeta
KOG3605,24,0.9167,7.49,3.45e-14,2.2e-10,Porifera,FBpp0290910,7227,X11L
NOG01278,24,0.841,7.485,3.58e-14,2.28e-10,Porifera,FBpp0289142,7227,p130CAS
KOG0445,24,0.9231,7.482,3.65e-14,2.33e-10,Porifera,FBpp0072795,7227,CG33232
KOG3863,24,0.8756,7.481,3.69e-14,2.35e-10,Porifera,FBpp0297671,7227,cnc
KOG2113,24,0.9254,7.475,3.85e-14,2.45e-10,Porifera,FBpp0302676,7227,CG11360
KOG4065,24,0.8653,7.475,3.86e-14,2.46e-10,Porifera,FBpp0083397,7227,CG17271
KOG4065,24,0.8653,7.475,3.86e-14,2.46e-10,Porifera,FBpp0110252,7227,CG12817
KOG4515,24,0.9313,7.472,3.95e-14,2.52e-10,Porifera,FBpp0073437,7227,CG11802
KOG4515,24,0.9313,7.472,3.95e-14,2.52e-10,Porifera,FBpp0088679,7227,CG18619
NOG250175,24,0.8784,7.463,4.22e-14,2.69e-10,Porifera,FBpp0083453,7227,Nelf-A
KOG4024,24,0.8948,7.463,4.23e-14,2.7e-10,Porifera,FBpp0086051,7227,P32
NOG04382,24,0.9207,7.458,4.38e-14,2.79e-10,Porifera,FBpp0303144,7227,unc80
KOG3561,24,0.9181,7.458,4.4e-14,2.81e-10,Porifera,FBpp0073368,7227,Met
KOG3561,24,0.9181,7.458,4.4e-14,2.81e-10,Porifera,FBpp0074693,7227,cyc
KOG3561,24,0.9181,7.458,4.4e-14,2.81e-10,Porifera,FBpp0081483,7227,tgo
KOG3561,24,0.9181,7.458,4.4e-14,2.81e-10,Porifera,FBpp0099478,7227,Clk
KOG3561,24,0.9181,7.458,4.4e-14,2.81e-10,Porifera,FBpp0293513,7227,tai
KOG3561,24,0.9181,7.458,4.4e-14,2.81e-10,Porifera,FBpp0301991,7227,gce
KOG3248,24,0.9301,7.455,4.5e-14,2.87e-10,Porifera,FBpp0111569,7227,pan
KOG0093,24,0.914,7.454,4.53e-14,2.88e-10,Porifera,FBpp0087352,7227,Rab3
KOG3874,24,0.9106,7.45,4.67e-14,2.97e-10,Porifera,FBpp0081333,7227,Atg13
KOG3074,24,0.874,7.447,4.76e-14,3.03e-10,Porifera,FBpp0089038,7227,Pur-alpha
KOG1519,24,0.959,7.435,5.21e-14,3.32e-10,Porifera,FBpp0084925,7227,CG7943
KOG4330,24,0.9169,7.434,5.25e-14,3.35e-10,Porifera,FBpp0076560,7227,akirin
KOG4330,24,0.9169,7.434,5.25e-14,3.35e-10,Porifera,FBpp0292844,7227,CG42830
KOG4457,24,0.8499,7.427,5.55e-14,3.53e-10,Porifera,FBpp0072116,7227,CG16787
KOG4309,24,0.9403,7.422,5.75e-14,3.66e-10,Porifera,FBpp0079166,7227,MED20
KOG3953,24,0.9073,7.418,5.95e-14,3.79e-10,Porifera,FBpp0075267,7227,CG10516
KOG3953,24,0.9073,7.418,5.95e-14,3.79e-10,Porifera,FBpp0078643,7227,SP555
KOG3953,24,0.9073,7.418,5.95e-14,3.79e-10,Porifera,FBpp0086875,7227,Fsn
KOG3953,24,0.9073,7.418,5.95e-14,3.79e-10,Porifera,FBpp0301582,7227,gus
KOG4461,24,0.852,7.416,6.05e-14,3.85e-10,Porifera,FBpp0073910,7227,mRpS30
KOG4049,24,0.8631,7.415,6.07e-14,3.86e-10,Porifera,FBpp0089346,7227,Mlf
NOG03488,24,0.8526,7.414,6.14e-14,3.91e-10,Porifera,FBpp0070416,7227,ph-p
NOG03488,24,0.8526,7.414,6.14e-14,3.91e-10,Porifera,FBpp0070417,7227,ph-d
KOG0982,24,0.8454,7.409,6.38e-14,4.06e-10,Porifera,FBpp0297577,7227,nuf
KOG3711,24,0.8766,7.4,6.83e-14,4.35e-10,Porifera,FBpp0082713,7227,asun
KOG0083,24,0.823,7.396,7e-14,4.46e-10,Porifera,FBpp0304179,7227,Rab26
KOG0664,24,0.9124,7.389,7.38e-14,4.7e-10,Porifera,FBpp0305425,7227,nmo
KOG2982,24,0.8403,7.386,7.59e-14,4.84e-10,Porifera,FBpp0304278,7227,mlt
NOG237329,24,0.8738,7.385,7.62e-14,4.85e-10,Porifera,FBpp0084689,7227,Noa36
KOG4368,24,0.933,7.384,7.68e-14,4.89e-10,Porifera,FBpp0075048,7227,scaf6
KOG0561,24,0.8865,7.381,7.83e-14,4.99e-10,Porifera,FBpp0080411,7227,crp
KOG4818,24,0.8142,7.38,7.92e-14,5.04e-10,Porifera,FBpp0074614,7227,CG32225
KOG4818,24,0.8142,7.38,7.92e-14,5.04e-10,Porifera,FBpp0085251,7227,Lamp1
KOG1280,24,0.9254,7.377,8.11e-14,5.17e-10,Porifera,FBpp0070521,7227,CG3526
KOG1280,24,0.9254,7.377,8.11e-14,5.17e-10,Porifera,FBpp0078830,7227,CG31642
KOG1280,24,0.9254,7.377,8.11e-14,5.17e-10,Porifera,FBpp0080198,7227,CG15286
KOG1280,24,0.9254,7.377,8.11e-14,5.17e-10,Porifera,FBpp0080229,7227,CG31835
KOG1280,24,0.9254,7.377,8.11e-14,5.17e-10,Porifera,FBpp0289967,7227,CG11984
KOG1280,24,0.9254,7.377,8.11e-14,5.17e-10,Porifera,FBpp0290952,7227,CG42585
KOG1280,24,0.9254,7.377,8.11e-14,5.17e-10,Porifera,FBpp0293447,7227,stai
KOG4223,24,0.906,7.368,8.67e-14,5.52e-10,Porifera,FBpp0088881,7227,scf
KOG4223,24,0.906,7.368,8.67e-14,5.52e-10,Porifera,FBpp0291121,7227,CG31650
KOG3883,24,0.9349,7.368,8.67e-14,5.52e-10,Porifera,FBpp0088074,7227,kappaB-Ras
NOG00247,24,0.8856,7.361,9.11e-14,5.8e-10,Porifera,FBpp0075370,7227,CG7804
NOG00247,24,0.8856,7.361,9.11e-14,5.8e-10,Porifera,FBpp0088568,7227,TBPH
KOG4104,24,0.9278,7.359,9.24e-14,5.89e-10,Porifera,FBpp0082767,7227,mRpS33
NOG11651,24,0.7968,7.357,9.37e-14,5.97e-10,Porifera,FBpp0292871,7227,raw
COG0733,24,0.8925,7.346,1.02e-13,6.49e-10,Porifera,FBpp0070763,7227,NAAT1
COG0733,24,0.8925,7.346,1.02e-13,6.49e-10,Porifera,FBpp0072269,7227,SerT
COG0733,24,0.8925,7.346,1.02e-13,6.49e-10,Porifera,FBpp0074994,7227,blot
COG0733,24,0.8925,7.346,1.02e-13,6.49e-10,Porifera,FBpp0076158,7227,CG4476
COG0733,24,0.8925,7.346,1.02e-13,6.49e-10,Porifera,FBpp0077136,7227,ine
COG0733,24,0.8925,7.346,1.02e-13,6.49e-10,Porifera,FBpp0079102,7227,Ntl
COG0733,24,0.8925,7.346,1.02e-13,6.49e-10,Porifera,FBpp0079124,7227,CG31904
COG0733,24,0.8925,7.346,1.02e-13,6.49e-10,Porifera,FBpp0079126,7227,CG13796
COG0733,24,0.8925,7.346,1.02e-13,6.49e-10,Porifera,FBpp0079130,7227,CG13794
COG0733,24,0.8925,7.346,1.02e-13,6.49e-10,Porifera,FBpp0080247,7227,CG15279
COG0733,24,0.8925,7.346,1.02e-13,6.49e-10,Porifera,FBpp0086271,7227,DAT
COG0733,24,0.8925,7.346,1.02e-13,6.49e-10,Porifera,FBpp0086433,7227,bdg
COG0733,24,0.8925,7.346,1.02e-13,6.49e-10,Porifera,FBpp0087080,7227,CG8850
COG0733,24,0.8925,7.346,1.02e-13,6.49e-10,Porifera,FBpp0087558,7227,CG1698
COG0733,24,0.8925,7.346,1.02e-13,6.49e-10,Porifera,FBpp0088910,7227,CG1732
COG0733,24,0.8925,7.346,1.02e-13,6.49e-10,Porifera,FBpp0112979,7227,CG10804
COG0733,24,0.8925,7.346,1.02e-13,6.49e-10,Porifera,FBpp0289933,7227,CG13795
COG0733,24,0.8925,7.346,1.02e-13,6.49e-10,Porifera,FBpp0290086,7227,List
COG0733,24,0.8925,7.346,1.02e-13,6.49e-10,Porifera,FBpp0290385,7227,CG5549
COG0733,24,0.8925,7.346,1.02e-13,6.49e-10,Porifera,FBpp0291680,7227,CG13793
COG0733,24,0.8925,7.346,1.02e-13,6.49e-10,Porifera,FBpp0291681,7227,CG33296
COG0733,24,0.8925,7.346,1.02e-13,6.49e-10,Porifera,FBpp0293407,7227,CG43066
NOG248917,24,0.7952,7.343,1.04e-13,6.65e-10,Porifera,FBpp0079155,7227,Tg
KOG1244,24,0.8862,7.337,1.09e-13,6.94e-10,Porifera,FBpp0085418,7227,d4
KOG2510,24,0.88,7.337,1.09e-13,6.97e-10,Porifera,FBpp0088543,7227,osa
KOG2510,24,0.88,7.337,1.09e-13,6.97e-10,Porifera,FBpp0290308,7227,Ir40a
KOG2122,24,0.8517,7.332,1.13e-13,7.21e-10,Porifera,FBpp0083937,7227,Apc2
KOG2122,24,0.8517,7.332,1.13e-13,7.21e-10,Porifera,FBpp0084720,7227,Apc
KOG4722,24,0.8714,7.324,1.2e-13,7.67e-10,Porifera,FBpp0080734,7227,ssp3
KOG4088,24,0.8406,7.32,1.24e-13,7.92e-10,Porifera,FBpp0087250,7227,Tapdelta
KOG4815,24,0.855,7.309,1.35e-13,8.59e-10,Porifera,FBpp0291850,7227,CG42673
KOG4446,24,0.7854,7.308,1.35e-13,8.61e-10,Porifera,FBpp0073500,7227,Mks1
KOG4259,24,0.7803,7.294,1.51e-13,9.6e-10,Porifera,FBpp0081539,7227,CG8149
NOG09469,24,0.8233,7.29,1.55e-13,9.89e-10,Porifera,FBpp0074105,7227,Sap30
KOG3850,24,0.852,7.288,1.5700000000000001e-13,9.98e-10,Porifera,FBpp0289489,7227,Dmtn
KOG3236,24,0.8075,7.279,1.69e-13,1.07e-9,Porifera,FBpp0080407,7227,CG5861
NOG237455,24,0.8606,7.271,1.78e-13,1.13e-9,Porifera,FBpp0082626,7227,CG9590
KOG2087,24,0.9167,7.266,1.85e-13,1.18e-9,Porifera,FBpp0080183,7227,rk
KOG2087,24,0.9167,7.266,1.85e-13,1.18e-9,Porifera,FBpp0082933,7227,Lgr1
KOG2087,24,0.9167,7.266,1.85e-13,1.18e-9,Porifera,FBpp0084273,7227,Lgr3
KOG2087,24,0.9167,7.266,1.85e-13,1.18e-9,Porifera,FBpp0289593,7227,CG34411
KOG4687,24,0.7745,7.266,1.85e-13,1.18e-9,Porifera,FBpp0082563,7227,CG14868
KOG3992,24,0.8292,7.262,1.9e-13,1.21e-9,Porifera,FBpp0075042,7227,rogdi
KOG3775,24,0.8301,7.256,2e-13,1.27e-9,Porifera,FBpp0072523,7227,Aplip1
KOG0095,24,0.7279,7.252,2.05e-13,1.31e-9,Porifera,FBpp0079054,7227,Rab30
KOG3175,24,0.7875,7.251,2.06e-13,1.31e-9,Porifera,FBpp0071386,7227,PPP4R2r
NOG05529,24,0.8072,7.244,2.18e-13,1.39e-9,Porifera,FBpp0306019,7227,CG6511
NOG257848,24,0.8166,7.229,2.43e-13,1.55e-9,Porifera,FBpp0290627,7227,l(1)G0222
KOG1595,24,0.7977,7.226,2.49e-13,1.59e-9,Porifera,FBpp0294023,7227,unk
KOG3032,24,0.868,7.226,2.5e-13,1.59e-9,Porifera,FBpp0293261,7227,CG11839
KOG2991,24,0.7863,7.22,2.59e-13,1.65e-9,Porifera,FBpp0086773,7227,fl(2)d
KOG4398,24,0.8599,7.217,2.66e-13,1.7e-9,Porifera,FBpp0084739,7227,Atg14
KOG4468,24,0.8631,7.215,2.7e-13,1.72e-9,Porifera,FBpp0070472,7227,crm
NOG02794,24,0.7776,7.206,2.88e-13,1.84e-9,Porifera,FBpp0083234,7227,MED25
NOG02794,24,0.7776,7.206,2.88e-13,1.84e-9,Porifera,FBpp0083945,7227,CG13609
KOG4054,24,0.8761,7.201,2.98e-13,1.9e-9,Porifera,FBpp0078273,7227,jagn
KOG4333,24,0.8602,7.2,3.02e-13,1.92e-9,Porifera,FBpp0079750,7227,Samuel
KOG4333,24,0.8602,7.2,3.02e-13,1.92e-9,Porifera,FBpp0304463,7227,Deaf1
KOG1777,24,0.8495,7.195,3.12e-13,1.99e-9,Porifera,FBpp0081633,7227,FBXO11
KOG3002,24,0.8545,7.194,3.15e-13,2e-9,Porifera,FBpp0070458,7227,CG2681
KOG3002,24,0.8545,7.194,3.15e-13,2e-9,Porifera,FBpp0072874,7227,CG32486
KOG3002,24,0.8545,7.194,3.15e-13,2e-9,Porifera,FBpp0075091,7227,sina
KOG3002,24,0.8545,7.194,3.15e-13,2e-9,Porifera,FBpp0083736,7227,CG6688
KOG3002,24,0.8545,7.194,3.15e-13,2e-9,Porifera,FBpp0290897,7227,sinah
KOG3002,24,0.8545,7.194,3.15e-13,2e-9,Porifera,FBpp0291525,7227,CG34375
NOG235404,24,0.7727,7.183,3.4e-13,2.17e-9,Porifera,FBpp0070726,7227,CG5062
NOG235404,24,0.7727,7.183,3.4e-13,2.17e-9,Porifera,FBpp0078155,7227,CG11449
NOG246673,24,0.8014,7.179,3.52e-13,2.24e-9,Porifera,FBpp0070283,7227,O-fut2
NOG26140,24,0.8039,7.174,3.64e-13,2.32e-9,Porifera,FBpp0077213,7227,Thor
KOG4651,24,0.8141,7.167,3.83e-13,2.44e-9,Porifera,FBpp0080500,7227,CG31743
KOG4651,24,0.8141,7.167,3.83e-13,2.44e-9,Porifera,FBpp0111423,7227,CG34313
KOG4651,24,0.8141,7.167,3.83e-13,2.44e-9,Porifera,FBpp0289940,7227,CG13937
KOG4651,24,0.8141,7.167,3.83e-13,2.44e-9,Porifera,FBpp0303005,7227,CG14024
NOG246585,24,0.7879,7.164,3.91e-13,2.49e-9,Porifera,FBpp0083931,7227,Tsc1
NOG240148,24,0.8193,7.161,3.99e-13,2.54e-9,Porifera,FBpp0084476,7227,CG5815
KOG3989,24,0.8295,7.16,4.02e-13,2.56e-9,Porifera,FBpp0077795,7227,CG3625
KOG3989,24,0.8295,7.16,4.02e-13,2.56e-9,Porifera,FBpp0077796,7227,CG11601
KOG3989,24,0.8295,7.16,4.02e-13,2.56e-9,Porifera,FBpp0289502,7227,CG6149
NOG258679,24,0.791,7.154,4.21e-13,2.68e-9,Porifera,FBpp0074107,7227,CG4789
KOG4820,24,0.8612,7.153,4.26e-13,2.71e-9,Porifera,FBpp0290907,7227,unc79
KOG0801,24,0.8391,7.139,4.71e-13,3e-9,Porifera,FBpp0071001,7227,CG14435
KOG4576,24,0.7746,7.137,4.77e-13,3.04e-9,Porifera,FBpp0074426,7227,CG7280
NOG03656,24,0.7962,7.131,4.97e-13,3.16e-9,Porifera,FBpp0072607,7227,CG2211
NOG03656,24,0.7962,7.131,4.97e-13,3.16e-9,Porifera,FBpp0112156,7227,CG14331
KOG2850,24,0.7886,7.126,5.16e-13,3.29e-9,Porifera,FBpp0088020,7227,CG17985
KOG2850,24,0.7886,7.126,5.16e-13,3.29e-9,Porifera,FBpp0288876,7227,CG15471
KOG2849,24,0.7556,7.126,5.17e-13,3.29e-9,Porifera,FBpp0073243,7227,CG2145
KOG2849,24,0.7556,7.126,5.17e-13,3.29e-9,Porifera,FBpp0082654,7227,CG3303
NOG07019,24,0.8147,7.124,5.23e-13,3.33e-9,Porifera,FBpp0306013,7227,Tet
KOG3264,24,0.8031,7.108,5.9e-13,3.76e-9,Porifera,FBpp0070295,7227,MED18
NOG235534,24,0.8209,7.108,5.91e-13,3.76e-9,Porifera,FBpp0079543,7227,CG5694
NOG235534,24,0.8209,7.108,5.91e-13,3.76e-9,Porifera,FBpp0300529,7227,ewg
NOG02047,24,0.7901,7.103,6.08e-13,3.87e-9,Porifera,FBpp0077318,7227,lilli
NOG08871,24,0.831,7.1,6.23e-13,3.97e-9,Porifera,FBpp0080915,7227,CG2608
KOG3781,24,0.8751,7.098,6.34e-13,4.04e-9,Porifera,FBpp0297348,7227,Dg
KOG1356,24,0.8092,7.091,6.68e-13,4.25e-9,Porifera,FBpp0081541,7227,JHDM2
NOG02399,24,0.7605,7.09,6.73e-13,4.29e-9,Porifera,FBpp0304701,7227,CG1113
COG3148,24,0.7389,7.087,6.88e-13,4.38e-9,Porifera,FBpp0081096,7227,CG10050
KOG3819,24,0.8619,7.083,7.05e-13,4.49e-9,Porifera,FBpp0077331,7227,CG17265
KOG3557,24,0.8545,7.08,7.23e-13,4.6e-9,Porifera,FBpp0077697,7227,aru
KOG3557,24,0.8545,7.08,7.23e-13,4.6e-9,Porifera,FBpp0293795,7227,CG8907
KOG1948,24,0.8279,7.078,7.3e-13,4.65e-9,Porifera,FBpp0087514,7227,CG1371
KOG4161,24,0.8571,7.071,7.7e-13,4.9e-9,Porifera,FBpp0081547,7227,MBD-like
KOG4161,24,0.8571,7.071,7.7e-13,4.9e-9,Porifera,FBpp0082081,7227,MBD-R2
KOG4376,24,0.7665,7.068,7.86e-13,5.01e-9,Porifera,FBpp0073670,7227,CG32625
KOG4376,24,0.7665,7.068,7.86e-13,5.01e-9,Porifera,FBpp0074842,7227,arx
KOG4376,24,0.7665,7.068,7.86e-13,5.01e-9,Porifera,FBpp0078666,7227,CG14036
KOG4376,24,0.7665,7.068,7.86e-13,5.01e-9,Porifera,FBpp0111393,7227,CG34283
NOG16919,24,0.7974,7.058,8.45e-13,5.38e-9,Porifera,FBpp0289150,7227,CG30441
KOG3903,24,0.8401,7.055,8.61e-13,5.48e-9,Porifera,FBpp0072692,7227,CG17249
KOG3603,24,0.8033,7.051,8.89e-13,5.66e-9,Porifera,FBpp0080999,7227,CG9248
KOG3603,24,0.8033,7.051,8.89e-13,5.66e-9,Porifera,FBpp0297826,7227,CG43345
KOG3603,24,0.8033,7.051,8.89e-13,5.66e-9,Porifera,FBpp0297827,7227,CG43346
KOG4658,24,0.7484,7.048,9.11e-13,5.8e-9,Porifera,FBpp0086122,7227,Dark
KOG4801,24,0.8011,7.046,9.22e-13,5.87e-9,Porifera,FBpp0288962,7227,CG42304
KOG3782,24,0.8616,7.046,9.24e-13,5.88e-9,Porifera,FBpp0087519,7227,sel
KOG4271,24,0.8352,7.043,9.4e-13,5.99e-9,Porifera,FBpp0305817,7227,RhoGAPp190
KOG3948,24,0.7969,7.04,9.63e-13,6.14e-9,Porifera,FBpp0087649,7227,Phax
KOG4638,24,0.7428,7.039,9.72e-13,6.19e-9,Porifera,FBpp0289929,7227,CG13605
NOG05159,24,0.8144,7.038,9.78e-13,6.23e-9,Porifera,FBpp0072174,7227,nvy
KOG4000,24,0.8117,7.037,9.79e-13,6.24e-9,Porifera,FBpp0074301,7227,CG7192
NOG258312,24,0.8001,7.029,1.04e-12,6.65e-9,Porifera,FBpp0078941,7227,Tsp
KOG4255,24,0.8304,7.022,1.09e-12,6.97e-9,Porifera,FBpp0085211,7227,CG11576
NOG245483,24,0.7941,7.014,1.15e-12,7.35e-9,Porifera,FBpp0300445,7227,Fmr1
KOG2190,24,0.8335,7.011,1.19e-12,7.56e-9,Porifera,FBpp0293521,7227,mub
KOG4713,24,0.8235,7.009,1.2e-12,7.66e-9,Porifera,FBpp0073293,7227,CG18292
KOG4713,24,0.8235,7.009,1.2e-12,7.66e-9,Porifera,FBpp0080548,7227,CG15142
KOG3215,24,0.77,7.005,1.23e-12,7.84e-9,Porifera,FBpp0072425,7227,thoc7
KOG4241,24,0.8086,6.955,1.76e-12,1.12e-8,Porifera,FBpp0077783,7227,mRpL10
KOG2350,24,0.7725,6.955,1.76e-12,1.12e-8,Porifera,FBpp0074686,7227,Su(z)12
NOG21682,24,0.7552,6.946,1.88e-12,1.2e-8,Porifera,FBpp0071188,7227,CG12123
NOG02075,24,0.7877,6.939,1.97e-12,1.26e-8,Porifera,FBpp0294008,7227,CG17341
NOG03738,24,0.7804,6.932,2.08e-12,1.32e-8,Porifera,FBpp0083728,7227,wfs1
NOG23260,24,0.7596,6.924,2.19e-12,1.4e-8,Porifera,FBpp0073359,7227,CG11699
KOG1323,24,0.772,6.897,2.65e-12,1.69e-8,Porifera,FBpp0305865,7227,CG17598
NOG00711,24,0.791,6.882,2.95e-12,1.88e-8,Porifera,FBpp0077687,7227,PNUTS
KOG1880,24,0.8151,6.882,2.95e-12,1.88e-8,Porifera,FBpp0086206,7227,NiPp1
KOG4021,24,0.7542,6.881,2.98e-12,1.9e-8,Porifera,FBpp0080870,7227,mRpS18B
NOG00736,24,0.8057,6.871,3.18e-12,2.03e-8,Porifera,FBpp0077627,7227,IntS14
KOG2213,24,0.7446,6.871,3.18e-12,2.03e-8,Porifera,FBpp0080554,7227,Aac11
NOG246148,24,0.7621,6.845,3.83e-12,2.44e-8,Porifera,FBpp0073089,7227,CG1316
NOG00701,24,0.7901,6.841,3.93e-12,2.5e-8,Porifera,FBpp0073007,7227,IntS10
KOG0649,24,0.7529,6.836,4.08e-12,2.6e-8,Porifera,FBpp0075751,7227,thoc6
NOG04747,24,0.7916,6.824,4.42e-12,2.81e-8,Porifera,FBpp0111603,7227,mute
NOG257926,24,0.7489,6.822,4.5e-12,2.86e-8,Porifera,FBpp0070876,7227,dx
NOG00641,24,0.7633,6.81,4.88e-12,3.11e-8,Porifera,FBpp0079948,7227,CG6405
NOG14348,24,0.7295,6.81,4.88e-12,3.11e-8,Porifera,FBpp0083608,7227,CG7071
KOG4180,24,0.7337,6.804,5.07e-12,3.23e-8,Porifera,FBpp0087714,7227,CG8080
KOG4275,24,0.6765,6.793,5.48e-12,3.49e-8,Porifera,FBpp0086919,7227,CG17019
KOG4119,24,0.7519,6.792,5.54e-12,3.53e-8,Porifera,FBpp0291070,7227,Ggamma30A
KOG4119,24,0.7519,6.792,5.54e-12,3.53e-8,Porifera,FBpp0297761,7227,CG43324
KOG4119,24,0.7519,6.792,5.54e-12,3.53e-8,Porifera,FBpp0303056,7227,CG43733
KOG2611,24,0.6745,6.791,5.58e-12,3.55e-8,Porifera,FBpp0081226,7227,CG2330
NOG04719,24,0.7573,6.789,5.66e-12,3.61e-8,Porifera,FBpp0292437,7227,Cep135
KOG1901,24,0.7311,6.777,6.15e-12,3.92e-8,Porifera,FBpp0084169,7227,CG6422
KOG2155,24,0.6593,6.772,6.36e-12,4.05e-8,Porifera,FBpp0087973,7227,CG1550
KOG4320,24,0.7042,6.762,6.79e-12,4.32e-8,Porifera,FBpp0070359,7227,CG4025
KOG4211,24,0.7815,6.761,6.86e-12,4.37e-8,Porifera,FBpp0086476,7227,fus
KOG4211,24,0.7815,6.761,6.86e-12,4.37e-8,Porifera,FBpp0088856,7227,glo
KOG3462,24,0.7315,6.756,7.09e-12,4.52e-8,Porifera,FBpp0076884,7227,CG10674
KOG4460,24,0.6604,6.756,7.11e-12,4.53e-8,Porifera,FBpp0082137,7227,mbo
KOG4675,24,0.7879,6.751,7.34e-12,4.68e-8,Porifera,FBpp0077538,7227,CG15356
KOG3097,24,0.713,6.716,9.32e-12,5.93e-8,Porifera,FBpp0070399,7227,CG3078
KOG3097,24,0.713,6.716,9.32e-12,5.93e-8,Porifera,FBpp0074118,7227,CG4928
KOG3097,24,0.713,6.716,9.32e-12,5.93e-8,Porifera,FBpp0288563,7227,CG2121
KOG4274,24,0.7471,6.709,9.79e-12,6.24e-8,Porifera,FBpp0077722,7227,MED15
KOG4544,24,0.6872,6.705,1e-11,6.39e-8,Porifera,FBpp0288818,7227,CG13404
COG2105,24,0.6996,6.705,1.01e-11,6.43e-8,Porifera,FBpp0072317,7227,Tina-1
COG2105,24,0.6996,6.705,1.01e-11,6.43e-8,Porifera,FBpp0072318,7227,CG2811
NOG257588,24,0.7173,6.696,1.07e-11,6.83e-8,Porifera,FBpp0087015,7227,ana3
NOG256486,24,0.7304,6.683,1.17e-11,7.44e-8,Porifera,FBpp0080512,7227,CG6115
KOG3377,24,0.7271,6.681,1.18e-11,7.53e-8,Porifera,FBpp0085885,7227,CG5323
KOG3377,24,0.7271,6.681,1.18e-11,7.53e-8,Porifera,FBpp0085886,7227,CG5327
KOG3377,24,0.7271,6.681,1.18e-11,7.53e-8,Porifera,FBpp0305780,7227,CG12661
KOG4070,24,0.761,6.677,1.22e-11,7.77e-8,Porifera,FBpp0075183,7227,CG4893
KOG4070,24,0.761,6.677,1.22e-11,7.77e-8,Porifera,FBpp0112069,7227,CG6709
NOG255690,24,0.7134,6.655,1.42e-11,9.05e-8,Porifera,FBpp0075434,7227,CG5048
KOG1766,24,0.7469,6.646,1.51e-11,9.62e-8,Porifera,FBpp0071210,7227,e(r)
KOG4158,24,0.7489,6.639,1.58e-11,1e-7,Porifera,FBpp0099837,7227,Pink1
NOG04420,24,0.7435,6.629,1.69e-11,1.08e-7,Porifera,FBpp0290765,7227,sbb
KOG3688,24,0.739,6.623,1.76e-11,1.12e-7,Porifera,FBpp0289061,7227,Pde1c
KOG0918,24,0.7529,6.62,1.8e-11,1.14e-7,Porifera,FBpp0082183,7227,CG7966
COG1528,24,0.75,6.597,2.1e-11,1.34e-7,Porifera,FBpp0073576,7227,Fer3HCH
COG1528,24,0.75,6.597,2.1e-11,1.34e-7,Porifera,FBpp0304478,7227,Fer2LCH
COG1528,24,0.75,6.597,2.1e-11,1.34e-7,Porifera,FBpp0304479,7227,Fer1HCH
KOG4601,24,0.7869,6.587,2.25e-11,1.43e-7,Porifera,FBpp0070034,7227,CG17003
KOG4601,24,0.7869,6.587,2.25e-11,1.43e-7,Porifera,FBpp0076209,7227,CG3967
KOG4601,24,0.7869,6.587,2.25e-11,1.43e-7,Porifera,FBpp0076213,7227,CG3982
NOG10563,24,0.7477,6.582,2.32e-11,1.47e-7,Porifera,FBpp0075780,7227,CG6931
NOG06998,24,0.7126,6.549,2.89e-11,1.84e-7,Porifera,FBpp0085423,7227,CG10395
KOG4106,24,0.7651,6.544,2.99e-11,1.91e-7,Porifera,FBpp0087491,7227,mRpL42
NOG00721,24,0.7413,6.536,3.16e-11,2.01e-7,Porifera,FBpp0081842,7227,GCC88
NOG03859,24,0.6635,6.527,3.35e-11,2.14e-7,Porifera,FBpp0290229,7227,CG34148
KOG4646,24,0.6773,6.523,3.45e-11,2.2e-7,Porifera,FBpp0082738,7227,CG14881
KOG3810,24,0.632,6.517,3.59e-11,2.29e-7,Porifera,FBpp0079989,7227,CG17036
KOG3810,24,0.632,6.517,3.59e-11,2.29e-7,Porifera,FBpp0081773,7227,CG6574
KOG3810,24,0.632,6.517,3.59e-11,2.29e-7,Porifera,FBpp0081774,7227,CG14694
NOG246686,24,0.7588,6.502,3.96e-11,2.52e-7,Porifera,FBpp0073782,7227,CG15027
KOG1121,24,0.6761,6.489,4.33e-11,2.75e-7,Porifera,FBpp0078991,7227,CG13775
KOG1121,24,0.6761,6.489,4.33e-11,2.75e-7,Porifera,FBpp0079485,7227,Dref
KOG1121,24,0.6761,6.489,4.33e-11,2.75e-7,Porifera,FBpp0110242,7227,CG16863
NOG01429,24,0.7153,6.481,4.55e-11,2.9e-7,Porifera,FBpp0111912,7227,CG15373
KOG4511,24,0.6789,6.479,4.62e-11,2.94e-7,Porifera,FBpp0082287,7227,CG14367
NOG01370,24,0.7383,6.474,4.78e-11,3.05e-7,Porifera,FBpp0077841,7227,in
NOG30778,24,0.6932,6.471,4.88e-11,3.11e-7,Porifera,FBpp0087527,7227,CG15863
NOG02275,24,0.707,6.468,4.96e-11,3.16e-7,Porifera,FBpp0077577,7227,frtz
KOG4688,24,0.7263,6.466,5.04e-11,3.21e-7,Porifera,FBpp0086043,7227,CG6406
KOG4838,24,0.6868,6.449,5.62e-11,3.58e-7,Porifera,FBpp0078727,7227,CG14020
NOG262761,24,0.7142,6.439,6.01e-11,3.83e-7,Porifera,FBpp0087317,7227,mms4
NOG04155,24,0.6416,6.406,7.47e-11,4.76e-7,Porifera,FBpp0111339,7227,CG34231
NOG13616,24,0.6754,6.398,7.89e-11,5.02e-7,Porifera,FBpp0078781,7227,CG13999
KOG4694,24,0.6495,6.377,9.01e-11,5.74e-7,Porifera,FBpp0073892,7227,CG15642
NOG02781,24,0.7487,6.369,9.49e-11,6.05e-7,Porifera,FBpp0079871,7227,Ada1-2
NOG02781,24,0.7487,6.369,9.49e-11,6.05e-7,Porifera,FBpp0079873,7227,Ada1-1
KOG1045,24,0.6751,6.369,9.53e-11,6.07e-7,Porifera,FBpp0087092,7227,Hen1
COG1428,24,0.7154,6.363,9.88e-11,6.29e-7,Porifera,FBpp0083570,7227,ND-42
COG1428,24,0.7154,6.363,9.88e-11,6.29e-7,Porifera,FBpp0302815,7227,dnk
NOG258612,24,0.6203,6.356,1.03e-10,6.58e-7,Porifera,FBpp0075075,7227,CG13032
NOG257577,24,0.6792,6.35,1.07e-10,6.85e-7,Porifera,FBpp0086303,7227,CG15925
NOG14274,24,0.6837,6.282,1.67e-10,1.06e-6,Porifera,FBpp0289501,7227,CG5780
NOG23390,24,0.6395,6.264,1.88e-10,1.19e-6,Porifera,FBpp0079968,7227,CG5435
KOG1042,24,0.6872,6.208,2.68e-10,1.71e-6,Porifera,FBpp0079754,7227,aub
KOG1042,24,0.6872,6.208,2.68e-10,1.71e-6,Porifera,FBpp0079755,7227,piwi
KOG1042,24,0.6872,6.208,2.68e-10,1.71e-6,Porifera,FBpp0289159,7227,AGO3
NOG258515,24,0.623,6.19,3.01e-10,1.92e-6,Porifera,FBpp0271819,7227,CG30268
NOG258515,24,0.623,6.19,3.01e-10,1.92e-6,Porifera,FBpp0271824,7227,CG30275
NOG16697,24,0.6899,6.178,3.25e-10,2.07e-6,Porifera,FBpp0082923,7227,CG7523
NOG03389,24,0.658,6.163,3.56e-10,2.27e-6,Porifera,FBpp0075554,7227,Spt20
KOG4595,24,0.5747,6.162,3.6e-10,2.29e-6,Porifera,FBpp0099493,7227,CG13175
NOG258331,24,0.6368,6.151,3.85e-10,2.45e-6,Porifera,FBpp0075586,7227,cmb
COG2302,24,0.5826,6.074,6.24e-10,3.97e-6,Porifera,FBpp0084633,7227,CG4884
NOG11174,24,0.6655,6.069,6.42e-10,4.09e-6,Porifera,FBpp0111839,7227,CG6171
KOG4543,24,0.6156,6.064,6.65e-10,4.24e-6,Porifera,FBpp0081386,7227,CG11755
NOG234353,24,0.6628,6.062,6.74e-10,4.29e-6,Porifera,FBpp0079491,7227,CG31712
KOG3260,24,0.6391,6.049,7.28e-10,4.64e-6,Porifera,FBpp0070953,7227,CG3226
NOG257835,24,0.6369,6.004,9.6e-10,6.12e-6,Porifera,FBpp0073074,7227,CG18675
KOG4114,24,0.5723,5.96,1.26e-9,8.04e-6,Porifera,FBpp0086707,7227,CG13018
NOG256052,24,0.5551,5.931,1.51e-9,9.61e-6,Porifera,FBpp0075878,7227,CG32086
NOG256052,24,0.5551,5.931,1.51e-9,9.61e-6,Porifera,FBpp0088510,7227,CG33489
NOG256052,24,0.5551,5.931,1.51e-9,9.61e-6,Porifera,FBpp0089011,7227,CG33490
NOG257672,24,0.5628,5.917,1.64e-9,1.05e-5,Porifera,FBpp0084207,7227,rha
NOG238064,24,0.584,5.913,1.68e-9,1.07e-5,Porifera,FBpp0078520,7227,CG17387
NOG00113,24,0.5737,5.908,1.73e-9,1.1e-5,Porifera,FBpp0072248,7227,CG4681
NOG04200,24,0.6249,5.886,1.97e-9,1.26e-5,Porifera,FBpp0292047,7227,CG42699
NOG23105,24,0.5976,5.875,2.12e-9,1.35e-5,Porifera,FBpp0290169,7227,CG34001
NOG13159,24,0.5706,5.845,2.53e-9,1.61e-5,Porifera,FBpp0082912,7227,CG7655
KOG1072,24,0.5454,5.825,2.85e-9,1.81e-5,Porifera,FBpp0077004,7227,CG1812
KOG1072,24,0.5454,5.825,2.85e-9,1.81e-5,Porifera,FBpp0112409,7227,klhl10
KOG4557,24,0.5529,5.754,4.37e-9,2.78e-5,Porifera,FBpp0087566,7227,Orc6
NOG257896,24,0.5225,5.746,4.56e-9,2.9e-5,Porifera,FBpp0297182,7227,nbs
NOG258282,24,0.5947,5.692,6.29e-9,4.01e-5,Porifera,FBpp0080544,7227,CG15145
NOG258282,24,0.5947,5.692,6.29e-9,4.01e-5,Porifera,FBpp0080546,7227,CG15143
NOG258282,24,0.5947,5.692,6.29e-9,4.01e-5,Porifera,FBpp0292669,7227,CG15144
KOG4179,24,0.5889,5.667,7.26e-9,4.63e-5,Porifera,FBpp0078732,7227,CG31915
KOG0483,24,0.5721,5.594,1.11e-8,7.06e-5,Porifera,FBpp0083439,7227,HHEX
KOG3451,24,0.5366,5.586,1.16e-8,7.38e-5,Porifera,FBpp0290353,7227,Tfb5
NOG258550,24,0.5179,5.583,1.18e-8,7.53e-5,Porifera,FBpp0077619,7227,CG14339
NOG258550,24,0.5179,5.583,1.18e-8,7.53e-5,Porifera,FBpp0079851,7227,CG6614
KOG3873,24,0.5541,5.576,1.23e-8,7.82e-5,Porifera,FBpp0072907,7227,CG12034
NOG21787,24,0.5687,5.547,1.45e-8,9.26e-5,Porifera,FBpp0075998,7227,Blos4
KOG3120,24,0.4679,5.197,1.01e-7,6.46e-4,Porifera,FBpp0074511,7227,CG14212
KOG3120,24,0.4679,5.197,1.01e-7,6.46e-4,Porifera,FBpp0074530,7227,CG12237
COG1575,24,0.4956,5.117,1.55e-7,9.9e-4,Porifera,FBpp0080409,7227,heix
NOG19388,24,0.4522,5.036,2.38e-7,0.00152,Porifera,FBpp0082625,7227,CG5614
COG1618,24,0.4736,4.995,2.94e-7,0.00187,Porifera,FBpp0077982,7227,CG10581
KOG0320,24,0.4587,4.97,3.34e-7,0.00213,Porifera,FBpp0078287,7227,dgrn
KOG0320,24,0.4587,4.97,3.34e-7,0.00213,Porifera,FBpp0291240,7227,elfless
KOG0320,24,0.4587,4.97,3.34e-7,0.00213,Porifera,FBpp0293183,7227,CG43058
NOG00216,24,0.5314,4.891,5.01e-7,0.00319,Porifera,FBpp0297067,7227,CG4768
NOG01389,24,0.4719,4.655,1.62e-6,0.0103,Porifera,FBpp0074618,7227,CG17122
KOG3116,24,0.3936,4.483,3.69e-6,0.0235,Porifera,FBpp0291705,7227,CG5516
NOG06650,24,0.433,4.173,1.51e-5,0.0959,Porifera,FBpp0074865,7227,Capr
NOG03798,24,0.2441,2.884,0.00196,1,Porifera,FBpp0078833,7227,CG13991
KOG3938,25,0.9658,8.229,9.46e-17,6.02e-13,Choanoflagellata,FBpp0087887,7227,kermit
KOG1025,25,0.9734,8.209,1.12e-16,7.13e-13,Choanoflagellata,FBpp0071571,7227,Egfr
KOG1025,25,0.9734,8.209,1.12e-16,7.13e-13,Choanoflagellata,FBpp0080736,7227,drl
KOG1025,25,0.9734,8.209,1.12e-16,7.13e-13,Choanoflagellata,FBpp0080765,7227,dnt
KOG1025,25,0.9734,8.209,1.12e-16,7.13e-13,Choanoflagellata,FBpp0086907,7227,Drl-2
KOG2200,25,0.9813,8.164,1.62e-16,1.03e-12,Choanoflagellata,FBpp0110582,7227,conu
KOG2200,25,0.9813,8.164,1.62e-16,1.03e-12,Choanoflagellata,FBpp0111544,7227,cv-c
KOG3656,25,0.9706,8.107,2.59e-16,1.65e-12,Choanoflagellata,FBpp0070313,7227,CG4313
KOG3656,25,0.9706,8.107,2.59e-16,1.65e-12,Choanoflagellata,FBpp0070550,7227,AstA-R1
KOG3656,25,0.9706,8.107,2.59e-16,1.65e-12,Choanoflagellata,FBpp0070681,7227,Proc-R
KOG3656,25,0.9706,8.107,2.59e-16,1.65e-12,Choanoflagellata,FBpp0070813,7227,Tre1
KOG3656,25,0.9706,8.107,2.59e-16,1.65e-12,Choanoflagellata,FBpp0070934,7227,CG12796
KOG3656,25,0.9706,8.107,2.59e-16,1.65e-12,Choanoflagellata,FBpp0072205,7227,CG13579
KOG3656,25,0.9706,8.107,2.59e-16,1.65e-12,Choanoflagellata,FBpp0072850,7227,FMRFaR
KOG3656,25,0.9706,8.107,2.59e-16,1.65e-12,Choanoflagellata,FBpp0075097,7227,Rh4
KOG3656,25,0.9706,8.107,2.59e-16,1.65e-12,Choanoflagellata,FBpp0075721,7227,CrzR
KOG3656,25,0.9706,8.107,2.59e-16,1.65e-12,Choanoflagellata,FBpp0075752,7227,Rh7
KOG3656,25,0.9706,8.107,2.59e-16,1.65e-12,Choanoflagellata,FBpp0076119,7227,CNMaR
KOG3656,25,0.9706,8.107,2.59e-16,1.65e-12,Choanoflagellata,FBpp0078034,7227,CapaR
KOG3656,25,0.9706,8.107,2.59e-16,1.65e-12,Choanoflagellata,FBpp0078132,7227,Oct-TyrR
KOG3656,25,0.9706,8.107,2.59e-16,1.65e-12,Choanoflagellata,FBpp0078495,7227,5-HT2A
KOG3656,25,0.9706,8.107,2.59e-16,1.65e-12,Choanoflagellata,FBpp0078818,7227,CG13995
KOG3656,25,0.9706,8.107,2.59e-16,1.65e-12,Choanoflagellata,FBpp0079875,7227,Rh5
KOG3656,25,0.9706,8.107,2.59e-16,1.65e-12,Choanoflagellata,FBpp0081285,7227,mAChR-B
KOG3656,25,0.9706,8.107,2.59e-16,1.65e-12,Choanoflagellata,FBpp0082213,7227,PK2-R1
KOG3656,25,0.9706,8.107,2.59e-16,1.65e-12,Choanoflagellata,FBpp0082241,7227,PK2-R2
KOG3656,25,0.9706,8.107,2.59e-16,1.65e-12,Choanoflagellata,FBpp0082600,7227,Rh6
KOG3656,25,0.9706,8.107,2.59e-16,1.65e-12,Choanoflagellata,FBpp0082956,7227,TyrR
KOG3656,25,0.9706,8.107,2.59e-16,1.65e-12,Choanoflagellata,FBpp0083092,7227,CG18208
KOG3656,25,0.9706,8.107,2.59e-16,1.65e-12,Choanoflagellata,FBpp0083111,7227,Rh2
KOG3656,25,0.9706,8.107,2.59e-16,1.65e-12,Choanoflagellata,FBpp0083266,7227,ninaE
KOG3656,25,0.9706,8.107,2.59e-16,1.65e-12,Choanoflagellata,FBpp0083284,7227,Rh3
KOG3656,25,0.9706,8.107,2.59e-16,1.65e-12,Choanoflagellata,FBpp0083342,7227,Oamb
KOG3656,25,0.9706,8.107,2.59e-16,1.65e-12,Choanoflagellata,FBpp0083456,7227,ETHR
KOG3656,25,0.9706,8.107,2.59e-16,1.65e-12,Choanoflagellata,FBpp0084470,7227,RYa-R
KOG3656,25,0.9706,8.107,2.59e-16,1.65e-12,Choanoflagellata,FBpp0084685,7227,AstA-R2
KOG3656,25,0.9706,8.107,2.59e-16,1.65e-12,Choanoflagellata,FBpp0084834,7227,Dop1R2
KOG3656,25,0.9706,8.107,2.59e-16,1.65e-12,Choanoflagellata,FBpp0084947,7227,AdoR
KOG3656,25,0.9706,8.107,2.59e-16,1.65e-12,Choanoflagellata,FBpp0085108,7227,5-HT7
KOG3656,25,0.9706,8.107,2.59e-16,1.65e-12,Choanoflagellata,FBpp0085761,7227,5-HT1A
KOG3656,25,0.9706,8.107,2.59e-16,1.65e-12,Choanoflagellata,FBpp0085783,7227,5-HT1B
KOG3656,25,0.9706,8.107,2.59e-16,1.65e-12,Choanoflagellata,FBpp0087618,7227,CG30340
KOG3656,25,0.9706,8.107,2.59e-16,1.65e-12,Choanoflagellata,FBpp0088997,7227,AstC-R1
KOG3656,25,0.9706,8.107,2.59e-16,1.65e-12,Choanoflagellata,FBpp0089220,7227,AkhR
KOG3656,25,0.9706,8.107,2.59e-16,1.65e-12,Choanoflagellata,FBpp0099542,7227,DopEcR
KOG3656,25,0.9706,8.107,2.59e-16,1.65e-12,Choanoflagellata,FBpp0099564,7227,D2R
KOG3656,25,0.9706,8.107,2.59e-16,1.65e-12,Choanoflagellata,FBpp0111531,7227,TrissinR
KOG3656,25,0.9706,8.107,2.59e-16,1.65e-12,Choanoflagellata,FBpp0111916,7227,CCKLR-17D3
KOG3656,25,0.9706,8.107,2.59e-16,1.65e-12,Choanoflagellata,FBpp0288773,7227,Octbeta3R
KOG3656,25,0.9706,8.107,2.59e-16,1.65e-12,Choanoflagellata,FBpp0288839,7227,CG14257
KOG3656,25,0.9706,8.107,2.59e-16,1.65e-12,Choanoflagellata,FBpp0288959,7227,CCKLR-17D1
KOG3656,25,0.9706,8.107,2.59e-16,1.65e-12,Choanoflagellata,FBpp0289512,7227,CG7497
KOG3656,25,0.9706,8.107,2.59e-16,1.65e-12,Choanoflagellata,FBpp0291029,7227,SIFaR
KOG3656,25,0.9706,8.107,2.59e-16,1.65e-12,Choanoflagellata,FBpp0292040,7227,CG33639
KOG3656,25,0.9706,8.107,2.59e-16,1.65e-12,Choanoflagellata,FBpp0292162,7227,moody
KOG3656,25,0.9706,8.107,2.59e-16,1.65e-12,Choanoflagellata,FBpp0292636,7227,5-HT2B
KOG3656,25,0.9706,8.107,2.59e-16,1.65e-12,Choanoflagellata,FBpp0293006,7227,CCAP-R
KOG3656,25,0.9706,8.107,2.59e-16,1.65e-12,Choanoflagellata,FBpp0293384,7227,Octbeta2R
KOG3656,25,0.9706,8.107,2.59e-16,1.65e-12,Choanoflagellata,FBpp0296961,7227,PK1-R
KOG3656,25,0.9706,8.107,2.59e-16,1.65e-12,Choanoflagellata,FBpp0300511,7227,Dop1R1
KOG3656,25,0.9706,8.107,2.59e-16,1.65e-12,Choanoflagellata,FBpp0300637,7227,NPFR
KOG3656,25,0.9706,8.107,2.59e-16,1.65e-12,Choanoflagellata,FBpp0304263,7227,Octbeta1R
KOG3656,25,0.9706,8.107,2.59e-16,1.65e-12,Choanoflagellata,FBpp0304483,7227,TyrRII
KOG3656,25,0.9706,8.107,2.59e-16,1.65e-12,Choanoflagellata,FBpp0304913,7227,sNPF-R
KOG3656,25,0.9706,8.107,2.59e-16,1.65e-12,Choanoflagellata,FBpp0305089,7227,AstC-R2
KOG4428,25,0.9467,8.049,4.18e-16,2.67e-12,Choanoflagellata,FBpp0288890,7227,CG42271
KOG3751,25,0.9794,8.044,4.34e-16,2.77e-12,Choanoflagellata,FBpp0072803,7227,dos
KOG3751,25,0.9794,8.044,4.34e-16,2.77e-12,Choanoflagellata,FBpp0074573,7227,pico
KOG3751,25,0.9794,8.044,4.34e-16,2.77e-12,Choanoflagellata,FBpp0298285,7227,ptr
KOG2528,25,0.9219,8.03,4.86e-16,3.09e-12,Choanoflagellata,FBpp0076142,7227,SH3PX1
KOG3973,25,0.915,8.025,5.08e-16,3.23e-12,Choanoflagellata,FBpp0084312,7227,CG5913
KOG4006,25,0.9141,8.018,5.38e-16,3.43e-12,Choanoflagellata,FBpp0302594,7227,Tob
KOG3635,25,0.9692,8.008,5.81e-16,3.7e-12,Choanoflagellata,FBpp0079254,7227,CG8475
KOG3635,25,0.9692,8.008,5.81e-16,3.7e-12,Choanoflagellata,FBpp0110194,7227,CG34134
KOG3635,25,0.9692,8.008,5.81e-16,3.7e-12,Choanoflagellata,FBpp0301190,7227,CG7766
KOG4195,25,0.9677,8.004,6.04e-16,3.85e-12,Choanoflagellata,FBpp0075120,7227,CG4098
KOG3529,25,0.9374,7.999,6.28e-16,4e-12,Choanoflagellata,FBpp0071213,7227,Moe
KOG3529,25,0.9374,7.999,6.28e-16,4e-12,Choanoflagellata,FBpp0074523,7227,Mer
KOG3529,25,0.9374,7.999,6.28e-16,4e-12,Choanoflagellata,FBpp0075410,7227,CG6945
KOG4676,25,0.971,7.995,6.46e-16,4.11e-12,Choanoflagellata,FBpp0079471,7227,Srp54
KOG0604,25,0.9605,7.986,6.97e-16,4.44e-12,Choanoflagellata,FBpp0070802,7227,MAPk-Ak2
KOG3658,25,0.99,7.982,7.21e-16,4.59e-12,Choanoflagellata,FBpp0084826,7227,Kul
KOG3658,25,0.99,7.982,7.21e-16,4.59e-12,Choanoflagellata,FBpp0084917,7227,Tace
KOG3658,25,0.99,7.982,7.21e-16,4.59e-12,Choanoflagellata,FBpp0111407,7227,CG34298
KOG3658,25,0.99,7.982,7.21e-16,4.59e-12,Choanoflagellata,FBpp0111799,7227,kuz
KOG0994,25,0.9225,7.974,7.68e-16,4.89e-12,Choanoflagellata,FBpp0079113,7227,LanB1
KOG1739,25,0.9723,7.972,7.78e-16,4.96e-12,Choanoflagellata,FBpp0076440,7227,cert
KOG3539,25,0.922,7.957,8.8e-16,5.6e-12,Choanoflagellata,FBpp0086129,7227,CG6953
KOG3539,25,0.922,7.957,8.8e-16,5.6e-12,Choanoflagellata,FBpp0086606,7227,mspo
KOG3539,25,0.922,7.957,8.8e-16,5.6e-12,Choanoflagellata,FBpp0087006,7227,CG17739
KOG3539,25,0.922,7.957,8.8e-16,5.6e-12,Choanoflagellata,FBpp0087008,7227,CG30046
KOG3539,25,0.922,7.957,8.8e-16,5.6e-12,Choanoflagellata,FBpp0271811,7227,CG30203
KOG3539,25,0.922,7.957,8.8e-16,5.6e-12,Choanoflagellata,FBpp0289140,7227,CG42339
KOG3876,25,0.9605,7.953,9.12e-16,5.81e-12,Choanoflagellata,FBpp0081839,7227,CG17184
KOG3840,25,0.9726,7.94,1.01e-15,6.45e-12,Choanoflagellata,FBpp0072382,7227,mri
KOG1266,25,0.9809,7.939,1.02e-15,6.47e-12,Choanoflagellata,FBpp0078371,7227,Madm
KOG1011,25,0.8923,7.927,1.12e-15,7.16e-12,Choanoflagellata,FBpp0300963,7227,unc-13
KOG2954,25,0.9595,7.927,1.13e-15,7.17e-12,Choanoflagellata,FBpp0073939,7227,CG8931
KOG2954,25,0.9595,7.927,1.13e-15,7.17e-12,Choanoflagellata,FBpp0080586,7227,CG5755
KOG3622,25,0.8775,7.922,1.17e-15,7.47e-12,Choanoflagellata,FBpp0271890,7227,CG14299
KOG1830,25,0.9286,7.916,1.23e-15,7.81e-12,Choanoflagellata,FBpp0111837,7227,gukh
KOG1830,25,0.9286,7.916,1.23e-15,7.81e-12,Choanoflagellata,FBpp0302981,7227,SCAR
KOG4381,25,0.9511,7.91,1.29e-15,8.21e-12,Choanoflagellata,FBpp0080016,7227,CG5439
KOG4381,25,0.9511,7.91,1.29e-15,8.21e-12,Choanoflagellata,FBpp0084496,7227,CG31064
KOG4381,25,0.9511,7.91,1.29e-15,8.21e-12,Choanoflagellata,FBpp0292831,7227,CG42814
KOG4381,25,0.9511,7.91,1.29e-15,8.21e-12,Choanoflagellata,FBpp0304117,7227,CG12772
KOG3650,25,0.9488,7.909,1.3e-15,8.26e-12,Choanoflagellata,FBpp0084528,7227,CG5934
KOG4260,25,0.9661,7.904,1.35e-15,8.59e-12,Choanoflagellata,FBpp0077763,7227,CG11377
KOG4257,25,0.9251,7.903,1.36e-15,8.68e-12,Choanoflagellata,FBpp0113097,7227,Fak
KOG3735,25,0.958,7.899,1.41e-15,8.96e-12,Choanoflagellata,FBpp0297625,7227,tmod
KOG0040,25,0.9835,7.897,1.43e-15,9.12e-12,Choanoflagellata,FBpp0305100,7227,alpha-Spec
KOG3652,25,0.9363,7.892,1.48e-15,9.44e-12,Choanoflagellata,FBpp0111587,7227,CG34408
KOG2856,25,0.9441,7.89,1.51e-15,9.62e-12,Choanoflagellata,FBpp0083373,7227,Synd
KOG3550,25,0.973,7.889,1.53e-15,9.72e-12,Choanoflagellata,FBpp0290878,7227,veli
KOG4193,25,0.9391,7.887,1.55e-15,9.89e-12,Choanoflagellata,FBpp0072470,7227,mth
KOG4193,25,0.9391,7.887,1.55e-15,9.89e-12,Choanoflagellata,FBpp0074089,7227,mthl1
KOG4193,25,0.9391,7.887,1.55e-15,9.89e-12,Choanoflagellata,FBpp0076449,7227,mthl7
KOG4193,25,0.9391,7.887,1.55e-15,9.89e-12,Choanoflagellata,FBpp0076503,7227,mthl6
KOG4193,25,0.9391,7.887,1.55e-15,9.89e-12,Choanoflagellata,FBpp0076796,7227,mthl2
KOG4193,25,0.9391,7.887,1.55e-15,9.89e-12,Choanoflagellata,FBpp0081989,7227,mthl5
KOG4193,25,0.9391,7.887,1.55e-15,9.89e-12,Choanoflagellata,FBpp0082214,7227,mthl12
KOG4193,25,0.9391,7.887,1.55e-15,9.89e-12,Choanoflagellata,FBpp0085099,7227,CG15556
KOG4193,25,0.9391,7.887,1.55e-15,9.89e-12,Choanoflagellata,FBpp0085101,7227,CG11318
KOG4193,25,0.9391,7.887,1.55e-15,9.89e-12,Choanoflagellata,FBpp0086111,7227,mthl3
KOG4193,25,0.9391,7.887,1.55e-15,9.89e-12,Choanoflagellata,FBpp0086113,7227,mthl4
KOG4193,25,0.9391,7.887,1.55e-15,9.89e-12,Choanoflagellata,FBpp0293249,7227,mthl13
KOG4193,25,0.9391,7.887,1.55e-15,9.89e-12,Choanoflagellata,FBpp0302596,7227,Cirl
KOG4193,25,0.9391,7.887,1.55e-15,9.89e-12,Choanoflagellata,FBpp0304810,7227,mthl11
KOG4193,25,0.9391,7.887,1.55e-15,9.89e-12,Choanoflagellata,FBpp0306044,7227,CG43968
KOG2057,25,0.9607,7.886,1.56e-15,9.95e-12,Choanoflagellata,FBpp0288790,7227,lqfR
KOG3882,25,0.9573,7.883,1.6e-15,1.02e-11,Choanoflagellata,FBpp0070204,7227,Tsp2A
KOG3882,25,0.9573,7.883,1.6e-15,1.02e-11,Choanoflagellata,FBpp0070853,7227,Tsp5D
KOG3882,25,0.9573,7.883,1.6e-15,1.02e-11,Choanoflagellata,FBpp0072039,7227,TM4SF
KOG3882,25,0.9573,7.883,1.6e-15,1.02e-11,Choanoflagellata,FBpp0074920,7227,Tsp74F
KOG3882,25,0.9573,7.883,1.6e-15,1.02e-11,Choanoflagellata,FBpp0076233,7227,Tsp66E
KOG3882,25,0.9573,7.883,1.6e-15,1.02e-11,Choanoflagellata,FBpp0079355,7227,Tsp29Fa
KOG3882,25,0.9573,7.883,1.6e-15,1.02e-11,Choanoflagellata,FBpp0079356,7227,Tsp29Fb
KOG3882,25,0.9573,7.883,1.6e-15,1.02e-11,Choanoflagellata,FBpp0079849,7227,Tsp33B
KOG3882,25,0.9573,7.883,1.6e-15,1.02e-11,Choanoflagellata,FBpp0081765,7227,Tsp86D
KOG3882,25,0.9573,7.883,1.6e-15,1.02e-11,Choanoflagellata,FBpp0084454,7227,Tsp97E
KOG3882,25,0.9573,7.883,1.6e-15,1.02e-11,Choanoflagellata,FBpp0085381,7227,Tsp42A
KOG3882,25,0.9573,7.883,1.6e-15,1.02e-11,Choanoflagellata,FBpp0085503,7227,Tsp42Ea
KOG3882,25,0.9573,7.883,1.6e-15,1.02e-11,Choanoflagellata,FBpp0085509,7227,Tsp42Eb
KOG3882,25,0.9573,7.883,1.6e-15,1.02e-11,Choanoflagellata,FBpp0085510,7227,CG30160
KOG3882,25,0.9573,7.883,1.6e-15,1.02e-11,Choanoflagellata,FBpp0085511,7227,Tsp42Ec
KOG3882,25,0.9573,7.883,1.6e-15,1.02e-11,Choanoflagellata,FBpp0085512,7227,Tsp42Ee
KOG3882,25,0.9573,7.883,1.6e-15,1.02e-11,Choanoflagellata,FBpp0085513,7227,Tsp42Ed
KOG3882,25,0.9573,7.883,1.6e-15,1.02e-11,Choanoflagellata,FBpp0087248,7227,Tsp47F
KOG3882,25,0.9573,7.883,1.6e-15,1.02e-11,Choanoflagellata,FBpp0088094,7227,Tsp42Ef
KOG3882,25,0.9573,7.883,1.6e-15,1.02e-11,Choanoflagellata,FBpp0088095,7227,Tsp42Eg
KOG3882,25,0.9573,7.883,1.6e-15,1.02e-11,Choanoflagellata,FBpp0088097,7227,Tsp42Eh
KOG3882,25,0.9573,7.883,1.6e-15,1.02e-11,Choanoflagellata,FBpp0088099,7227,Tsp42Ei
KOG3882,25,0.9573,7.883,1.6e-15,1.02e-11,Choanoflagellata,FBpp0088101,7227,Tsp42Ej
KOG3882,25,0.9573,7.883,1.6e-15,1.02e-11,Choanoflagellata,FBpp0088103,7227,Tsp42El
KOG3882,25,0.9573,7.883,1.6e-15,1.02e-11,Choanoflagellata,FBpp0088104,7227,lbm
KOG3882,25,0.9573,7.883,1.6e-15,1.02e-11,Choanoflagellata,FBpp0088106,7227,Tsp42Eo
KOG3882,25,0.9573,7.883,1.6e-15,1.02e-11,Choanoflagellata,FBpp0088107,7227,Tsp42Er
KOG3882,25,0.9573,7.883,1.6e-15,1.02e-11,Choanoflagellata,FBpp0088129,7227,Tsp42Eq
KOG3882,25,0.9573,7.883,1.6e-15,1.02e-11,Choanoflagellata,FBpp0088131,7227,Tsp42Ep
KOG3882,25,0.9573,7.883,1.6e-15,1.02e-11,Choanoflagellata,FBpp0111937,7227,Tsp26A
KOG3882,25,0.9573,7.883,1.6e-15,1.02e-11,Choanoflagellata,FBpp0271912,7227,Tsp39D
KOG3882,25,0.9573,7.883,1.6e-15,1.02e-11,Choanoflagellata,FBpp0296958,7227,Tsp42Ek
KOG3882,25,0.9573,7.883,1.6e-15,1.02e-11,Choanoflagellata,FBpp0297988,7227,Tsp3A
KOG3882,25,0.9573,7.883,1.6e-15,1.02e-11,Choanoflagellata,FBpp0302968,7227,Tsp42En
KOG3882,25,0.9573,7.883,1.6e-15,1.02e-11,Choanoflagellata,FBpp0303197,7227,Tsp96F
KOG3882,25,0.9573,7.883,1.6e-15,1.02e-11,Choanoflagellata,FBpp0305021,7227,Tsp66A
KOG3604,25,0.9343,7.881,1.62e-15,1.03e-11,Choanoflagellata,FBpp0304656,7227,pcx
KOG3119,25,0.9676,7.879,1.65e-15,1.05e-11,Choanoflagellata,FBpp0070444,7227,gt
KOG3119,25,0.9676,7.879,1.65e-15,1.05e-11,Choanoflagellata,FBpp0072179,7227,slbo
KOG3119,25,0.9676,7.879,1.65e-15,1.05e-11,Choanoflagellata,FBpp0076495,7227,Pdp1
KOG3119,25,0.9676,7.879,1.65e-15,1.05e-11,Choanoflagellata,FBpp0078706,7227,vri
KOG3119,25,0.9676,7.879,1.65e-15,1.05e-11,Choanoflagellata,FBpp0086334,7227,CG7786
KOG3119,25,0.9676,7.879,1.65e-15,1.05e-11,Choanoflagellata,FBpp0304952,7227,CG6272
KOG3610,25,0.9016,7.879,1.66e-15,1.05e-11,Choanoflagellata,FBpp0088287,7227,PlexA
KOG3610,25,0.9016,7.879,1.66e-15,1.05e-11,Choanoflagellata,FBpp0300616,7227,PlexB
KOG3631,25,0.9952,7.878,1.66e-15,1.06e-11,Choanoflagellata,FBpp0074562,7227,parvin
KOG3631,25,0.9952,7.878,1.66e-15,1.06e-11,Choanoflagellata,FBpp0088337,7227,CG33932
KOG3631,25,0.9952,7.878,1.66e-15,1.06e-11,Choanoflagellata,FBpp0099986,7227,Rpp20
KOG3626,25,0.9562,7.875,1.7e-15,1.08e-11,Choanoflagellata,FBpp0071691,7227,Oatp58Db
KOG3626,25,0.9562,7.875,1.7e-15,1.08e-11,Choanoflagellata,FBpp0071692,7227,Oatp58Da
KOG3626,25,0.9562,7.875,1.7e-15,1.08e-11,Choanoflagellata,FBpp0071693,7227,CG30278
KOG3626,25,0.9562,7.875,1.7e-15,1.08e-11,Choanoflagellata,FBpp0074939,7227,Oatp74D
KOG3626,25,0.9562,7.875,1.7e-15,1.08e-11,Choanoflagellata,FBpp0078956,7227,Oatp26F
KOG3626,25,0.9562,7.875,1.7e-15,1.08e-11,Choanoflagellata,FBpp0079423,7227,Oatp30B
KOG3626,25,0.9562,7.875,1.7e-15,1.08e-11,Choanoflagellata,FBpp0079952,7227,Oatp33Eb
KOG3626,25,0.9562,7.875,1.7e-15,1.08e-11,Choanoflagellata,FBpp0112018,7227,Oatp58Dc
KOG3626,25,0.9562,7.875,1.7e-15,1.08e-11,Choanoflagellata,FBpp0305305,7227,Oatp33Ea
KOG4425,25,0.969,7.871,1.75e-15,1.12e-11,Choanoflagellata,FBpp0271736,7227,CG10600
KOG0248,25,0.9201,7.871,1.76e-15,1.12e-11,Choanoflagellata,FBpp0304853,7227,CG43867
KOG1328,25,0.925,7.869,1.78e-15,1.14e-11,Choanoflagellata,FBpp0292144,7227,Unc-13-4B
KOG1328,25,0.925,7.869,1.78e-15,1.14e-11,Choanoflagellata,FBpp0305560,7227,unc-13-4A
KOG0608,25,0.9298,7.864,1.86e-15,1.18e-11,Choanoflagellata,FBpp0085082,7227,wts
KOG3890,25,0.9576,7.864,1.86e-15,1.19e-11,Choanoflagellata,FBpp0084616,7227,mRpS22
KOG0577,25,0.9747,7.861,1.9e-15,1.21e-11,Choanoflagellata,FBpp0292968,7227,Tao
KOG1388,25,0.9353,7.859,1.93e-15,1.23e-11,Choanoflagellata,FBpp0073975,7227,CG8962
KOG1388,25,0.9353,7.859,1.93e-15,1.23e-11,Choanoflagellata,FBpp0079163,7227,CG7466
KOG1388,25,0.9353,7.859,1.93e-15,1.23e-11,Choanoflagellata,FBpp0290604,7227,dsd
KOG3866,25,0.9733,7.859,1.94e-15,1.24e-11,Choanoflagellata,FBpp0074937,7227,NUCB1
KOG2853,25,0.9303,7.858,1.95e-15,1.24e-11,Choanoflagellata,FBpp0080719,7227,l(2)37Bb
KOG2853,25,0.9303,7.858,1.95e-15,1.24e-11,Choanoflagellata,FBpp0085457,7227,CG3270
KOG0200,25,0.9164,7.858,1.95e-15,1.24e-11,Choanoflagellata,FBpp0073179,7227,Tie
KOG0200,25,0.9164,7.858,1.95e-15,1.24e-11,Choanoflagellata,FBpp0075520,7227,btl
KOG0200,25,0.9164,7.858,1.95e-15,1.24e-11,Choanoflagellata,FBpp0081020,7227,Ret
KOG0200,25,0.9164,7.858,1.95e-15,1.24e-11,Choanoflagellata,FBpp0082970,7227,htl
KOG0200,25,0.9164,7.858,1.95e-15,1.24e-11,Choanoflagellata,FBpp0084049,7227,Wsck
KOG0200,25,0.9164,7.858,1.95e-15,1.24e-11,Choanoflagellata,FBpp0084248,7227,Cad96Ca
KOG0200,25,0.9164,7.858,1.95e-15,1.24e-11,Choanoflagellata,FBpp0111751,7227,tor
KOG0200,25,0.9164,7.858,1.95e-15,1.24e-11,Choanoflagellata,FBpp0112952,7227,CG3277
KOG0200,25,0.9164,7.858,1.95e-15,1.24e-11,Choanoflagellata,FBpp0291358,7227,Pvr
KOG0200,25,0.9164,7.858,1.95e-15,1.24e-11,Choanoflagellata,FBpp0306204,7227,drpr
KOG4724,25,0.9208,7.855,2e-15,1.27e-11,Choanoflagellata,FBpp0288504,7227,RhoGAP71E
KOG3510,25,0.961,7.854,2.01e-15,1.28e-11,Choanoflagellata,FBpp0070537,7227,rst
KOG3510,25,0.961,7.854,2.01e-15,1.28e-11,Choanoflagellata,FBpp0070633,7227,Fas2
KOG3510,25,0.961,7.854,2.01e-15,1.28e-11,Choanoflagellata,FBpp0071732,7227,wrapper
KOG3510,25,0.961,7.854,2.01e-15,1.28e-11,Choanoflagellata,FBpp0071733,7227,CG13506
KOG3510,25,0.961,7.854,2.01e-15,1.28e-11,Choanoflagellata,FBpp0071756,7227,babos
KOG3510,25,0.961,7.854,2.01e-15,1.28e-11,Choanoflagellata,FBpp0072491,7227,dpr20
KOG3510,25,0.961,7.854,2.01e-15,1.28e-11,Choanoflagellata,FBpp0073106,7227,ImpL2
KOG3510,25,0.961,7.854,2.01e-15,1.28e-11,Choanoflagellata,FBpp0073730,7227,dpr8
KOG3510,25,0.961,7.854,2.01e-15,1.28e-11,Choanoflagellata,FBpp0073986,7227,dpr18
KOG3510,25,0.961,7.854,2.01e-15,1.28e-11,Choanoflagellata,FBpp0076037,7227,dpr10
KOG3510,25,0.961,7.854,2.01e-15,1.28e-11,Choanoflagellata,FBpp0077109,7227,CG15630
KOG3510,25,0.961,7.854,2.01e-15,1.28e-11,Choanoflagellata,FBpp0077115,7227,CG16857
KOG3510,25,0.961,7.854,2.01e-15,1.28e-11,Choanoflagellata,FBpp0078746,7227,CG31646
KOG3510,25,0.961,7.854,2.01e-15,1.28e-11,Choanoflagellata,FBpp0079377,7227,CG31708
KOG3510,25,0.961,7.854,2.01e-15,1.28e-11,Choanoflagellata,FBpp0080157,7227,CG31814
KOG3510,25,0.961,7.854,2.01e-15,1.28e-11,Choanoflagellata,FBpp0081135,7227,Ama
KOG3510,25,0.961,7.854,2.01e-15,1.28e-11,Choanoflagellata,FBpp0081202,7227,dpr11
KOG3510,25,0.961,7.854,2.01e-15,1.28e-11,Choanoflagellata,FBpp0081870,7227,dpr5
KOG3510,25,0.961,7.854,2.01e-15,1.28e-11,Choanoflagellata,FBpp0082016,7227,dpr17
KOG3510,25,0.961,7.854,2.01e-15,1.28e-11,Choanoflagellata,FBpp0082022,7227,dpr15
KOG3510,25,0.961,7.854,2.01e-15,1.28e-11,Choanoflagellata,FBpp0083730,7227,klg
KOG3510,25,0.961,7.854,2.01e-15,1.28e-11,Choanoflagellata,FBpp0084716,7227,CG14521
KOG3510,25,0.961,7.854,2.01e-15,1.28e-11,Choanoflagellata,FBpp0087044,7227,Lac
KOG3510,25,0.961,7.854,2.01e-15,1.28e-11,Choanoflagellata,FBpp0088403,7227,dpr9
KOG3510,25,0.961,7.854,2.01e-15,1.28e-11,Choanoflagellata,FBpp0099910,7227,dpr
KOG3510,25,0.961,7.854,2.01e-15,1.28e-11,Choanoflagellata,FBpp0110250,7227,dpr16
KOG3510,25,0.961,7.854,2.01e-15,1.28e-11,Choanoflagellata,FBpp0110354,7227,Dscam1
KOG3510,25,0.961,7.854,2.01e-15,1.28e-11,Choanoflagellata,FBpp0111939,7227,CG11320
KOG3510,25,0.961,7.854,2.01e-15,1.28e-11,Choanoflagellata,FBpp0112373,7227,dpr7
KOG3510,25,0.961,7.854,2.01e-15,1.28e-11,Choanoflagellata,FBpp0288826,7227,Dscam2
KOG3510,25,0.961,7.854,2.01e-15,1.28e-11,Choanoflagellata,FBpp0289176,7227,CG42343
KOG3510,25,0.961,7.854,2.01e-15,1.28e-11,Choanoflagellata,FBpp0289244,7227,CG42368
KOG3510,25,0.961,7.854,2.01e-15,1.28e-11,Choanoflagellata,FBpp0289452,7227,dpr13
KOG3510,25,0.961,7.854,2.01e-15,1.28e-11,Choanoflagellata,FBpp0289718,7227,dpr4
KOG3510,25,0.961,7.854,2.01e-15,1.28e-11,Choanoflagellata,FBpp0289780,7227,dpr12
KOG3510,25,0.961,7.854,2.01e-15,1.28e-11,Choanoflagellata,FBpp0289895,7227,dpr3
KOG3510,25,0.961,7.854,2.01e-15,1.28e-11,Choanoflagellata,FBpp0290384,7227,CG7166
KOG3510,25,0.961,7.854,2.01e-15,1.28e-11,Choanoflagellata,FBpp0290990,7227,CG42596
KOG3510,25,0.961,7.854,2.01e-15,1.28e-11,Choanoflagellata,FBpp0291468,7227,sdk
KOG3510,25,0.961,7.854,2.01e-15,1.28e-11,Choanoflagellata,FBpp0291541,7227,CG40378
KOG3510,25,0.961,7.854,2.01e-15,1.28e-11,Choanoflagellata,FBpp0291931,7227,Strn-Mlck
KOG3510,25,0.961,7.854,2.01e-15,1.28e-11,Choanoflagellata,FBpp0292059,7227,CG14010
KOG3510,25,0.961,7.854,2.01e-15,1.28e-11,Choanoflagellata,FBpp0293835,7227,CG34353
KOG3510,25,0.961,7.854,2.01e-15,1.28e-11,Choanoflagellata,FBpp0297254,7227,dpr2
KOG3510,25,0.961,7.854,2.01e-15,1.28e-11,Choanoflagellata,FBpp0298271,7227,dpr14
KOG3510,25,0.961,7.854,2.01e-15,1.28e-11,Choanoflagellata,FBpp0301209,7227,CG33543
KOG3510,25,0.961,7.854,2.01e-15,1.28e-11,Choanoflagellata,FBpp0301280,7227,kirre
KOG3510,25,0.961,7.854,2.01e-15,1.28e-11,Choanoflagellata,FBpp0303244,7227,Dscam3
KOG3510,25,0.961,7.854,2.01e-15,1.28e-11,Choanoflagellata,FBpp0303926,7227,dpr6
KOG3510,25,0.961,7.854,2.01e-15,1.28e-11,Choanoflagellata,FBpp0304500,7227,dpr19
KOG3510,25,0.961,7.854,2.01e-15,1.28e-11,Choanoflagellata,FBpp0305668,7227,tutl
KOG3510,25,0.961,7.854,2.01e-15,1.28e-11,Choanoflagellata,FBpp0305766,7227,Dscam4
KOG3510,25,0.961,7.854,2.01e-15,1.28e-11,Choanoflagellata,FBpp0305789,7227,CG34391
KOG3510,25,0.961,7.854,2.01e-15,1.28e-11,Choanoflagellata,FBpp0305929,7227,CG32791
KOG4403,25,0.9451,7.851,2.07e-15,1.32e-11,Choanoflagellata,FBpp0073955,7227,Stim
KOG3669,25,0.9499,7.843,2.2e-15,1.4e-11,Choanoflagellata,FBpp0074615,7227,Pex23
KOG0124,25,0.9055,7.839,2.27e-15,1.44e-11,Choanoflagellata,FBpp0072593,7227,pUf68
KOG3982,25,0.9671,7.838,2.28e-15,1.45e-11,Choanoflagellata,FBpp0071255,7227,lz
KOG3982,25,0.9671,7.838,2.28e-15,1.45e-11,Choanoflagellata,FBpp0076971,7227,run
KOG3982,25,0.9671,7.838,2.28e-15,1.45e-11,Choanoflagellata,FBpp0288878,7227,RunxB
KOG3982,25,0.9671,7.838,2.28e-15,1.45e-11,Choanoflagellata,FBpp0303586,7227,RunxA
KOG3524,25,0.9269,7.835,2.34e-15,1.49e-11,Choanoflagellata,FBpp0076487,7227,pbl
KOG3878,25,0.9901,7.835,2.35e-15,1.49e-11,Choanoflagellata,FBpp0301157,7227,CG14232
KOG2745,25,0.9928,7.828,2.48e-15,1.58e-11,Choanoflagellata,FBpp0071101,7227,CG10920
KOG2745,25,0.9928,7.828,2.48e-15,1.58e-11,Choanoflagellata,FBpp0072379,7227,Mtch
KOG1006,25,0.9713,7.826,2.53e-15,1.61e-11,Choanoflagellata,FBpp0081378,7227,Mkk4
KOG1319,25,0.9458,7.824,2.56e-15,1.63e-11,Choanoflagellata,FBpp0084543,7227,bigmax
KOG3768,25,0.8881,7.824,2.57e-15,1.64e-11,Choanoflagellata,FBpp0070806,7227,IntS6
KOG3736,25,0.9527,7.823,2.57e-15,1.64e-11,Choanoflagellata,FBpp0072842,7227,pgant6
KOG3736,25,0.9527,7.823,2.57e-15,1.64e-11,Choanoflagellata,FBpp0074396,7227,GalNAc-T2
KOG3736,25,0.9527,7.823,2.57e-15,1.64e-11,Choanoflagellata,FBpp0075330,7227,CG7304
KOG3736,25,0.9527,7.823,2.57e-15,1.64e-11,Choanoflagellata,FBpp0075331,7227,pgant8
KOG3736,25,0.9527,7.823,2.57e-15,1.64e-11,Choanoflagellata,FBpp0075334,7227,CG7579
KOG3736,25,0.9527,7.823,2.57e-15,1.64e-11,Choanoflagellata,FBpp0077211,7227,CG31776
KOG3736,25,0.9527,7.823,2.57e-15,1.64e-11,Choanoflagellata,FBpp0078663,7227,pgant5
KOG3736,25,0.9527,7.823,2.57e-15,1.64e-11,Choanoflagellata,FBpp0080202,7227,Pgant35A
KOG3736,25,0.9527,7.823,2.57e-15,1.64e-11,Choanoflagellata,FBpp0084684,7227,CG10000
KOG3736,25,0.9527,7.823,2.57e-15,1.64e-11,Choanoflagellata,FBpp0086258,7227,CG30463
KOG3736,25,0.9527,7.823,2.57e-15,1.64e-11,Choanoflagellata,FBpp0086464,7227,GalNAc-T1
KOG3736,25,0.9527,7.823,2.57e-15,1.64e-11,Choanoflagellata,FBpp0088130,7227,pgant3
KOG3736,25,0.9527,7.823,2.57e-15,1.64e-11,Choanoflagellata,FBpp0292961,7227,pgant2
KOG3736,25,0.9527,7.823,2.57e-15,1.64e-11,Choanoflagellata,FBpp0305447,7227,pgant4
KOG0977,25,0.9536,7.821,2.62e-15,1.67e-11,Choanoflagellata,FBpp0078733,7227,Lam
KOG0977,25,0.9536,7.821,2.62e-15,1.67e-11,Choanoflagellata,FBpp0305369,7227,LamC
KOG1451,25,0.9154,7.808,2.9e-15,1.85e-11,Choanoflagellata,FBpp0073979,7227,Graf
KOG0709,25,0.9744,7.804,2.99e-15,1.9e-11,Choanoflagellata,FBpp0089339,7227,CrebA
KOG3611,25,0.9592,7.804,3e-15,1.91e-11,Choanoflagellata,FBpp0075784,7227,Sema-5c
KOG3611,25,0.9592,7.804,3e-15,1.91e-11,Choanoflagellata,FBpp0086050,7227,Sema-1b
KOG3611,25,0.9592,7.804,3e-15,1.91e-11,Choanoflagellata,FBpp0086237,7227,Sema-2a
KOG3611,25,0.9592,7.804,3e-15,1.91e-11,Choanoflagellata,FBpp0288448,7227,Sema-2b
KOG3611,25,0.9592,7.804,3e-15,1.91e-11,Choanoflagellata,FBpp0292880,7227,Sema-1a
KOG1553,25,0.9271,7.804,3e-15,1.91e-11,Choanoflagellata,FBpp0073085,7227,CG1309
KOG0984,25,0.9548,7.802,3.05e-15,1.94e-11,Choanoflagellata,FBpp0073551,7227,lic
KOG1226,25,0.9674,7.796,3.2e-15,2.04e-11,Choanoflagellata,FBpp0071061,7227,mys
KOG1226,25,0.9674,7.796,3.2e-15,2.04e-11,Choanoflagellata,FBpp0080990,7227,Itgbetanu
KOG0763,25,0.8776,7.795,3.23e-15,2.06e-11,Choanoflagellata,FBpp0071439,7227,CG1628
KOG1908,25,0.9402,7.793,3.27e-15,2.09e-11,Choanoflagellata,FBpp0303614,7227,CG31635
KOG3852,25,0.9551,7.792,3.29e-15,2.1e-11,Choanoflagellata,FBpp0088006,7227,CG30497
KOG3651,25,0.9925,7.791,3.32e-15,2.12e-11,Choanoflagellata,FBpp0294001,7227,PICK1
KOG0986,25,0.9181,7.79,3.35e-15,2.13e-11,Choanoflagellata,FBpp0085149,7227,Gprk2
KOG0986,25,0.9181,7.79,3.35e-15,2.13e-11,Choanoflagellata,FBpp0110413,7227,Gprk1
KOG2461,25,0.923,7.786,3.46e-15,2.21e-11,Choanoflagellata,FBpp0304191,7227,Blimp-1
KOG3865,25,0.9723,7.784,3.52e-15,2.24e-11,Choanoflagellata,FBpp0071397,7227,CG32683
KOG3865,25,0.9723,7.784,3.52e-15,2.24e-11,Choanoflagellata,FBpp0076326,7227,Arr2
KOG3865,25,0.9723,7.784,3.52e-15,2.24e-11,Choanoflagellata,FBpp0085236,7227,krz
KOG3865,25,0.9723,7.784,3.52e-15,2.24e-11,Choanoflagellata,FBpp0298351,7227,Arr1
KOG2465,25,0.9014,7.781,3.59e-15,2.29e-11,Choanoflagellata,FBpp0086128,7227,CG9646
KOG1130,25,0.9215,7.781,3.6e-15,2.3e-11,Choanoflagellata,FBpp0084559,7227,pins
KOG3027,25,0.9149,7.771,3.9e-15,2.48e-11,Choanoflagellata,FBpp0073816,7227,CG5662
KOG3027,25,0.9149,7.771,3.9e-15,2.48e-11,Choanoflagellata,FBpp0074684,7227,CG8004
KOG0545,25,0.9721,7.77,3.91e-15,2.49e-11,Choanoflagellata,FBpp0073411,7227,CG1847
KOG3528,25,0.9814,7.768,4e-15,2.55e-11,Choanoflagellata,FBpp0070830,7227,Grip
KOG3528,25,0.9814,7.768,4e-15,2.55e-11,Choanoflagellata,FBpp0072662,7227,Patj
KOG3528,25,0.9814,7.768,4e-15,2.55e-11,Choanoflagellata,FBpp0076757,7227,ssp6
KOG3528,25,0.9814,7.768,4e-15,2.55e-11,Choanoflagellata,FBpp0078104,7227,Syn1
KOG3528,25,0.9814,7.768,4e-15,2.55e-11,Choanoflagellata,FBpp0079831,7227,CG6509
KOG3528,25,0.9814,7.768,4e-15,2.55e-11,Choanoflagellata,FBpp0082685,7227,Mhcl
KOG3528,25,0.9814,7.768,4e-15,2.55e-11,Choanoflagellata,FBpp0083666,7227,loco
KOG3528,25,0.9814,7.768,4e-15,2.55e-11,Choanoflagellata,FBpp0083736,7227,CG6688
KOG3528,25,0.9814,7.768,4e-15,2.55e-11,Choanoflagellata,FBpp0086065,7227,Sip1
KOG3528,25,0.9814,7.768,4e-15,2.55e-11,Choanoflagellata,FBpp0086231,7227,CG15617
KOG3528,25,0.9814,7.768,4e-15,2.55e-11,Choanoflagellata,FBpp0087243,7227,sprt
KOG3528,25,0.9814,7.768,4e-15,2.55e-11,Choanoflagellata,FBpp0088529,7227,Zasp66
KOG3528,25,0.9814,7.768,4e-15,2.55e-11,Choanoflagellata,FBpp0099961,7227,a
KOG3528,25,0.9814,7.768,4e-15,2.55e-11,Choanoflagellata,FBpp0110299,7227,baz
KOG3528,25,0.9814,7.768,4e-15,2.55e-11,Choanoflagellata,FBpp0271930,7227,bbg
KOG3528,25,0.9814,7.768,4e-15,2.55e-11,Choanoflagellata,FBpp0289018,7227,CG42319
KOG3528,25,0.9814,7.768,4e-15,2.55e-11,Choanoflagellata,FBpp0290910,7227,X11L
KOG3528,25,0.9814,7.768,4e-15,2.55e-11,Choanoflagellata,FBpp0291514,7227,CG15803
KOG3528,25,0.9814,7.768,4e-15,2.55e-11,Choanoflagellata,FBpp0291525,7227,CG34375
KOG3528,25,0.9814,7.768,4e-15,2.55e-11,Choanoflagellata,FBpp0293495,7227,Prosap
KOG3528,25,0.9814,7.768,4e-15,2.55e-11,Choanoflagellata,FBpp0293662,7227,inaD
KOG3528,25,0.9814,7.768,4e-15,2.55e-11,Choanoflagellata,FBpp0293886,7227,CG5921
KOG3528,25,0.9814,7.768,4e-15,2.55e-11,Choanoflagellata,FBpp0302749,7227,Zasp67
KOG3528,25,0.9814,7.768,4e-15,2.55e-11,Choanoflagellata,FBpp0302849,7227,CG43707
KOG3528,25,0.9814,7.768,4e-15,2.55e-11,Choanoflagellata,FBpp0303445,7227,dysc
KOG3528,25,0.9814,7.768,4e-15,2.55e-11,Choanoflagellata,FBpp0305709,7227,PsGEF
KOG3528,25,0.9814,7.768,4e-15,2.55e-11,Choanoflagellata,FBpp0305807,7227,Fife
KOG1194,25,0.9434,7.765,4.09e-15,2.6e-11,Choanoflagellata,FBpp0081603,7227,CG16779
KOG1194,25,0.9434,7.765,4.09e-15,2.6e-11,Choanoflagellata,FBpp0088056,7227,CG1620
KOG1194,25,0.9434,7.765,4.09e-15,2.6e-11,Choanoflagellata,FBpp0292003,7227,CoRest
KOG1194,25,0.9434,7.765,4.09e-15,2.6e-11,Choanoflagellata,FBpp0292886,7227,CG31875
KOG3952,25,0.9102,7.762,4.18e-15,2.66e-11,Choanoflagellata,FBpp0078279,7227,CG1218
COG1301,25,0.8676,7.758,4.31e-15,2.75e-11,Choanoflagellata,FBpp0079400,7227,Eaat1
COG1301,25,0.8676,7.758,4.31e-15,2.75e-11,Choanoflagellata,FBpp0290531,7227,Eaat2
KOG3585,25,0.9706,7.755,4.43e-15,2.82e-11,Choanoflagellata,FBpp0071187,7227,org-1
KOG3585,25,0.9706,7.755,4.43e-15,2.82e-11,Choanoflagellata,FBpp0076248,7227,Doc3
KOG3585,25,0.9706,7.755,4.43e-15,2.82e-11,Choanoflagellata,FBpp0076249,7227,Doc1
KOG3585,25,0.9706,7.755,4.43e-15,2.82e-11,Choanoflagellata,FBpp0076274,7227,Doc2
KOG3585,25,0.9706,7.755,4.43e-15,2.82e-11,Choanoflagellata,FBpp0078710,7227,H15
KOG3585,25,0.9706,7.755,4.43e-15,2.82e-11,Choanoflagellata,FBpp0078726,7227,mid
KOG3585,25,0.9706,7.755,4.43e-15,2.82e-11,Choanoflagellata,FBpp0292795,7227,ocm
KOG3585,25,0.9706,7.755,4.43e-15,2.82e-11,Choanoflagellata,FBpp0301040,7227,bi
KOG3585,25,0.9706,7.755,4.43e-15,2.82e-11,Choanoflagellata,FBpp0304380,7227,byn
KOG3584,25,0.9817,7.751,4.56e-15,2.9099999999999998e-11,Choanoflagellata,FBpp0074326,7227,CrebB-17A
KOG1094,25,0.9074,7.748,4.65e-15,2.96e-11,Choanoflagellata,FBpp0078876,7227,Ddr
KOG1094,25,0.9074,7.748,4.65e-15,2.96e-11,Choanoflagellata,FBpp0303015,7227,CG34380
COG2379,25,0.9122,7.746,4.74e-15,3.02e-11,Choanoflagellata,FBpp0077450,7227,CG9886
KOG3757,25,0.9051,7.745,4.79e-15,3.05e-11,Choanoflagellata,FBpp0110466,7227,CG17528
KOG3757,25,0.9051,7.745,4.79e-15,3.05e-11,Choanoflagellata,FBpp0288783,7227,DCX-EMAP
KOG4384,25,0.9043,7.744,4.83e-15,3.08e-11,Choanoflagellata,FBpp0083694,7227,CG17625
KOG4384,25,0.9043,7.744,4.83e-15,3.08e-11,Choanoflagellata,FBpp0086540,7227,ckn
KOG4384,25,0.9043,7.744,4.83e-15,3.08e-11,Choanoflagellata,FBpp0111522,7227,CG34377
KOG4384,25,0.9043,7.744,4.83e-15,3.08e-11,Choanoflagellata,FBpp0293573,7227,SKIP
KOG0669,25,0.9267,7.742,4.89e-15,3.12e-11,Choanoflagellata,FBpp0071848,7227,Cdk9
KOG4370,25,0.9251,7.74,4.98e-15,3.17e-11,Choanoflagellata,FBpp0083406,7227,Rlip
KOG4792,25,0.8961,7.738,5.03e-15,3.2e-11,Choanoflagellata,FBpp0088181,7227,Crk
KOG3972,25,0.8592,7.736,5.15e-15,3.28e-11,Choanoflagellata,FBpp0077400,7227,aph-1
KOG1056,25,0.9374,7.734,5.22e-15,3.33e-11,Choanoflagellata,FBpp0078115,7227,CG32447
KOG1056,25,0.9374,7.734,5.22e-15,3.33e-11,Choanoflagellata,FBpp0084323,7227,boss
KOG1056,25,0.9374,7.734,5.22e-15,3.33e-11,Choanoflagellata,FBpp0271833,7227,mtt
KOG1056,25,0.9374,7.734,5.22e-15,3.33e-11,Choanoflagellata,FBpp0305080,7227,mGluR
KOG3649,25,0.9364,7.721,5.76e-15,3.67e-11,Choanoflagellata,FBpp0073583,7227,CG12716
KOG3649,25,0.9364,7.721,5.76e-15,3.67e-11,Choanoflagellata,FBpp0075424,7227,Reck
KOG3649,25,0.9364,7.721,5.76e-15,3.67e-11,Choanoflagellata,FBpp0076385,7227,CG32354
KOG3649,25,0.9364,7.721,5.76e-15,3.67e-11,Choanoflagellata,FBpp0089409,7227,Fs
KOG4016,25,0.9607,7.715,6.03e-15,3.84e-11,Choanoflagellata,FBpp0086771,7227,Syngr
KOG4625,25,0.9281,7.71,6.27e-15,3.99e-11,Choanoflagellata,FBpp0075523,7227,blue
KOG4625,25,0.9281,7.71,6.27e-15,3.99e-11,Choanoflagellata,FBpp0081481,7227,neur
KOG4625,25,0.9281,7.71,6.27e-15,3.99e-11,Choanoflagellata,FBpp0289407,7227,CG3894
COG1274,25,0.844,7.71,6.27e-15,4e-11,Choanoflagellata,FBpp0085878,7227,CG10924
COG1274,25,0.844,7.71,6.27e-15,4e-11,Choanoflagellata,FBpp0085880,7227,Pepck
KOG4506,25,0.9146,7.703,6.66e-15,4.24e-11,Choanoflagellata,FBpp0084673,7227,CG9986
KOG3698,25,0.9376,7.699,6.84e-15,4.36e-11,Choanoflagellata,FBpp0083452,7227,Oga
KOG4331,25,0.8842,7.696,7e-15,4.46e-11,Choanoflagellata,FBpp0072980,7227,CG7740
KOG4331,25,0.8842,7.696,7e-15,4.46e-11,Choanoflagellata,FBpp0288978,7227,prom
KOG4331,25,0.8842,7.696,7e-15,4.46e-11,Choanoflagellata,FBpp0297997,7227,CG14955
KOG2891,25,0.8981,7.695,7.05e-15,4.49e-11,Choanoflagellata,FBpp0078377,7227,Xe7
KOG4272,25,0.9629,7.693,7.21e-15,4.59e-11,Choanoflagellata,FBpp0071266,7227,amx
KOG4272,25,0.9629,7.693,7.21e-15,4.59e-11,Choanoflagellata,FBpp0071535,7227,CG10795
KOG4272,25,0.9629,7.693,7.21e-15,4.59e-11,Choanoflagellata,FBpp0099588,7227,CG11103
KOG3614,25,0.907,7.682,7.86e-15,5.01e-11,Choanoflagellata,FBpp0112395,7227,trpm
KOG1660,25,0.9733,7.681,7.88e-15,5.02e-11,Choanoflagellata,FBpp0297300,7227,Snx6
KOG3971,25,0.969,7.681,7.89e-15,5.03e-11,Choanoflagellata,FBpp0085375,7227,vlc
KOG3971,25,0.969,7.681,7.89e-15,5.03e-11,Choanoflagellata,FBpp0290601,7227,mars
KOG3554,25,0.9712,7.678,8.07e-15,5.14e-11,Choanoflagellata,FBpp0078382,7227,MTA1-like
KOG3333,25,0.9036,7.677,8.16e-15,5.2e-11,Choanoflagellata,FBpp0086965,7227,mRpL18
KOG4025,25,0.9723,7.676,8.2e-15,5.22e-11,Choanoflagellata,FBpp0082550,7227,Ccm3
KOG3637,25,0.8882,7.675,8.27e-15,5.27e-11,Choanoflagellata,FBpp0071972,7227,alphaPS5
KOG3637,25,0.8882,7.675,8.27e-15,5.27e-11,Choanoflagellata,FBpp0074131,7227,if
KOG3637,25,0.8882,7.675,8.27e-15,5.27e-11,Choanoflagellata,FBpp0086501,7227,scb
KOG3637,25,0.8882,7.675,8.27e-15,5.27e-11,Choanoflagellata,FBpp0086503,7227,alphaPS4
KOG3637,25,0.8882,7.675,8.27e-15,5.27e-11,Choanoflagellata,FBpp0302767,7227,mew
KOG3514,25,0.9733,7.675,8.27e-15,5.27e-11,Choanoflagellata,FBpp0290700,7227,Nrx-1
KOG3716,25,0.8729,7.673,8.4e-15,5.35e-11,Choanoflagellata,FBpp0290496,7227,whd
KOG3917,25,0.8935,7.672,8.48e-15,5.4e-11,Choanoflagellata,FBpp0084130,7227,beta4GalT7
KOG0782,25,0.9009,7.659,9.35e-15,5.96e-11,Choanoflagellata,FBpp0305778,7227,rdgA
NOG258949,25,0.9105,7.653,9.83e-15,6.26e-11,Choanoflagellata,FBpp0289218,7227,Pmi
KOG3704,25,0.8614,7.65,1e-14,6.38e-11,Choanoflagellata,FBpp0074447,7227,Hs3st-B
KOG3704,25,0.8614,7.65,1e-14,6.38e-11,Choanoflagellata,FBpp0076677,7227,sfl
KOG3704,25,0.8614,7.65,1e-14,6.38e-11,Choanoflagellata,FBpp0085791,7227,Hs3st-A
KOG1512,25,0.8603,7.65,1e-14,6.39e-11,Choanoflagellata,FBpp0074531,7227,e(y)3
KOG1170,25,0.8912,7.65,1.01e-14,6.42e-11,Choanoflagellata,FBpp0293459,7227,CG34384
KOG0607,25,0.8145,7.646,1.03e-14,6.58e-11,Choanoflagellata,FBpp0082008,7227,Lk6
KOG1028,25,0.894,7.643,1.06e-14,6.77e-11,Choanoflagellata,FBpp0073598,7227,Syt12
KOG1028,25,0.894,7.643,1.06e-14,6.77e-11,Choanoflagellata,FBpp0077410,7227,Syt1
KOG1028,25,0.894,7.643,1.06e-14,6.77e-11,Choanoflagellata,FBpp0078597,7227,Syt14
KOG1028,25,0.894,7.643,1.06e-14,6.77e-11,Choanoflagellata,FBpp0081097,7227,Syt4
KOG1028,25,0.894,7.643,1.06e-14,6.77e-11,Choanoflagellata,FBpp0099811,7227,Syt7
KOG1028,25,0.894,7.643,1.06e-14,6.77e-11,Choanoflagellata,FBpp0289127,7227,Sytbeta
KOG1028,25,0.894,7.643,1.06e-14,6.77e-11,Choanoflagellata,FBpp0292346,7227,Sytalpha
KOG1028,25,0.894,7.643,1.06e-14,6.77e-11,Choanoflagellata,FBpp0297567,7227,btsz
KOG0992,25,0.9049,7.643,1.06e-14,6.78e-11,Choanoflagellata,FBpp0075186,7227,CG4925
KOG0992,25,0.9049,7.643,1.06e-14,6.78e-11,Choanoflagellata,FBpp0086786,7227,cbs
KOG4714,25,0.8718,7.64,1.09e-14,6.93e-11,Choanoflagellata,FBpp0082998,7227,Nup43
KOG1090,25,0.8516,7.64,1.09e-14,6.94e-11,Choanoflagellata,FBpp0082003,7227,Sbf
KOG3812,25,0.9733,7.637,1.11e-14,7.08e-11,Choanoflagellata,FBpp0297477,7227,Ca-beta
KOG4236,25,0.8469,7.634,1.14e-14,7.26e-11,Choanoflagellata,FBpp0083010,7227,PKD
KOG0500,25,0.8765,7.634,1.14e-14,7.27e-11,Choanoflagellata,FBpp0288847,7227,CG42260
KOG0500,25,0.8765,7.634,1.14e-14,7.27e-11,Choanoflagellata,FBpp0292051,7227,CngA
KOG0500,25,0.8765,7.634,1.14e-14,7.27e-11,Choanoflagellata,FBpp0300628,7227,Cngl
KOG4233,25,0.8972,7.632,1.16e-14,7.37e-11,Choanoflagellata,FBpp0305308,7227,baf
KOG2716,25,0.8699,7.631,1.16e-14,7.41e-11,Choanoflagellata,FBpp0085430,7227,CG10465
KOG0117,25,0.8601,7.63,1.18e-14,7.5e-11,Choanoflagellata,FBpp0076443,7227,CG32364
KOG0117,25,0.8601,7.63,1.18e-14,7.5e-11,Choanoflagellata,FBpp0083366,7227,Syp
KOG4677,25,0.9147,7.63,1.18e-14,7.5e-11,Choanoflagellata,FBpp0084013,7227,Golgin84
KOG4677,25,0.9147,7.63,1.18e-14,7.5e-11,Choanoflagellata,FBpp0084899,7227,Vps16B
KOG4310,25,0.9263,7.628,1.19e-14,7.59e-11,Choanoflagellata,FBpp0082658,7227,Sap47
KOG3654,25,0.8419,7.627,1.2e-14,7.63e-11,Choanoflagellata,FBpp0304550,7227,Patronin
KOG1048,25,0.8699,7.617,1.29e-14,8.24e-11,Choanoflagellata,FBpp0073325,7227,CG32668
KOG1048,25,0.8699,7.617,1.29e-14,8.24e-11,Choanoflagellata,FBpp0110406,7227,p120ctn
KOG0696,25,0.883,7.611,1.36e-14,8.66e-11,Choanoflagellata,FBpp0086196,7227,inaC
KOG0696,25,0.883,7.611,1.36e-14,8.66e-11,Choanoflagellata,FBpp0086197,7227,Pkc53E
KOG0696,25,0.883,7.611,1.36e-14,8.66e-11,Choanoflagellata,FBpp0300813,7227,Dgk
KOG4512,25,0.9698,7.61,1.37e-14,8.76e-11,Choanoflagellata,FBpp0082980,7227,MED17
KOG3530,25,0.9703,7.603,1.45e-14,9.21e-11,Choanoflagellata,FBpp0079589,7227,CG5022
KOG3530,25,0.9703,7.603,1.45e-14,9.21e-11,Choanoflagellata,FBpp0082261,7227,yrt
KOG3530,25,0.9703,7.603,1.45e-14,9.21e-11,Choanoflagellata,FBpp0085697,7227,cora
KOG3530,25,0.9703,7.603,1.45e-14,9.21e-11,Choanoflagellata,FBpp0288485,7227,CG34347
KOG3530,25,0.9703,7.603,1.45e-14,9.21e-11,Choanoflagellata,FBpp0298272,7227,CG12075
KOG3722,25,0.897,7.6,1.48e-14,9.43e-11,Choanoflagellata,FBpp0084114,7227,CG5807
KOG4030,25,0.9585,7.59,1.6e-14,1.02e-10,Choanoflagellata,FBpp0082963,7227,CG7785
KOG3845,25,0.9259,7.585,1.66e-14,1.06e-10,Choanoflagellata,FBpp0088807,7227,Start1
KOG3848,25,0.9204,7.58,1.72e-14,1.1e-10,Choanoflagellata,FBpp0071404,7227,l(1)G0289
KOG4226,25,0.8466,7.58,1.73e-14,1.1e-10,Choanoflagellata,FBpp0077679,7227,dock
KOG3837,25,0.9013,7.58,1.73e-14,1.1e-10,Choanoflagellata,FBpp0297275,7227,l(2)gd1
KOG3632,25,0.9369,7.577,1.76e-14,1.12e-10,Choanoflagellata,FBpp0293366,7227,Rbp
KOG1306,25,0.8959,7.577,1.77e-14,1.13e-10,Choanoflagellata,FBpp0301144,7227,Calx
KOG1738,25,0.8985,7.577,1.77e-14,1.13e-10,Choanoflagellata,FBpp0086117,7227,cnk
KOG3594,25,0.8742,7.576,1.78e-14,1.14e-10,Choanoflagellata,FBpp0071475,7227,shg
KOG3594,25,0.8742,7.576,1.78e-14,1.14e-10,Choanoflagellata,FBpp0075001,7227,Cad74A
KOG3594,25,0.8742,7.576,1.78e-14,1.14e-10,Choanoflagellata,FBpp0077167,7227,ft
KOG3594,25,0.8742,7.576,1.78e-14,1.14e-10,Choanoflagellata,FBpp0077708,7227,ds
KOG3594,25,0.8742,7.576,1.78e-14,1.14e-10,Choanoflagellata,FBpp0081987,7227,Cad87A
KOG3594,25,0.8742,7.576,1.78e-14,1.14e-10,Choanoflagellata,FBpp0082424,7227,Cad88C
KOG3594,25,0.8742,7.576,1.78e-14,1.14e-10,Choanoflagellata,FBpp0099721,7227,CadN
KOG3594,25,0.8742,7.576,1.78e-14,1.14e-10,Choanoflagellata,FBpp0290312,7227,Cad96Cb
KOG3594,25,0.8742,7.576,1.78e-14,1.14e-10,Choanoflagellata,FBpp0290916,7227,Cad89D
KOG3594,25,0.8742,7.576,1.78e-14,1.14e-10,Choanoflagellata,FBpp0292214,7227,Cad99C
KOG3594,25,0.8742,7.576,1.78e-14,1.14e-10,Choanoflagellata,FBpp0292315,7227,stan
KOG3594,25,0.8742,7.576,1.78e-14,1.14e-10,Choanoflagellata,FBpp0293207,7227,Cad86C
KOG3594,25,0.8742,7.576,1.78e-14,1.14e-10,Choanoflagellata,FBpp0300935,7227,CadN2
KOG3594,25,0.8742,7.576,1.78e-14,1.14e-10,Choanoflagellata,FBpp0304622,7227,dp
KOG3594,25,0.8742,7.576,1.78e-14,1.14e-10,Choanoflagellata,FBpp0304968,7227,kug
KOG4190,25,0.9187,7.573,1.83e-14,1.16e-10,Choanoflagellata,FBpp0079896,7227,CG6734
KOG0033,25,0.8993,7.573,1.83e-14,1.17e-10,Choanoflagellata,FBpp0289608,7227,CaMKII
KOG0033,25,0.8993,7.573,1.83e-14,1.17e-10,Choanoflagellata,FBpp0290542,7227,CASK
KOG4643,25,0.8872,7.571,1.86e-14,1.18e-10,Choanoflagellata,FBpp0072899,7227,Girdin
KOG4596,25,0.8867,7.567,1.92e-14,1.22e-10,Choanoflagellata,FBpp0072077,7227,IntS1
KOG4380,25,0.8293,7.562,1.98e-14,1.26e-10,Choanoflagellata,FBpp0082916,7227,CG31249
KOG4380,25,0.8293,7.562,1.98e-14,1.26e-10,Choanoflagellata,FBpp0082917,7227,CG31251
KOG0587,25,0.8958,7.558,2.05e-14,1.3e-10,Choanoflagellata,FBpp0072830,7227,msn
KOG0587,25,0.8958,7.558,2.05e-14,1.3e-10,Choanoflagellata,FBpp0079064,7227,ninaC
KOG3681,25,0.9525,7.558,2.05e-14,1.3100000000000001e-10,Choanoflagellata,FBpp0070037,7227,alpha-Cat
KOG3681,25,0.9525,7.558,2.05e-14,1.3100000000000001e-10,Choanoflagellata,FBpp0070404,7227,Vinc
KOG3681,25,0.9525,7.558,2.05e-14,1.3100000000000001e-10,Choanoflagellata,FBpp0072057,7227,CG2987
KOG2264,25,0.8569,7.556,2.08e-14,1.32e-10,Choanoflagellata,FBpp0085763,7227,botv
KOG3766,25,0.9052,7.556,2.08e-14,1.33e-10,Choanoflagellata,FBpp0081580,7227,Scm
KOG3766,25,0.9052,7.556,2.08e-14,1.33e-10,Choanoflagellata,FBpp0084546,7227,l(3)mbt
KOG3766,25,0.9052,7.556,2.08e-14,1.33e-10,Choanoflagellata,FBpp0288419,7227,Sfmbt
KOG3849,25,0.8985,7.551,2.16e-14,1.38e-10,Choanoflagellata,FBpp0086649,7227,O-fut1
KOG1476,25,0.9201,7.548,2.22e-14,1.41e-10,Choanoflagellata,FBpp0070612,7227,GlcAT-I
KOG1476,25,0.9201,7.548,2.22e-14,1.41e-10,Choanoflagellata,FBpp0075919,7227,GlcAT-P
KOG1476,25,0.9201,7.548,2.22e-14,1.41e-10,Choanoflagellata,FBpp0291409,7227,GlcAT-S
KOG3922,25,0.8874,7.547,2.23e-14,1.42e-10,Choanoflagellata,FBpp0074780,7227,pip
KOG3922,25,0.8874,7.547,2.23e-14,1.42e-10,Choanoflagellata,FBpp0080826,7227,Hs2st
KOG1621,25,0.9872,7.543,2.3e-14,1.46e-10,Choanoflagellata,FBpp0079465,7227,IP3K1
KOG1621,25,0.9872,7.543,2.3e-14,1.46e-10,Choanoflagellata,FBpp0111486,7227,IP3K2
KOG3941,25,0.9232,7.537,2.41e-14,1.53e-10,Choanoflagellata,FBpp0078296,7227,ECSIT
KOG2152,25,0.9056,7.53,2.53e-14,1.61e-10,Choanoflagellata,FBpp0070413,7227,wapl
NOG02068,25,0.9326,7.529,2.57e-14,1.63e-10,Choanoflagellata,FBpp0305538,7227,homer
KOG3784,25,0.9136,7.525,2.63e-14,1.68e-10,Choanoflagellata,FBpp0070808,7227,CG32758
KOG3784,25,0.9136,7.525,2.63e-14,1.68e-10,Choanoflagellata,FBpp0079550,7227,CG5734
KOG0613,25,0.8544,7.525,2.64e-14,1.68e-10,Choanoflagellata,FBpp0290554,7227,bt
KOG0613,25,0.8544,7.525,2.64e-14,1.68e-10,Choanoflagellata,FBpp0291931,7227,Strn-Mlck
KOG0613,25,0.8544,7.525,2.64e-14,1.68e-10,Choanoflagellata,FBpp0292247,7227,Ptp99A
KOG0613,25,0.8544,7.525,2.64e-14,1.68e-10,Choanoflagellata,FBpp0297861,7227,CG14964
KOG0613,25,0.8544,7.525,2.64e-14,1.68e-10,Choanoflagellata,FBpp0304920,7227,sls
KOG4725,25,0.8175,7.523,2.68e-14,1.71e-10,Choanoflagellata,FBpp0070880,7227,CG3342
KOG4725,25,0.8175,7.523,2.68e-14,1.71e-10,Choanoflagellata,FBpp0071703,7227,GM130
KOG4297,25,0.839,7.521,2.72e-14,1.73e-10,Choanoflagellata,FBpp0070783,7227,CG15765
KOG4297,25,0.839,7.521,2.72e-14,1.73e-10,Choanoflagellata,FBpp0072221,7227,CG13587
KOG4297,25,0.839,7.521,2.72e-14,1.73e-10,Choanoflagellata,FBpp0072553,7227,CG9134
KOG4297,25,0.839,7.521,2.72e-14,1.73e-10,Choanoflagellata,FBpp0073424,7227,fw
KOG4297,25,0.839,7.521,2.72e-14,1.73e-10,Choanoflagellata,FBpp0077108,7227,Clect27
KOG4297,25,0.839,7.521,2.72e-14,1.73e-10,Choanoflagellata,FBpp0077158,7227,CG2958
KOG4297,25,0.839,7.521,2.72e-14,1.73e-10,Choanoflagellata,FBpp0077228,7227,lectin-24A
KOG4297,25,0.839,7.521,2.72e-14,1.73e-10,Choanoflagellata,FBpp0077560,7227,CG15358
KOG4297,25,0.839,7.521,2.72e-14,1.73e-10,Choanoflagellata,FBpp0077663,7227,CG2826
KOG4297,25,0.839,7.521,2.72e-14,1.73e-10,Choanoflagellata,FBpp0077664,7227,CG2839
KOG4297,25,0.839,7.521,2.72e-14,1.73e-10,Choanoflagellata,FBpp0079070,7227,CG15818
KOG4297,25,0.839,7.521,2.72e-14,1.73e-10,Choanoflagellata,FBpp0079077,7227,CG6055
KOG4297,25,0.839,7.521,2.72e-14,1.73e-10,Choanoflagellata,FBpp0079320,7227,CG17799
KOG4297,25,0.839,7.521,2.72e-14,1.73e-10,Choanoflagellata,FBpp0079321,7227,Acp29AB
KOG4297,25,0.839,7.521,2.72e-14,1.73e-10,Choanoflagellata,FBpp0079415,7227,lectin-30A
KOG4297,25,0.839,7.521,2.72e-14,1.73e-10,Choanoflagellata,FBpp0080738,7227,CG13086
KOG4297,25,0.839,7.521,2.72e-14,1.73e-10,Choanoflagellata,FBpp0080742,7227,DL1
KOG4297,25,0.839,7.521,2.72e-14,1.73e-10,Choanoflagellata,FBpp0082040,7227,CG4115
KOG4297,25,0.839,7.521,2.72e-14,1.73e-10,Choanoflagellata,FBpp0085333,7227,CG8343
KOG4297,25,0.839,7.521,2.72e-14,1.73e-10,Choanoflagellata,FBpp0085348,7227,CG11211
KOG4297,25,0.839,7.521,2.72e-14,1.73e-10,Choanoflagellata,FBpp0085931,7227,CG14500
KOG4297,25,0.839,7.521,2.72e-14,1.73e-10,Choanoflagellata,FBpp0087559,7227,CG1652
KOG4297,25,0.839,7.521,2.72e-14,1.73e-10,Choanoflagellata,FBpp0087560,7227,CG1656
KOG4297,25,0.839,7.521,2.72e-14,1.73e-10,Choanoflagellata,FBpp0087688,7227,hig
KOG4297,25,0.839,7.521,2.72e-14,1.73e-10,Choanoflagellata,FBpp0099538,7227,DL3
KOG4297,25,0.839,7.521,2.72e-14,1.73e-10,Choanoflagellata,FBpp0099709,7227,DL2
KOG4297,25,0.839,7.521,2.72e-14,1.73e-10,Choanoflagellata,FBpp0111897,7227,CG9095
KOG4297,25,0.839,7.521,2.72e-14,1.73e-10,Choanoflagellata,FBpp0271913,7227,CG14866
KOG4297,25,0.839,7.521,2.72e-14,1.73e-10,Choanoflagellata,FBpp0288795,7227,CG10186
KOG4297,25,0.839,7.521,2.72e-14,1.73e-10,Choanoflagellata,FBpp0288953,7227,lectin-22C
KOG4297,25,0.839,7.521,2.72e-14,1.73e-10,Choanoflagellata,FBpp0288954,7227,CG42296
KOG4297,25,0.839,7.521,2.72e-14,1.73e-10,Choanoflagellata,FBpp0289532,7227,Sfp24F
KOG4297,25,0.839,7.521,2.72e-14,1.73e-10,Choanoflagellata,FBpp0293179,7227,CG43055
KOG4297,25,0.839,7.521,2.72e-14,1.73e-10,Choanoflagellata,FBpp0296983,7227,CG43164
KOG4297,25,0.839,7.521,2.72e-14,1.73e-10,Choanoflagellata,FBpp0300410,7227,lectin-28C
KOG4297,25,0.839,7.521,2.72e-14,1.73e-10,Choanoflagellata,FBpp0301169,7227,rgn
KOG4297,25,0.839,7.521,2.72e-14,1.73e-10,Choanoflagellata,FBpp0301797,7227,CG13686
KOG4297,25,0.839,7.521,2.72e-14,1.73e-10,Choanoflagellata,FBpp0302003,7227,CG14499
KOG4297,25,0.839,7.521,2.72e-14,1.73e-10,Choanoflagellata,FBpp0303804,7227,CG7763
KOG4297,25,0.839,7.521,2.72e-14,1.73e-10,Choanoflagellata,FBpp0304115,7227,CG12111
KOG4297,25,0.839,7.521,2.72e-14,1.73e-10,Choanoflagellata,FBpp0304329,7227,CG43797
KOG3686,25,0.8723,7.52,2.74e-14,1.74e-10,Choanoflagellata,FBpp0111515,7227,Rapgap1
KOG3686,25,0.8723,7.52,2.74e-14,1.74e-10,Choanoflagellata,FBpp0290357,7227,CG5521
KOG3686,25,0.8723,7.52,2.74e-14,1.74e-10,Choanoflagellata,FBpp0291476,7227,CG42629
KOG3415,25,0.8455,7.518,2.78e-14,1.77e-10,Choanoflagellata,FBpp0087998,7227,CG12107
KOG2300,25,0.9087,7.517,2.79e-14,1.78e-10,Choanoflagellata,FBpp0082507,7227,CG4203
NOG232449,25,0.8581,7.514,2.86e-14,1.82e-10,Choanoflagellata,FBpp0072006,7227,CG4091
KOG1456,25,0.8495,7.514,2.86e-14,1.82e-10,Choanoflagellata,FBpp0300947,7227,sm
KOG1044,25,0.9117,7.512,2.91e-14,1.85e-10,Choanoflagellata,FBpp0081572,7227,Unc-115b
KOG1044,25,0.9117,7.512,2.91e-14,1.85e-10,Choanoflagellata,FBpp0289791,7227,Unc-115a
KOG1400,25,0.8502,7.507,3.03e-14,1.93e-10,Choanoflagellata,FBpp0081652,7227,CG3925
KOG2724,25,0.86,7.501,3.17e-14,2.02e-10,Choanoflagellata,FBpp0087861,7227,Nup50
KOG3509,25,0.9558,7.499,3.22e-14,2.05e-10,Choanoflagellata,FBpp0086351,7227,SP2353
KOG3509,25,0.9558,7.499,3.22e-14,2.05e-10,Choanoflagellata,FBpp0112919,7227,eys
KOG3509,25,0.9558,7.499,3.22e-14,2.05e-10,Choanoflagellata,FBpp0293691,7227,trol
KOG3538,25,0.8893,7.493,3.37e-14,2.15e-10,Choanoflagellata,FBpp0082614,7227,AdamTS-A
KOG3538,25,0.8893,7.493,3.37e-14,2.15e-10,Choanoflagellata,FBpp0110259,7227,CG31619
KOG3538,25,0.8893,7.493,3.37e-14,2.15e-10,Choanoflagellata,FBpp0288559,7227,CG9850
KOG3538,25,0.8893,7.493,3.37e-14,2.15e-10,Choanoflagellata,FBpp0289151,7227,CG31609
KOG3538,25,0.8893,7.493,3.37e-14,2.15e-10,Choanoflagellata,FBpp0290305,7227,CG4096
KOG3538,25,0.8893,7.493,3.37e-14,2.15e-10,Choanoflagellata,FBpp0290391,7227,CG6232
KOG3538,25,0.8893,7.493,3.37e-14,2.15e-10,Choanoflagellata,FBpp0291051,7227,Ppn
KOG3538,25,0.8893,7.493,3.37e-14,2.15e-10,Choanoflagellata,FBpp0301591,7227,stl
KOG1891,25,0.8779,7.492,3.4e-14,2.16e-10,Choanoflagellata,FBpp0083749,7227,sav
KOG3620,25,0.8186,7.488,3.49e-14,2.22e-10,Choanoflagellata,FBpp0086345,7227,CG8370
KOG1886,25,0.8419,7.484,3.59e-14,2.29e-10,Choanoflagellata,FBpp0302573,7227,wge
KOG1886,25,0.8419,7.484,3.59e-14,2.29e-10,Choanoflagellata,FBpp0305208,7227,Hers
NOG04181,25,0.9096,7.484,3.6e-14,2.29e-10,Choanoflagellata,FBpp0074254,7227,IntS2
KOG4804,25,0.8417,7.482,3.66e-14,2.33e-10,Choanoflagellata,FBpp0084830,7227,CG7582
KOG2548,25,0.8922,7.476,3.84e-14,2.45e-10,Choanoflagellata,FBpp0088855,7227,CG6695
KOG4350,25,0.878,7.473,3.93e-14,2.5e-10,Choanoflagellata,FBpp0071426,7227,BTBD9
KOG4350,25,0.878,7.473,3.93e-14,2.5e-10,Choanoflagellata,FBpp0079181,7227,CG7102
KOG4350,25,0.878,7.473,3.93e-14,2.5e-10,Choanoflagellata,FBpp0086255,7227,gprs
KOG4295,25,0.9047,7.468,4.07e-14,2.6e-10,Choanoflagellata,FBpp0077233,7227,CG10031
KOG4295,25,0.9047,7.468,4.07e-14,2.6e-10,Choanoflagellata,FBpp0077234,7227,CG3604
KOG4295,25,0.9047,7.468,4.07e-14,2.6e-10,Choanoflagellata,FBpp0077235,7227,CG16712
KOG4295,25,0.9047,7.468,4.07e-14,2.6e-10,Choanoflagellata,FBpp0077236,7227,CG16713
KOG4295,25,0.9047,7.468,4.07e-14,2.6e-10,Choanoflagellata,FBpp0077238,7227,CG3513
KOG4295,25,0.9047,7.468,4.07e-14,2.6e-10,Choanoflagellata,FBpp0077239,7227,CG16704
KOG4295,25,0.9047,7.468,4.07e-14,2.6e-10,Choanoflagellata,FBpp0077245,7227,CG15418
KOG4295,25,0.9047,7.468,4.07e-14,2.6e-10,Choanoflagellata,FBpp0087737,7227,CG13748
KOG4295,25,0.9047,7.468,4.07e-14,2.6e-10,Choanoflagellata,FBpp0289527,7227,CG2816
KOG4295,25,0.9047,7.468,4.07e-14,2.6e-10,Choanoflagellata,FBpp0289528,7227,CG42464
KOG4295,25,0.9047,7.468,4.07e-14,2.6e-10,Choanoflagellata,FBpp0291051,7227,Ppn
KOG4295,25,0.9047,7.468,4.07e-14,2.6e-10,Choanoflagellata,FBpp0292841,7227,CG42827
KOG4295,25,0.9047,7.468,4.07e-14,2.6e-10,Choanoflagellata,FBpp0292842,7227,CG42828
KOG4295,25,0.9047,7.468,4.07e-14,2.6e-10,Choanoflagellata,FBpp0296953,7227,Acp24A4
KOG4295,25,0.9047,7.468,4.07e-14,2.6e-10,Choanoflagellata,FBpp0296986,7227,CG43165
KOG4295,25,0.9047,7.468,4.07e-14,2.6e-10,Choanoflagellata,FBpp0298292,7227,Appl
KOG4295,25,0.9047,7.468,4.07e-14,2.6e-10,Choanoflagellata,FBpp0305769,7227,axo
KOG1333,25,0.7745,7.467,4.1e-14,2.61e-10,Choanoflagellata,FBpp0083133,7227,CG6005
KOG3522,25,0.8472,7.464,4.19e-14,2.67e-10,Choanoflagellata,FBpp0293548,7227,CG43102
KOG3522,25,0.8472,7.464,4.19e-14,2.67e-10,Choanoflagellata,FBpp0302018,7227,CG43658
KOG3522,25,0.8472,7.464,4.19e-14,2.67e-10,Choanoflagellata,FBpp0305709,7227,PsGEF
KOG4479,25,0.7759,7.463,4.23e-14,2.69e-10,Choanoflagellata,FBpp0073385,7227,e(y)2
KOG4479,25,0.7759,7.463,4.23e-14,2.69e-10,Choanoflagellata,FBpp0081083,7227,e(y)2b
KOG4298,25,0.9071,7.445,4.84e-14,3.08e-10,Choanoflagellata,FBpp0113106,7227,olf186-F
KOG2293,25,0.8524,7.443,4.94e-14,3.14e-10,Choanoflagellata,FBpp0073058,7227,Rcd5
KOG2365,25,0.8495,7.442,4.95e-14,3.15e-10,Choanoflagellata,FBpp0300419,7227,CG2698
KOG3776,25,0.8843,7.441,5e-14,3.19e-10,Choanoflagellata,FBpp0072303,7227,CG3829
KOG3776,25,0.8843,7.441,5e-14,3.19e-10,Choanoflagellata,FBpp0072308,7227,emp
KOG3776,25,0.8843,7.441,5e-14,3.19e-10,Choanoflagellata,FBpp0072310,7227,CG2736
KOG3776,25,0.8843,7.441,5e-14,3.19e-10,Choanoflagellata,FBpp0077747,7227,crq
KOG3776,25,0.8843,7.441,5e-14,3.19e-10,Choanoflagellata,FBpp0079088,7227,CG12789
KOG3776,25,0.8843,7.441,5e-14,3.19e-10,Choanoflagellata,FBpp0079173,7227,CG7227
KOG3776,25,0.8843,7.441,5e-14,3.19e-10,Choanoflagellata,FBpp0080584,7227,ninaD
KOG3776,25,0.8843,7.441,5e-14,3.19e-10,Choanoflagellata,FBpp0080585,7227,CG31741
KOG3776,25,0.8843,7.441,5e-14,3.19e-10,Choanoflagellata,FBpp0082805,7227,CG10345
KOG3776,25,0.8843,7.441,5e-14,3.19e-10,Choanoflagellata,FBpp0110565,7227,CG40006
KOG3776,25,0.8843,7.441,5e-14,3.19e-10,Choanoflagellata,FBpp0271769,7227,dsb
KOG3776,25,0.8843,7.441,5e-14,3.19e-10,Choanoflagellata,FBpp0289420,7227,pes
KOG3776,25,0.8843,7.441,5e-14,3.19e-10,Choanoflagellata,FBpp0290423,7227,Snmp2
KOG3776,25,0.8843,7.441,5e-14,3.19e-10,Choanoflagellata,FBpp0306056,7227,Snmp1
KOG2430,25,0.8429,7.441,5.01e-14,3.19e-10,Choanoflagellata,FBpp0080019,7227,Edem2
KOG1702,25,0.833,7.44,5.03e-14,3.2e-10,Choanoflagellata,FBpp0099495,7227,Lasp
KOG4624,25,0.8034,7.431,5.4e-14,3.44e-10,Choanoflagellata,FBpp0080491,7227,CG17996
KOG1365,25,0.8238,7.422,5.77e-14,3.68e-10,Choanoflagellata,FBpp0086476,7227,fus
KOG3743,25,0.968,7.42,5.85e-14,3.72e-10,Choanoflagellata,FBpp0080261,7227,Su(H)
KOG3674,25,0.8614,7.419,5.9e-14,3.76e-10,Choanoflagellata,FBpp0088518,7227,aft
KOG4799,25,0.8617,7.405,6.54e-14,4.17e-10,Choanoflagellata,FBpp0070650,7227,mRpL30
KOG4485,25,0.8917,7.403,6.63e-14,4.22e-10,Choanoflagellata,FBpp0083693,7227,CG6954
KOG1734,25,0.8595,7.402,6.72e-14,4.28e-10,Choanoflagellata,FBpp0074242,7227,CG15814
KOG4256,25,0.8512,7.396,7.02e-14,4.47e-10,Choanoflagellata,FBpp0085156,7227,rod
KOG3443,25,0.8233,7.389,7.41e-14,4.72e-10,Choanoflagellata,FBpp0075689,7227,CG10681
KOG0579,25,0.8533,7.388,7.48e-14,4.76e-10,Choanoflagellata,FBpp0072271,7227,slik
COG3571,25,0.8146,7.386,7.54e-14,4.8e-10,Choanoflagellata,FBpp0302789,7227,Rcd1
KOG1988,25,0.8269,7.386,7.56e-14,4.82e-10,Choanoflagellata,FBpp0076132,7227,defl
NOG233795,25,0.7978,7.385,7.64e-14,4.87e-10,Choanoflagellata,FBpp0305332,7227,CG7510
KOG2514,25,0.8617,7.384,7.67e-14,4.88e-10,Choanoflagellata,FBpp0112944,7227,CG10353
KOG2514,25,0.8617,7.384,7.67e-14,4.88e-10,Choanoflagellata,FBpp0288570,7227,CG6938
KOG2514,25,0.8617,7.384,7.67e-14,4.88e-10,Choanoflagellata,FBpp0291654,7227,subdued
KOG3128,25,0.8721,7.383,7.73e-14,4.93e-10,Choanoflagellata,FBpp0072168,7227,cN-IIIB
KOG3667,25,0.8694,7.38,7.93e-14,5.05e-10,Choanoflagellata,FBpp0088489,7227,Stat92E
KOG3744,25,0.8865,7.37,8.55e-14,5.44e-10,Choanoflagellata,FBpp0085216,7227,CG2126
KOG4107,25,0.8233,7.365,8.85e-14,5.64e-10,Choanoflagellata,FBpp0289083,7227,CG5189
KOG4164,25,0.8267,7.363,9.01e-14,5.74e-10,Choanoflagellata,FBpp0303467,7227,CG6191
COG5640,25,0.8749,7.363,9.01e-14,5.74e-10,Choanoflagellata,FBpp0070158,7227,CG11664
COG5640,25,0.8749,7.363,9.01e-14,5.74e-10,Choanoflagellata,FBpp0070247,7227,CG14780
COG5640,25,0.8749,7.363,9.01e-14,5.74e-10,Choanoflagellata,FBpp0070268,7227,CG3795
COG5640,25,0.8749,7.363,9.01e-14,5.74e-10,Choanoflagellata,FBpp0070282,7227,CG32808
COG5640,25,0.8749,7.363,9.01e-14,5.74e-10,Choanoflagellata,FBpp0070826,7227,CG6041
COG5640,25,0.8749,7.363,9.01e-14,5.74e-10,Choanoflagellata,FBpp0070827,7227,CG32755
COG5640,25,0.8749,7.363,9.01e-14,5.74e-10,Choanoflagellata,FBpp0070828,7227,CG6048
COG5640,25,0.8749,7.363,9.01e-14,5.74e-10,Choanoflagellata,FBpp0071118,7227,CG1632
COG5640,25,0.8749,7.363,9.01e-14,5.74e-10,Choanoflagellata,FBpp0071174,7227,spirit
COG5640,25,0.8749,7.363,9.01e-14,5.74e-10,Choanoflagellata,FBpp0071322,7227,Ser7
COG5640,25,0.8749,7.363,9.01e-14,5.74e-10,Choanoflagellata,FBpp0071612,7227,CG30287
COG5640,25,0.8749,7.363,9.01e-14,5.74e-10,Choanoflagellata,FBpp0071614,7227,CG30289
COG5640,25,0.8749,7.363,9.01e-14,5.74e-10,Choanoflagellata,FBpp0071636,7227,CG9294
COG5640,25,0.8749,7.363,9.01e-14,5.74e-10,Choanoflagellata,FBpp0071657,7227,CG4386
COG5640,25,0.8749,7.363,9.01e-14,5.74e-10,Choanoflagellata,FBpp0071658,7227,CG18735
COG5640,25,0.8749,7.363,9.01e-14,5.74e-10,Choanoflagellata,FBpp0071791,7227,CG13527
COG5640,25,0.8749,7.363,9.01e-14,5.74e-10,Choanoflagellata,FBpp0071898,7227,CG9897
COG5640,25,0.8749,7.363,9.01e-14,5.74e-10,Choanoflagellata,FBpp0071899,7227,CG32833
COG5640,25,0.8749,7.363,9.01e-14,5.74e-10,Choanoflagellata,FBpp0071941,7227,CG30414
COG5640,25,0.8749,7.363,9.01e-14,5.74e-10,Choanoflagellata,FBpp0072264,7227,CG15873
COG5640,25,0.8749,7.363,9.01e-14,5.74e-10,Choanoflagellata,FBpp0072287,7227,CG3650
COG5640,25,0.8749,7.363,9.01e-14,5.74e-10,Choanoflagellata,FBpp0072964,7227,CG33160
COG5640,25,0.8749,7.363,9.01e-14,5.74e-10,Choanoflagellata,FBpp0072965,7227,CG32277
COG5640,25,0.8749,7.363,9.01e-14,5.74e-10,Choanoflagellata,FBpp0072966,7227,CG33159
COG5640,25,0.8749,7.363,9.01e-14,5.74e-10,Choanoflagellata,FBpp0072967,7227,CG32271
COG5640,25,0.8749,7.363,9.01e-14,5.74e-10,Choanoflagellata,FBpp0073064,7227,CG14990
COG5640,25,0.8749,7.363,9.01e-14,5.74e-10,Choanoflagellata,FBpp0073070,7227,CG32260
COG5640,25,0.8749,7.363,9.01e-14,5.74e-10,Choanoflagellata,FBpp0073071,7227,CG1299
COG5640,25,0.8749,7.363,9.01e-14,5.74e-10,Choanoflagellata,FBpp0073087,7227,CG1273
COG5640,25,0.8749,7.363,9.01e-14,5.74e-10,Choanoflagellata,FBpp0073116,7227,mas
COG5640,25,0.8749,7.363,9.01e-14,5.74e-10,Choanoflagellata,FBpp0073978,7227,CG8952
COG5640,25,0.8749,7.363,9.01e-14,5.74e-10,Choanoflagellata,FBpp0074095,7227,CG4653
COG5640,25,0.8749,7.363,9.01e-14,5.74e-10,Choanoflagellata,FBpp0074135,7227,CG9672
COG5640,25,0.8749,7.363,9.01e-14,5.74e-10,Choanoflagellata,FBpp0074136,7227,CG9673
COG5640,25,0.8749,7.363,9.01e-14,5.74e-10,Choanoflagellata,FBpp0074137,7227,spheroide
COG5640,25,0.8749,7.363,9.01e-14,5.74e-10,Choanoflagellata,FBpp0074138,7227,CG9676
COG5640,25,0.8749,7.363,9.01e-14,5.74e-10,Choanoflagellata,FBpp0074400,7227,psh
COG5640,25,0.8749,7.363,9.01e-14,5.74e-10,Choanoflagellata,FBpp0074713,7227,CG9372
COG5640,25,0.8749,7.363,9.01e-14,5.74e-10,Choanoflagellata,FBpp0074838,7227,CG18223
COG5640,25,0.8749,7.363,9.01e-14,5.74e-10,Choanoflagellata,FBpp0074946,7227,CG7542
COG5640,25,0.8749,7.363,9.01e-14,5.74e-10,Choanoflagellata,FBpp0074969,7227,Jon74E
COG5640,25,0.8749,7.363,9.01e-14,5.74e-10,Choanoflagellata,FBpp0075456,7227,CG4914
COG5640,25,0.8749,7.363,9.01e-14,5.74e-10,Choanoflagellata,FBpp0075737,7227,CG11529
COG5640,25,0.8749,7.363,9.01e-14,5.74e-10,Choanoflagellata,FBpp0076116,7227,CG8329
COG5640,25,0.8749,7.363,9.01e-14,5.74e-10,Choanoflagellata,FBpp0076117,7227,CG18179
COG5640,25,0.8749,7.363,9.01e-14,5.74e-10,Choanoflagellata,FBpp0076118,7227,CG18180
COG5640,25,0.8749,7.363,9.01e-14,5.74e-10,Choanoflagellata,FBpp0076150,7227,CG3088
COG5640,25,0.8749,7.363,9.01e-14,5.74e-10,Choanoflagellata,FBpp0076159,7227,CG4477
COG5640,25,0.8749,7.363,9.01e-14,5.74e-10,Choanoflagellata,FBpp0076253,7227,Tequila
COG5640,25,0.8749,7.363,9.01e-14,5.74e-10,Choanoflagellata,FBpp0076335,7227,Jon66Ci
COG5640,25,0.8749,7.363,9.01e-14,5.74e-10,Choanoflagellata,FBpp0076389,7227,Jon66Cii
COG5640,25,0.8749,7.363,9.01e-14,5.74e-10,Choanoflagellata,FBpp0076538,7227,CG32376
COG5640,25,0.8749,7.363,9.01e-14,5.74e-10,Choanoflagellata,FBpp0076539,7227,CG32374
COG5640,25,0.8749,7.363,9.01e-14,5.74e-10,Choanoflagellata,FBpp0076540,7227,CG16998
COG5640,25,0.8749,7.363,9.01e-14,5.74e-10,Choanoflagellata,FBpp0076693,7227,ndl
COG5640,25,0.8749,7.363,9.01e-14,5.74e-10,Choanoflagellata,FBpp0076746,7227,yip7
COG5640,25,0.8749,7.363,9.01e-14,5.74e-10,Choanoflagellata,FBpp0076747,7227,CG6462
COG5640,25,0.8749,7.363,9.01e-14,5.74e-10,Choanoflagellata,FBpp0076748,7227,Jon65Aiv
COG5640,25,0.8749,7.363,9.01e-14,5.74e-10,Choanoflagellata,FBpp0076749,7227,Jon65Aiii
COG5640,25,0.8749,7.363,9.01e-14,5.74e-10,Choanoflagellata,FBpp0076750,7227,Jon65Aii
COG5640,25,0.8749,7.363,9.01e-14,5.74e-10,Choanoflagellata,FBpp0076752,7227,CG6592
COG5640,25,0.8749,7.363,9.01e-14,5.74e-10,Choanoflagellata,FBpp0076772,7227,CG10469
COG5640,25,0.8749,7.363,9.01e-14,5.74e-10,Choanoflagellata,FBpp0076774,7227,CG10472
COG5640,25,0.8749,7.363,9.01e-14,5.74e-10,Choanoflagellata,FBpp0076775,7227,Jon65Ai
COG5640,25,0.8749,7.363,9.01e-14,5.74e-10,Choanoflagellata,FBpp0076776,7227,CG10477
COG5640,25,0.8749,7.363,9.01e-14,5.74e-10,Choanoflagellata,FBpp0076886,7227,CG32523
COG5640,25,0.8749,7.363,9.01e-14,5.74e-10,Choanoflagellata,FBpp0076963,7227,CG1304
COG5640,25,0.8749,7.363,9.01e-14,5.74e-10,Choanoflagellata,FBpp0076964,7227,Ser6
COG5640,25,0.8749,7.363,9.01e-14,5.74e-10,Choanoflagellata,FBpp0077068,7227,CG3355
COG5640,25,0.8749,7.363,9.01e-14,5.74e-10,Choanoflagellata,FBpp0077252,7227,CG31954
COG5640,25,0.8749,7.363,9.01e-14,5.74e-10,Choanoflagellata,FBpp0077373,7227,CG18557
COG5640,25,0.8749,7.363,9.01e-14,5.74e-10,Choanoflagellata,FBpp0077433,7227,CG17234
COG5640,25,0.8749,7.363,9.01e-14,5.74e-10,Choanoflagellata,FBpp0077436,7227,CG4271
COG5640,25,0.8749,7.363,9.01e-14,5.74e-10,Choanoflagellata,FBpp0077479,7227,CG31681
COG5640,25,0.8749,7.363,9.01e-14,5.74e-10,Choanoflagellata,FBpp0077480,7227,CG17242
COG5640,25,0.8749,7.363,9.01e-14,5.74e-10,Choanoflagellata,FBpp0077481,7227,Send1
COG5640,25,0.8749,7.363,9.01e-14,5.74e-10,Choanoflagellata,FBpp0077482,7227,CG17239
COG5640,25,0.8749,7.363,9.01e-14,5.74e-10,Choanoflagellata,FBpp0077483,7227,Ser12
COG5640,25,0.8749,7.363,9.01e-14,5.74e-10,Choanoflagellata,FBpp0077526,7227,CG4259
COG5640,25,0.8749,7.363,9.01e-14,5.74e-10,Choanoflagellata,FBpp0077712,7227,CG33127
COG5640,25,0.8749,7.363,9.01e-14,5.74e-10,Choanoflagellata,FBpp0077757,7227,CG11911
COG5640,25,0.8749,7.363,9.01e-14,5.74e-10,Choanoflagellata,FBpp0077758,7227,CG11912
COG5640,25,0.8749,7.363,9.01e-14,5.74e-10,Choanoflagellata,FBpp0077990,7227,CG11037
COG5640,25,0.8749,7.363,9.01e-14,5.74e-10,Choanoflagellata,FBpp0077991,7227,Sems
COG5640,25,0.8749,7.363,9.01e-14,5.74e-10,Choanoflagellata,FBpp0078691,7227,Jon25Bii
COG5640,25,0.8749,7.363,9.01e-14,5.74e-10,Choanoflagellata,FBpp0078692,7227,Jon25Biii
COG5640,25,0.8749,7.363,9.01e-14,5.74e-10,Choanoflagellata,FBpp0079653,7227,CG5390
COG5640,25,0.8749,7.363,9.01e-14,5.74e-10,Choanoflagellata,FBpp0079916,7227,Phae1
COG5640,25,0.8749,7.363,9.01e-14,5.74e-10,Choanoflagellata,FBpp0080043,7227,CG16826
COG5640,25,0.8749,7.363,9.01e-14,5.74e-10,Choanoflagellata,FBpp0080053,7227,CG9377
COG5640,25,0.8749,7.363,9.01e-14,5.74e-10,Choanoflagellata,FBpp0080214,7227,Send2
COG5640,25,0.8749,7.363,9.01e-14,5.74e-10,Choanoflagellata,FBpp0080249,7227,CG18420
COG5640,25,0.8749,7.363,9.01e-14,5.74e-10,Choanoflagellata,FBpp0080250,7227,CG18636
COG5640,25,0.8749,7.363,9.01e-14,5.74e-10,Choanoflagellata,FBpp0080315,7227,CG18477
COG5640,25,0.8749,7.363,9.01e-14,5.74e-10,Choanoflagellata,FBpp0080316,7227,CG18478
COG5640,25,0.8749,7.363,9.01e-14,5.74e-10,Choanoflagellata,FBpp0080317,7227,CG31780
COG5640,25,0.8749,7.363,9.01e-14,5.74e-10,Choanoflagellata,FBpp0080318,7227,CG31827
COG5640,25,0.8749,7.363,9.01e-14,5.74e-10,Choanoflagellata,FBpp0080557,7227,SPH93
COG5640,25,0.8749,7.363,9.01e-14,5.74e-10,Choanoflagellata,FBpp0080715,7227,CG17572
COG5640,25,0.8749,7.363,9.01e-14,5.74e-10,Choanoflagellata,FBpp0080908,7227,CG17571
COG5640,25,0.8749,7.363,9.01e-14,5.74e-10,Choanoflagellata,FBpp0081098,7227,CG10032
COG5640,25,0.8749,7.363,9.01e-14,5.74e-10,Choanoflagellata,FBpp0081237,7227,Sp7
COG5640,25,0.8749,7.363,9.01e-14,5.74e-10,Choanoflagellata,FBpp0081424,7227,CG13318
COG5640,25,0.8749,7.363,9.01e-14,5.74e-10,Choanoflagellata,FBpp0081535,7227,CG16749
COG5640,25,0.8749,7.363,9.01e-14,5.74e-10,Choanoflagellata,FBpp0081536,7227,CG12951
COG5640,25,0.8749,7.363,9.01e-14,5.74e-10,Choanoflagellata,FBpp0082032,7227,CG3916
COG5640,25,0.8749,7.363,9.01e-14,5.74e-10,Choanoflagellata,FBpp0082083,7227,CG10041
COG5640,25,0.8749,7.363,9.01e-14,5.74e-10,Choanoflagellata,FBpp0082090,7227,CG12256
COG5640,25,0.8749,7.363,9.01e-14,5.74e-10,Choanoflagellata,FBpp0082173,7227,CG11668
COG5640,25,0.8749,7.363,9.01e-14,5.74e-10,Choanoflagellata,FBpp0082218,7227,CG8870
COG5640,25,0.8749,7.363,9.01e-14,5.74e-10,Choanoflagellata,FBpp0082359,7227,CG9631
COG5640,25,0.8749,7.363,9.01e-14,5.74e-10,Choanoflagellata,FBpp0082361,7227,CG33109
COG5640,25,0.8749,7.363,9.01e-14,5.74e-10,Choanoflagellata,FBpp0082362,7227,CG31326
COG5640,25,0.8749,7.363,9.01e-14,5.74e-10,Choanoflagellata,FBpp0082363,7227,CG9649
COG5640,25,0.8749,7.363,9.01e-14,5.74e-10,Choanoflagellata,FBpp0082425,7227,CG3505
COG5640,25,0.8749,7.363,9.01e-14,5.74e-10,Choanoflagellata,FBpp0082539,7227,ea
COG5640,25,0.8749,7.363,9.01e-14,5.74e-10,Choanoflagellata,FBpp0082704,7227,Sb
COG5640,25,0.8749,7.363,9.01e-14,5.74e-10,Choanoflagellata,FBpp0082777,7227,CG14892
COG5640,25,0.8749,7.363,9.01e-14,5.74e-10,Choanoflagellata,FBpp0082798,7227,modSP
COG5640,25,0.8749,7.363,9.01e-14,5.74e-10,Choanoflagellata,FBpp0082843,7227,CG31265
COG5640,25,0.8749,7.363,9.01e-14,5.74e-10,Choanoflagellata,FBpp0082845,7227,CG31267
COG5640,25,0.8749,7.363,9.01e-14,5.74e-10,Choanoflagellata,FBpp0082846,7227,CG5246
COG5640,25,0.8749,7.363,9.01e-14,5.74e-10,Choanoflagellata,FBpp0082847,7227,CG5255
COG5640,25,0.8749,7.363,9.01e-14,5.74e-10,Choanoflagellata,FBpp0082858,7227,CG17475
COG5640,25,0.8749,7.363,9.01e-14,5.74e-10,Choanoflagellata,FBpp0082859,7227,CG17477
COG5640,25,0.8749,7.363,9.01e-14,5.74e-10,Choanoflagellata,FBpp0083021,7227,CG7142
COG5640,25,0.8749,7.363,9.01e-14,5.74e-10,Choanoflagellata,FBpp0083337,7227,CG31200
COG5640,25,0.8749,7.363,9.01e-14,5.74e-10,Choanoflagellata,FBpp0083338,7227,CG31199
COG5640,25,0.8749,7.363,9.01e-14,5.74e-10,Choanoflagellata,FBpp0083520,7227,CG15498
COG5640,25,0.8749,7.363,9.01e-14,5.74e-10,Choanoflagellata,FBpp0083832,7227,SPE
COG5640,25,0.8749,7.363,9.01e-14,5.74e-10,Choanoflagellata,FBpp0084482,7227,grass
COG5640,25,0.8749,7.363,9.01e-14,5.74e-10,Choanoflagellata,FBpp0084484,7227,CG5909
COG5640,25,0.8749,7.363,9.01e-14,5.74e-10,Choanoflagellata,FBpp0084629,7227,CG4815
COG5640,25,0.8749,7.363,9.01e-14,5.74e-10,Choanoflagellata,FBpp0084680,7227,intr
COG5640,25,0.8749,7.363,9.01e-14,5.74e-10,Choanoflagellata,FBpp0084683,7227,CG9997
COG5640,25,0.8749,7.363,9.01e-14,5.74e-10,Choanoflagellata,FBpp0084730,7227,CG11841
COG5640,25,0.8749,7.363,9.01e-14,5.74e-10,Choanoflagellata,FBpp0084731,7227,CG11842
COG5640,25,0.8749,7.363,9.01e-14,5.74e-10,Choanoflagellata,FBpp0084732,7227,CG11843
COG5640,25,0.8749,7.363,9.01e-14,5.74e-10,Choanoflagellata,FBpp0084868,7227,Jon99Ciii
COG5640,25,0.8749,7.363,9.01e-14,5.74e-10,Choanoflagellata,FBpp0084877,7227,Jon99Ci
COG5640,25,0.8749,7.363,9.01e-14,5.74e-10,Choanoflagellata,FBpp0084878,7227,Jon99Cii
COG5640,25,0.8749,7.363,9.01e-14,5.74e-10,Choanoflagellata,FBpp0084897,7227,CG7829
COG5640,25,0.8749,7.363,9.01e-14,5.74e-10,Choanoflagellata,FBpp0085000,7227,CG9733
COG5640,25,0.8749,7.363,9.01e-14,5.74e-10,Choanoflagellata,FBpp0085001,7227,CG9737
COG5640,25,0.8749,7.363,9.01e-14,5.74e-10,Choanoflagellata,FBpp0085014,7227,Jon99Fi
COG5640,25,0.8749,7.363,9.01e-14,5.74e-10,Choanoflagellata,FBpp0085052,7227,Jon99Fii
COG5640,25,0.8749,7.363,9.01e-14,5.74e-10,Choanoflagellata,FBpp0085396,7227,scaf
COG5640,25,0.8749,7.363,9.01e-14,5.74e-10,Choanoflagellata,FBpp0086075,7227,CG10764
COG5640,25,0.8749,7.363,9.01e-14,5.74e-10,Choanoflagellata,FBpp0086233,7227,CG33458
COG5640,25,0.8749,7.363,9.01e-14,5.74e-10,Choanoflagellata,FBpp0086312,7227,CG30098
COG5640,25,0.8749,7.363,9.01e-14,5.74e-10,Choanoflagellata,FBpp0086415,7227,CG30091
COG5640,25,0.8749,7.363,9.01e-14,5.74e-10,Choanoflagellata,FBpp0086417,7227,CG30090
COG5640,25,0.8749,7.363,9.01e-14,5.74e-10,Choanoflagellata,FBpp0086420,7227,CG33462
COG5640,25,0.8749,7.363,9.01e-14,5.74e-10,Choanoflagellata,FBpp0086427,7227,CG8299
COG5640,25,0.8749,7.363,9.01e-14,5.74e-10,Choanoflagellata,FBpp0086785,7227,Ser8
COG5640,25,0.8749,7.363,9.01e-14,5.74e-10,Choanoflagellata,FBpp0087222,7227,lambdaTry
COG5640,25,0.8749,7.363,9.01e-14,5.74e-10,Choanoflagellata,FBpp0087223,7227,betaTry
COG5640,25,0.8749,7.363,9.01e-14,5.74e-10,Choanoflagellata,FBpp0087224,7227,CG30031
COG5640,25,0.8749,7.363,9.01e-14,5.74e-10,Choanoflagellata,FBpp0087225,7227,deltaTry
COG5640,25,0.8749,7.363,9.01e-14,5.74e-10,Choanoflagellata,FBpp0087226,7227,iotaTry
COG5640,25,0.8749,7.363,9.01e-14,5.74e-10,Choanoflagellata,FBpp0087254,7227,CG30025
COG5640,25,0.8749,7.363,9.01e-14,5.74e-10,Choanoflagellata,FBpp0087255,7227,gammaTry
COG5640,25,0.8749,7.363,9.01e-14,5.74e-10,Choanoflagellata,FBpp0087256,7227,epsilonTry
COG5640,25,0.8749,7.363,9.01e-14,5.74e-10,Choanoflagellata,FBpp0087257,7227,alphaTry
COG5640,25,0.8749,7.363,9.01e-14,5.74e-10,Choanoflagellata,FBpp0087258,7227,thetaTry
COG5640,25,0.8749,7.363,9.01e-14,5.74e-10,Choanoflagellata,FBpp0087259,7227,etaTry
COG5640,25,0.8749,7.363,9.01e-14,5.74e-10,Choanoflagellata,FBpp0087260,7227,zetaTry
COG5640,25,0.8749,7.363,9.01e-14,5.74e-10,Choanoflagellata,FBpp0087474,7227,CG12133
COG5640,25,0.8749,7.363,9.01e-14,5.74e-10,Choanoflagellata,FBpp0087551,7227,CG1773
COG5640,25,0.8749,7.363,9.01e-14,5.74e-10,Choanoflagellata,FBpp0087746,7227,CG8170
COG5640,25,0.8749,7.363,9.01e-14,5.74e-10,Choanoflagellata,FBpp0087747,7227,CG13744
COG5640,25,0.8749,7.363,9.01e-14,5.74e-10,Choanoflagellata,FBpp0087783,7227,Jon44E
COG5640,25,0.8749,7.363,9.01e-14,5.74e-10,Choanoflagellata,FBpp0087784,7227,CG8738
COG5640,25,0.8749,7.363,9.01e-14,5.74e-10,Choanoflagellata,FBpp0087804,7227,CG8586
COG5640,25,0.8749,7.363,9.01e-14,5.74e-10,Choanoflagellata,FBpp0087871,7227,CG14760
COG5640,25,0.8749,7.363,9.01e-14,5.74e-10,Choanoflagellata,FBpp0087874,7227,CG30371
COG5640,25,0.8749,7.363,9.01e-14,5.74e-10,Choanoflagellata,FBpp0087875,7227,CG30375
COG5640,25,0.8749,7.363,9.01e-14,5.74e-10,Choanoflagellata,FBpp0087983,7227,Corin
COG5640,25,0.8749,7.363,9.01e-14,5.74e-10,Choanoflagellata,FBpp0088798,7227,CG33459
COG5640,25,0.8749,7.363,9.01e-14,5.74e-10,Choanoflagellata,FBpp0099838,7227,CG32270
COG5640,25,0.8749,7.363,9.01e-14,5.74e-10,Choanoflagellata,FBpp0099851,7227,Jon25Bi
COG5640,25,0.8749,7.363,9.01e-14,5.74e-10,Choanoflagellata,FBpp0099932,7227,CG13430
COG5640,25,0.8749,7.363,9.01e-14,5.74e-10,Choanoflagellata,FBpp0099998,7227,CG4927
COG5640,25,0.8749,7.363,9.01e-14,5.74e-10,Choanoflagellata,FBpp0100028,7227,CG30087
COG5640,25,0.8749,7.363,9.01e-14,5.74e-10,Choanoflagellata,FBpp0100103,7227,CG33460
COG5640,25,0.8749,7.363,9.01e-14,5.74e-10,Choanoflagellata,FBpp0100145,7227,CG32269
COG5640,25,0.8749,7.363,9.01e-14,5.74e-10,Choanoflagellata,FBpp0110070,7227,CG10405
COG5640,25,0.8749,7.363,9.01e-14,5.74e-10,Choanoflagellata,FBpp0110166,7227,CG4998
COG5640,25,0.8749,7.363,9.01e-14,5.74e-10,Choanoflagellata,FBpp0110170,7227,CG34129
COG5640,25,0.8749,7.363,9.01e-14,5.74e-10,Choanoflagellata,FBpp0110171,7227,CG34130
COG5640,25,0.8749,7.363,9.01e-14,5.74e-10,Choanoflagellata,FBpp0111404,7227,CG34295
COG5640,25,0.8749,7.363,9.01e-14,5.74e-10,Choanoflagellata,FBpp0111649,7227,CG34436
COG5640,25,0.8749,7.363,9.01e-14,5.74e-10,Choanoflagellata,FBpp0111650,7227,CG34437
COG5640,25,0.8749,7.363,9.01e-14,5.74e-10,Choanoflagellata,FBpp0111675,7227,CG34457
COG5640,25,0.8749,7.363,9.01e-14,5.74e-10,Choanoflagellata,FBpp0111676,7227,CG34458
COG5640,25,0.8749,7.363,9.01e-14,5.74e-10,Choanoflagellata,FBpp0111746,7227,snk
COG5640,25,0.8749,7.363,9.01e-14,5.74e-10,Choanoflagellata,FBpp0111913,7227,Hayan
COG5640,25,0.8749,7.363,9.01e-14,5.74e-10,Choanoflagellata,FBpp0112080,7227,CG10663
COG5640,25,0.8749,7.363,9.01e-14,5.74e-10,Choanoflagellata,FBpp0112279,7227,CG30288
COG5640,25,0.8749,7.363,9.01e-14,5.74e-10,Choanoflagellata,FBpp0112312,7227,CG31219
COG5640,25,0.8749,7.363,9.01e-14,5.74e-10,Choanoflagellata,FBpp0112313,7227,CG31269
COG5640,25,0.8749,7.363,9.01e-14,5.74e-10,Choanoflagellata,FBpp0271804,7227,CG30088
COG5640,25,0.8749,7.363,9.01e-14,5.74e-10,Choanoflagellata,FBpp0271829,7227,CG30323
COG5640,25,0.8749,7.363,9.01e-14,5.74e-10,Choanoflagellata,FBpp0271893,7227,CG8213
COG5640,25,0.8749,7.363,9.01e-14,5.74e-10,Choanoflagellata,FBpp0288561,7227,CG11192
COG5640,25,0.8749,7.363,9.01e-14,5.74e-10,Choanoflagellata,FBpp0288806,7227,CG34290
COG5640,25,0.8749,7.363,9.01e-14,5.74e-10,Choanoflagellata,FBpp0289090,7227,CG3700
COG5640,25,0.8749,7.363,9.01e-14,5.74e-10,Choanoflagellata,FBpp0289336,7227,CG9616
COG5640,25,0.8749,7.363,9.01e-14,5.74e-10,Choanoflagellata,FBpp0289337,7227,CG31266
COG5640,25,0.8749,7.363,9.01e-14,5.74e-10,Choanoflagellata,FBpp0289349,7227,CG11670
COG5640,25,0.8749,7.363,9.01e-14,5.74e-10,Choanoflagellata,FBpp0289579,7227,CG14227
COG5640,25,0.8749,7.363,9.01e-14,5.74e-10,Choanoflagellata,FBpp0289585,7227,CG3117
COG5640,25,0.8749,7.363,9.01e-14,5.74e-10,Choanoflagellata,FBpp0289591,7227,sphinx2
COG5640,25,0.8749,7.363,9.01e-14,5.74e-10,Choanoflagellata,FBpp0289592,7227,sphinx1
COG5640,25,0.8749,7.363,9.01e-14,5.74e-10,Choanoflagellata,FBpp0289610,7227,CG30083
COG5640,25,0.8749,7.363,9.01e-14,5.74e-10,Choanoflagellata,FBpp0289634,7227,CG33225
COG5640,25,0.8749,7.363,9.01e-14,5.74e-10,Choanoflagellata,FBpp0289635,7227,Sp212
COG5640,25,0.8749,7.363,9.01e-14,5.74e-10,Choanoflagellata,FBpp0289679,7227,CG31205
COG5640,25,0.8749,7.363,9.01e-14,5.74e-10,Choanoflagellata,FBpp0289839,7227,CG4793
COG5640,25,0.8749,7.363,9.01e-14,5.74e-10,Choanoflagellata,FBpp0289924,7227,CG11313
COG5640,25,0.8749,7.363,9.01e-14,5.74e-10,Choanoflagellata,FBpp0290124,7227,CG18563
COG5640,25,0.8749,7.363,9.01e-14,5.74e-10,Choanoflagellata,FBpp0290158,7227,MP1
COG5640,25,0.8749,7.363,9.01e-14,5.74e-10,Choanoflagellata,FBpp0290172,7227,CG30283
COG5640,25,0.8749,7.363,9.01e-14,5.74e-10,Choanoflagellata,FBpp0290173,7227,CG30286
COG5640,25,0.8749,7.363,9.01e-14,5.74e-10,Choanoflagellata,FBpp0290270,7227,CG33465
COG5640,25,0.8749,7.363,9.01e-14,5.74e-10,Choanoflagellata,FBpp0290411,7227,CG8172
COG5640,25,0.8749,7.363,9.01e-14,5.74e-10,Choanoflagellata,FBpp0290431,7227,CG7432
COG5640,25,0.8749,7.363,9.01e-14,5.74e-10,Choanoflagellata,FBpp0290879,7227,Try29F
COG5640,25,0.8749,7.363,9.01e-14,5.74e-10,Choanoflagellata,FBpp0290909,7227,CG4650
COG5640,25,0.8749,7.363,9.01e-14,5.74e-10,Choanoflagellata,FBpp0291260,7227,CG30002
COG5640,25,0.8749,7.363,9.01e-14,5.74e-10,Choanoflagellata,FBpp0291517,7227,CG17404
COG5640,25,0.8749,7.363,9.01e-14,5.74e-10,Choanoflagellata,FBpp0291554,7227,CG31220
COG5640,25,0.8749,7.363,9.01e-14,5.74e-10,Choanoflagellata,FBpp0291690,7227,CG33461
COG5640,25,0.8749,7.363,9.01e-14,5.74e-10,Choanoflagellata,FBpp0291994,7227,Phae2
COG5640,25,0.8749,7.363,9.01e-14,5.74e-10,Choanoflagellata,FBpp0292043,7227,CG30082
COG5640,25,0.8749,7.363,9.01e-14,5.74e-10,Choanoflagellata,FBpp0292249,7227,CG16710
COG5640,25,0.8749,7.363,9.01e-14,5.74e-10,Choanoflagellata,FBpp0292250,7227,CG18754
COG5640,25,0.8749,7.363,9.01e-14,5.74e-10,Choanoflagellata,FBpp0292307,7227,CG32834
COG5640,25,0.8749,7.363,9.01e-14,5.74e-10,Choanoflagellata,FBpp0292474,7227,CG4053
COG5640,25,0.8749,7.363,9.01e-14,5.74e-10,Choanoflagellata,FBpp0293336,7227,CG30187
COG5640,25,0.8749,7.363,9.01e-14,5.74e-10,Choanoflagellata,FBpp0293436,7227,CG43110
COG5640,25,0.8749,7.363,9.01e-14,5.74e-10,Choanoflagellata,FBpp0293499,7227,CG43121
COG5640,25,0.8749,7.363,9.01e-14,5.74e-10,Choanoflagellata,FBpp0293603,7227,CG34171
COG5640,25,0.8749,7.363,9.01e-14,5.74e-10,Choanoflagellata,FBpp0293647,7227,CG43124
COG5640,25,0.8749,7.363,9.01e-14,5.74e-10,Choanoflagellata,FBpp0293648,7227,CG43125
COG5640,25,0.8749,7.363,9.01e-14,5.74e-10,Choanoflagellata,FBpp0294007,7227,CG31728
COG5640,25,0.8749,7.363,9.01e-14,5.74e-10,Choanoflagellata,FBpp0297194,7227,CG43179
COG5640,25,0.8749,7.363,9.01e-14,5.74e-10,Choanoflagellata,FBpp0297645,7227,CG10232
COG5640,25,0.8749,7.363,9.01e-14,5.74e-10,Choanoflagellata,FBpp0297731,7227,CG43291
COG5640,25,0.8749,7.363,9.01e-14,5.74e-10,Choanoflagellata,FBpp0297782,7227,CG43335
COG5640,25,0.8749,7.363,9.01e-14,5.74e-10,Choanoflagellata,FBpp0297783,7227,CG43336
COG5640,25,0.8749,7.363,9.01e-14,5.74e-10,Choanoflagellata,FBpp0300317,7227,Np
COG5640,25,0.8749,7.363,9.01e-14,5.74e-10,Choanoflagellata,FBpp0300809,7227,CG33226
COG5640,25,0.8749,7.363,9.01e-14,5.74e-10,Choanoflagellata,FBpp0300968,7227,CG6865
COG5640,25,0.8749,7.363,9.01e-14,5.74e-10,Choanoflagellata,FBpp0301124,7227,CG14088
COG5640,25,0.8749,7.363,9.01e-14,5.74e-10,Choanoflagellata,FBpp0301197,7227,CG14642
COG5640,25,0.8749,7.363,9.01e-14,5.74e-10,Choanoflagellata,FBpp0301202,7227,CG11836
COG5640,25,0.8749,7.363,9.01e-14,5.74e-10,Choanoflagellata,FBpp0304083,7227,CG34409
COG5640,25,0.8749,7.363,9.01e-14,5.74e-10,Choanoflagellata,FBpp0304273,7227,kappaTry
COG5640,25,0.8749,7.363,9.01e-14,5.74e-10,Choanoflagellata,FBpp0304588,7227,gd
COG5640,25,0.8749,7.363,9.01e-14,5.74e-10,Choanoflagellata,FBpp0305253,7227,CG4613
COG5640,25,0.8749,7.363,9.01e-14,5.74e-10,Choanoflagellata,FBpp0305481,7227,CG10587
COG5640,25,0.8749,7.363,9.01e-14,5.74e-10,Choanoflagellata,FBpp0305572,7227,CG40160
COG5640,25,0.8749,7.363,9.01e-14,5.74e-10,Choanoflagellata,FBpp0306130,7227,CG42694
COG5640,25,0.8749,7.363,9.01e-14,5.74e-10,Choanoflagellata,FBpp0306131,7227,CG43742
COG2971,25,0.8585,7.354,9.59e-14,6.11e-10,Choanoflagellata,FBpp0082573,7227,CG6218
KOG3593,25,0.8966,7.353,9.7e-14,6.18e-10,Choanoflagellata,FBpp0080994,7227,CG9257
KOG2931,25,0.8501,7.348,1.01e-13,6.43e-10,Choanoflagellata,FBpp0088646,7227,MESK2
KOG2931,25,0.8501,7.348,1.01e-13,6.43e-10,Choanoflagellata,FBpp0290128,7227,CG2082
KOG2996,25,0.8528,7.339,1.08e-13,6.86e-10,Choanoflagellata,FBpp0112228,7227,Vav
KOG4154,25,0.8659,7.338,1.08e-13,6.89e-10,Choanoflagellata,FBpp0082735,7227,Manf
KOG3700,25,0.8319,7.338,1.08e-13,6.91e-10,Choanoflagellata,FBpp0071338,7227,CG3106
KOG3700,25,0.8319,7.338,1.08e-13,6.91e-10,Choanoflagellata,FBpp0073164,7227,CG11353
KOG3700,25,0.8319,7.338,1.08e-13,6.91e-10,Choanoflagellata,FBpp0073556,7227,CG32645
KOG3700,25,0.8319,7.338,1.08e-13,6.91e-10,Choanoflagellata,FBpp0074253,7227,CG12990
KOG3700,25,0.8319,7.338,1.08e-13,6.91e-10,Choanoflagellata,FBpp0074498,7227,CG14204
KOG3700,25,0.8319,7.338,1.08e-13,6.91e-10,Choanoflagellata,FBpp0074499,7227,CG14205
KOG3700,25,0.8319,7.338,1.08e-13,6.91e-10,Choanoflagellata,FBpp0074538,7227,CG14219
KOG3700,25,0.8319,7.338,1.08e-13,6.91e-10,Choanoflagellata,FBpp0082634,7227,CG4576
KOG3700,25,0.8319,7.338,1.08e-13,6.91e-10,Choanoflagellata,FBpp0083454,7227,CG5892
KOG3700,25,0.8319,7.338,1.08e-13,6.91e-10,Choanoflagellata,FBpp0083876,7227,CG10182
KOG3700,25,0.8319,7.338,1.08e-13,6.91e-10,Choanoflagellata,FBpp0086467,7227,CG30467
KOG3700,25,0.8319,7.338,1.08e-13,6.91e-10,Choanoflagellata,FBpp0086839,7227,CG13325
KOG3700,25,0.8319,7.338,1.08e-13,6.91e-10,Choanoflagellata,FBpp0099994,7227,drd
KOG3700,25,0.8319,7.338,1.08e-13,6.91e-10,Choanoflagellata,FBpp0271699,7227,CG10183
KOG3700,25,0.8319,7.338,1.08e-13,6.91e-10,Choanoflagellata,FBpp0289074,7227,CG42329
KOG3700,25,0.8319,7.338,1.08e-13,6.91e-10,Choanoflagellata,FBpp0289588,7227,CG9447
KOG3700,25,0.8319,7.338,1.08e-13,6.91e-10,Choanoflagellata,FBpp0289897,7227,CG17707
KOG3700,25,0.8319,7.338,1.08e-13,6.91e-10,Choanoflagellata,FBpp0293153,7227,CG16723
KOG3700,25,0.8319,7.338,1.08e-13,6.91e-10,Choanoflagellata,FBpp0293154,7227,CG33337
KOG3700,25,0.8319,7.338,1.08e-13,6.91e-10,Choanoflagellata,FBpp0302986,7227,CG30471
KOG1883,25,0.8524,7.334,1.12e-13,7.1e-10,Choanoflagellata,FBpp0289089,7227,MED23
KOG2008,25,0.9017,7.333,1.13e-13,7.17e-10,Choanoflagellata,FBpp0290722,7227,pcs
KOG2008,25,0.9017,7.333,1.13e-13,7.17e-10,Choanoflagellata,FBpp0294031,7227,CG14408
NOG11248,25,0.8102,7.333,1.13e-13,7.18e-10,Choanoflagellata,FBpp0305134,7227,CG30010
KOG1785,25,0.9072,7.331,1.14e-13,7.29e-10,Choanoflagellata,FBpp0076342,7227,Cbl
COG1824,25,0.8777,7.33,1.15e-13,7.35e-10,Choanoflagellata,FBpp0112366,7227,CG33181
KOG3345,25,0.8498,7.328,1.16e-13,7.41e-10,Choanoflagellata,FBpp0306051,7227,CG7974
KOG1340,25,0.813,7.321,1.23e-13,7.86e-10,Choanoflagellata,FBpp0085075,7227,Sap-r
NOG01986,25,0.8782,7.317,1.27e-13,8.08e-10,Choanoflagellata,FBpp0084679,7227,htt
KOG0041,25,0.9065,7.316,1.28e-13,8.15e-10,Choanoflagellata,FBpp0080727,7227,Swip-1
KOG0041,25,0.9065,7.316,1.28e-13,8.15e-10,Choanoflagellata,FBpp0082482,7227,CG14861
KOG4608,25,0.7771,7.312,1.32e-13,8.38e-10,Choanoflagellata,FBpp0082370,7227,140up
KOG3317,25,0.8015,7.312,1.32e-13,8.38e-10,Choanoflagellata,FBpp0075209,7227,SsRbeta
NOG02043,25,0.7778,7.311,1.33e-13,8.44e-10,Choanoflagellata,FBpp0078512,7227,CG1126
KOG4047,25,0.8806,7.307,1.36e-13,8.69e-10,Choanoflagellata,FBpp0071008,7227,Dok
KOG4047,25,0.8806,7.307,1.36e-13,8.69e-10,Choanoflagellata,FBpp0304312,7227,CG13398
KOG4041,25,0.8981,7.307,1.37e-13,8.73e-10,Choanoflagellata,FBpp0080523,7227,CG6380
KOG4041,25,0.8981,7.307,1.37e-13,8.73e-10,Choanoflagellata,FBpp0111848,7227,I-2
KOG4041,25,0.8981,7.307,1.37e-13,8.73e-10,Choanoflagellata,FBpp0304527,7227,CG12620
KOG4261,25,0.8882,7.305,1.38e-13,8.8e-10,Choanoflagellata,FBpp0293740,7227,rhea
KOG4048,25,0.8614,7.3,1.44e-13,9.14e-10,Choanoflagellata,FBpp0072531,7227,CG9119
KOG4048,25,0.8614,7.3,1.44e-13,9.14e-10,Choanoflagellata,FBpp0271924,7227,CG32335
COG3869,25,0.7846,7.298,1.46e-13,9.33e-10,Choanoflagellata,FBpp0071799,7227,CG30274
COG3869,25,0.7846,7.298,1.46e-13,9.33e-10,Choanoflagellata,FBpp0076250,7227,CG5144
COG3869,25,0.7846,7.298,1.46e-13,9.33e-10,Choanoflagellata,FBpp0076270,7227,Argk
COG3869,25,0.7846,7.298,1.46e-13,9.33e-10,Choanoflagellata,FBpp0082638,7227,CG4546
KOG4413,25,0.8089,7.291,1.53e-13,9.77e-10,Choanoflagellata,FBpp0073558,7227,CG12096
KOG4721,25,0.8337,7.29,1.55e-13,9.86e-10,Choanoflagellata,FBpp0074733,7227,wnd
KOG4348,25,0.8265,7.283,1.63e-13,1.04e-9,Choanoflagellata,FBpp0302572,7227,cindr
KOG2660,25,0.8496,7.27,1.8e-13,1.15e-9,Choanoflagellata,FBpp0075071,7227,l(3)73Ah
KOG2660,25,0.8496,7.27,1.8e-13,1.15e-9,Choanoflagellata,FBpp0086911,7227,Psc
KOG2660,25,0.8496,7.27,1.8e-13,1.15e-9,Choanoflagellata,FBpp0289616,7227,Su(z)2
NOG03511,25,0.8189,7.269,1.81e-13,1.15e-9,Choanoflagellata,FBpp0297441,7227,Cortactin
KOG3940,25,0.8426,7.264,1.88e-13,1.2e-9,Choanoflagellata,FBpp0086161,7227,CG30460
KOG3940,25,0.8426,7.264,1.88e-13,1.2e-9,Choanoflagellata,FBpp0291867,7227,CG42675
KOG4456,25,0.8153,7.261,1.93e-13,1.23e-9,Choanoflagellata,FBpp0088035,7227,Incenp
KOG4737,25,0.8538,7.26,1.94e-13,1.24e-9,Choanoflagellata,FBpp0081458,7227,VhaM8.9
KOG1829,25,0.8459,7.258,1.96e-13,1.25e-9,Choanoflagellata,FBpp0071672,7227,CG6613
KOG1829,25,0.8459,7.258,1.96e-13,1.25e-9,Choanoflagellata,FBpp0075727,7227,CG11534
KOG1829,25,0.8459,7.258,1.96e-13,1.25e-9,Choanoflagellata,FBpp0304117,7227,CG12772
KOG3541,25,0.8161,7.258,1.96e-13,1.25e-9,Choanoflagellata,FBpp0078182,7227,CG7369
KOG3541,25,0.8161,7.258,1.96e-13,1.25e-9,Choanoflagellata,FBpp0086094,7227,CG4853
KOG3541,25,0.8161,7.258,1.96e-13,1.25e-9,Choanoflagellata,FBpp0111549,7227,CG34393
KOG1584,25,0.7474,7.257,1.98e-13,1.26e-9,Choanoflagellata,FBpp0071989,7227,St3
KOG1584,25,0.7474,7.257,1.98e-13,1.26e-9,Choanoflagellata,FBpp0081454,7227,St2
KOG1584,25,0.7474,7.257,1.98e-13,1.26e-9,Choanoflagellata,FBpp0086735,7227,St4
KOG1584,25,0.7474,7.257,1.98e-13,1.26e-9,Choanoflagellata,FBpp0113033,7227,St1
KOG2945,25,0.75,7.252,2.05e-13,1.3e-9,Choanoflagellata,FBpp0073840,7227,PPYR1
KOG2945,25,0.75,7.252,2.05e-13,1.3e-9,Choanoflagellata,FBpp0080277,7227,vig
KOG2945,25,0.75,7.252,2.05e-13,1.3e-9,Choanoflagellata,FBpp0084150,7227,vig2
KOG2945,25,0.75,7.252,2.05e-13,1.3e-9,Choanoflagellata,FBpp0291440,7227,fdy
KOG3733,25,0.8503,7.252,2.05e-13,1.31e-9,Choanoflagellata,FBpp0074720,7227,Trpml
KOG3733,25,0.8503,7.252,2.05e-13,1.31e-9,Choanoflagellata,FBpp0291489,7227,CG42638
KOG4661,25,0.8556,7.25,2.09e-13,1.33e-9,Choanoflagellata,FBpp0084078,7227,Saf-B
KOG4397,25,0.8582,7.246,2.14e-13,1.36e-9,Choanoflagellata,FBpp0304016,7227,CG16865
KOG1917,25,0.8359,7.243,2.19e-13,1.39e-9,Choanoflagellata,FBpp0078162,7227,Hem
KOG4335,25,0.8606,7.24,2.24e-13,1.43e-9,Choanoflagellata,FBpp0291380,7227,Bili
KOG1218,25,0.8384,7.239,2.25e-13,1.44e-9,Choanoflagellata,FBpp0072316,7227,CG15861
KOG1218,25,0.8384,7.239,2.25e-13,1.44e-9,Choanoflagellata,FBpp0073743,7227,CG11674
KOG1218,25,0.8384,7.239,2.25e-13,1.44e-9,Choanoflagellata,FBpp0080166,7227,NimC2
KOG1218,25,0.8384,7.239,2.25e-13,1.44e-9,Choanoflagellata,FBpp0080169,7227,NimC4
KOG1218,25,0.8384,7.239,2.25e-13,1.44e-9,Choanoflagellata,FBpp0080190,7227,NimB4
KOG1218,25,0.8384,7.239,2.25e-13,1.44e-9,Choanoflagellata,FBpp0080191,7227,NimB2
KOG1218,25,0.8384,7.239,2.25e-13,1.44e-9,Choanoflagellata,FBpp0082195,7227,CG7381
KOG1218,25,0.8384,7.239,2.25e-13,1.44e-9,Choanoflagellata,FBpp0099414,7227,NimB3
KOG1218,25,0.8384,7.239,2.25e-13,1.44e-9,Choanoflagellata,FBpp0288682,7227,NimC3
KOG1218,25,0.8384,7.239,2.25e-13,1.44e-9,Choanoflagellata,FBpp0291663,7227,NimB5
KOG1218,25,0.8384,7.239,2.25e-13,1.44e-9,Choanoflagellata,FBpp0293263,7227,NimA
KOG1218,25,0.8384,7.239,2.25e-13,1.44e-9,Choanoflagellata,FBpp0301775,7227,NimB1
KOG1218,25,0.8384,7.239,2.25e-13,1.44e-9,Choanoflagellata,FBpp0301776,7227,NimC1
KOG1218,25,0.8384,7.239,2.25e-13,1.44e-9,Choanoflagellata,FBpp0301780,7227,eater
KOG1218,25,0.8384,7.239,2.25e-13,1.44e-9,Choanoflagellata,FBpp0306204,7227,drpr
KOG1631,25,0.7734,7.238,2.28e-13,1.46e-9,Choanoflagellata,FBpp0071307,7227,l(1)G0320
KOG1971,25,0.8388,7.237,2.29e-13,1.46e-9,Choanoflagellata,FBpp0075917,7227,Plod
KOG0641,25,0.8099,7.237,2.29e-13,1.46e-9,Choanoflagellata,FBpp0072049,7227,CG2812
KOG3304,25,0.8245,7.234,2.34e-13,1.49e-9,Choanoflagellata,FBpp0070160,7227,MED22
KOG3304,25,0.8245,7.234,2.34e-13,1.49e-9,Choanoflagellata,FBpp0112954,7227,CG32971
KOG3044,25,0.8403,7.224,2.52e-13,1.6e-9,Choanoflagellata,FBpp0079232,7227,CG7810
KOG4445,25,0.8209,7.223,2.54e-13,1.62e-9,Choanoflagellata,FBpp0086712,7227,CG13344
KOG4383,25,0.8266,7.22,2.59e-13,1.65e-9,Choanoflagellata,FBpp0077122,7227,l(2)k05819
KOG4849,25,0.8343,7.216,2.69e-13,1.71e-9,Choanoflagellata,FBpp0076433,7227,CG7185
KOG2498,25,0.816,7.214,2.72e-13,1.73e-9,Choanoflagellata,FBpp0081475,7227,beag
KOG2259,25,0.8003,7.208,2.84e-13,1.81e-9,Choanoflagellata,FBpp0071178,7227,IntS4
KOG0662,25,0.8217,7.208,2.84e-13,1.81e-9,Choanoflagellata,FBpp0086483,7227,Cdk5
NOG236509,25,0.7962,7.197,3.07e-13,1.96e-9,Choanoflagellata,FBpp0071034,7227,NELF-B
NOG234074,25,0.7431,7.197,3.08e-13,1.96e-9,Choanoflagellata,FBpp0076793,7227,l(3)psg2
NOG234074,25,0.7431,7.197,3.08e-13,1.96e-9,Choanoflagellata,FBpp0081550,7227,CG8273
KOG4762,25,0.7311,7.193,3.16e-13,2.01e-9,Choanoflagellata,FBpp0086519,7227,dup
KOG4038,25,0.8012,7.191,3.21e-13,2.04e-9,Choanoflagellata,FBpp0079352,7227,PrBP
KOG4291,25,0.8327,7.189,3.27e-13,2.08e-9,Choanoflagellata,FBpp0290183,7227,mesh
KOG1031,25,0.774,7.188,3.28e-13,2.09e-9,Choanoflagellata,FBpp0271831,7227,CG6454
NOG269607,25,0.8757,7.188,3.29e-13,2.1e-9,Choanoflagellata,FBpp0081708,7227,CG12818
KOG3534,25,0.8232,7.185,3.35e-13,2.14e-9,Choanoflagellata,FBpp0082541,7227,Sra-1
KOG3226,25,0.7988,7.184,3.38e-13,2.15e-9,Choanoflagellata,FBpp0070730,7227,XRCC1
KOG2933,25,0.8201,7.172,3.69e-13,2.35e-9,Choanoflagellata,FBpp0291141,7227,CG42399
KOG4356,25,0.8086,7.172,3.7e-13,2.35e-9,Choanoflagellata,FBpp0087974,7227,Nop17l
KOG4356,25,0.8086,7.172,3.7e-13,2.35e-9,Choanoflagellata,FBpp0290386,7227,Pih1D1
COG0720,25,0.8246,7.17,3.76e-13,2.39e-9,Choanoflagellata,FBpp0088417,7227,pr
NOG247573,25,0.7477,7.165,3.89e-13,2.48e-9,Choanoflagellata,FBpp0304973,7227,Fibp
KOG1796,25,0.8228,7.163,3.95e-13,2.52e-9,Choanoflagellata,FBpp0271898,7227,CG32113
COG1262,25,0.782,7.156,4.15e-13,2.65e-9,Choanoflagellata,FBpp0072436,7227,CG7049
KOG4609,25,0.756,7.153,4.26e-13,2.71e-9,Choanoflagellata,FBpp0070350,7227,Pgam5
KOG4609,25,0.756,7.153,4.26e-13,2.71e-9,Choanoflagellata,FBpp0072263,7227,Pgam5-2
KOG4037,25,0.7945,7.147,4.43e-13,2.82e-9,Choanoflagellata,FBpp0071024,7227,unc-119
KOG3697,25,0.8217,7.137,4.75e-13,3.03e-9,Choanoflagellata,FBpp0076186,7227,Shc
KOG3725,25,0.8654,7.137,4.77e-13,3.04e-9,Choanoflagellata,FBpp0085742,7227,EndoB
KOG4033,25,0.7786,7.134,4.87e-13,3.1e-9,Choanoflagellata,FBpp0087126,7227,OSCP1
COG3622,25,0.8338,7.111,5.77e-13,3.68e-9,Choanoflagellata,FBpp0071406,7227,Gip
NOG14900,25,0.8019,7.11,5.78e-13,3.68e-9,Choanoflagellata,FBpp0080807,7227,CG10268
KOG4262,25,0.7815,7.109,5.85e-13,3.73e-9,Choanoflagellata,FBpp0110478,7227,IntS3
KOG4599,25,0.8415,7.107,5.91e-13,3.77e-9,Choanoflagellata,FBpp0083665,7227,mRpL45
KOG3661,25,0.7713,7.107,5.94e-13,3.78e-9,Choanoflagellata,FBpp0072165,7227,CG3328
KOG1675,25,0.816,7.102,6.17e-13,3.93e-9,Choanoflagellata,FBpp0305616,7227,CycY
NOG01261,25,0.8407,7.1,6.22e-13,3.96e-9,Choanoflagellata,FBpp0293143,7227,CG3280
KOG3638,25,0.7927,7.098,6.33e-13,4.03e-9,Choanoflagellata,FBpp0099945,7227,hh
KOG4553,25,0.8191,7.098,6.34e-13,4.04e-9,Choanoflagellata,FBpp0087756,7227,FANCI
KOG4719,25,0.7233,7.095,6.45e-13,4.11e-9,Choanoflagellata,FBpp0112385,7227,Nup153
NOG03888,25,0.7705,7.095,6.45e-13,4.11e-9,Choanoflagellata,FBpp0078725,7227,CG7742
KOG0520,25,0.7382,7.095,6.46e-13,4.11e-9,Choanoflagellata,FBpp0289754,7227,Camta
KOG4113,25,0.7869,7.093,6.56e-13,4.18e-9,Choanoflagellata,FBpp0079221,7227,CG7787
KOG4470,25,0.855,7.092,6.61e-13,4.21e-9,Choanoflagellata,FBpp0073561,7227,REG
KOG3994,25,0.7631,7.091,6.65e-13,4.23e-9,Choanoflagellata,FBpp0071274,7227,CG12118
KOG3518,25,0.8014,7.089,6.73e-13,4.29e-9,Choanoflagellata,FBpp0289650,7227,GEFmeso
NOG00405,25,0.7937,7.087,6.85e-13,4.36e-9,Choanoflagellata,FBpp0074080,7227,TH1
KOG1565,25,0.8175,7.079,7.28e-13,4.64e-9,Choanoflagellata,FBpp0073157,7227,CG15021
KOG1565,25,0.8175,7.079,7.28e-13,4.64e-9,Choanoflagellata,FBpp0087585,7227,Mmp2
KOG1565,25,0.8175,7.079,7.28e-13,4.64e-9,Choanoflagellata,FBpp0111948,7227,CG14913
KOG1565,25,0.8175,7.079,7.28e-13,4.64e-9,Choanoflagellata,FBpp0271771,7227,Mmp1
KOG1565,25,0.8175,7.079,7.28e-13,4.64e-9,Choanoflagellata,FBpp0294050,7227,Mur11Da
KOG1923,25,0.7586,7.079,7.28e-13,4.64e-9,Choanoflagellata,FBpp0075517,7227,CG32138
KOG1923,25,0.7586,7.079,7.28e-13,4.64e-9,Choanoflagellata,FBpp0303810,7227,mwh
KOG4314,25,0.7882,7.075,7.5e-13,4.77e-9,Choanoflagellata,FBpp0289049,7227,CG42322
KOG0145,25,0.8305,7.07,7.73e-13,4.92e-9,Choanoflagellata,FBpp0288677,7227,Rbp9
KOG0145,25,0.8305,7.07,7.73e-13,4.92e-9,Choanoflagellata,FBpp0297664,7227,fne
KOG0145,25,0.8305,7.07,7.73e-13,4.92e-9,Choanoflagellata,FBpp0298002,7227,elav
KOG3796,25,0.7266,7.07,7.74e-13,4.93e-9,Choanoflagellata,FBpp0303840,7227,Rh50
KOG3616,25,0.7874,7.066,7.99e-13,5.09e-9,Choanoflagellata,FBpp0304907,7227,Oseg2
KOG2288,25,0.7518,7.063,8.17e-13,5.21e-9,Choanoflagellata,FBpp0087807,7227,CG8734
NOG04025,25,0.7473,7.059,8.41e-13,5.35e-9,Choanoflagellata,FBpp0113084,7227,Unr
KOG0107,25,0.8162,7.056,8.59e-13,5.47e-9,Choanoflagellata,FBpp0078996,7227,x16
KOG0107,25,0.8162,7.056,8.59e-13,5.47e-9,Choanoflagellata,FBpp0081754,7227,Rbp1
KOG0107,25,0.8162,7.056,8.59e-13,5.47e-9,Choanoflagellata,FBpp0292970,7227,Rbp1-like
KOG0107,25,0.8162,7.056,8.59e-13,5.47e-9,Choanoflagellata,FBpp0305603,7227,Rsf1
KOG3286,25,0.8184,7.054,8.72e-13,5.55e-9,Choanoflagellata,FBpp0304685,7227,CG3887
KOG4268,25,0.8194,7.048,9.08e-13,5.79e-9,Choanoflagellata,FBpp0079567,7227,CG31717
KOG2678,25,0.7543,7.045,9.28e-13,5.91e-9,Choanoflagellata,FBpp0076264,7227,Use1
KOG4717,25,0.8172,7.044,9.32e-13,5.93e-9,Choanoflagellata,FBpp0086695,7227,CG8485
KOG2437,25,0.7931,7.043,9.4e-13,5.99e-9,Choanoflagellata,FBpp0086999,7227,muskelin
KOG3827,25,0.789,7.038,9.75e-13,6.21e-9,Choanoflagellata,FBpp0083817,7227,Irk2
KOG3827,25,0.789,7.038,9.75e-13,6.21e-9,Choanoflagellata,FBpp0112185,7227,Ir
KOG3827,25,0.789,7.038,9.75e-13,6.21e-9,Choanoflagellata,FBpp0112978,7227,Irk3
KOG3569,25,0.8004,7.036,9.87e-13,6.29e-9,Choanoflagellata,FBpp0087707,7227,CG18659
KOG2502,25,0.8002,7.034,1e-12,6.39e-9,Choanoflagellata,FBpp0088961,7227,ktub
KOG4509,25,0.735,7.034,1.01e-12,6.41e-9,Choanoflagellata,FBpp0071627,7227,CG30398
KOG4509,25,0.735,7.034,1.01e-12,6.41e-9,Choanoflagellata,FBpp0288415,7227,CG14985
KOG4478,25,0.8015,7.032,1.02e-12,6.47e-9,Choanoflagellata,FBpp0076533,7227,CG7506
KOG2243,25,0.8117,7.029,1.04e-12,6.63e-9,Choanoflagellata,FBpp0293114,7227,RyR
KOG2546,25,0.8181,7.024,1.08e-12,6.89e-9,Choanoflagellata,FBpp0297920,7227,Abi
KOG4761,25,0.7762,7.023,1.08e-12,6.9e-9,Choanoflagellata,FBpp0070784,7227,CG12729
KOG4761,25,0.7762,7.023,1.08e-12,6.9e-9,Choanoflagellata,FBpp0301842,7227,PI31
KOG3709,25,0.8616,7.019,1.12e-12,7.11e-9,Choanoflagellata,FBpp0083894,7227,KrT95D
KOG3588,25,0.7906,7.007,1.21e-12,7.74e-9,Choanoflagellata,FBpp0073880,7227,CG9220
KOG3588,25,0.7906,7.007,1.21e-12,7.74e-9,Choanoflagellata,FBpp0087424,7227,CG12913
KOG3245,25,0.735,7.006,1.22e-12,7.79e-9,Choanoflagellata,FBpp0079154,7227,Sirup
KOG3245,25,0.735,7.006,1.22e-12,7.79e-9,Choanoflagellata,FBpp0290061,7227,CG15283
KOG4559,25,0.779,7.006,1.23e-12,7.83e-9,Choanoflagellata,FBpp0075932,7227,Blos2
KOG3270,25,0.7648,7.005,1.23e-12,7.85e-9,Choanoflagellata,FBpp0078424,7227,Vps37B
KOG3270,25,0.7648,7.005,1.23e-12,7.85e-9,Choanoflagellata,FBpp0088666,7227,mod(r)
KOG3621,25,0.7496,6.997,1.31e-12,8.33e-9,Choanoflagellata,FBpp0081373,7227,p
KOG3621,25,0.7496,6.997,1.31e-12,8.33e-9,Choanoflagellata,FBpp0088070,7227,CG11141
KOG3959,25,0.7259,6.994,1.34e-12,8.53e-9,Choanoflagellata,FBpp0292503,7227,CG4036
KOG3679,25,0.7667,6.991,1.36e-12,8.69e-9,Choanoflagellata,FBpp0289682,7227,CG15666
KOG3491,25,0.7232,6.991,1.37e-12,8.71e-9,Choanoflagellata,FBpp0072968,7227,CG32276
KOG0648,25,0.7512,6.987,1.41e-12,8.97e-9,Choanoflagellata,FBpp0073869,7227,CG8128
KOG0648,25,0.7512,6.987,1.41e-12,8.97e-9,Choanoflagellata,FBpp0081886,7227,CG10898
COG1916,25,0.754,6.978,1.5e-12,9.54e-9,Choanoflagellata,FBpp0082185,7227,CG12360
KOG4475,25,0.8197,6.975,1.53e-12,9.75e-9,Choanoflagellata,FBpp0087134,7227,otk2
KOG4475,25,0.8197,6.975,1.53e-12,9.75e-9,Choanoflagellata,FBpp0087135,7227,otk
KOG4475,25,0.8197,6.975,1.53e-12,9.75e-9,Choanoflagellata,FBpp0112375,7227,Unc-89
KOG4475,25,0.8197,6.975,1.53e-12,9.75e-9,Choanoflagellata,FBpp0290554,7227,bt
KOG4475,25,0.8197,6.975,1.53e-12,9.75e-9,Choanoflagellata,FBpp0291051,7227,Ppn
KOG4475,25,0.8197,6.975,1.53e-12,9.75e-9,Choanoflagellata,FBpp0291931,7227,Strn-Mlck
KOG4475,25,0.8197,6.975,1.53e-12,9.75e-9,Choanoflagellata,FBpp0304622,7227,dp
KOG4475,25,0.8197,6.975,1.53e-12,9.75e-9,Choanoflagellata,FBpp0304920,7227,sls
KOG4698,25,0.7326,6.972,1.56e-12,9.92e-9,Choanoflagellata,FBpp0077447,7227,Eogt
KOG1887,25,0.71,6.972,1.56e-12,9.96e-9,Choanoflagellata,FBpp0111714,7227,ec
KOG4340,25,0.7744,6.966,1.63e-12,1.04e-8,Choanoflagellata,FBpp0290580,7227,CG5142
NOG249269,25,0.7675,6.962,1.68e-12,1.07e-8,Choanoflagellata,FBpp0080628,7227,CG15161
KOG0965,25,0.7684,6.96,1.71e-12,1.09e-8,Choanoflagellata,FBpp0078333,7227,CG31550
KOG4529,25,0.7072,6.955,1.77e-12,1.12e-8,Choanoflagellata,FBpp0290467,7227,CG42553
KOG4529,25,0.7072,6.955,1.77e-12,1.12e-8,Choanoflagellata,FBpp0290468,7227,CG42554
KOG4545,25,0.7861,6.952,1.79e-12,1.14e-8,Choanoflagellata,FBpp0070565,7227,CG14270
KOG4027,25,0.7732,6.951,1.81e-12,1.16e-8,Choanoflagellata,FBpp0082599,7227,CG14870
KOG0311,25,0.791,6.947,1.87e-12,1.19e-8,Choanoflagellata,FBpp0084614,7227,Sce
KOG2041,25,0.7918,6.946,1.88e-12,1.2e-8,Choanoflagellata,FBpp0072679,7227,Oseg4
KOG2041,25,0.7918,6.946,1.88e-12,1.2e-8,Choanoflagellata,FBpp0291746,7227,Tusp
KOG1055,25,0.7906,6.946,1.88e-12,1.2e-8,Choanoflagellata,FBpp0080259,7227,CG33310
KOG1055,25,0.7906,6.946,1.88e-12,1.2e-8,Choanoflagellata,FBpp0083566,7227,GABA-B-R2
KOG1055,25,0.7906,6.946,1.88e-12,1.2e-8,Choanoflagellata,FBpp0293274,7227,GABA-B-R1
KOG1055,25,0.7906,6.946,1.88e-12,1.2e-8,Choanoflagellata,FBpp0300577,7227,GABA-B-R3
COG2066,25,0.7446,6.944,1.91e-12,1.21e-8,Choanoflagellata,FBpp0292103,7227,CG42708
KOG4611,25,0.7545,6.944,1.91e-12,1.22e-8,Choanoflagellata,FBpp0112166,7227,CG15923
KOG4072,25,0.7759,6.938,1.99e-12,1.27e-8,Choanoflagellata,FBpp0073355,7227,Spase25
KOG1828,25,0.7676,6.934,2.05e-12,1.3e-8,Choanoflagellata,FBpp0079111,7227,CG7154
NOG258760,25,0.7121,6.934,2.05e-12,1.3e-8,Choanoflagellata,FBpp0085543,7227,CG13436
KOG3967,25,0.6696,6.934,2.05e-12,1.31e-8,Choanoflagellata,FBpp0082085,7227,CG10038
COG1834,25,0.7633,6.933,2.06e-12,1.31e-8,Choanoflagellata,FBpp0073627,7227,CG1764
KOG1513,25,0.8121,6.927,2.14e-12,1.37e-8,Choanoflagellata,FBpp0080237,7227,CG3491
KOG1513,25,0.8121,6.927,2.14e-12,1.37e-8,Choanoflagellata,FBpp0111762,7227,sno
KOG2934,25,0.7038,6.927,2.15e-12,1.37e-8,Choanoflagellata,FBpp0070860,7227,CG3781
KOG4279,25,0.7806,6.926,2.16e-12,1.38e-8,Choanoflagellata,FBpp0289484,7227,Pk92B
KOG4315,25,0.7642,6.926,2.17e-12,1.38e-8,Choanoflagellata,FBpp0082801,7227,CG10324
KOG4001,25,0.7706,6.926,2.17e-12,1.38e-8,Choanoflagellata,FBpp0081988,7227,CG6971
KOG3416,25,0.7949,6.921,2.25e-12,1.43e-8,Choanoflagellata,FBpp0079091,7227,CG5181
KOG2156,25,0.8134,6.91,2.43e-12,1.55e-8,Choanoflagellata,FBpp0077190,7227,CG3964
KOG2156,25,0.8134,6.91,2.43e-12,1.55e-8,Choanoflagellata,FBpp0081758,7227,CG4089
KOG2156,25,0.8134,6.91,2.43e-12,1.55e-8,Choanoflagellata,FBpp0289629,7227,CG16833
COG2334,25,0.7668,6.91,2.43e-12,1.55e-8,Choanoflagellata,FBpp0080642,7227,CG31751
KOG3929,25,0.7951,6.904,2.52e-12,1.61e-8,Choanoflagellata,FBpp0079410,7227,CG3769
KOG4421,25,0.7791,6.904,2.53e-12,1.61e-8,Choanoflagellata,FBpp0084028,7227,CG6607
KOG2720,25,0.7455,6.899,2.62e-12,1.67e-8,Choanoflagellata,FBpp0112920,7227,CG3552
KOG3794,25,0.8057,6.897,2.65e-12,1.69e-8,Choanoflagellata,FBpp0074834,7227,CG6843
KOG4181,25,0.7385,6.896,2.67e-12,1.7e-8,Choanoflagellata,FBpp0070335,7227,CG3857
KOG3961,25,0.7642,6.892,2.74e-12,1.75e-8,Choanoflagellata,FBpp0080739,7227,CG17349
KOG3961,25,0.7642,6.892,2.74e-12,1.75e-8,Choanoflagellata,FBpp0085659,7227,CG15120
KOG1811,25,0.7,6.892,2.75e-12,1.75e-8,Choanoflagellata,FBpp0081863,7227,CG5270
KOG1021,25,0.7713,6.891,2.76e-12,1.76e-8,Choanoflagellata,FBpp0305367,7227,ttv
KOG1959,25,0.8076,6.88,3e-12,1.91e-8,Choanoflagellata,FBpp0079343,7227,CG9468
KOG1959,25,0.8076,6.88,3e-12,1.91e-8,Choanoflagellata,FBpp0079344,7227,CG9466
KOG1959,25,0.8076,6.88,3e-12,1.91e-8,Choanoflagellata,FBpp0079346,7227,CG9463
KOG1959,25,0.8076,6.88,3e-12,1.91e-8,Choanoflagellata,FBpp0079620,7227,LM408
KOG1959,25,0.8076,6.88,3e-12,1.91e-8,Choanoflagellata,FBpp0081509,7227,GmII
KOG1959,25,0.8076,6.88,3e-12,1.91e-8,Choanoflagellata,FBpp0082633,7227,GM
KOG1959,25,0.8076,6.88,3e-12,1.91e-8,Choanoflagellata,FBpp0292117,7227,CG9465
KOG1959,25,0.8076,6.88,3e-12,1.91e-8,Choanoflagellata,FBpp0302811,7227,CG5322
KOG4207,25,0.795,6.879,3.02e-12,1.92e-8,Choanoflagellata,FBpp0292041,7227,SC35
KOG3951,25,0.7779,6.877,3.06e-12,1.95e-8,Choanoflagellata,FBpp0076007,7227,CG32066
KOG4374,25,0.7581,6.874,3.12e-12,1.99e-8,Choanoflagellata,FBpp0080361,7227,BicC
KOG0599,25,0.7769,6.868,3.25e-12,2.07e-8,Choanoflagellata,FBpp0290716,7227,PhKgamma
KOG3549,25,0.7312,6.868,3.26e-12,2.08e-8,Choanoflagellata,FBpp0086244,7227,Syn2
NOG252220,25,0.7014,6.867,3.27e-12,2.08e-8,Choanoflagellata,FBpp0078634,7227,CG14043
KOG1995,25,0.7836,6.864,3.34e-12,2.13e-8,Choanoflagellata,FBpp0071847,7227,CG3732
KOG1995,25,0.7836,6.864,3.34e-12,2.13e-8,Choanoflagellata,FBpp0073996,7227,caz
KOG1995,25,0.7836,6.864,3.34e-12,2.13e-8,Choanoflagellata,FBpp0081902,7227,CG14718
KOG4239,25,0.7769,6.863,3.37e-12,2.14e-8,Choanoflagellata,FBpp0083799,7227,Rassf
KOG4507,25,0.7473,6.855,3.57e-12,2.28e-8,Choanoflagellata,FBpp0070667,7227,CG11436
KOG4494,25,0.7489,6.854,3.59e-12,2.29e-8,Choanoflagellata,FBpp0081866,7227,CG5276
KOG1819,25,0.7332,6.853,3.63e-12,2.31e-8,Choanoflagellata,FBpp0293587,7227,CG6051
KOG3533,25,0.7846,6.845,3.82e-12,2.43e-8,Choanoflagellata,FBpp0078336,7227,Itp-r83A
KOG2714,25,0.7521,6.84,3.97e-12,2.53e-8,Choanoflagellata,FBpp0081634,7227,CG9467
KOG3746,25,0.714,6.836,4.08e-12,2.6e-8,Choanoflagellata,FBpp0071996,7227,Sesn
KOG0799,25,0.761,6.834,4.14e-12,2.63e-8,Choanoflagellata,FBpp0072782,7227,oxt
KOG4753,25,0.7622,6.83,4.24e-12,2.7e-8,Choanoflagellata,FBpp0304914,7227,CG12025
KOG1551,25,0.7746,6.829,4.28e-12,2.73e-8,Choanoflagellata,FBpp0303943,7227,CG32112
KOG0165,25,0.7481,6.828,4.29e-12,2.73e-8,Choanoflagellata,FBpp0084071,7227,asp
KOG1222,25,0.7786,6.828,4.31e-12,2.75e-8,Choanoflagellata,FBpp0288393,7227,Kap3
NOG02229,25,0.7354,6.826,4.36e-12,2.77e-8,Choanoflagellata,FBpp0082028,7227,CG3313
KOG3461,25,0.7425,6.823,4.46e-12,2.84e-8,Choanoflagellata,FBpp0084774,7227,Cisd2
KOG2824,25,0.7128,6.822,4.48e-12,2.85e-8,Choanoflagellata,FBpp0070503,7227,CG12206
KOG2824,25,0.7128,6.822,4.48e-12,2.85e-8,Choanoflagellata,FBpp0078265,7227,CG31559
KOG4399,25,0.684,6.821,4.53e-12,2.89e-8,Choanoflagellata,FBpp0086629,7227,CG12863
KOG3809,25,0.7766,6.818,4.6e-12,2.93e-8,Choanoflagellata,FBpp0082383,7227,CG3259
KOG3390,25,0.7744,6.815,4.72e-12,3.01e-8,Choanoflagellata,FBpp0290948,7227,Blos1
NOG00389,25,0.7357,6.813,4.79e-12,3.05e-8,Choanoflagellata,FBpp0304992,7227,CG13889
KOG3647,25,0.7708,6.809,4.92e-12,3.14e-8,Choanoflagellata,FBpp0077055,7227,CG17599
KOG2607,25,0.753,6.801,5.21e-12,3.32e-8,Choanoflagellata,FBpp0071478,7227,CG30291
KOG1207,25,0.7209,6.8,5.21e-12,3.32e-8,Choanoflagellata,FBpp0074425,7227,CG7322
KOG3397,25,0.7266,6.797,5.35e-12,3.41e-8,Choanoflagellata,FBpp0100038,7227,CG8481
KOG4682,25,0.7035,6.795,5.41e-12,3.44e-8,Choanoflagellata,FBpp0087789,7227,gcl
KOG3532,25,0.7536,6.794,5.44e-12,3.47e-8,Choanoflagellata,FBpp0073429,7227,CG10362
KOG0043,25,0.77,6.793,5.5e-12,3.5e-8,Choanoflagellata,FBpp0073977,7227,Efhc1.1
KOG0043,25,0.77,6.793,5.5e-12,3.5e-8,Choanoflagellata,FBpp0085625,7227,Efhc1.2
KOG3636,25,0.7351,6.783,5.87e-12,3.74e-8,Choanoflagellata,FBpp0077621,7227,CG4552
KOG3639,25,0.7186,6.783,5.87e-12,3.74e-8,Choanoflagellata,FBpp0298338,7227,CG43370
KOG4619,25,0.7512,6.782,5.94e-12,3.78e-8,Choanoflagellata,FBpp0110451,7227,CG17715
KOG4833,25,0.6991,6.78,6.02e-12,3.84e-8,Choanoflagellata,FBpp0297623,7227,CG8771
KOG3238,25,0.7373,6.779,6.04e-12,3.85e-8,Choanoflagellata,FBpp0086010,7227,icln
KOG2320,25,0.7178,6.775,6.22e-12,3.96e-8,Choanoflagellata,FBpp0302587,7227,spri
KOG2185,25,0.6655,6.773,6.31e-12,4.02e-8,Choanoflagellata,FBpp0079480,7227,CG4709
KOG2471,25,0.7561,6.77,6.42e-12,4.09e-8,Choanoflagellata,FBpp0082112,7227,Not10
KOG3425,25,0.7107,6.763,6.75e-12,4.3e-8,Choanoflagellata,FBpp0070484,7227,CG3939
KOG3425,25,0.7107,6.763,6.75e-12,4.3e-8,Choanoflagellata,FBpp0303002,7227,cl
KOG4587,25,0.7536,6.763,6.76e-12,4.3e-8,Choanoflagellata,FBpp0074383,7227,CG6659
KOG4108,25,0.7581,6.761,6.84e-12,4.35e-8,Choanoflagellata,FBpp0075301,7227,CG7276
KOG4108,25,0.7581,6.761,6.84e-12,4.35e-8,Choanoflagellata,FBpp0081693,7227,CG5359
KOG4108,25,0.7581,6.761,6.84e-12,4.35e-8,Choanoflagellata,FBpp0087951,7227,CG14763
KOG4108,25,0.7581,6.761,6.84e-12,4.35e-8,Choanoflagellata,FBpp0088108,7227,CG12836
KOG4670,25,0.7391,6.758,6.99e-12,4.45e-8,Choanoflagellata,FBpp0075006,7227,CG6479
COG3186,25,0.7895,6.746,7.62e-12,4.85e-8,Choanoflagellata,FBpp0072534,7227,Trh
COG3186,25,0.7895,6.746,7.62e-12,4.85e-8,Choanoflagellata,FBpp0076523,7227,Hn
COG3186,25,0.7895,6.746,7.62e-12,4.85e-8,Choanoflagellata,FBpp0076666,7227,ple
KOG4252,25,0.746,6.745,7.65e-12,4.87e-8,Choanoflagellata,FBpp0078376,7227,Rab23
NOG09625,25,0.7434,6.744,7.71e-12,4.91e-8,Choanoflagellata,FBpp0072971,7227,CG14965
NOG09625,25,0.7434,6.744,7.71e-12,4.91e-8,Choanoflagellata,FBpp0083030,7227,CG7183
KOG1884,25,0.6912,6.742,7.8e-12,4.97e-8,Choanoflagellata,FBpp0071821,7227,CG13531
KOG2482,25,0.734,6.742,7.84e-12,4.99e-8,Choanoflagellata,FBpp0071893,7227,CG9890
KOG2123,25,0.7652,6.741,7.85e-12,5e-8,Choanoflagellata,FBpp0073127,7227,CG14995
KOG2123,25,0.7652,6.741,7.85e-12,5e-8,Choanoflagellata,FBpp0073239,7227,CG15208
KOG2649,25,0.7949,6.741,7.86e-12,5.01e-8,Choanoflagellata,FBpp0089126,7227,svr
KOG2649,25,0.7949,6.741,7.86e-12,5.01e-8,Choanoflagellata,FBpp0289310,7227,CG4678
KOG0574,25,0.7786,6.737,8.07e-12,5.14e-8,Choanoflagellata,FBpp0304253,7227,hpo
NOG05002,25,0.7312,6.731,8.41e-12,5.36e-8,Choanoflagellata,FBpp0085901,7227,CG17669
NOG15280,25,0.7294,6.731,8.42e-12,5.36e-8,Choanoflagellata,FBpp0087253,7227,CG13202
NOG25389,25,0.6599,6.73,8.51e-12,5.42e-8,Choanoflagellata,FBpp0072103,7227,HSPC300
KOG3693,25,0.7593,6.728,8.61e-12,5.48e-8,Choanoflagellata,FBpp0302831,7227,CG3764
KOG2956,25,0.7594,6.723,8.9e-12,5.67e-8,Choanoflagellata,FBpp0088469,7227,chb
KOG3773,25,0.7915,6.717,9.25e-12,5.89e-8,Choanoflagellata,FBpp0073778,7227,dob
KOG3773,25,0.7915,6.717,9.25e-12,5.89e-8,Choanoflagellata,FBpp0289427,7227,bmm
KOG0403,25,0.7518,6.702,1.03e-11,6.57e-8,Choanoflagellata,FBpp0111894,7227,Pdcd4
KOG4028,25,0.6732,6.693,1.1e-11,6.98e-8,Choanoflagellata,FBpp0292197,7227,CG42730
KOG4028,25,0.6732,6.693,1.1e-11,6.98e-8,Choanoflagellata,FBpp0292198,7227,tectonic
NOG04970,25,0.6901,6.678,1.21e-11,7.71e-8,Choanoflagellata,FBpp0072805,7227,CG16984
COG4809,25,0.6961,6.667,1.31e-11,8.33e-8,Choanoflagellata,FBpp0075511,7227,CG6650
KOG2591,25,0.685,6.652,1.44e-11,9.19e-8,Choanoflagellata,FBpp0072910,7227,CG11505
KOG3785,25,0.7827,6.649,1.47e-11,9.38e-8,Choanoflagellata,FBpp0082624,7227,CG4525
NOG09957,25,0.7026,6.643,1.54e-11,9.8e-8,Choanoflagellata,FBpp0075767,7227,CG7264
KOG2247,25,0.7863,6.643,1.54e-11,9.81e-8,Choanoflagellata,FBpp0085689,7227,Oseg6
KOG3617,25,0.7848,6.639,1.58e-11,1.01e-7,Choanoflagellata,FBpp0077738,7227,rempA
KOG0079,25,0.7932,6.636,1.61e-11,1.02e-7,Choanoflagellata,FBpp0305729,7227,Rab35
KOG1413,25,0.7252,6.631,1.66e-11,1.06e-7,Choanoflagellata,FBpp0085571,7227,Mgat1
NOG257823,25,0.6847,6.626,1.73e-11,1.1e-7,Choanoflagellata,FBpp0075574,7227,CG17687
KOG4287,25,0.6951,6.624,1.75e-11,1.11e-7,Choanoflagellata,FBpp0075193,7227,Notum
NOG02480,25,0.6778,6.624,1.75e-11,1.12e-7,Choanoflagellata,FBpp0076143,7227,CG6761
KOG3861,25,0.7502,6.622,1.77e-11,1.13e-7,Choanoflagellata,FBpp0078962,7227,Osm6
KOG2158,25,0.7662,6.616,1.85e-11,1.18e-7,Choanoflagellata,FBpp0084550,7227,CG5987
KOG2158,25,0.7662,6.616,1.85e-11,1.18e-7,Choanoflagellata,FBpp0290053,7227,CG16716
NOG01564,25,0.741,6.606,1.97e-11,1.25e-7,Choanoflagellata,FBpp0073870,7227,CG8134
NOG02024,25,0.6514,6.606,1.98e-11,1.26e-7,Choanoflagellata,FBpp0087616,7227,CG30338
KOG2939,25,0.7793,6.595,2.12e-11,1.35e-7,Choanoflagellata,FBpp0086024,7227,CG4996
KOG4615,25,0.7292,6.595,2.13e-11,1.36e-7,Choanoflagellata,FBpp0081362,7227,CG31460
KOG4615,25,0.7292,6.595,2.13e-11,1.36e-7,Choanoflagellata,FBpp0088911,7227,Cenp-C
KOG1019,25,0.7705,6.594,2.14e-11,1.36e-7,Choanoflagellata,FBpp0070302,7227,mip130
KOG1019,25,0.7705,6.594,2.14e-11,1.36e-7,Choanoflagellata,FBpp0072876,7227,aly
COG4108,25,0.7481,6.589,2.22e-11,1.41e-7,Choanoflagellata,FBpp0083663,7227,EF-G2
COG4108,25,0.7481,6.589,2.22e-11,1.41e-7,Choanoflagellata,FBpp0291447,7227,CG40968
COG4108,25,0.7481,6.589,2.22e-11,1.41e-7,Choanoflagellata,FBpp0291448,7227,CG42620
COG4108,25,0.7481,6.589,2.22e-11,1.41e-7,Choanoflagellata,FBpp0293210,7227,CG31161
KOG1422,25,0.7022,6.586,2.25e-11,1.44e-7,Choanoflagellata,FBpp0304104,7227,Clic
KOG2129,25,0.7312,6.585,2.28e-11,1.45e-7,Choanoflagellata,FBpp0075054,7227,CG6664
NOG258617,25,0.6924,6.58,2.34e-11,1.49e-7,Choanoflagellata,FBpp0302861,7227,Poc1
KOG1326,25,0.7617,6.572,2.48e-11,1.58e-7,Choanoflagellata,FBpp0271797,7227,mfr
KOG1326,25,0.7617,6.572,2.48e-11,1.58e-7,Choanoflagellata,FBpp0304207,7227,TrpA1
KOG2131,25,0.6718,6.566,2.58e-11,1.64e-7,Choanoflagellata,FBpp0080615,7227,CG7200
NOG02720,25,0.6915,6.555,2.78e-11,1.77e-7,Choanoflagellata,FBpp0072224,7227,CG3570
NOG08493,25,0.67,6.554,2.8e-11,1.78e-7,Choanoflagellata,FBpp0081868,7227,CG17230
KOG0914,25,0.7195,6.545,2.98e-11,1.9e-7,Choanoflagellata,FBpp0085660,7227,CG11007
KOG0685,25,0.669,6.534,3.21e-11,2.05e-7,Choanoflagellata,FBpp0074952,7227,CG7460
KOG0685,25,0.669,6.534,3.21e-11,2.05e-7,Choanoflagellata,FBpp0074958,7227,CG6034
KOG0685,25,0.669,6.534,3.21e-11,2.05e-7,Choanoflagellata,FBpp0076286,7227,CG5653
KOG0685,25,0.669,6.534,3.21e-11,2.05e-7,Choanoflagellata,FBpp0080699,7227,CG10561
KOG0685,25,0.669,6.534,3.21e-11,2.05e-7,Choanoflagellata,FBpp0081369,7227,CG8032
KOG0685,25,0.669,6.534,3.21e-11,2.05e-7,Choanoflagellata,FBpp0087206,7227,CG7737
KOG4285,25,0.7317,6.524,3.41e-11,2.17e-7,Choanoflagellata,FBpp0074372,7227,CG6540
KOG3838,25,0.6993,6.519,3.55e-11,2.26e-7,Choanoflagellata,FBpp0076352,7227,ergic53
KOG2297,25,0.7275,6.516,3.62e-11,2.3e-7,Choanoflagellata,FBpp0078393,7227,kra
NOG245275,25,0.6632,6.512,3.71e-11,2.36e-7,Choanoflagellata,FBpp0080563,7227,CG31803
KOG3832,25,0.7319,6.507,3.83e-11,2.44e-7,Choanoflagellata,FBpp0302735,7227,CG5262
NOG258112,25,0.6765,6.504,3.91e-11,2.49e-7,Choanoflagellata,FBpp0081088,7227,Sas-4
KOG2373,25,0.7214,6.494,4.19e-11,2.67e-7,Choanoflagellata,FBpp0079501,7227,CG5924
KOG1445,25,0.7065,6.493,4.21e-11,2.68e-7,Choanoflagellata,FBpp0300548,7227,pod1
KOG0593,25,0.73,6.492,4.24e-11,2.7e-7,Choanoflagellata,FBpp0078764,7227,CG7236
NOG04517,25,0.7441,6.474,4.77e-11,3.04e-7,Choanoflagellata,FBpp0087097,7227,wash
NOG232017,25,0.6969,6.464,5.08e-11,3.24e-7,Choanoflagellata,FBpp0070564,7227,Gas8
KOG2205,25,0.7539,6.46,5.24e-11,3.34e-7,Choanoflagellata,FBpp0304247,7227,CG32333
KOG1927,25,0.6804,6.452,5.53e-11,3.52e-7,Choanoflagellata,FBpp0081439,7227,CG11970
KOG2059,25,0.6905,6.445,5.78e-11,3.68e-7,Choanoflagellata,FBpp0076097,7227,RasGAP1
COG3555,25,0.6168,6.435,6.19e-11,3.94e-7,Choanoflagellata,FBpp0293627,7227,Asph
KOG0972,25,0.7295,6.433,6.26e-11,3.99e-7,Choanoflagellata,FBpp0077218,7227,Che-13
KOG3934,25,0.7462,6.412,7.17e-11,4.57e-7,Choanoflagellata,FBpp0084778,7227,Slbp
NOG16012,25,0.5984,6.411,7.22e-11,4.6e-7,Choanoflagellata,FBpp0297292,7227,CG5110
NOG04991,25,0.6233,6.41,7.29e-11,4.65e-7,Choanoflagellata,FBpp0088116,7227,CG11060
NOG04991,25,0.6233,6.41,7.29e-11,4.65e-7,Choanoflagellata,FBpp0088117,7227,CG33140
NOG04991,25,0.6233,6.41,7.29e-11,4.65e-7,Choanoflagellata,FBpp0088118,7227,CG30385
NOG04991,25,0.6233,6.41,7.29e-11,4.65e-7,Choanoflagellata,FBpp0088119,7227,CG30384
KOG3987,25,0.6684,6.397,7.92e-11,5.04e-7,Choanoflagellata,FBpp0072129,7227,CG5339
NOG257812,25,0.6696,6.397,7.92e-11,5.05e-7,Choanoflagellata,FBpp0071104,7227,CG10958
KOG1022,25,0.7093,6.389,8.35e-11,5.32e-7,Choanoflagellata,FBpp0099952,7227,Ext2
NOG26603,25,0.6827,6.389,8.36e-11,5.33e-7,Choanoflagellata,FBpp0099770,7227,Vkor
KOG2717,25,0.6367,6.387,8.46e-11,5.39e-7,Choanoflagellata,FBpp0077938,7227,CG4074
KOG4248,25,0.664,6.341,1.14e-10,7.26e-7,Choanoflagellata,FBpp0288465,7227,CG7546
KOG2359,25,0.6251,6.335,1.18e-10,7.55e-7,Choanoflagellata,FBpp0290525,7227,Cap-H2
KOG3774,25,0.7059,6.328,1.24e-10,7.9e-7,Choanoflagellata,FBpp0076862,7227,lama
KOG4496,25,0.6484,6.316,1.34e-10,8.56e-7,Choanoflagellata,FBpp0079162,7227,CG7429
NOG258084,25,0.62,6.314,1.36e-10,8.67e-7,Choanoflagellata,FBpp0087690,7227,CG8027
KOG2558,25,0.675,6.313,1.37e-10,8.73e-7,Choanoflagellata,FBpp0079757,7227,abo
KOG2032,25,0.6491,6.306,1.44e-10,9.14e-7,Choanoflagellata,FBpp0071261,7227,c11.1
KOG4585,25,0.6504,6.296,1.52e-10,9.71e-7,Choanoflagellata,FBpp0074935,7227,CG32187
KOG4585,25,0.6504,6.296,1.52e-10,9.71e-7,Choanoflagellata,FBpp0075809,7227,CG32095
KOG4585,25,0.6504,6.296,1.52e-10,9.71e-7,Choanoflagellata,FBpp0079738,7227,CG12253
KOG4585,25,0.6504,6.296,1.52e-10,9.71e-7,Choanoflagellata,FBpp0293413,7227,CG43088
KOG1559,25,0.6815,6.273,1.77e-10,1.13e-6,Choanoflagellata,FBpp0075214,7227,l(3)72Dp
KOG1559,25,0.6815,6.273,1.77e-10,1.13e-6,Choanoflagellata,FBpp0075215,7227,l(3)72Dr
KOG3136,25,0.6466,6.27,1.81e-10,1.15e-6,Choanoflagellata,FBpp0073888,7227,CG15643
KOG2727,25,0.6832,6.252,2.03e-10,1.29e-6,Choanoflagellata,FBpp0079885,7227,Rab3-GAP
KOG1093,25,0.7494,6.25,2.05e-10,1.31e-6,Choanoflagellata,FBpp0072328,7227,CG16896
KOG1093,25,0.7494,6.25,2.05e-10,1.31e-6,Choanoflagellata,FBpp0290220,7227,CG4041
KOG2739,25,0.7058,6.246,2.1e-10,1.34e-6,Choanoflagellata,FBpp0289639,7227,Mapmodulin
NOG258408,25,0.6549,6.238,2.21e-10,1.41e-6,Choanoflagellata,FBpp0082402,7227,CG31320
NOG17234,25,0.5426,6.236,2.24e-10,1.43e-6,Choanoflagellata,FBpp0113013,7227,CG30051
NOG06017,25,0.6507,6.236,2.25e-10,1.43e-6,Choanoflagellata,FBpp0074515,7227,CG14215
KOG1699,25,0.6717,6.23,2.33e-10,1.48e-6,Choanoflagellata,FBpp0304661,7227,CG2938
COG1371,25,0.6436,6.226,2.39e-10,1.52e-6,Choanoflagellata,FBpp0083515,7227,CG6353
KOG3476,25,0.6075,6.225,2.4e-10,1.53e-6,Choanoflagellata,FBpp0111944,7227,CG4537
KOG3673,25,0.7292,6.214,2.59e-10,1.65e-6,Choanoflagellata,FBpp0070639,7227,CG6379
KOG4825,25,0.6886,6.211,2.64e-10,1.68e-6,Choanoflagellata,FBpp0080789,7227,CG10137
COG2263,25,0.6732,6.207,2.71e-10,1.72e-6,Choanoflagellata,FBpp0074759,7227,CG9666
COG2263,25,0.6732,6.207,2.71e-10,1.72e-6,Choanoflagellata,FBpp0289252,7227,CG42374
NOG03636,25,0.6106,6.206,2.71e-10,1.73e-6,Choanoflagellata,FBpp0081332,7227,CG7352
NOG02893,25,0.6458,6.202,2.79e-10,1.78e-6,Choanoflagellata,FBpp0083620,7227,CG13855
NOG04401,25,0.6497,6.192,2.96e-10,1.89e-6,Choanoflagellata,FBpp0072070,7227,CG3121
KOG4423,25,0.7148,6.192,2.98e-10,1.9e-6,Choanoflagellata,FBpp0088870,7227,ltd
KOG1174,25,0.6181,6.185,3.11e-10,1.98e-6,Choanoflagellata,FBpp0070907,7227,APC7
KOG3201,25,0.6512,6.168,3.46e-10,2.2e-6,Choanoflagellata,FBpp0080901,7227,CG10947
KOG1442,25,0.6593,6.145,4.01e-10,2.55e-6,Choanoflagellata,FBpp0081352,7227,nac
KOG3402,25,0.6347,6.12,4.68e-10,2.98e-6,Choanoflagellata,FBpp0088783,7227,pen-2
NOG05397,25,0.6268,6.097,5.4e-10,3.44e-6,Choanoflagellata,FBpp0085541,7227,CG16742
NOG06037,25,0.5916,6.092,5.56e-10,3.54e-6,Choanoflagellata,FBpp0083028,7227,CG7168
KOG2207,25,0.6488,6.084,5.85e-10,3.73e-6,Choanoflagellata,FBpp0081027,7227,Nbr
KOG2384,25,0.5979,6.081,5.99e-10,3.81e-6,Choanoflagellata,FBpp0086524,7227,CG8152
NOG257991,25,0.6424,6.08,5.99e-10,3.82e-6,Choanoflagellata,FBpp0071832,7227,CG30259
KOG3599,25,0.6161,6.075,6.19e-10,3.94e-6,Choanoflagellata,FBpp0074750,7227,brv1
KOG3599,25,0.6161,6.075,6.19e-10,3.94e-6,Choanoflagellata,FBpp0075004,7227,brv2
KOG3599,25,0.6161,6.075,6.19e-10,3.94e-6,Choanoflagellata,FBpp0079947,7227,Pkd2
KOG3599,25,0.6161,6.075,6.19e-10,3.94e-6,Choanoflagellata,FBpp0289932,7227,brv3
NOG02827,25,0.6435,6.018,8.8e-10,5.61e-6,Choanoflagellata,FBpp0110094,7227,lobo
NOG04183,25,0.6254,6.002,9.72e-10,6.19e-6,Choanoflagellata,FBpp0290236,7227,CG34039
NOG08928,25,0.5971,5.996,1.01e-9,6.44e-6,Choanoflagellata,FBpp0303123,7227,MESR6
KOG4273,25,0.6271,5.978,1.13e-9,7.2e-6,Choanoflagellata,FBpp0075650,7227,CG32109
NOG02209,25,0.6115,5.934,1.47e-9,9.39e-6,Choanoflagellata,FBpp0075769,7227,CCDC151
NOG03405,25,0.6269,5.934,1.48e-9,9.43e-6,Choanoflagellata,FBpp0075628,7227,Zmynd10
NOG06928,25,0.5005,5.9,1.82e-9,1.16e-5,Choanoflagellata,FBpp0076430,7227,Sbp2
NOG03093,25,0.6305,5.88,2.05e-9,1.31e-5,Choanoflagellata,FBpp0082263,7227,CG10841
COG4299,25,0.6247,5.864,2.26e-9,1.44e-5,Choanoflagellata,FBpp0070691,7227,CG6903
NOG257846,25,0.5701,5.862,2.28e-9,1.45e-5,Choanoflagellata,FBpp0084912,7227,Sas-6
NOG01576,25,0.5439,5.796,3.4e-9,2.17e-5,Choanoflagellata,FBpp0084582,7227,CG13972
NOG02727,25,0.6397,5.794,3.44e-9,2.19e-5,Choanoflagellata,FBpp0074910,7227,CG14353
NOG257879,25,0.5406,5.761,4.19e-9,2.67e-5,Choanoflagellata,FBpp0070184,7227,CG3711
KOG2871,25,0.6492,5.758,4.25e-9,2.71e-5,Choanoflagellata,FBpp0074418,7227,CG7332
KOG2871,25,0.6492,5.758,4.25e-9,2.71e-5,Choanoflagellata,FBpp0289576,7227,CG14142
NOG05388,25,0.5849,5.716,5.46e-9,3.48e-5,Choanoflagellata,FBpp0071851,7227,CG4329
NOG253609,25,0.5905,5.7,5.99e-9,3.82e-5,Choanoflagellata,FBpp0080721,7227,CG31800
NOG04017,25,0.5692,5.689,6.38e-9,4.06e-5,Choanoflagellata,FBpp0082802,7227,CG14905
NOG04017,25,0.5692,5.689,6.38e-9,4.06e-5,Choanoflagellata,FBpp0083775,7227,CG17083
KOG3376,25,0.5727,5.689,6.41e-9,4.08e-5,Choanoflagellata,FBpp0072849,7227,CG2113
KOG3376,25,0.5727,5.689,6.41e-9,4.08e-5,Choanoflagellata,FBpp0302639,7227,CG3630
KOG2709,25,0.5266,5.672,7.07e-9,4.5e-5,Choanoflagellata,FBpp0078501,7227,spartin
KOG2557,25,0.5681,5.652,7.91e-9,5.04e-5,Choanoflagellata,FBpp0079093,7227,CG5149
KOG4732,25,0.5483,5.631,8.95e-9,5.7e-5,Choanoflagellata,FBpp0075718,7227,CG32104
NOG258126,25,0.5813,5.571,1.27e-8,8.09e-5,Choanoflagellata,FBpp0076657,7227,CG32392
NOG00436,25,0.5708,5.563,1.32e-8,8.43e-5,Choanoflagellata,FBpp0084479,7227,CG5882
NOG00436,25,0.5708,5.563,1.32e-8,8.43e-5,Choanoflagellata,FBpp0084500,7227,CG6059
NOG00436,25,0.5708,5.563,1.32e-8,8.43e-5,Choanoflagellata,FBpp0291492,7227,Ory
NOG26357,25,0.5443,5.524,1.66e-8,1.05e-4,Choanoflagellata,FBpp0074037,7227,CG12395
NOG26357,25,0.5443,5.524,1.66e-8,1.05e-4,Choanoflagellata,FBpp0076123,7227,CG16719
NOG06299,25,0.4972,5.284,6.32e-8,4.02e-4,Choanoflagellata,FBpp0077785,7227,CG13693
NOG252956,25,0.5163,5.235,8.26e-8,5.26e-4,Choanoflagellata,FBpp0071883,7227,CG13544
NOG252956,25,0.5163,5.235,8.26e-8,5.26e-4,Choanoflagellata,FBpp0080348,7227,CG31735
NOG252956,25,0.5163,5.235,8.26e-8,5.26e-4,Choanoflagellata,FBpp0289341,7227,CG18063
NOG252956,25,0.5163,5.235,8.26e-8,5.26e-4,Choanoflagellata,FBpp0289840,7227,CG12448
KOG1976,25,0.5013,5.114,1.58e-7,0.001,Choanoflagellata,FBpp0288937,7227,5PtaseI
NOG11694,25,0.4363,5.069,2e-7,0.00127,Choanoflagellata,FBpp0091000,7227,LSm-4
NOG04190,25,0.476,4.973,3.29e-7,0.0021,Choanoflagellata,FBpp0077460,7227,CG3528
NOG04190,25,0.476,4.973,3.29e-7,0.0021,Choanoflagellata,FBpp0078752,7227,CG14013
NOG04190,25,0.476,4.973,3.29e-7,0.0021,Choanoflagellata,FBpp0082200,7227,CG8138
KOG4378,25,0.4259,4.6,2.12e-6,0.0135,Choanoflagellata,FBpp0080649,7227,Grip71
NOG255413,25,0.3834,4.304,8.37e-6,0.0533,Choanoflagellata,FBpp0112753,7227,l(2)41Ab
KOG3983,26,0.9744,8.444,1.54e-17,9.8e-14,Fungi,FBpp0100140,7227,sau
KOG3337,26,0.9852,8.191,1.29e-16,8.24e-13,Fungi,FBpp0289521,7227,prel
KOG4056,26,0.9923,8.057,3.89e-16,2.48e-12,Fungi,FBpp0081792,7227,tomboy20
KOG4056,26,0.9923,8.057,3.89e-16,2.48e-12,Fungi,FBpp0304965,7227,Tom20
KOG3712,26,0.9886,8.056,3.93e-16,2.51e-12,Fungi,FBpp0297139,7227,Rfx
KOG3712,26,0.9886,8.056,3.93e-16,2.51e-12,Fungi,FBpp0303226,7227,CG9727
KOG1630,26,0.9295,7.986,6.97e-16,4.44e-12,Fungi,FBpp0073284,7227,CG2076
KOG1630,26,0.9295,7.986,6.97e-16,4.44e-12,Fungi,FBpp0081078,7227,CG1287
KOG0837,26,0.9203,7.986,6.97e-16,4.44e-12,Fungi,FBpp0087498,7227,Jra
KOG0897,26,0.8981,7.977,7.52e-16,4.79e-12,Fungi,FBpp0070396,7227,CG2924
KOG0897,26,0.8981,7.977,7.52e-16,4.79e-12,Fungi,FBpp0079044,7227,CG4502
KOG2260,26,0.9522,7.952,9.15e-16,5.83e-12,Fungi,FBpp0072660,7227,Cdc37
KOG4035,26,0.9698,7.946,9.65e-16,6.15e-12,Fungi,FBpp0071064,7227,CG2258
KOG3607,26,0.9414,7.915,1.24e-15,7.9e-12,Fungi,FBpp0290713,7227,Meltrin
KOG3607,26,0.9414,7.915,1.24e-15,7.9e-12,Fungi,FBpp0300196,7227,mmd
KOG0547,26,0.9222,7.913,1.26e-15,8e-12,Fungi,FBpp0079894,7227,Tom70
COG5019,26,0.9603,7.901,1.38e-15,8.79e-12,Fungi,FBpp0074139,7227,Sep4
COG5019,26,0.9603,7.901,1.38e-15,8.79e-12,Fungi,FBpp0076897,7227,Sep1
COG5019,26,0.9603,7.901,1.38e-15,8.79e-12,Fungi,FBpp0083352,7227,Sep2
COG5019,26,0.9603,7.901,1.38e-15,8.79e-12,Fungi,FBpp0087869,7227,pnut
COG5019,26,0.9603,7.901,1.38e-15,8.79e-12,Fungi,FBpp0087952,7227,Sep5
KOG4019,26,0.9794,7.901,1.38e-15,8.79e-12,Fungi,FBpp0082709,7227,sra
KOG3764,26,0.8748,7.901,1.39e-15,8.84e-12,Fungi,FBpp0083086,7227,VAChT
KOG3764,26,0.8748,7.901,1.39e-15,8.84e-12,Fungi,FBpp0090962,7227,Vmat
KOG3764,26,0.8748,7.901,1.39e-15,8.84e-12,Fungi,FBpp0112259,7227,prt
KOG1101,26,0.9382,7.887,1.55e-15,9.88e-12,Fungi,FBpp0082849,7227,Det
KOG1101,26,0.9382,7.887,1.55e-15,9.88e-12,Fungi,FBpp0086432,7227,Diap2
KOG1101,26,0.9382,7.887,1.55e-15,9.88e-12,Fungi,FBpp0304070,7227,Bruce
KOG1101,26,0.9382,7.887,1.55e-15,9.88e-12,Fungi,FBpp0305795,7227,Diap1
KOG3171,26,0.8795,7.882,1.61e-15,1.02e-11,Fungi,FBpp0075344,7227,CG7650
KOG2483,26,0.985,7.875,1.7e-15,1.08e-11,Fungi,FBpp0074785,7227,Max
KOG2483,26,0.985,7.875,1.7e-15,1.08e-11,Fungi,FBpp0291035,7227,Mnt
KOG2483,26,0.985,7.875,1.7e-15,1.08e-11,Fungi,FBpp0303995,7227,dm
KOG0849,26,0.971,7.831,2.43e-15,1.54e-11,Fungi,FBpp0072349,7227,gsb
KOG0849,26,0.971,7.831,2.43e-15,1.54e-11,Fungi,FBpp0072363,7227,gsb-n
KOG0849,26,0.971,7.831,2.43e-15,1.54e-11,Fungi,FBpp0075711,7227,eyg
KOG0849,26,0.971,7.831,2.43e-15,1.54e-11,Fungi,FBpp0075712,7227,toe
KOG0849,26,0.971,7.831,2.43e-15,1.54e-11,Fungi,FBpp0079882,7227,prd
KOG0849,26,0.971,7.831,2.43e-15,1.54e-11,Fungi,FBpp0088249,7227,toy
KOG0849,26,0.971,7.831,2.43e-15,1.54e-11,Fungi,FBpp0088366,7227,sv
KOG0849,26,0.971,7.831,2.43e-15,1.54e-11,Fungi,FBpp0099810,7227,ey
KOG0849,26,0.971,7.831,2.43e-15,1.54e-11,Fungi,FBpp0302942,7227,Poxn
KOG0527,26,0.9333,7.829,2.46e-15,1.56e-11,Fungi,FBpp0072066,7227,Sox14
KOG0527,26,0.9333,7.829,2.46e-15,1.56e-11,Fungi,FBpp0075488,7227,D
KOG0527,26,0.9333,7.829,2.46e-15,1.56e-11,Fungi,FBpp0075489,7227,Sox21b
KOG0527,26,0.9333,7.829,2.46e-15,1.56e-11,Fungi,FBpp0075490,7227,Sox21a
KOG0527,26,0.9333,7.829,2.46e-15,1.56e-11,Fungi,FBpp0079335,7227,SoxN
KOG0527,26,0.9333,7.829,2.46e-15,1.56e-11,Fungi,FBpp0085097,7227,Sox100B
KOG0527,26,0.9333,7.829,2.46e-15,1.56e-11,Fungi,FBpp0086702,7227,Sox15
KOG0527,26,0.9333,7.829,2.46e-15,1.56e-11,Fungi,FBpp0100057,7227,Sox102F
KOG2999,26,0.976,7.817,2.71e-15,1.73e-11,Fungi,FBpp0079912,7227,Ced-12
KOG3836,26,0.983,7.817,2.71e-15,1.73e-11,Fungi,FBpp0111722,7227,kn
KOG4097,26,0.9842,7.815,2.75e-15,1.75e-11,Fungi,FBpp0083857,7227,SdhD
KOG3976,26,0.999,7.792,3.3e-15,2.1e-11,Fungi,FBpp0075626,7227,CG17300
KOG3976,26,0.999,7.792,3.3e-15,2.1e-11,Fungi,FBpp0076134,7227,ATPsynB
KOG1318,26,0.9839,7.786,3.45e-15,2.2e-11,Fungi,FBpp0298329,7227,Mitf
KOG1318,26,0.9839,7.786,3.45e-15,2.2e-11,Fungi,FBpp0301043,7227,Usf
KOG3907,26,0.9883,7.784,3.5e-15,2.23e-11,Fungi,FBpp0088200,7227,CG2177
KOG2588,26,0.9894,7.779,3.64e-15,2.32e-11,Fungi,FBpp0074642,7227,HLH106
KOG1854,26,0.8921,7.771,3.91e-15,2.49e-11,Fungi,FBpp0288710,7227,Mitofilin
KOG1842,26,0.9582,7.74,4.96e-15,3.16e-11,Fungi,FBpp0079203,7227,Rbsn-5
KOG3582,26,0.9559,7.738,5.06e-15,3.22e-11,Fungi,FBpp0290673,7227,Mio
COG5145,26,0.9299,7.731,5.32e-15,3.39e-11,Fungi,FBpp0070638,7227,Xpac
KOG4339,26,0.9261,7.724,5.63e-15,3.58e-11,Fungi,FBpp0073043,7227,CG32264
KOG0132,26,0.9034,7.724,5.66e-15,3.6e-11,Fungi,FBpp0112013,7227,CG4266
KOG4012,26,0.8775,7.711,6.27e-15,3.99e-11,Fungi,FBpp0085248,7227,His1
KOG4012,26,0.8775,7.711,6.27e-15,3.99e-11,Fungi,FBpp0091050,7227,CG33801
KOG4012,26,0.8775,7.711,6.27e-15,3.99e-11,Fungi,FBpp0091052,7227,FBpp0091052
KOG4012,26,0.8775,7.711,6.27e-15,3.99e-11,Fungi,FBpp0091054,7227,CG33807
KOG4012,26,0.8775,7.711,6.27e-15,3.99e-11,Fungi,FBpp0091057,7227,FBpp0091057
KOG4012,26,0.8775,7.711,6.27e-15,3.99e-11,Fungi,FBpp0091059,7227,FBpp0091059
KOG4012,26,0.8775,7.711,6.27e-15,3.99e-11,Fungi,FBpp0091062,7227,FBpp0091062
KOG4012,26,0.8775,7.711,6.27e-15,3.99e-11,Fungi,FBpp0091065,7227,FBpp0091065
KOG4012,26,0.8775,7.711,6.27e-15,3.99e-11,Fungi,FBpp0091068,7227,FBpp0091068
KOG4012,26,0.8775,7.711,6.27e-15,3.99e-11,Fungi,FBpp0091071,7227,FBpp0091071
KOG4012,26,0.8775,7.711,6.27e-15,3.99e-11,Fungi,FBpp0091074,7227,FBpp0091074
KOG4012,26,0.8775,7.711,6.27e-15,3.99e-11,Fungi,FBpp0091077,7227,FBpp0091077
KOG4012,26,0.8775,7.711,6.27e-15,3.99e-11,Fungi,FBpp0091080,7227,CG33834
KOG4012,26,0.8775,7.711,6.27e-15,3.99e-11,Fungi,FBpp0091083,7227,FBpp0091083
KOG4012,26,0.8775,7.711,6.27e-15,3.99e-11,Fungi,FBpp0091086,7227,FBpp0091086
KOG4012,26,0.8775,7.711,6.27e-15,3.99e-11,Fungi,FBpp0091089,7227,FBpp0091089
KOG4012,26,0.8775,7.711,6.27e-15,3.99e-11,Fungi,FBpp0091092,7227,FBpp0091092
KOG4012,26,0.8775,7.711,6.27e-15,3.99e-11,Fungi,FBpp0091095,7227,FBpp0091095
KOG4012,26,0.8775,7.711,6.27e-15,3.99e-11,Fungi,FBpp0091098,7227,FBpp0091098
KOG4012,26,0.8775,7.711,6.27e-15,3.99e-11,Fungi,FBpp0091101,7227,CG33855
KOG4012,26,0.8775,7.711,6.27e-15,3.99e-11,Fungi,FBpp0091104,7227,FBpp0091104
KOG4012,26,0.8775,7.711,6.27e-15,3.99e-11,Fungi,FBpp0091107,7227,CG33858
KOG4012,26,0.8775,7.711,6.27e-15,3.99e-11,Fungi,FBpp0091110,7227,CG31617
KOG3739,26,0.9369,7.707,6.46e-15,4.11e-11,Fungi,FBpp0086616,7227,Sin1
KOG2199,26,0.9472,7.701,6.75e-15,4.3e-11,Fungi,FBpp0079732,7227,Stam
COG1437,26,0.9715,7.682,7.83e-15,4.99e-11,Fungi,FBpp0070146,7227,Hmt4-20
COG1437,26,0.9715,7.682,7.83e-15,4.99e-11,Fungi,FBpp0070999,7227,CG14434
KOG3962,26,0.9776,7.676,8.2e-15,5.22e-11,Fungi,FBpp0074616,7227,FRG1
KOG4151,26,0.8441,7.67,8.63e-15,5.5e-11,Fungi,FBpp0081284,7227,unc-45
KOG4091,26,0.9838,7.667,8.83e-15,5.63e-11,Fungi,FBpp0288984,7227,grh
KOG4091,26,0.9838,7.667,8.83e-15,5.63e-11,Fungi,FBpp0290165,7227,gem
KOG1414,26,0.8984,7.662,9.12e-15,5.81e-11,Fungi,FBpp0070234,7227,Atf3
KOG1414,26,0.8984,7.662,9.12e-15,5.81e-11,Fungi,FBpp0072288,7227,Atf-2
KOG1414,26,0.8984,7.662,9.12e-15,5.81e-11,Fungi,FBpp0288515,7227,kay
KOG4036,26,0.9037,7.656,9.61e-15,6.12e-11,Fungi,FBpp0086006,7227,CG14480
COG0852,26,0.8708,7.642,1.07e-14,6.79e-11,Fungi,FBpp0072975,7227,ND-30
KOG3841,26,0.9819,7.639,1.1e-14,6.99e-11,Fungi,FBpp0301994,7227,sd
COG3119,26,0.8601,7.635,1.13e-14,7.2e-11,Fungi,FBpp0072939,7227,CG12014
COG3119,26,0.8601,7.635,1.13e-14,7.2e-11,Fungi,FBpp0074908,7227,CG7408
COG3119,26,0.8601,7.635,1.13e-14,7.2e-11,Fungi,FBpp0074909,7227,CG7402
COG3119,26,0.8601,7.635,1.13e-14,7.2e-11,Fungi,FBpp0074935,7227,CG32187
COG3119,26,0.8601,7.635,1.13e-14,7.2e-11,Fungi,FBpp0082725,7227,Sulf1
COG3119,26,0.8601,7.635,1.13e-14,7.2e-11,Fungi,FBpp0083138,7227,CG14291
COG3119,26,0.8601,7.635,1.13e-14,7.2e-11,Fungi,FBpp0086832,7227,CG30059
COG3119,26,0.8601,7.635,1.13e-14,7.2e-11,Fungi,FBpp0086833,7227,CG18278
COG3119,26,0.8601,7.635,1.13e-14,7.2e-11,Fungi,FBpp0290455,7227,CG8646
COG3119,26,0.8601,7.635,1.13e-14,7.2e-11,Fungi,FBpp0300164,7227,CG32191
KOG4111,26,0.836,7.624,1.23e-14,7.82e-11,Fungi,FBpp0073033,7227,mge
KOG1003,26,0.9149,7.624,1.23e-14,7.85e-11,Fungi,FBpp0082535,7227,Tm2
KOG1003,26,0.9149,7.624,1.23e-14,7.85e-11,Fungi,FBpp0088904,7227,Tm1
COG1716,26,0.9073,7.598,1.5e-14,9.57e-11,Fungi,FBpp0110594,7227,Slmap
KOG4093,26,0.8925,7.597,1.52e-14,9.66e-11,Fungi,FBpp0078009,7227,CG7519
KOG3065,26,0.9163,7.591,1.58e-14,1.01e-10,Fungi,FBpp0072145,7227,Snap29
KOG3065,26,0.9163,7.591,1.58e-14,1.01e-10,Fungi,FBpp0081641,7227,Snap24
KOG3065,26,0.9163,7.591,1.58e-14,1.01e-10,Fungi,FBpp0110435,7227,Snap25
KOG4168,26,0.7852,7.534,2.46e-14,1.57e-10,Fungi,FBpp0074115,7227,Rcp
KOG3105,26,0.869,7.519,2.77e-14,1.76e-10,Fungi,FBpp0087334,7227,cag
KOG3756,26,0.8606,7.492,3.39e-14,2.16e-10,Fungi,FBpp0112122,7227,Pnn
KOG3053,26,0.9163,7.484,3.6e-14,2.29e-10,Fungi,FBpp0071135,7227,CG10761
KOG3053,26,0.9163,7.484,3.6e-14,2.29e-10,Fungi,FBpp0078590,7227,CG9855
KOG3053,26,0.9163,7.484,3.6e-14,2.29e-10,Fungi,FBpp0084491,7227,CG17991
KOG3053,26,0.9163,7.484,3.6e-14,2.29e-10,Fungi,FBpp0302614,7227,CG16781
KOG3986,26,0.9164,7.466,4.14e-14,2.63e-10,Fungi,FBpp0304465,7227,Gbs-76A
KOG3986,26,0.9164,7.466,4.14e-14,2.63e-10,Fungi,FBpp0305251,7227,Gbs-70E
KOG4613,26,0.8788,7.456,4.45e-14,2.83e-10,Fungi,FBpp0074649,7227,CG15881
COG3142,26,0.7398,7.446,4.82e-14,3.07e-10,Fungi,FBpp0292328,7227,CG6136
COG2335,26,0.8284,7.444,4.9e-14,3.12e-10,Fungi,FBpp0081972,7227,mfas
COG2335,26,0.8284,7.444,4.9e-14,3.12e-10,Fungi,FBpp0111715,7227,Fas1
COG2335,26,0.8284,7.444,4.9e-14,3.12e-10,Fungi,FBpp0297780,7227,CG43333
KOG4077,26,0.9987,7.442,4.97e-14,3.16e-10,Fungi,FBpp0081947,7227,COX5A
KOG4075,26,0.8481,7.441,4.99e-14,3.18e-10,Fungi,FBpp0080836,7227,COX4
KOG4075,26,0.8481,7.441,4.99e-14,3.18e-10,Fungi,FBpp0085425,7227,COX4L
KOG1179,26,0.8713,7.43,5.45e-14,3.47e-10,Fungi,FBpp0071865,7227,CG30194
KOG1179,26,0.8713,7.43,5.45e-14,3.47e-10,Fungi,FBpp0072175,7227,CG3394
KOG1179,26,0.8713,7.43,5.45e-14,3.47e-10,Fungi,FBpp0289859,7227,Fatp
COG0649,26,0.8716,7.415,6.08e-14,3.87e-10,Fungi,FBpp0271773,7227,ND-49L
COG0649,26,0.8716,7.415,6.08e-14,3.87e-10,Fungi,FBpp0305832,7227,ND-49
KOG4103,26,0.9274,7.38,7.93e-14,5.05e-10,Fungi,FBpp0079104,7227,ATPsynGL
KOG4103,26,0.9274,7.38,7.93e-14,5.05e-10,Fungi,FBpp0297136,7227,ATPsynG
KOG2669,26,0.8458,7.38,7.94e-14,5.06e-10,Fungi,FBpp0072788,7227,CG9018
KOG2669,26,0.8458,7.38,7.94e-14,5.06e-10,Fungi,FBpp0080620,7227,CG15160
KOG4323,26,0.8442,7.374,8.27e-14,5.27e-10,Fungi,FBpp0084433,7227,IntS12
KOG4323,26,0.8442,7.374,8.27e-14,5.27e-10,Fungi,FBpp0303033,7227,Pcl
KOG3750,26,0.8739,7.365,8.87e-14,5.65e-10,Fungi,FBpp0076880,7227,CG10671
KOG3933,26,0.8926,7.362,9.05e-14,5.76e-10,Fungi,FBpp0290840,7227,mRpS35
KOG1041,26,0.8494,7.357,9.44e-14,6.01e-10,Fungi,FBpp0075313,7227,AGO2
KOG1041,26,0.8494,7.357,9.44e-14,6.01e-10,Fungi,FBpp0294043,7227,AGO1
KOG1041,26,0.8494,7.357,9.44e-14,6.01e-10,Fungi,FBpp0301735,7227,CG1888
KOG0866,26,0.837,7.353,9.68e-14,6.16e-10,Fungi,FBpp0083859,7227,RanBP3
KOG3791,26,0.8678,7.349,1e-13,6.37e-10,Fungi,FBpp0288542,7227,smg
KOG0590,26,0.8312,7.343,1.04e-13,6.64e-10,Fungi,FBpp0080441,7227,grp
KOG3501,26,0.8251,7.341,1.06e-13,6.76e-10,Fungi,FBpp0078822,7227,CG13993
KOG0255,26,0.8479,7.321,1.23e-13,7.85e-10,Fungi,FBpp0070178,7227,CG3690
KOG0255,26,0.8479,7.321,1.23e-13,7.85e-10,Fungi,FBpp0070944,7227,CG3168
KOG0255,26,0.8479,7.321,1.23e-13,7.85e-10,Fungi,FBpp0076737,7227,CG5592
KOG0255,26,0.8479,7.321,1.23e-13,7.85e-10,Fungi,FBpp0078124,7227,CG7442
KOG0255,26,0.8479,7.321,1.23e-13,7.85e-10,Fungi,FBpp0078127,7227,CG7448
KOG0255,26,0.8479,7.321,1.23e-13,7.85e-10,Fungi,FBpp0078128,7227,CG7458
KOG0255,26,0.8479,7.321,1.23e-13,7.85e-10,Fungi,FBpp0078522,7227,CG31530
KOG0255,26,0.8479,7.321,1.23e-13,7.85e-10,Fungi,FBpp0080925,7227,CG9317
KOG0255,26,0.8479,7.321,1.23e-13,7.85e-10,Fungi,FBpp0081788,7227,CG31272
KOG0255,26,0.8479,7.321,1.23e-13,7.85e-10,Fungi,FBpp0081790,7227,CG14691
KOG0255,26,0.8479,7.321,1.23e-13,7.85e-10,Fungi,FBpp0082450,7227,CG14855
KOG0255,26,0.8479,7.321,1.23e-13,7.85e-10,Fungi,FBpp0082451,7227,CG14856
KOG0255,26,0.8479,7.321,1.23e-13,7.85e-10,Fungi,FBpp0082452,7227,CG14857
KOG0255,26,0.8479,7.321,1.23e-13,7.85e-10,Fungi,FBpp0082707,7227,CG8925
KOG0255,26,0.8479,7.321,1.23e-13,7.85e-10,Fungi,FBpp0082730,7227,CG6126
KOG0255,26,0.8479,7.321,1.23e-13,7.85e-10,Fungi,FBpp0083191,7227,CG7342
KOG0255,26,0.8479,7.321,1.23e-13,7.85e-10,Fungi,FBpp0083193,7227,CG17752
KOG0255,26,0.8479,7.321,1.23e-13,7.85e-10,Fungi,FBpp0083194,7227,CG16727
KOG0255,26,0.8479,7.321,1.23e-13,7.85e-10,Fungi,FBpp0083217,7227,CG6231
KOG0255,26,0.8479,7.321,1.23e-13,7.85e-10,Fungi,FBpp0083258,7227,CG4459
KOG0255,26,0.8479,7.321,1.23e-13,7.85e-10,Fungi,FBpp0083259,7227,CG4462
KOG0255,26,0.8479,7.321,1.23e-13,7.85e-10,Fungi,FBpp0083260,7227,CG4465
KOG0255,26,0.8479,7.321,1.23e-13,7.85e-10,Fungi,FBpp0083599,7227,CG7084
KOG0255,26,0.8479,7.321,1.23e-13,7.85e-10,Fungi,FBpp0083982,7227,Orct2
KOG0255,26,0.8479,7.321,1.23e-13,7.85e-10,Fungi,FBpp0083983,7227,Orct
KOG0255,26,0.8479,7.321,1.23e-13,7.85e-10,Fungi,FBpp0083985,7227,CG6356
KOG0255,26,0.8479,7.321,1.23e-13,7.85e-10,Fungi,FBpp0086928,7227,CG3790
KOG0255,26,0.8479,7.321,1.23e-13,7.85e-10,Fungi,FBpp0111892,7227,CG15221
KOG0255,26,0.8479,7.321,1.23e-13,7.85e-10,Fungi,FBpp0112301,7227,CG31103
KOG0255,26,0.8479,7.321,1.23e-13,7.85e-10,Fungi,FBpp0112387,7227,CG6006
KOG0255,26,0.8479,7.321,1.23e-13,7.85e-10,Fungi,FBpp0113045,7227,CG7333
KOG0255,26,0.8479,7.321,1.23e-13,7.85e-10,Fungi,FBpp0113136,7227,CG10486
KOG0255,26,0.8479,7.321,1.23e-13,7.85e-10,Fungi,FBpp0271698,7227,CG33233
KOG0255,26,0.8479,7.321,1.23e-13,7.85e-10,Fungi,FBpp0271725,7227,CG17751
KOG0255,26,0.8479,7.321,1.23e-13,7.85e-10,Fungi,FBpp0288582,7227,CG33234
KOG0255,26,0.8479,7.321,1.23e-13,7.85e-10,Fungi,FBpp0288885,7227,CG42269
KOG0255,26,0.8479,7.321,1.23e-13,7.85e-10,Fungi,FBpp0290244,7227,CG31106
KOG0255,26,0.8479,7.321,1.23e-13,7.85e-10,Fungi,FBpp0296957,7227,CG8654
KOG0255,26,0.8479,7.321,1.23e-13,7.85e-10,Fungi,FBpp0304076,7227,CG12783
KOG0255,26,0.8479,7.321,1.23e-13,7.85e-10,Fungi,FBpp0305355,7227,CG4630
KOG4733,26,0.8721,7.319,1.25e-13,7.93e-10,Fungi,FBpp0301014,7227,shep
KOG1910,26,0.8377,7.298,1.47e-13,9.34e-10,Fungi,FBpp0291508,7227,CG14967
COG2259,26,0.8649,7.289,1.56e-13,9.93e-10,Fungi,FBpp0079766,7227,CG14070
COG2259,26,0.8649,7.289,1.56e-13,9.93e-10,Fungi,FBpp0082150,7227,CG17207
COG2259,26,0.8649,7.289,1.56e-13,9.93e-10,Fungi,FBpp0082571,7227,Surf4
KOG1633,26,0.8194,7.279,1.68e-13,1.07e-9,Fungi,FBpp0289915,7227,Kdm2
KOG3601,26,0.8196,7.277,1.71e-13,1.09e-9,Fungi,FBpp0086812,7227,drk
COG3590,26,0.8286,7.266,1.85e-13,1.18e-9,Fungi,FBpp0070757,7227,CG32762
COG3590,26,0.8286,7.266,1.85e-13,1.18e-9,Fungi,FBpp0070759,7227,CG3239
COG3590,26,0.8286,7.266,1.85e-13,1.18e-9,Fungi,FBpp0070837,7227,Nep1
COG3590,26,0.8286,7.266,1.85e-13,1.18e-9,Fungi,FBpp0073523,7227,CG3775
COG3590,26,0.8286,7.266,1.85e-13,1.18e-9,Fungi,FBpp0074133,7227,CG9634
COG3590,26,0.8286,7.266,1.85e-13,1.18e-9,Fungi,FBpp0078599,7227,CG9780
COG3590,26,0.8286,7.266,1.85e-13,1.18e-9,Fungi,FBpp0078665,7227,CG31918
COG3590,26,0.8286,7.266,1.85e-13,1.18e-9,Fungi,FBpp0078883,7227,CG9505
COG3590,26,0.8286,7.266,1.85e-13,1.18e-9,Fungi,FBpp0078885,7227,CG9507
COG3590,26,0.8286,7.266,1.85e-13,1.18e-9,Fungi,FBpp0079993,7227,CG15485
COG3590,26,0.8286,7.266,1.85e-13,1.18e-9,Fungi,FBpp0080422,7227,CG4580
COG3590,26,0.8286,7.266,1.85e-13,1.18e-9,Fungi,FBpp0080482,7227,CG13283
COG3590,26,0.8286,7.266,1.85e-13,1.18e-9,Fungi,FBpp0081559,7227,CG8358
COG3590,26,0.8286,7.266,1.85e-13,1.18e-9,Fungi,FBpp0083345,7227,Nep4
COG3590,26,0.8286,7.266,1.85e-13,1.18e-9,Fungi,FBpp0083710,7227,CG4721
COG3590,26,0.8286,7.266,1.85e-13,1.18e-9,Fungi,FBpp0083711,7227,CG4723
COG3590,26,0.8286,7.266,1.85e-13,1.18e-9,Fungi,FBpp0083712,7227,CG4725
COG3590,26,0.8286,7.266,1.85e-13,1.18e-9,Fungi,FBpp0084624,7227,CG5527
COG3590,26,0.8286,7.266,1.85e-13,1.18e-9,Fungi,FBpp0084697,7227,CG14529
COG3590,26,0.8286,7.266,1.85e-13,1.18e-9,Fungi,FBpp0084698,7227,CG14528
COG3590,26,0.8286,7.266,1.85e-13,1.18e-9,Fungi,FBpp0084699,7227,CG14527
COG3590,26,0.8286,7.266,1.85e-13,1.18e-9,Fungi,FBpp0084718,7227,CG14523
COG3590,26,0.8286,7.266,1.85e-13,1.18e-9,Fungi,FBpp0087046,7227,CG8550
COG3590,26,0.8286,7.266,1.85e-13,1.18e-9,Fungi,FBpp0112198,7227,CG13650
COG3590,26,0.8286,7.266,1.85e-13,1.18e-9,Fungi,FBpp0289246,7227,CG42370
COG3590,26,0.8286,7.266,1.85e-13,1.18e-9,Fungi,FBpp0291157,7227,CG14526
COG3590,26,0.8286,7.266,1.85e-13,1.18e-9,Fungi,FBpp0293663,7227,Nep2
COG3590,26,0.8286,7.266,1.85e-13,1.18e-9,Fungi,FBpp0300207,7227,Nep3
COG3590,26,0.8286,7.266,1.85e-13,1.18e-9,Fungi,FBpp0304093,7227,Nep5
KOG2974,26,0.7536,7.246,2.14e-13,1.36e-9,Fungi,FBpp0082462,7227,CG3817
COG5237,26,0.7844,7.244,2.18e-13,1.39e-9,Fungi,FBpp0085453,7227,PGAP3
KOG0155,26,0.8817,7.241,2.23e-13,1.42e-9,Fungi,FBpp0292135,7227,CG42724
COG1820,26,0.8118,7.231,2.4e-13,1.53e-9,Fungi,FBpp0290783,7227,CG17065
KOG4364,26,0.8347,7.228,2.45e-13,1.56e-9,Fungi,FBpp0071172,7227,Caf1-180
KOG2162,26,0.8676,7.222,2.56e-13,1.63e-9,Fungi,FBpp0080138,7227,Smg5
KOG2162,26,0.8676,7.222,2.56e-13,1.63e-9,Fungi,FBpp0084171,7227,Smg6
KOG3717,26,0.8373,7.219,2.63e-13,1.67e-9,Fungi,FBpp0080012,7227,CG5122
KOG3717,26,0.8373,7.219,2.63e-13,1.67e-9,Fungi,FBpp0081231,7227,CRAT
KOG3717,26,0.8373,7.219,2.63e-13,1.67e-9,Fungi,FBpp0082848,7227,CG5265
KOG3717,26,0.8373,7.219,2.63e-13,1.67e-9,Fungi,FBpp0088397,7227,Cha
KOG4836,26,0.8436,7.207,2.87e-13,1.83e-9,Fungi,FBpp0078761,7227,CG7382
KOG3004,26,0.8522,7.194,3.15e-13,2.01e-9,Fungi,FBpp0271702,7227,CG10336
KOG3719,26,0.8656,7.193,3.17e-13,2.02e-9,Fungi,FBpp0072848,7227,CG2107
COG1223,26,0.8473,7.188,3.3e-13,2.1e-9,Fungi,FBpp0297140,7227,bor
KOG4116,26,0.8382,7.186,3.33e-13,2.12e-9,Fungi,FBpp0074984,7227,UQCR-Q
KOG4642,26,0.8243,7.174,3.63e-13,2.31e-9,Fungi,FBpp0079617,7227,CHIP
KOG4121,26,0.8279,7.168,3.81e-13,2.43e-9,Fungi,FBpp0083695,7227,Nup133
KOG1295,26,0.7867,7.164,3.92e-13,2.5e-9,Fungi,FBpp0072130,7227,Upf3
COG5232,26,0.7907,7.133,4.91e-13,3.12e-9,Fungi,FBpp0079522,7227,Trp1
KOG1510,26,0.8139,7.129,5.07e-13,3.23e-9,Fungi,FBpp0112462,7227,MED21
KOG4555,26,0.7989,7.11,5.79e-13,3.69e-9,Fungi,FBpp0075591,7227,CG14105
KOG4462,26,0.7951,7.1,6.25e-13,3.98e-9,Fungi,FBpp0112017,7227,Vrp1
KOG1408,26,0.8227,7.098,6.31e-13,4.02e-9,Fungi,FBpp0305221,7227,CG7337
COG2268,26,0.7812,7.096,6.43e-13,4.1e-9,Fungi,FBpp0086485,7227,Flo1
COG2268,26,0.7812,7.096,6.43e-13,4.1e-9,Fungi,FBpp0303248,7227,Flo2
KOG4500,26,0.7801,7.092,6.6e-13,4.2e-9,Fungi,FBpp0085514,7227,vimar
COG2202,26,0.8041,7.087,6.84e-13,4.36e-9,Fungi,FBpp0110308,7227,eag
KOG2431,26,0.8062,7.087,6.85e-13,4.36e-9,Fungi,FBpp0084785,7227,CG11874
KOG1791,26,0.7687,7.081,7.16e-13,4.56e-9,Fungi,FBpp0083688,7227,CG12499
COG0737,26,0.7777,7.071,7.71e-13,4.91e-9,Fungi,FBpp0086082,7227,veil
COG0737,26,0.7777,7.071,7.71e-13,4.91e-9,Fungi,FBpp0086083,7227,NT5E-2
COG0737,26,0.7777,7.071,7.71e-13,4.91e-9,Fungi,FBpp0086085,7227,CG30103
COG0737,26,0.7777,7.071,7.71e-13,4.91e-9,Fungi,FBpp0111976,7227,CG11883
COG0737,26,0.7777,7.071,7.71e-13,4.91e-9,Fungi,FBpp0288788,7227,CG42249
KOG4812,26,0.7642,7.067,7.9e-13,5.03e-9,Fungi,FBpp0074972,7227,Ndfip
COG0360,26,0.7946,7.06,8.32e-13,5.3e-9,Fungi,FBpp0073144,7227,mRpS6
COG2355,26,0.7476,7.044,9.36e-13,5.96e-9,Fungi,FBpp0077891,7227,CG5282
COG2355,26,0.7476,7.044,9.36e-13,5.96e-9,Fungi,FBpp0111628,7227,CG34420
COG2355,26,0.7476,7.044,9.36e-13,5.96e-9,Fungi,FBpp0289628,7227,CG6154
COG2355,26,0.7476,7.044,9.36e-13,5.96e-9,Fungi,FBpp0292372,7227,CG42750
KOG2823,26,0.8078,7.044,9.36e-13,5.96e-9,Fungi,FBpp0071193,7227,CG1785
KOG1902,26,0.7807,7.04,9.64e-13,6.14e-9,Fungi,FBpp0072940,7227,YT521-B
KOG1676,26,0.8047,6.993,1.35e-12,8.58e-9,Fungi,FBpp0086222,7227,Psi
KOG3366,26,0.8187,6.969,1.59e-12,1.02e-8,Fungi,FBpp0083141,7227,ATPsynD
KOG3366,26,0.8187,6.969,1.59e-12,1.02e-8,Fungi,FBpp0086272,7227,CG7813
KOG4188,26,0.7608,6.942,1.93e-12,1.23e-8,Fungi,FBpp0082458,7227,CG33332
KOG3902,26,0.7887,6.942,1.93e-12,1.23e-8,Fungi,FBpp0082011,7227,Spt3
COG5072,26,0.7614,6.935,2.04e-12,1.3e-8,Fungi,FBpp0112507,7227,Haspin
KOG3385,26,0.7924,6.931,2.1e-12,1.34e-8,Fungi,FBpp0074758,7227,Bet1
COG3332,26,0.7551,6.918,2.29e-12,1.46e-8,Fungi,FBpp0300867,7227,Tango2
KOG3458,26,0.8346,6.91,2.43e-12,1.55e-8,Fungi,FBpp0072233,7227,ND-19
KOG1418,26,0.7528,6.909,2.44e-12,1.55e-8,Fungi,FBpp0072545,7227,CG9194
KOG1418,26,0.7528,6.909,2.44e-12,1.55e-8,Fungi,FBpp0073261,7227,Ork1
KOG1418,26,0.7528,6.909,2.44e-12,1.55e-8,Fungi,FBpp0083069,7227,CG10864
KOG1418,26,0.7528,6.909,2.44e-12,1.55e-8,Fungi,FBpp0087579,7227,CG1688
KOG1418,26,0.7528,6.909,2.44e-12,1.55e-8,Fungi,FBpp0087858,7227,CG8713
KOG1418,26,0.7528,6.909,2.44e-12,1.55e-8,Fungi,FBpp0111557,7227,CG34396
KOG1418,26,0.7528,6.909,2.44e-12,1.55e-8,Fungi,FBpp0290964,7227,CG42594
KOG1418,26,0.7528,6.909,2.44e-12,1.55e-8,Fungi,FBpp0294058,7227,CG43155
KOG1418,26,0.7528,6.909,2.44e-12,1.55e-8,Fungi,FBpp0304660,7227,CG42340
KOG3263,26,0.7745,6.896,2.67e-12,1.7e-8,Fungi,FBpp0072143,7227,ytr
KOG3221,26,0.7997,6.883,2.93e-12,1.87e-8,Fungi,FBpp0073849,7227,CG6299
KOG3489,26,0.7399,6.872,3.16e-12,2.01e-8,Fungi,FBpp0073338,7227,Tim8
KOG4055,26,0.7909,6.872,3.16e-12,2.01e-8,Fungi,FBpp0293290,7227,CG8441
KOG0253,26,0.6966,6.871,3.18e-12,2.03e-8,Fungi,FBpp0072106,7227,CG4324
KOG3126,26,0.8372,6.87,3.22e-12,2.05e-8,Fungi,FBpp0079772,7227,porin
KOG3126,26,0.8372,6.87,3.22e-12,2.05e-8,Fungi,FBpp0079773,7227,Porin2
KOG3126,26,0.8372,6.87,3.22e-12,2.05e-8,Fungi,FBpp0100168,7227,CG17139
KOG3126,26,0.8372,6.87,3.22e-12,2.05e-8,Fungi,FBpp0100169,7227,CG17140
COG5520,26,0.6956,6.86,3.45e-12,2.2e-8,Fungi,FBpp0083833,7227,CG31148
COG5520,26,0.6956,6.86,3.45e-12,2.2e-8,Fungi,FBpp0112317,7227,CG31414
COG2175,26,0.7295,6.839,3.99e-12,2.54e-8,Fungi,FBpp0070170,7227,CG14630
COG2175,26,0.7295,6.839,3.99e-12,2.54e-8,Fungi,FBpp0083302,7227,CG4335
COG2175,26,0.7295,6.839,3.99e-12,2.54e-8,Fungi,FBpp0086837,7227,CG10814
COG2175,26,0.7295,6.839,3.99e-12,2.54e-8,Fungi,FBpp0288460,7227,CG5321
KOG1994,26,0.7533,6.818,4.6e-12,2.93e-8,Fungi,FBpp0081095,7227,CG10053
KOG3630,26,0.7501,6.808,4.95e-12,3.15e-8,Fungi,FBpp0071905,7227,Nup214
KOG0771,26,0.8012,6.795,5.4e-12,3.44e-8,Fungi,FBpp0078842,7227,CG9175
KOG2246,26,0.7188,6.774,6.26e-12,3.99e-8,Fungi,FBpp0077305,7227,CG2975
KOG2246,26,0.7188,6.774,6.26e-12,3.99e-8,Fungi,FBpp0077306,7227,CG2983
KOG2246,26,0.7188,6.774,6.26e-12,3.99e-8,Fungi,FBpp0077375,7227,CG3119
KOG2246,26,0.7188,6.774,6.26e-12,3.99e-8,Fungi,FBpp0078855,7227,CG9109
KOG2246,26,0.7188,6.774,6.26e-12,3.99e-8,Fungi,FBpp0079388,7227,C1GalTA
KOG2246,26,0.7188,6.774,6.26e-12,3.99e-8,Fungi,FBpp0100164,7227,CG34056
KOG2246,26,0.7188,6.774,6.26e-12,3.99e-8,Fungi,FBpp0100165,7227,CG34057
KOG2246,26,0.7188,6.774,6.26e-12,3.99e-8,Fungi,FBpp0111669,7227,CG34451
KOG2246,26,0.7188,6.774,6.26e-12,3.99e-8,Fungi,FBpp0271759,7227,CG18558
KOG2246,26,0.7188,6.774,6.26e-12,3.99e-8,Fungi,FBpp0288714,7227,tgy
KOG2246,26,0.7188,6.774,6.26e-12,3.99e-8,Fungi,FBpp0288792,7227,CG34452
KOG2246,26,0.7188,6.774,6.26e-12,3.99e-8,Fungi,FBpp0297910,7227,CG8708
KOG3028,26,0.7076,6.768,6.53e-12,4.16e-8,Fungi,FBpp0081591,7227,CG9393
KOG4504,26,0.7421,6.762,6.83e-12,4.35e-8,Fungi,FBpp0290161,7227,Lerp
KOG4431,26,0.7398,6.737,8.09e-12,5.15e-8,Fungi,FBpp0300416,7227,CG17734
KOG4431,26,0.7398,6.737,8.09e-12,5.15e-8,Fungi,FBpp0302903,7227,CG11825
KOG4431,26,0.7398,6.737,8.09e-12,5.15e-8,Fungi,FBpp0305495,7227,CG9921
KOG4149,26,0.7911,6.718,9.19e-12,5.85e-8,Fungi,FBpp0290849,7227,CG7950
KOG4109,26,0.7125,6.708,9.88e-12,6.29e-8,Fungi,FBpp0079701,7227,Dpy-30L1
KOG4109,26,0.7125,6.708,9.88e-12,6.29e-8,Fungi,FBpp0305197,7227,Dpy-30L2
KOG4756,26,0.7055,6.668,1.3e-11,8.26e-8,Fungi,FBpp0086531,7227,mRpL41
KOG4096,26,0.7239,6.643,1.53e-11,9.77e-8,Fungi,FBpp0075396,7227,CG6878
KOG4123,26,0.7019,6.641,1.56e-11,9.94e-8,Fungi,FBpp0072198,7227,CG3419
KOG0013,26,0.7145,6.629,1.69e-11,1.08e-7,Fungi,FBpp0305944,7227,CG1172
KOG4140,26,0.7021,6.626,1.72e-11,1.1e-7,Fungi,FBpp0077445,7227,Atxn7
KOG3300,26,0.7437,6.625,1.73e-11,1.1e-7,Fungi,FBpp0070885,7227,ND-B16.6
KOG4344,26,0.6988,6.617,1.83e-11,1.16e-7,Fungi,FBpp0073229,7227,CG32232
KOG4344,26,0.6988,6.617,1.83e-11,1.16e-7,Fungi,FBpp0073891,7227,Grip128
KOG4829,26,0.6786,6.588,2.23e-11,1.42e-7,Fungi,FBpp0072777,7227,CG15877
KOG1852,26,0.7692,6.565,2.61e-11,1.66e-7,Fungi,FBpp0297918,7227,Mob4
KOG1733,26,0.7066,6.468,4.96e-11,3.16e-7,Fungi,FBpp0075820,7227,Tim13
KOG1733,26,0.7066,6.468,4.96e-11,3.16e-7,Fungi,FBpp0110179,7227,CG34132
KOG1733,26,0.7066,6.468,4.96e-11,3.16e-7,Fungi,FBpp0288960,7227,CG42302
COG3476,26,0.6252,6.441,5.93e-11,3.78e-7,Fungi,FBpp0077726,7227,Tspo
KOG1406,26,0.711,6.383,8.67e-11,5.52e-7,Fungi,FBpp0080659,7227,ScpX
KOG1406,26,0.711,6.383,8.67e-11,5.52e-7,Fungi,FBpp0080666,7227,CG17597
KOG2710,26,0.6771,6.277,1.73e-10,1.1e-6,Fungi,FBpp0300897,7227,RhoGAP102A
KOG2629,26,0.5997,6.182,3.17e-10,2.02e-6,Fungi,FBpp0077909,7227,Pex14
KOG3469,26,0.6598,6.156,3.72e-10,2.37e-6,Fungi,FBpp0071970,7227,levy
KOG3469,26,0.6598,6.156,3.72e-10,2.37e-6,Fungi,FBpp0086341,7227,COX6AL
KOG3469,26,0.6598,6.156,3.72e-10,2.37e-6,Fungi,FBpp0289099,7227,CG14077
KOG4604,26,0.5988,6.106,5.11e-10,3.25e-6,Fungi,FBpp0072155,7227,CG13564
KOG4604,26,0.5988,6.106,5.11e-10,3.25e-6,Fungi,FBpp0073691,7227,CG12479
KOG4604,26,0.5988,6.106,5.11e-10,3.25e-6,Fungi,FBpp0291026,7227,CG41128
KOG0591,26,0.5997,6.072,6.31e-10,4.02e-6,Fungi,FBpp0071094,7227,Nek2
KOG4089,26,0.6008,5.945,1.38e-9,8.78e-6,Fungi,FBpp0303832,7227,mRpL23
KOG3364,26,0.6102,5.895,1.87e-9,1.19e-5,Fungi,FBpp0271716,7227,Fis1
COG5189,26,0.6069,5.765,4.07e-9,2.59e-5,Fungi,FBpp0070774,7227,CG15772
COG5189,26,0.6069,5.765,4.07e-9,2.59e-5,Fungi,FBpp0085120,7227,CG12054
KOG2953,26,0.5407,5.565,1.31e-8,8.35e-5,Fungi,FBpp0305410,7227,enc
NOG00784,26,0.5197,5.366,4.02e-8,2.56e-4,Fungi,FBpp0304490,7227,CG15824
KOG1603,26,0.5346,5.014,2.66e-7,0.0017,Fungi,FBpp0078080,7227,Atox1
KOG4325,26,0.4707,4.92,4.34e-7,0.00276,Fungi,FBpp0072142,7227,Pym
KOG4183,26,0.0781,0.984,0.163,1,Fungi,FBpp0083015,7227,CG18600
KOG2208,27,0.9444,8.11,2.54e-16,1.62e-12,Amoebozoa,FBpp0080361,7227,BicC
KOG2208,27,0.9444,8.11,2.54e-16,1.62e-12,Amoebozoa,FBpp0085859,7227,Dp1
KOG4042,27,0.8936,8.082,3.19e-16,2.03e-12,Amoebozoa,FBpp0080701,7227,l(2)37Ce
KOG4002,27,0.958,7.974,7.65e-16,4.87e-12,Amoebozoa,FBpp0078823,7227,Kr-h2
KOG1924,27,0.8959,7.891,1.5e-15,9.55e-12,Amoebozoa,FBpp0297103,7227,dia
KOG1924,27,0.8959,7.891,1.5e-15,9.55e-12,Amoebozoa,FBpp0306020,7227,Fhos
KOG1450,27,0.9231,7.876,1.69e-15,1.07e-11,Amoebozoa,FBpp0074287,7227,RhoGAP16F
KOG0426,27,0.9341,7.847,2.13e-15,1.36e-11,Amoebozoa,FBpp0074058,7227,Ubc7
KOG4654,27,0.8781,7.84,2.25e-15,1.43e-11,Amoebozoa,FBpp0081405,7227,CG8379
KOG3589,27,0.9031,7.827,2.5e-15,1.59e-11,Amoebozoa,FBpp0083666,7227,loco
KOG3589,27,0.9031,7.827,2.5e-15,1.59e-11,Amoebozoa,FBpp0084919,7227,Axn
KOG3589,27,0.9031,7.827,2.5e-15,1.59e-11,Amoebozoa,FBpp0290365,7227,Dhit
KOG3589,27,0.9031,7.827,2.5e-15,1.59e-11,Amoebozoa,FBpp0300193,7227,RSG7
KOG3589,27,0.9031,7.827,2.5e-15,1.59e-11,Amoebozoa,FBpp0302026,7227,CG42450
COG5075,27,0.8524,7.798,3.15e-15,2.01e-11,Amoebozoa,FBpp0078327,7227,CG2091
KOG3924,27,0.926,7.765,4.09e-15,2.61e-11,Amoebozoa,FBpp0292801,7227,gpp
KOG3417,27,0.9204,7.757,4.34e-15,2.77e-11,Amoebozoa,FBpp0080118,7227,Sos
KOG3417,27,0.9204,7.757,4.34e-15,2.77e-11,Amoebozoa,FBpp0086177,7227,CG5522
KOG3417,27,0.9204,7.757,4.34e-15,2.77e-11,Amoebozoa,FBpp0289753,7227,C3G
KOG3680,27,0.8966,7.754,4.44e-15,2.83e-11,Amoebozoa,FBpp0072946,7227,Strip
KOG3695,27,0.9261,7.752,4.53e-15,2.88e-11,Amoebozoa,FBpp0271738,7227,CG3558
KOG3691,27,0.9119,7.749,4.63e-15,2.95e-11,Amoebozoa,FBpp0078326,7227,Sec8
KOG1704,27,0.9386,7.742,4.9e-15,3.12e-11,Amoebozoa,FBpp0073665,7227,jub
KOG1704,27,0.9386,7.742,4.9e-15,3.12e-11,Amoebozoa,FBpp0081336,7227,stck
KOG1704,27,0.9386,7.742,4.9e-15,3.12e-11,Amoebozoa,FBpp0086110,7227,Tes
KOG1704,27,0.9386,7.742,4.9e-15,3.12e-11,Amoebozoa,FBpp0088115,7227,pk
KOG1704,27,0.9386,7.742,4.9e-15,3.12e-11,Amoebozoa,FBpp0088275,7227,Zyx
KOG1704,27,0.9386,7.742,4.9e-15,3.12e-11,Amoebozoa,FBpp0301012,7227,CG43427
KOG1704,27,0.9386,7.742,4.9e-15,3.12e-11,Amoebozoa,FBpp0302896,7227,esn
KOG0490,27,0.9095,7.736,5.12e-15,3.26e-11,Amoebozoa,FBpp0071216,7227,Lim1
KOG0490,27,0.9095,7.736,5.12e-15,3.26e-11,Amoebozoa,FBpp0071447,7227,Rx
KOG0490,27,0.9095,7.736,5.12e-15,3.26e-11,Amoebozoa,FBpp0071485,7227,hbn
KOG0490,27,0.9095,7.736,5.12e-15,3.26e-11,Amoebozoa,FBpp0071889,7227,CG9876
KOG0490,27,0.9095,7.736,5.12e-15,3.26e-11,Amoebozoa,FBpp0073014,7227,Awh
KOG0490,27,0.9095,7.736,5.12e-15,3.26e-11,Amoebozoa,FBpp0074234,7227,unc-4
KOG0490,27,0.9095,7.736,5.12e-15,3.26e-11,Amoebozoa,FBpp0074235,7227,OdsH
KOG0490,27,0.9095,7.736,5.12e-15,3.26e-11,Amoebozoa,FBpp0074370,7227,Bx
KOG0490,27,0.9095,7.736,5.12e-15,3.26e-11,Amoebozoa,FBpp0074547,7227,CG32532
KOG0490,27,0.9095,7.736,5.12e-15,3.26e-11,Amoebozoa,FBpp0075685,7227,CG32105
KOG0490,27,0.9095,7.736,5.12e-15,3.26e-11,Amoebozoa,FBpp0077713,7227,al
KOG0490,27,0.9095,7.736,5.12e-15,3.26e-11,Amoebozoa,FBpp0077730,7227,Pph13
KOG0490,27,0.9095,7.736,5.12e-15,3.26e-11,Amoebozoa,FBpp0079545,7227,CG5708
KOG0490,27,0.9095,7.736,5.12e-15,3.26e-11,Amoebozoa,FBpp0080661,7227,tup
KOG0490,27,0.9095,7.736,5.12e-15,3.26e-11,Amoebozoa,FBpp0082986,7227,repo
KOG0490,27,0.9095,7.736,5.12e-15,3.26e-11,Amoebozoa,FBpp0085394,7227,ap
KOG0490,27,0.9095,7.736,5.12e-15,3.26e-11,Amoebozoa,FBpp0111504,7227,CG34367
KOG0490,27,0.9095,7.736,5.12e-15,3.26e-11,Amoebozoa,FBpp0113060,7227,Gsc
KOG0490,27,0.9095,7.736,5.12e-15,3.26e-11,Amoebozoa,FBpp0288728,7227,otp
KOG0490,27,0.9095,7.736,5.12e-15,3.26e-11,Amoebozoa,FBpp0290293,7227,CG4328
KOG0490,27,0.9095,7.736,5.12e-15,3.26e-11,Amoebozoa,FBpp0291586,7227,CG34340
KOG0490,27,0.9095,7.736,5.12e-15,3.26e-11,Amoebozoa,FBpp0303873,7227,CG11294
KOG3565,27,0.9674,7.713,6.14e-15,3.91e-11,Amoebozoa,FBpp0112051,7227,Cip4
KOG3565,27,0.9674,7.713,6.14e-15,3.91e-11,Amoebozoa,FBpp0301205,7227,nwk
KOG3596,27,0.8919,7.712,6.21e-15,3.96e-11,Amoebozoa,FBpp0290470,7227,CG42556
KOG3596,27,0.8919,7.712,6.21e-15,3.96e-11,Amoebozoa,FBpp0293468,7227,tweek
KOG4406,27,0.9133,7.691,7.28e-15,4.64e-11,Amoebozoa,FBpp0075729,7227,RhoGAP68F
KOG1693,27,0.8734,7.684,7.7e-15,4.9e-11,Amoebozoa,FBpp0073441,7227,p24-1
KOG1693,27,0.8734,7.684,7.7e-15,4.9e-11,Amoebozoa,FBpp0073785,7227,opm
KOG1693,27,0.8734,7.684,7.7e-15,4.9e-11,Amoebozoa,FBpp0080608,7227,CG31787
KOG1693,27,0.8734,7.684,7.7e-15,4.9e-11,Amoebozoa,FBpp0290661,7227,loj
KOG4069,27,0.9146,7.68,7.98e-15,5.08e-11,Amoebozoa,FBpp0084384,7227,CG5447
KOG4592,27,0.8743,7.654,9.78e-15,6.23e-11,Amoebozoa,FBpp0082833,7227,Patr-1
KOG3671,27,0.9537,7.653,9.79e-15,6.24e-11,Amoebozoa,FBpp0084721,7227,WASp
KOG3671,27,0.9537,7.653,9.79e-15,6.24e-11,Amoebozoa,FBpp0110086,7227,Whamy
KOG3958,27,0.8871,7.649,1.02e-14,6.47e-11,Amoebozoa,FBpp0087722,7227,Dmn
KOG4031,27,0.9742,7.646,1.03e-14,6.58e-11,Amoebozoa,FBpp0290037,7227,Clc
KOG4653,27,0.9011,7.643,1.06e-14,6.77e-11,Amoebozoa,FBpp0080677,7227,Tango6
KOG3771,27,0.9394,7.637,1.11e-14,7.09e-11,Amoebozoa,FBpp0086941,7227,Amph
KOG1118,27,0.9658,7.636,1.12e-14,7.15e-11,Amoebozoa,FBpp0083112,7227,EndoA
KOG0429,27,0.8554,7.632,1.16e-14,7.36e-11,Amoebozoa,FBpp0085632,7227,CG16894
KOG0429,27,0.8554,7.632,1.16e-14,7.36e-11,Amoebozoa,FBpp0087538,7227,cbx
KOG3896,27,0.8889,7.616,1.31e-14,8.36e-11,Amoebozoa,FBpp0088018,7227,CG12042
KOG3780,27,0.8278,7.612,1.35e-14,8.61e-11,Amoebozoa,FBpp0081159,7227,CG1105
KOG3780,27,0.8278,7.612,1.35e-14,8.61e-11,Amoebozoa,FBpp0081241,7227,CG10086
KOG3780,27,0.8278,7.612,1.35e-14,8.61e-11,Amoebozoa,FBpp0081242,7227,CG2641
KOG3780,27,0.8278,7.612,1.35e-14,8.61e-11,Amoebozoa,FBpp0081269,7227,CG18268
KOG3780,27,0.8278,7.612,1.35e-14,8.61e-11,Amoebozoa,FBpp0081270,7227,CG3014
KOG3780,27,0.8278,7.612,1.35e-14,8.61e-11,Amoebozoa,FBpp0081272,7227,CG18746
KOG3780,27,0.8278,7.612,1.35e-14,8.61e-11,Amoebozoa,FBpp0081273,7227,CG18745
KOG3780,27,0.8278,7.612,1.35e-14,8.61e-11,Amoebozoa,FBpp0081801,7227,Leash
KOG3780,27,0.8278,7.612,1.35e-14,8.61e-11,Amoebozoa,FBpp0081808,7227,CG14696
KOG3780,27,0.8278,7.612,1.35e-14,8.61e-11,Amoebozoa,FBpp0112257,7227,CG18748
KOG3780,27,0.8278,7.612,1.35e-14,8.61e-11,Amoebozoa,FBpp0113008,7227,CG18744
KOG3780,27,0.8278,7.612,1.35e-14,8.61e-11,Amoebozoa,FBpp0271763,7227,CG18747
KOG3780,27,0.8278,7.612,1.35e-14,8.61e-11,Amoebozoa,FBpp0291104,7227,Vdup1
KOG3780,27,0.8278,7.612,1.35e-14,8.61e-11,Amoebozoa,FBpp0304081,7227,CG2993
KOG1853,27,0.8807,7.603,1.44e-14,9.19e-11,Amoebozoa,FBpp0112072,7227,nudE
KOG4191,27,0.8849,7.599,1.49e-14,9.52e-11,Amoebozoa,FBpp0074284,7227,dik
KOG2226,27,0.8607,7.597,1.51e-14,9.64e-11,Amoebozoa,FBpp0087072,7227,CG8841
KOG3655,27,0.9529,7.585,1.67e-14,1.06e-10,Amoebozoa,FBpp0074402,7227,CG6891
KOG3655,27,0.9529,7.585,1.67e-14,1.06e-10,Amoebozoa,FBpp0075561,7227,Abp1
KOG3655,27,0.9529,7.585,1.67e-14,1.06e-10,Amoebozoa,FBpp0291559,7227,CG6900
COG5199,27,0.8905,7.578,1.75e-14,1.11e-10,Amoebozoa,FBpp0073126,7227,Chd64
COG5199,27,0.8905,7.578,1.75e-14,1.11e-10,Amoebozoa,FBpp0083275,7227,CG5023
COG5199,27,0.8905,7.578,1.75e-14,1.11e-10,Amoebozoa,FBpp0086858,7227,Mp20
KOG4407,27,0.8503,7.569,1.88e-14,1.2e-10,Amoebozoa,FBpp0077012,7227,RhoGAP19D
KOG3763,27,0.8959,7.567,1.91e-14,1.22e-10,Amoebozoa,FBpp0073267,7227,sbr
KOG3763,27,0.8959,7.567,1.91e-14,1.22e-10,Amoebozoa,FBpp0075501,7227,ssp2
KOG3763,27,0.8959,7.567,1.91e-14,1.22e-10,Amoebozoa,FBpp0081101,7227,CG31496
KOG3763,27,0.8959,7.567,1.91e-14,1.22e-10,Amoebozoa,FBpp0081102,7227,nxf4
KOG3763,27,0.8959,7.567,1.91e-14,1.22e-10,Amoebozoa,FBpp0088483,7227,nxf2
KOG3763,27,0.8959,7.567,1.91e-14,1.22e-10,Amoebozoa,FBpp0305286,7227,Nxf3
KOG1008,27,0.8701,7.558,2.05e-14,1.3100000000000001e-10,Amoebozoa,FBpp0077507,7227,mio
KOG3629,27,0.894,7.553,2.13e-14,1.35e-10,Amoebozoa,FBpp0075535,7227,Rgl
KOG3629,27,0.894,7.553,2.13e-14,1.35e-10,Amoebozoa,FBpp0078879,7227,PDZ-GEF
KOG3629,27,0.894,7.553,2.13e-14,1.35e-10,Amoebozoa,FBpp0302889,7227,Epac
KOG3508,27,0.8796,7.536,2.42e-14,1.54e-10,Amoebozoa,FBpp0073945,7227,vap
KOG3508,27,0.8796,7.536,2.42e-14,1.54e-10,Amoebozoa,FBpp0291973,7227,CG42684
KOG3790,27,0.8619,7.533,2.47e-14,1.58e-10,Amoebozoa,FBpp0081593,7227,CG9386
KOG0642,27,0.9006,7.532,2.5e-14,1.59e-10,Amoebozoa,FBpp0297142,7227,Cka
KOG3715,27,0.891,7.529,2.56e-14,1.63e-10,Amoebozoa,FBpp0076545,7227,BHD
KOG1453,27,0.904,7.512,2.9e-14,1.85e-10,Amoebozoa,FBpp0070751,7227,RhoGAP5A
KOG1453,27,0.904,7.512,2.9e-14,1.85e-10,Amoebozoa,FBpp0086058,7227,RhoGAP54D
KOG0980,27,0.9336,7.512,2.92e-14,1.86e-10,Amoebozoa,FBpp0075680,7227,Hip1
KOG4225,27,0.9025,7.504,3.09e-14,1.97e-10,Amoebozoa,FBpp0297628,7227,CAP
KOG3830,27,0.9051,7.5,3.19e-14,2.03e-10,Amoebozoa,FBpp0075527,7227,Nprl3
KOG3839,27,0.9,7.497,3.27e-14,2.08e-10,Amoebozoa,FBpp0083961,7227,CG5510
KOG3875,27,0.8888,7.484,3.6e-14,2.29e-10,Amoebozoa,FBpp0086874,7227,Pex13
KOG3905,27,0.8906,7.479,3.74e-14,2.38e-10,Amoebozoa,FBpp0073297,7227,Dlic
KOG4064,27,0.8497,7.477,3.81e-14,2.42e-10,Amoebozoa,FBpp0298348,7227,CG5493
KOG3121,27,0.8549,7.474,3.89e-14,2.48e-10,Amoebozoa,FBpp0080255,7227,dyn-p25
KOG2689,27,0.8933,7.467,4.12e-14,2.6200000000000003e-10,Amoebozoa,FBpp0076470,7227,CG8209
COG5422,27,0.88,7.457,4.41e-14,2.81e-10,Amoebozoa,FBpp0073201,7227,RhoGEF64C
COG5422,27,0.88,7.457,4.41e-14,2.81e-10,Amoebozoa,FBpp0076595,7227,RhoGEF4
COG5422,27,0.88,7.457,4.41e-14,2.81e-10,Amoebozoa,FBpp0080820,7227,CG10188
COG5422,27,0.88,7.457,4.41e-14,2.81e-10,Amoebozoa,FBpp0086124,7227,RhoGEF2
COG5422,27,0.88,7.457,4.41e-14,2.81e-10,Amoebozoa,FBpp0291791,7227,Exn
COG5422,27,0.88,7.457,4.41e-14,2.81e-10,Amoebozoa,FBpp0291854,7227,CG42674
KOG3946,27,0.8988,7.452,4.6e-14,2.93e-10,Amoebozoa,FBpp0075912,7227,CG6168
KOG3946,27,0.8988,7.452,4.6e-14,2.93e-10,Amoebozoa,FBpp0076788,7227,QC
KOG3946,27,0.8988,7.452,4.6e-14,2.93e-10,Amoebozoa,FBpp0077857,7227,isoQC
KOG3946,27,0.8988,7.452,4.6e-14,2.93e-10,Amoebozoa,FBpp0293798,7227,CG32413
KOG0295,27,0.8771,7.424,5.7e-14,3.63e-10,Amoebozoa,FBpp0086375,7227,Lis-1
KOG1747,27,0.9197,7.41,6.34e-14,4.04e-10,Amoebozoa,FBpp0082352,7227,twf
KOG3519,27,0.9214,7.399,6.87e-14,4.38e-10,Amoebozoa,FBpp0111624,7227,sif
KOG3519,27,0.9214,7.399,6.87e-14,4.38e-10,Amoebozoa,FBpp0306084,7227,RhoGEF3
COG5244,27,0.8667,7.396,7.03e-14,4.48e-10,Amoebozoa,FBpp0074744,7227,CG9279
COG5244,27,0.8667,7.396,7.03e-14,4.48e-10,Amoebozoa,FBpp0075498,7227,Gl
COG5244,27,0.8667,7.396,7.03e-14,4.48e-10,Amoebozoa,FBpp0080529,7227,CLIP-190
KOG1089,27,0.8579,7.387,7.5e-14,4.78e-10,Amoebozoa,FBpp0071938,7227,CG3530
KOG1089,27,0.8579,7.387,7.5e-14,4.78e-10,Amoebozoa,FBpp0073763,7227,CG14411
KOG1089,27,0.8579,7.387,7.5e-14,4.78e-10,Amoebozoa,FBpp0076243,7227,CG5026
COG2009,27,0.8381,7.382,7.82e-14,4.98e-10,Amoebozoa,FBpp0081848,7227,SdhC
COG2009,27,0.8381,7.382,7.82e-14,4.98e-10,Amoebozoa,FBpp0081856,7227,CG6629
KOG3854,27,0.8004,7.381,7.87e-14,5.01e-10,Amoebozoa,FBpp0070353,7227,CG14814
KOG3854,27,0.8004,7.381,7.87e-14,5.01e-10,Amoebozoa,FBpp0070459,7227,CG2694
KOG3854,27,0.8004,7.381,7.87e-14,5.01e-10,Amoebozoa,FBpp0288681,7227,CG11322
KOG2563,27,0.8529,7.346,1.02e-13,6.48e-10,Amoebozoa,FBpp0292379,7227,CG1358
COG0327,27,0.8584,7.326,1.19e-13,7.55e-10,Amoebozoa,FBpp0080392,7227,CG4278
KOG3789,27,0.8799,7.304,1.4e-13,8.92e-10,Amoebozoa,FBpp0074122,7227,Nprl2
KOG4353,27,0.7927,7.287,1.58e-13,1.01e-9,Amoebozoa,FBpp0072150,7227,Nxt1
KOG4436,27,0.8509,7.285,1.61e-13,1.03e-9,Amoebozoa,FBpp0073392,7227,Evi5
KOG4436,27,0.8509,7.285,1.61e-13,1.03e-9,Amoebozoa,FBpp0291301,7227,plx
COG1985,27,0.8732,7.285,1.61e-13,1.03e-9,Amoebozoa,FBpp0085526,7227,coro
KOG3247,27,0.8504,7.283,1.64e-13,1.04e-9,Amoebozoa,FBpp0081123,7227,CG10055
KOG4464,27,0.8176,7.251,2.07e-13,1.32e-9,Amoebozoa,FBpp0071252,7227,ric8a
COG0035,27,0.8321,7.25,2.08e-13,1.32e-9,Amoebozoa,FBpp0076818,7227,CG5537
KOG0694,27,0.8372,7.238,2.28e-13,1.45e-9,Amoebozoa,FBpp0084728,7227,Pkc98E
KOG0694,27,0.8372,7.238,2.28e-13,1.45e-9,Amoebozoa,FBpp0111810,7227,Pkn
KOG0694,27,0.8372,7.238,2.28e-13,1.45e-9,Amoebozoa,FBpp0289212,7227,Pkcdelta
COG1864,27,0.8599,7.235,2.33e-13,1.48e-9,Amoebozoa,FBpp0077484,7227,Tengl1
COG1864,27,0.8599,7.235,2.33e-13,1.48e-9,Amoebozoa,FBpp0077485,7227,Tengl2
COG1864,27,0.8599,7.235,2.33e-13,1.48e-9,Amoebozoa,FBpp0077486,7227,Tengl3
COG1864,27,0.8599,7.235,2.33e-13,1.48e-9,Amoebozoa,FBpp0081802,7227,Tengl4
COG1864,27,0.8599,7.235,2.33e-13,1.48e-9,Amoebozoa,FBpp0087120,7227,EndoG
KOG3767,27,0.8562,7.22,2.59e-13,1.65e-9,Amoebozoa,FBpp0074792,7227,CG6812
KOG3767,27,0.8562,7.22,2.59e-13,1.65e-9,Amoebozoa,FBpp0078553,7227,CG11739
KOG0751,27,0.809,7.216,2.67e-13,1.7e-9,Amoebozoa,FBpp0297541,7227,aralar1
COG1804,27,0.7805,7.207,2.86e-13,1.82e-9,Amoebozoa,FBpp0080989,7227,CG9319
COG1804,27,0.7805,7.207,2.86e-13,1.82e-9,Amoebozoa,FBpp0083357,7227,CG10877
KOG2504,27,0.8352,7.207,2.87e-13,1.83e-9,Amoebozoa,FBpp0070377,7227,Mct1
KOG2504,27,0.8352,7.207,2.87e-13,1.83e-9,Amoebozoa,FBpp0072490,7227,CG13907
KOG2504,27,0.8352,7.207,2.87e-13,1.83e-9,Amoebozoa,FBpp0074451,7227,out
KOG2504,27,0.8352,7.207,2.87e-13,1.83e-9,Amoebozoa,FBpp0074452,7227,CG8051
KOG2504,27,0.8352,7.207,2.87e-13,1.83e-9,Amoebozoa,FBpp0074453,7227,CG8034
KOG2504,27,0.8352,7.207,2.87e-13,1.83e-9,Amoebozoa,FBpp0074460,7227,CG14196
KOG2504,27,0.8352,7.207,2.87e-13,1.83e-9,Amoebozoa,FBpp0085408,7227,CG11665
KOG2504,27,0.8352,7.207,2.87e-13,1.83e-9,Amoebozoa,FBpp0086346,7227,CG8389
KOG2504,27,0.8352,7.207,2.87e-13,1.83e-9,Amoebozoa,FBpp0086661,7227,CG8468
KOG2504,27,0.8352,7.207,2.87e-13,1.83e-9,Amoebozoa,FBpp0087139,7227,Sln
KOG2504,27,0.8352,7.207,2.87e-13,1.83e-9,Amoebozoa,FBpp0289988,7227,CG12866
KOG2504,27,0.8352,7.207,2.87e-13,1.83e-9,Amoebozoa,FBpp0291376,7227,CG3409
KOG2504,27,0.8352,7.207,2.87e-13,1.83e-9,Amoebozoa,FBpp0291719,7227,kar
KOG2504,27,0.8352,7.207,2.87e-13,1.83e-9,Amoebozoa,FBpp0302837,7227,CG10019
KOG2504,27,0.8352,7.207,2.87e-13,1.83e-9,Amoebozoa,FBpp0304667,7227,CG8028
NOG02195,27,0.79,7.204,2.92e-13,1.86e-9,Amoebozoa,FBpp0083438,7227,RhoGAP93B
COG1167,27,0.7418,7.199,3.03e-13,1.93e-9,Amoebozoa,FBpp0075971,7227,CG6321
KOG1029,27,0.8277,7.186,3.35e-13,2.13e-9,Amoebozoa,FBpp0297159,7227,Dap160
KOG1690,27,0.8881,7.185,3.36e-13,2.14e-9,Amoebozoa,FBpp0081576,7227,eca
KOG1690,27,0.8881,7.185,3.36e-13,2.14e-9,Amoebozoa,FBpp0292157,7227,p24-2
KOG3823,27,0.8249,7.181,3.45e-13,2.2e-9,Amoebozoa,FBpp0073635,7227,CG11178
KOG1199,27,0.8529,7.164,3.93e-13,2.5e-9,Amoebozoa,FBpp0074285,7227,scu
KOG3996,27,0.8585,7.151,4.29e-13,2.74e-9,Amoebozoa,FBpp0083583,7227,Cchl
KOG2883,27,0.7882,7.129,5.05e-13,3.22e-9,Amoebozoa,FBpp0074034,7227,Nipsnap
COG1785,27,0.7413,7.115,5.59e-13,3.56e-9,Amoebozoa,FBpp0071694,7227,CG3264
COG1785,27,0.7413,7.115,5.59e-13,3.56e-9,Amoebozoa,FBpp0071695,7227,CG3290
COG1785,27,0.7413,7.115,5.59e-13,3.56e-9,Amoebozoa,FBpp0071696,7227,CG3292
COG1785,27,0.7413,7.115,5.59e-13,3.56e-9,Amoebozoa,FBpp0073864,7227,CG8105
COG1785,27,0.7413,7.115,5.59e-13,3.56e-9,Amoebozoa,FBpp0076794,7227,CG5150
COG1785,27,0.7413,7.115,5.59e-13,3.56e-9,Amoebozoa,FBpp0076835,7227,CG10592
COG1785,27,0.7413,7.115,5.59e-13,3.56e-9,Amoebozoa,FBpp0081538,7227,CG8147
COG1785,27,0.7413,7.115,5.59e-13,3.56e-9,Amoebozoa,FBpp0083450,7227,CG10827
COG1785,27,0.7413,7.115,5.59e-13,3.56e-9,Amoebozoa,FBpp0085095,7227,Aph-4
COG1785,27,0.7413,7.115,5.59e-13,3.56e-9,Amoebozoa,FBpp0087603,7227,CG1809
COG1785,27,0.7413,7.115,5.59e-13,3.56e-9,Amoebozoa,FBpp0292064,7227,CG16771
COG1785,27,0.7413,7.115,5.59e-13,3.56e-9,Amoebozoa,FBpp0301587,7227,CG5361
COG1785,27,0.7413,7.115,5.59e-13,3.56e-9,Amoebozoa,FBpp0304205,7227,CG5656
COG2937,27,0.7843,7.082,7.09e-13,4.51e-9,Amoebozoa,FBpp0084271,7227,Dhap-at
COG2937,27,0.7843,7.082,7.09e-13,4.51e-9,Amoebozoa,FBpp0084618,7227,mino
KOG4157,27,0.7753,7.082,7.13e-13,4.54e-9,Amoebozoa,FBpp0072782,7227,oxt
KOG4157,27,0.7753,7.082,7.13e-13,4.54e-9,Amoebozoa,FBpp0073829,7227,CG9164
KOG4269,27,0.8098,7.079,7.24e-13,4.61e-9,Amoebozoa,FBpp0111832,7227,RhoGAP1A
KOG3975,27,0.7197,7.063,8.12e-13,5.17e-9,Amoebozoa,FBpp0072611,7227,CG9186
KOG0755,27,0.7046,7.007,1.22e-12,7.74e-9,Amoebozoa,FBpp0086650,7227,CG8323
KOG0755,27,0.7046,7.007,1.22e-12,7.74e-9,Amoebozoa,FBpp0086651,7227,CG18327
KOG0755,27,0.7046,7.007,1.22e-12,7.74e-9,Amoebozoa,FBpp0086652,7227,CG18324
KOG0615,27,0.7954,7.002,1.26e-12,8.03e-9,Amoebozoa,FBpp0080860,7227,lok
COG0274,27,0.7581,7.002,1.27e-12,8.06e-9,Amoebozoa,FBpp0087038,7227,CG8525
KOG1736,27,0.824,6.978,1.5e-12,9.53e-9,Amoebozoa,FBpp0080408,7227,CG5869
KOG3687,27,0.779,6.94,1.96e-12,1.25e-8,Amoebozoa,FBpp0074588,7227,gig
KOG2595,27,0.8112,6.88,3e-12,1.91e-8,Amoebozoa,FBpp0110549,7227,CG17883
KOG3194,27,0.7578,6.84,3.95e-12,2.52e-8,Amoebozoa,FBpp0077427,7227,Rad1
COG3663,27,0.7335,6.817,4.65e-12,2.96e-8,Amoebozoa,FBpp0305856,7227,Thd1
KOG4100,27,0.6778,6.795,5.42e-12,3.45e-8,Amoebozoa,FBpp0082759,7227,Sdhaf3
COG2057,27,0.7341,6.725,8.76e-12,5.58e-8,Amoebozoa,FBpp0072723,7227,SCOT
KOG3675,27,0.7045,6.711,9.66e-12,6.15e-8,Amoebozoa,FBpp0081331,7227,DppIII
COG2055,27,0.6415,6.634,1.63e-11,1.04e-7,Amoebozoa,FBpp0073217,7227,CG18808
COG2055,27,0.6415,6.634,1.63e-11,1.04e-7,Amoebozoa,FBpp0077954,7227,CG10512
COG2055,27,0.6415,6.634,1.63e-11,1.04e-7,Amoebozoa,FBpp0083282,7227,CG17199
COG2820,27,0.7695,6.614,1.88e-11,1.19e-7,Amoebozoa,FBpp0077355,7227,CG17224
COG2820,27,0.7695,6.614,1.88e-11,1.19e-7,Amoebozoa,FBpp0084457,7227,CG6330
COG2820,27,0.7695,6.614,1.88e-11,1.19e-7,Amoebozoa,FBpp0292517,7227,CG3788
KOG3694,27,0.7207,6.612,1.9e-11,1.21e-7,Amoebozoa,FBpp0074458,7227,rictor
KOG3947,27,0.6249,6.541,3.06e-11,1.95e-7,Amoebozoa,FBpp0076121,7227,CG16717
KOG1894,27,0.6223,6.452,5.54e-11,3.53e-7,Amoebozoa,FBpp0075718,7227,CG32104
COG3321,27,0.6667,6.399,7.81e-11,4.97e-7,Amoebozoa,FBpp0077342,7227,v(2)k05816
COG3321,27,0.6667,6.399,7.81e-11,4.97e-7,Amoebozoa,FBpp0288532,7227,CG3523
COG3321,27,0.6667,6.399,7.81e-11,4.97e-7,Amoebozoa,FBpp0297101,7227,CG17374
KOG4645,27,0.6437,6.389,8.34e-11,5.31e-7,Amoebozoa,FBpp0083099,7227,Mekk1
KOG3880,27,0.6501,6.306,1.43e-10,9.13e-7,Amoebozoa,FBpp0074933,7227,cln3
COG3408,27,0.6825,6.233,2.29e-10,1.46e-6,Amoebozoa,FBpp0071526,7227,CG9485
KOG0754,27,0.603,6.114,4.85e-10,3.09e-6,Amoebozoa,FBpp0070129,7227,CG5254
KOG0754,27,0.603,6.114,4.85e-10,3.09e-6,Amoebozoa,FBpp0079379,7227,CG9582
KOG4136,27,0.5449,5.758,4.25e-9,2.71e-5,Amoebozoa,FBpp0071947,7227,CG3500
KOG1826,27,0.6009,5.732,4.96e-9,3.16e-5,Amoebozoa,FBpp0084326,7227,Nf1
COG0350,27,0.4406,5.175,1.14e-7,7.26e-4,Amoebozoa,FBpp0081195,7227,agt
KOG4162,28,0.9326,8,6.22e-16,3.96e-12,Viridiplantae,FBpp0085344,7227,l(2)k14710
KOG2398,28,0.9515,7.997,6.35e-16,4.05e-12,Viridiplantae,FBpp0112119,7227,CG8176
KOG3745,28,0.9422,7.994,6.51e-16,4.15e-12,Viridiplantae,FBpp0083932,7227,Sec10
KOG4813,28,0.9588,7.885,1.57e-15,1e-11,Viridiplantae,FBpp0087475,7227,Adam
KOG4563,28,0.9004,7.876,1.69e-15,1.08e-11,Viridiplantae,FBpp0301016,7227,CG8223
KOG2993,28,0.9013,7.861,1.91e-15,1.22e-11,Viridiplantae,FBpp0072840,7227,Atg2
KOG2101,28,0.9347,7.855,2e-15,1.27e-11,Viridiplantae,FBpp0071048,7227,snz
KOG2101,28,0.9347,7.855,2e-15,1.27e-11,Viridiplantae,FBpp0077416,7227,CG3077
KOG2101,28,0.9347,7.855,2e-15,1.27e-11,Viridiplantae,FBpp0080016,7227,CG5439
KOG2101,28,0.9347,7.855,2e-15,1.27e-11,Viridiplantae,FBpp0083026,7227,CG7156
KOG2101,28,0.9347,7.855,2e-15,1.27e-11,Viridiplantae,FBpp0086045,7227,Snx16
KOG2101,28,0.9347,7.855,2e-15,1.27e-11,Viridiplantae,FBpp0087950,7227,CG8726
KOG2408,28,0.92490000000000006,7.847,2.13e-15,1.36e-11,Viridiplantae,FBpp0072828,7227,Pxn
KOG2408,28,0.92490000000000006,7.847,2.13e-15,1.36e-11,Viridiplantae,FBpp0080619,7227,CG10211
KOG2408,28,0.92490000000000006,7.847,2.13e-15,1.36e-11,Viridiplantae,FBpp0082814,7227,Irc
KOG2408,28,0.92490000000000006,7.847,2.13e-15,1.36e-11,Viridiplantae,FBpp0082883,7227,CG5873
KOG2408,28,0.92490000000000006,7.847,2.13e-15,1.36e-11,Viridiplantae,FBpp0082932,7227,Pxt
KOG2408,28,0.92490000000000006,7.847,2.13e-15,1.36e-11,Viridiplantae,FBpp0083696,7227,cd
KOG2408,28,0.92490000000000006,7.847,2.13e-15,1.36e-11,Viridiplantae,FBpp0088343,7227,Pxd
KOG2408,28,0.92490000000000006,7.847,2.13e-15,1.36e-11,Viridiplantae,FBpp0289120,7227,CG42331
KOG2408,28,0.92490000000000006,7.847,2.13e-15,1.36e-11,Viridiplantae,FBpp0293660,7227,CG4009
KOG2408,28,0.92490000000000006,7.847,2.13e-15,1.36e-11,Viridiplantae,FBpp0303681,7227,Lar
KOG2271,28,0.8997,7.843,2.19e-15,1.4e-11,Viridiplantae,FBpp0085954,7227,Nup75
KOG2973,28,0.9003,7.834,2.36e-15,1.5e-11,Viridiplantae,FBpp0084375,7227,CG6073
KOG1983,28,0.9168,7.825,2.54e-15,1.62e-11,Viridiplantae,FBpp0289604,7227,Tomosyn
KOG1983,28,0.9168,7.825,2.54e-15,1.62e-11,Viridiplantae,FBpp0297544,7227,l(2)gl
KOG1933,28,0.9305,7.816,2.74e-15,1.74e-11,Viridiplantae,FBpp0076932,7227,Npc1b
KOG1933,28,0.9305,7.816,2.74e-15,1.74e-11,Viridiplantae,FBpp0079547,7227,Npc1a
KOG1933,28,0.9305,7.816,2.74e-15,1.74e-11,Viridiplantae,FBpp0085363,7227,SCAP
KOG1877,28,0.9305,7.804,3e-15,1.91e-11,Viridiplantae,FBpp0100147,7227,stmA
KOG0798,28,0.8443,7.803,3.03e-15,1.93e-11,Viridiplantae,FBpp0085589,7227,CG11788
COG5090,28,0.9079,7.796,3.18e-15,2.03e-11,Viridiplantae,FBpp0081786,7227,TfIIFbeta
KOG2148,28,0.9373,7.77,3.91e-15,2.49e-11,Viridiplantae,FBpp0074993,7227,Sec3
KOG0915,28,0.851,7.762,4.19e-15,2.67e-11,Viridiplantae,FBpp0087116,7227,CG8858
KOG2218,28,0.8177,7.761,4.21e-15,2.68e-11,Viridiplantae,FBpp0076549,7227,Rint1
KOG1642,28,0.9146,7.76,4.26e-15,2.71e-11,Viridiplantae,FBpp0076469,7227,RNaseX25
KOG2215,28,0.9773,7.754,4.44e-15,2.83e-11,Viridiplantae,FBpp0084351,7227,Exo84
KOG3894,28,0.8713,7.737,5.08e-15,3.23e-11,Viridiplantae,FBpp0084050,7227,Syx18
KOG3145,28,0.8938,7.731,5.34e-15,3.4e-11,Viridiplantae,FBpp0083750,7227,CG17119
KOG1962,28,0.8992,7.721,5.76e-15,3.67e-11,Viridiplantae,FBpp0072480,7227,CG13887
KOG2622,28,0.8795,7.72,5.83e-15,3.71e-11,Viridiplantae,FBpp0073036,7227,Ccz1
KOG1788,28,0.8647,7.708,6.41e-15,4.08e-11,Viridiplantae,FBpp0078775,7227,bchs
KOG2217,28,0.9181,7.694,7.11e-15,4.53e-11,Viridiplantae,FBpp0088537,7227,CG6686
KOG2416,28,0.8525,7.694,7.15e-15,4.55e-11,Viridiplantae,FBpp0080688,7227,Acn
KOG2751,28,0.8989,7.688,7.48e-15,4.76e-11,Viridiplantae,FBpp0083975,7227,Atg6
KOG2406,28,0.8664,7.686,7.58e-15,4.83e-11,Viridiplantae,FBpp0072781,7227,ecd
KOG3380,28,0.9283,7.678,8.1e-15,5.16e-11,Viridiplantae,FBpp0077378,7227,Arpc5
KOG4351,28,0.8546,7.675,8.25e-15,5.25e-11,Viridiplantae,FBpp0074199,7227,CG5445
KOG4112,28,0.8283,7.658,9.42e-15,6e-11,Viridiplantae,FBpp0084801,7227,Spase12
KOG3391,28,0.8885,7.655,9.7e-15,6.18e-11,Viridiplantae,FBpp0082731,7227,Bin1
KOG2594,28,0.8389,7.646,1.03e-14,6.58e-11,Viridiplantae,FBpp0303745,7227,CG10189
KOG2925,28,0.8593,7.646,1.04e-14,6.62e-11,Viridiplantae,FBpp0077203,7227,CG31957
KOG2389,28,0.8633,7.641,1.08e-14,6.87e-11,Viridiplantae,FBpp0074288,7227,Taf8
KOG2389,28,0.8633,7.641,1.08e-14,6.87e-11,Viridiplantae,FBpp0078055,7227,sa
KOG2389,28,0.8633,7.641,1.08e-14,6.87e-11,Viridiplantae,FBpp0088179,7227,bip2
KOG2976,28,0.8989,7.641,1.08e-14,6.88e-11,Viridiplantae,FBpp0071023,7227,Atg5
KOG1972,28,0.8146,7.631,1.16e-14,7.4e-11,Viridiplantae,FBpp0073818,7227,CG5877
KOG4776,28,0.8001,7.621,1.26e-14,8.02e-11,Viridiplantae,FBpp0288749,7227,Yeti
KOG2347,28,0.9609,7.616,1.31e-14,8.35e-11,Viridiplantae,FBpp0077208,7227,Sec5
KOG2896,28,0.8592,7.611,1.36e-14,8.65e-11,Viridiplantae,FBpp0080039,7227,Uvrag
KOG2603,28,0.9034,7.609,1.39e-14,8.83e-11,Viridiplantae,FBpp0079233,7227,Ostgamma
KOG1632,28,0.8869,7.607,1.4e-14,8.95e-11,Viridiplantae,FBpp0071262,7227,Cfp1
KOG1632,28,0.8869,7.607,1.4e-14,8.95e-11,Viridiplantae,FBpp0071263,7227,CG17440
KOG1632,28,0.8869,7.607,1.4e-14,8.95e-11,Viridiplantae,FBpp0290255,7227,CG3347
KOG1632,28,0.8869,7.607,1.4e-14,8.95e-11,Viridiplantae,FBpp0304412,7227,E(bx)
KOG4672,28,0.8342,7.604,1.43e-14,9.13e-11,Viridiplantae,FBpp0070476,7227,CG2685
KOG1974,28,0.8988,7.603,1.45e-14,9.24e-11,Viridiplantae,FBpp0082180,7227,timeout
KOG1974,28,0.8988,7.603,1.45e-14,9.24e-11,Viridiplantae,FBpp0111417,7227,CG34308
KOG1974,28,0.8988,7.603,1.45e-14,9.24e-11,Viridiplantae,FBpp0305454,7227,tim
KOG1030,28,0.8526,7.585,1.66e-14,1.06e-10,Viridiplantae,FBpp0303040,7227,Mctp
KOG1772,28,0.7871,7.582,1.7e-14,1.08e-10,Viridiplantae,FBpp0083214,7227,Vha13
KOG2109,28,0.8658,7.579,1.75e-14,1.11e-10,Viridiplantae,FBpp0294057,7227,rudhira
COG1881,28,0.871,7.577,1.77e-14,1.13e-10,Viridiplantae,FBpp0073719,7227,mRpL38
COG1881,28,0.871,7.577,1.77e-14,1.13e-10,Viridiplantae,FBpp0077588,7227,a5
COG1881,28,0.871,7.577,1.77e-14,1.13e-10,Viridiplantae,FBpp0079979,7227,CG6180
COG1881,28,0.871,7.577,1.77e-14,1.13e-10,Viridiplantae,FBpp0081206,7227,CG17917
COG1881,28,0.871,7.577,1.77e-14,1.13e-10,Viridiplantae,FBpp0081207,7227,CG10298
COG1881,28,0.871,7.577,1.77e-14,1.13e-10,Viridiplantae,FBpp0081208,7227,CG17919
COG1881,28,0.871,7.577,1.77e-14,1.13e-10,Viridiplantae,FBpp0083647,7227,CG7054
COG1881,28,0.871,7.577,1.77e-14,1.13e-10,Viridiplantae,FBpp0083648,7227,Pebp1
KOG2354,28,0.9008,7.573,1.82e-14,1.16e-10,Viridiplantae,FBpp0077946,7227,Sin
KOG3386,28,0.9011,7.573,1.82e-14,1.16e-10,Viridiplantae,FBpp0081325,7227,Ctr1B
KOG3386,28,0.9011,7.573,1.82e-14,1.16e-10,Viridiplantae,FBpp0085111,7227,Ctr1C
KOG3386,28,0.9011,7.573,1.82e-14,1.16e-10,Viridiplantae,FBpp0300818,7227,Ctr1A
KOG4524,28,0.8507,7.564,1.95e-14,1.24e-10,Viridiplantae,FBpp0081644,7227,CG16908
KOG3566,28,0.8873,7.557,2.06e-14,1.3100000000000001e-10,Viridiplantae,FBpp0070795,7227,GAA1
KOG2091,28,0.8389,7.557,2.06e-14,1.3100000000000001e-10,Viridiplantae,FBpp0079207,7227,CG8460
COG2032,28,0.8921,7.557,2.07e-14,1.32e-10,Viridiplantae,FBpp0084313,7227,CG5948
COG2032,28,0.8921,7.557,2.07e-14,1.32e-10,Viridiplantae,FBpp0110197,7227,Sod3
COG2032,28,0.8921,7.557,2.07e-14,1.32e-10,Viridiplantae,FBpp0305736,7227,Sod
KOG1996,28,0.8741,7.556,2.08e-14,1.33e-10,Viridiplantae,FBpp0110561,7227,Spf45
KOG2043,28,0.9008,7.555,2.1e-14,1.33e-10,Viridiplantae,FBpp0072735,7227,mu2
KOG2043,28,0.9008,7.555,2.1e-14,1.33e-10,Viridiplantae,FBpp0075526,7227,ptip
KOG4501,28,0.8209,7.552,2.14e-14,1.37e-10,Viridiplantae,FBpp0070475,7227,CG2701
KOG1591,28,0.8658,7.546,2.25e-14,1.43e-10,Viridiplantae,FBpp0074877,7227,CG4174
KOG1591,28,0.8658,7.546,2.25e-14,1.43e-10,Viridiplantae,FBpp0085012,7227,CG1473
KOG1591,28,0.8658,7.546,2.25e-14,1.43e-10,Viridiplantae,FBpp0085015,7227,SG2
KOG1591,28,0.8658,7.546,2.25e-14,1.43e-10,Viridiplantae,FBpp0085019,7227,CG9698
KOG1591,28,0.8658,7.546,2.25e-14,1.43e-10,Viridiplantae,FBpp0085029,7227,CG31017
KOG1591,28,0.8658,7.546,2.25e-14,1.43e-10,Viridiplantae,FBpp0085032,7227,PH4alphaPV
KOG1591,28,0.8658,7.546,2.25e-14,1.43e-10,Viridiplantae,FBpp0085033,7227,CG31013
KOG1591,28,0.8658,7.546,2.25e-14,1.43e-10,Viridiplantae,FBpp0085046,7227,CG31524
KOG1591,28,0.8658,7.546,2.25e-14,1.43e-10,Viridiplantae,FBpp0085047,7227,CG9720
KOG1591,28,0.8658,7.546,2.25e-14,1.43e-10,Viridiplantae,FBpp0085048,7227,SG1
KOG1591,28,0.8658,7.546,2.25e-14,1.43e-10,Viridiplantae,FBpp0085050,7227,CG9728
KOG1591,28,0.8658,7.546,2.25e-14,1.43e-10,Viridiplantae,FBpp0085051,7227,PH4alphaMP
KOG1591,28,0.8658,7.546,2.25e-14,1.43e-10,Viridiplantae,FBpp0099996,7227,CG18749
KOG1591,28,0.8658,7.546,2.25e-14,1.43e-10,Viridiplantae,FBpp0110158,7227,CG15539
KOG1591,28,0.8658,7.546,2.25e-14,1.43e-10,Viridiplantae,FBpp0111465,7227,CG34345
KOG1591,28,0.8658,7.546,2.25e-14,1.43e-10,Viridiplantae,FBpp0289326,7227,CG18234
KOG1591,28,0.8658,7.546,2.25e-14,1.43e-10,Viridiplantae,FBpp0289328,7227,CG32201
KOG1591,28,0.8658,7.546,2.25e-14,1.43e-10,Viridiplantae,FBpp0289329,7227,CG18231
KOG1591,28,0.8658,7.546,2.25e-14,1.43e-10,Viridiplantae,FBpp0289601,7227,CG15864
KOG1591,28,0.8658,7.546,2.25e-14,1.43e-10,Viridiplantae,FBpp0290184,7227,CG31016
KOG1591,28,0.8658,7.546,2.25e-14,1.43e-10,Viridiplantae,FBpp0290205,7227,CG31021
KOG1591,28,0.8658,7.546,2.25e-14,1.43e-10,Viridiplantae,FBpp0291684,7227,CG31371
KOG1591,28,0.8658,7.546,2.25e-14,1.43e-10,Viridiplantae,FBpp0293245,7227,CG18233
KOG1591,28,0.8658,7.546,2.25e-14,1.43e-10,Viridiplantae,FBpp0300825,7227,CG11828
KOG1591,28,0.8658,7.546,2.25e-14,1.43e-10,Viridiplantae,FBpp0303836,7227,CG32199
KOG1591,28,0.8658,7.546,2.25e-14,1.43e-10,Viridiplantae,FBpp0304708,7227,CG34041
KOG0522,28,0.8715,7.545,2.26e-14,1.44e-10,Viridiplantae,FBpp0085773,7227,CG15118
KOG0522,28,0.8715,7.545,2.26e-14,1.44e-10,Viridiplantae,FBpp0303034,7227,CG5742
KOG1875,28,0.8899,7.543,2.29e-14,1.46e-10,Viridiplantae,FBpp0072453,7227,MED14
KOG2846,28,0.8135,7.543,2.29e-14,1.46e-10,Viridiplantae,FBpp0087809,7227,CG8735
KOG2652,28,0.8818,7.543,2.3e-14,1.46e-10,Viridiplantae,FBpp0084525,7227,TfIIA-L
COG1186,28,0.832,7.54,2.36e-14,1.5e-10,Viridiplantae,FBpp0079680,7227,CG6094
KOG1822,28,0.9216,7.539,2.36e-14,1.5e-10,Viridiplantae,FBpp0081308,7227,CG2747
KOG3412,28,0.8599,7.526,2.61e-14,1.67e-10,Viridiplantae,FBpp0072957,7227,RpL28
COG0530,28,0.902,7.52,2.74e-14,1.75e-10,Viridiplantae,FBpp0087214,7227,CG13223
COG0530,28,0.902,7.52,2.74e-14,1.75e-10,Viridiplantae,FBpp0087785,7227,CG12376
COG0530,28,0.902,7.52,2.74e-14,1.75e-10,Viridiplantae,FBpp0290031,7227,CG17167
COG0530,28,0.902,7.52,2.74e-14,1.75e-10,Viridiplantae,FBpp0290356,7227,zyd
COG0530,28,0.902,7.52,2.74e-14,1.75e-10,Viridiplantae,FBpp0291612,7227,CG34162
COG0530,28,0.902,7.52,2.74e-14,1.75e-10,Viridiplantae,FBpp0292911,7227,Nckx30C
COG0530,28,0.902,7.52,2.74e-14,1.75e-10,Viridiplantae,FBpp0293861,7227,CG5348
COG0530,28,0.902,7.52,2.74e-14,1.75e-10,Viridiplantae,FBpp0297866,7227,CG14743
COG0530,28,0.902,7.52,2.74e-14,1.75e-10,Viridiplantae,FBpp0297867,7227,CG14744
COG0530,28,0.902,7.52,2.74e-14,1.75e-10,Viridiplantae,FBpp0304720,7227,CG1090
COG0530,28,0.902,7.52,2.74e-14,1.75e-10,Viridiplantae,FBpp0304871,7227,CG12061
KOG2899,28,0.8512,7.502,3.14e-14,2e-10,Viridiplantae,FBpp0073194,7227,CG11342
KOG2899,28,0.8512,7.502,3.14e-14,2e-10,Viridiplantae,FBpp0078369,7227,CG1239
KOG2899,28,0.8512,7.502,3.14e-14,2e-10,Viridiplantae,FBpp0085336,7227,bin3
KOG3410,28,0.851,7.493,3.38e-14,2.15e-10,Viridiplantae,FBpp0303852,7227,CG15432
KOG2538,28,0.8831,7.483,3.62e-14,2.31e-10,Viridiplantae,FBpp0086881,7227,lat
KOG2729,28,0.8876,7.478,3.76e-14,2.4e-10,Viridiplantae,FBpp0077350,7227,cnir
KOG2729,28,0.8876,7.478,3.76e-14,2.4e-10,Viridiplantae,FBpp0080405,7227,cni
KOG2341,28,0.8561,7.478,3.77e-14,2.4e-10,Viridiplantae,FBpp0113081,7227,Taf4
KOG2341,28,0.8561,7.478,3.77e-14,2.4e-10,Viridiplantae,FBpp0289298,7227,nht
KOG2897,28,0.8195,7.475,3.85e-14,2.45e-10,Viridiplantae,FBpp0079735,7227,YL-1
KOG0570,28,0.9048,7.473,3.91e-14,2.49e-10,Viridiplantae,FBpp0081787,7227,MED7
KOG0570,28,0.9048,7.473,3.91e-14,2.49e-10,Viridiplantae,FBpp0081788,7227,CG31272
KOG2366,28,0.8506,7.469,4.03e-14,2.57e-10,Viridiplantae,FBpp0079549,7227,CG5731
KOG2366,28,0.8506,7.469,4.03e-14,2.57e-10,Viridiplantae,FBpp0086315,7227,CG7997
KOG2163,28,0.8465,7.467,4.1e-14,2.61e-10,Viridiplantae,FBpp0070425,7227,Zw10
KOG3393,28,0.8579,7.467,4.11e-14,2.6200000000000003e-10,Viridiplantae,FBpp0290000,7227,CG15012
KOG2819,28,0.836,7.464,4.19e-14,2.67e-10,Viridiplantae,FBpp0076331,7227,CG7083
KOG3444,28,0.7674,7.463,4.24e-14,2.7e-10,Viridiplantae,FBpp0087278,7227,CG9067
KOG3468,28,0.7988,7.453,4.55e-14,2.9e-10,Viridiplantae,FBpp0073777,7227,ND-B18
KOG2543,28,0.8197,7.445,4.86e-14,3.1e-10,Viridiplantae,FBpp0080120,7227,Orc5
COG5195,28,0.7624,7.444,4.89e-14,3.12e-10,Viridiplantae,FBpp0071173,7227,CG12659
KOG2911,28,0.8207,7.442,4.95e-14,3.15e-10,Viridiplantae,FBpp0077896,7227,CG5498
KOG3949,28,0.8649,7.441,4.98e-14,3.17e-10,Viridiplantae,FBpp0078729,7227,CG6907
KOG2117,28,0.7927,7.438,5.13e-14,3.27e-10,Viridiplantae,FBpp0073597,7227,CG15747
KOG2893,28,0.8404,7.434,5.26e-14,3.35e-10,Viridiplantae,FBpp0302976,7227,CG17912
KOG2393,28,0.9018,7.434,5.27e-14,3.36e-10,Viridiplantae,FBpp0081216,7227,TfIIFalpha
KOG2816,28,0.8603,7.428,5.53e-14,3.52e-10,Viridiplantae,FBpp0073756,7227,CG15890
KOG2816,28,0.8603,7.428,5.53e-14,3.52e-10,Viridiplantae,FBpp0077864,7227,CG18281
KOG2816,28,0.8603,7.428,5.53e-14,3.52e-10,Viridiplantae,FBpp0077865,7227,CG17637
KOG2816,28,0.8603,7.428,5.53e-14,3.52e-10,Viridiplantae,FBpp0077866,7227,CG5078
KOG2816,28,0.8603,7.428,5.53e-14,3.52e-10,Viridiplantae,FBpp0082385,7227,CG31321
KOG2816,28,0.8603,7.428,5.53e-14,3.52e-10,Viridiplantae,FBpp0087664,7227,CG30344
KOG2816,28,0.8603,7.428,5.53e-14,3.52e-10,Viridiplantae,FBpp0087701,7227,CG8046
KOG2816,28,0.8603,7.428,5.53e-14,3.52e-10,Viridiplantae,FBpp0112045,7227,CG11537
KOG2816,28,0.8603,7.428,5.53e-14,3.52e-10,Viridiplantae,FBpp0113090,7227,CG8008
KOG2816,28,0.8603,7.428,5.53e-14,3.52e-10,Viridiplantae,FBpp0288640,7227,CG15553
KOG2816,28,0.8603,7.428,5.53e-14,3.52e-10,Viridiplantae,FBpp0289879,7227,CG42514
KOG2816,28,0.8603,7.428,5.53e-14,3.52e-10,Viridiplantae,FBpp0293860,7227,CG30345
KOG2407,28,0.9042,7.42,5.88e-14,3.74e-10,Viridiplantae,FBpp0071123,7227,CG11190
KOG2136,28,0.8,7.411,6.26e-14,3.99e-10,Viridiplantae,FBpp0081148,7227,CG1965
KOG4640,28,0.8691,7.396,6.99e-14,4.45e-10,Viridiplantae,FBpp0071222,7227,APC4
KOG2033,28,0.8253,7.394,7.11e-14,4.53e-10,Viridiplantae,FBpp0082093,7227,CG4848
KOG0819,28,0.8572,7.386,7.58e-14,4.83e-10,Viridiplantae,FBpp0088506,7227,AnxB9
KOG0819,28,0.8572,7.386,7.58e-14,4.83e-10,Viridiplantae,FBpp0089015,7227,CG33496
KOG0819,28,0.8572,7.386,7.58e-14,4.83e-10,Viridiplantae,FBpp0089017,7227,CG33498
KOG0819,28,0.8572,7.386,7.58e-14,4.83e-10,Viridiplantae,FBpp0089018,7227,CG33487
KOG0819,28,0.8572,7.386,7.58e-14,4.83e-10,Viridiplantae,FBpp0089019,7227,CG33491
KOG0819,28,0.8572,7.386,7.58e-14,4.83e-10,Viridiplantae,FBpp0291143,7227,AnxB10
KOG0819,28,0.8572,7.386,7.58e-14,4.83e-10,Viridiplantae,FBpp0306158,7227,AnxB11
KOG3407,28,0.8443,7.384,7.67e-14,4.89e-10,Viridiplantae,FBpp0084929,7227,CG15525
KOG4469,28,0.8317,7.382,7.82e-14,4.98e-10,Viridiplantae,FBpp0078422,7227,CG1116
KOG2810,28,0.8357,7.377,8.07e-14,5.14e-10,Viridiplantae,FBpp0074847,7227,Rad9
COG2608,28,0.7674,7.374,8.26e-14,5.26e-10,Viridiplantae,FBpp0290166,7227,Ccs
KOG2081,28,0.9111,7.371,8.48e-14,5.4e-10,Viridiplantae,FBpp0077399,7227,Trn-SR
KOG2081,28,0.9111,7.371,8.48e-14,5.4e-10,Viridiplantae,FBpp0086142,7227,CG10950
KOG4186,28,0.8658,7.367,8.71e-14,5.55e-10,Viridiplantae,FBpp0086405,7227,Pex11
KOG4186,28,0.8658,7.367,8.71e-14,5.55e-10,Viridiplantae,FBpp0087355,7227,CG33474
KOG4186,28,0.8658,7.367,8.71e-14,5.55e-10,Viridiplantae,FBpp0300234,7227,CG13827
COG5174,28,0.8611,7.366,8.79e-14,5.6e-10,Viridiplantae,FBpp0073090,7227,TfIIEbeta
KOG2306,28,0.8353,7.357,9.37e-14,5.97e-10,Viridiplantae,FBpp0297171,7227,CG9005
KOG2037,28,0.8434,7.357,9.43e-14,6e-10,Viridiplantae,FBpp0084036,7227,atl
KOG2447,28,0.8525,7.35,9.92e-14,6.32e-10,Viridiplantae,FBpp0088527,7227,OstDelta
KOG3335,28,0.8258,7.349,9.95e-14,6.34e-10,Viridiplantae,FBpp0083908,7227,CG13601
KOG3335,28,0.8258,7.349,9.95e-14,6.34e-10,Viridiplantae,FBpp0110090,7227,CG13602
KOG3046,28,0.8597,7.349,1e-13,6.38e-10,Viridiplantae,FBpp0305737,7227,MED10
KOG3034,28,0.8247,7.344,1.03e-13,6.58e-10,Viridiplantae,FBpp0082298,7227,CG9286
KOG1382,28,0.8058,7.339,1.08e-13,6.86e-10,Viridiplantae,FBpp0070849,7227,Mipp2
KOG1382,28,0.8058,7.339,1.08e-13,6.86e-10,Viridiplantae,FBpp0075156,7227,Mipp1
KOG3457,28,0.8377,7.331,1.14e-13,7.26e-10,Viridiplantae,FBpp0086627,7227,Sec61beta
KOG2637,28,0.8465,7.328,1.17e-13,7.45e-10,Viridiplantae,FBpp0087340,7227,CG7686
KOG4299,28,0.8831,7.325,1.19e-13,7.59e-10,Viridiplantae,FBpp0070864,7227,CG3815
COG5062,28,0.8351,7.32,1.24e-13,7.88e-10,Viridiplantae,FBpp0077448,7227,CG9870
COG5062,28,0.8351,7.32,1.24e-13,7.88e-10,Viridiplantae,FBpp0306201,7227,CG18173
KOG3098,28,0.8404,7.317,1.26e-13,8.05e-10,Viridiplantae,FBpp0082101,7227,CG18549
KOG2435,28,0.8721,7.313,1.31e-13,8.31e-10,Viridiplantae,FBpp0084839,7227,CIA30
KOG2830,28,0.8864,7.311,1.32e-13,8.42e-10,Viridiplantae,FBpp0080045,7227,Tap42
KOG2428,28,0.8237,7.308,1.35e-13,8.62e-10,Viridiplantae,FBpp0078353,7227,Atu
KOG2428,28,0.8237,7.308,1.35e-13,8.62e-10,Viridiplantae,FBpp0083273,7227,CG10887
KOG4182,28,0.7618,7.306,1.38e-13,8.77e-10,Viridiplantae,FBpp0084875,7227,Cog7
KOG2174,28,0.7793,7.301,1.43e-13,9.09e-10,Viridiplantae,FBpp0304283,7227,CG30423
KOG3112,28,0.7565,7.3,1.43e-13,9.14e-10,Viridiplantae,FBpp0083036,7227,CG12321
KOG3363,28,0.8373,7.298,1.46e-13,9.33e-10,Viridiplantae,FBpp0072037,7227,CG5569
COG5414,28,0.8247,7.297,1.48e-13,9.4e-10,Viridiplantae,FBpp0081253,7227,Taf7
KOG2377,28,0.8724,7.293,1.52e-13,9.66e-10,Viridiplantae,FBpp0292155,7227,CG8270
KOG4521,28,0.8143,7.293,1.52e-13,9.68e-10,Viridiplantae,FBpp0079788,7227,Nup160
KOG2507,28,0.8593,7.292,1.53e-13,9.75e-10,Viridiplantae,FBpp0076481,7227,CG8042
KOG3362,28,0.7808,7.284,1.62e-13,1.03e-9,Viridiplantae,FBpp0078673,7227,CG31917
KOG2885,28,0.804,7.28,1.67e-13,1.06e-9,Viridiplantae,FBpp0083263,7227,Surf6
KOG4200,28,0.8158,7.28,1.67e-13,1.06e-9,Viridiplantae,FBpp0070426,7227,Seipin
KOG1150,28,0.891,7.279,1.68e-13,1.07e-9,Viridiplantae,FBpp0083849,7227,CG10375
KOG1931,28,0.8303,7.279,1.69e-13,1.07e-9,Viridiplantae,FBpp0082592,7227,SIDL
KOG4705,28,0.7665,7.264,1.87e-13,1.19e-9,Viridiplantae,FBpp0073640,7227,CG11164
KOG2022,28,0.812,7.264,1.88e-13,1.2e-9,Viridiplantae,FBpp0083039,7227,cdm
KOG2657,28,0.8538,7.258,1.96e-13,1.25e-9,Viridiplantae,FBpp0291079,7227,nct
KOG1850,28,0.7279,7.256,2e-13,1.27e-9,Viridiplantae,FBpp0084281,7227,CG5886
KOG2959,28,0.7846,7.254,2.02e-13,1.28e-9,Viridiplantae,FBpp0087681,7227,CG2063
KOG4582,28,0.8295,7.252,2.06e-13,1.31e-9,Viridiplantae,FBpp0075275,7227,mib1
KOG4582,28,0.8295,7.252,2.06e-13,1.31e-9,Viridiplantae,FBpp0080686,7227,mib2
KOG4582,28,0.8295,7.252,2.06e-13,1.31e-9,Viridiplantae,FBpp0080794,7227,ref(2)P
KOG2530,28,0.8029,7.238,2.27e-13,1.45e-9,Viridiplantae,FBpp0076907,7227,mst
KOG1833,28,0.8266,7.233,2.35e-13,1.5e-9,Viridiplantae,FBpp0085380,7227,Gp210
KOG2459,28,0.7986,7.233,2.35e-13,1.5e-9,Viridiplantae,FBpp0088455,7227,CG31120
KOG3966,28,0.826,7.232,2.38e-13,1.52e-9,Viridiplantae,FBpp0077103,7227,tank
COG3669,28,0.8262,7.23,2.42e-13,1.54e-9,Viridiplantae,FBpp0100046,7227,Fuca
KOG3269,28,0.8476,7.218,2.64e-13,1.68e-9,Viridiplantae,FBpp0086344,7227,CG8320
KOG2955,28,0.8349,7.211,2.79e-13,1.77e-9,Viridiplantae,FBpp0303011,7227,CG34126
COG1949,28,0.8048,7.209,2.81e-13,1.79e-9,Viridiplantae,FBpp0083854,7227,CG10214
KOG4170,28,0.8201,7.204,2.92e-13,1.86e-9,Viridiplantae,FBpp0073650,7227,CG11151
KOG4170,28,0.8201,7.204,2.92e-13,1.86e-9,Viridiplantae,FBpp0080659,7227,ScpX
KOG4170,28,0.8201,7.204,2.92e-13,1.86e-9,Viridiplantae,FBpp0084585,7227,CG5590
KOG4170,28,0.8201,7.204,2.92e-13,1.86e-9,Viridiplantae,FBpp0293234,7227,CG12269
KOG3970,28,0.8481,7.199,3.03e-13,1.93e-9,Viridiplantae,FBpp0083630,7227,CG5382
KOG2135,28,0.7415,7.194,3.1400000000000003e-13,2e-9,Viridiplantae,FBpp0303743,7227,swm
KOG1825,28,0.7995,7.186,3.35e-13,2.13e-9,Viridiplantae,FBpp0297352,7227,fry
KOG4386,28,0.8337,7.174,3.63e-13,2.31e-9,Viridiplantae,FBpp0072906,7227,gry
KOG3456,28,0.7635,7.165,3.9e-13,2.48e-9,Viridiplantae,FBpp0078662,7227,ND-13A
KOG2233,28,0.7595,7.152,4.28e-13,2.73e-9,Viridiplantae,FBpp0304313,7227,CG13397
COG5220,28,0.8642,7.144,4.54e-13,2.89e-9,Viridiplantae,FBpp0087350,7227,Mat1
KOG3426,28,0.8148,7.144,4.55e-13,2.9e-9,Viridiplantae,FBpp0304269,7227,ND-B14
KOG3375,28,0.784,7.135,4.84e-13,3.08e-9,Viridiplantae,FBpp0070666,7227,CG11444
KOG3375,28,0.784,7.135,4.84e-13,3.08e-9,Viridiplantae,FBpp0292903,7227,CG4438
KOG1573,28,0.7146,7.125,5.21e-13,3.32e-9,Viridiplantae,FBpp0288569,7227,CG6910
KOG4780,28,0.7433,7.115,5.58e-13,3.56e-9,Viridiplantae,FBpp0111291,7227,CG34183
KOG3132,28,0.7932,7.095,6.45e-13,4.11e-9,Viridiplantae,FBpp0288961,7227,Snup
KOG0621,28,0.7787,7.094,6.51e-13,4.15e-9,Viridiplantae,FBpp0072875,7227,scramb2
KOG0621,28,0.7787,7.094,6.51e-13,4.15e-9,Viridiplantae,FBpp0076030,7227,scramb1
KOG0621,28,0.7787,7.094,6.51e-13,4.15e-9,Viridiplantae,FBpp0303485,7227,CG9084
KOG2079,28,0.8244,7.081,7.15e-13,4.56e-9,Viridiplantae,FBpp0076695,7227,CG10144
KOG1862,28,0.7741,7.077,7.35e-13,4.68e-9,Viridiplantae,FBpp0290107,7227,CG11148
KOG2295,28,0.8171,7.077,7.38e-13,4.7e-9,Viridiplantae,FBpp0085354,7227,Ars2
COG1369,28,0.7089,7.055,8.65e-13,5.51e-9,Viridiplantae,FBpp0075046,7227,CG14057
KOG2950,28,0.8521,7.054,8.66e-13,5.52e-9,Viridiplantae,FBpp0079616,7227,holn1
KOG0681,28,0.8012,7.054,8.71e-13,5.55e-9,Viridiplantae,FBpp0082979,7227,Arp5
KOG2612,28,0.748,7.053,8.75e-13,5.57e-9,Viridiplantae,FBpp0112092,7227,Sgf11
KOG3102,28,0.7154,7.051,8.9e-13,5.67e-9,Viridiplantae,FBpp0081590,7227,CG16790
KOG3439,28,0.7995,7.046,9.22e-13,5.87e-9,Viridiplantae,FBpp0289288,7227,Atg12
KOG3144,28,0.7543,7.044,9.33e-13,5.94e-9,Viridiplantae,FBpp0074714,7227,CG9376
KOG2552,28,0.8387,7.043,9.42e-13,6e-9,Viridiplantae,FBpp0079294,7227,PIG-U
KOG4032,28,0.7527,7.041,9.54e-13,6.08e-9,Viridiplantae,FBpp0084341,7227,CG14543
KOG3186,28,0.7382,7.038,9.72e-13,6.19e-9,Viridiplantae,FBpp0078348,7227,rev7
NOG257676,28,0.7704,7.026,1.07e-12,6.79e-9,Viridiplantae,FBpp0304371,7227,CG13293
KOG2821,28,0.8235,7.022,1.09e-12,6.94e-9,Viridiplantae,FBpp0083766,7227,EloA
KOG1640,28,0.7724,7.016,1.14e-12,7.25e-9,Viridiplantae,FBpp0079218,7227,CG7840
KOG2253,28,0.8233,7,1.28e-12,8.14e-9,Viridiplantae,FBpp0070765,7227,CG4119
KOG4008,28,0.7487,6.992,1.35e-12,8.61e-9,Viridiplantae,FBpp0078856,7227,CG9107
KOG4674,28,0.7603,6.983,1.44e-12,9.18e-9,Viridiplantae,FBpp0304737,7227,Mtor
KOG4414,28,0.7251,6.983,1.44e-12,9.19e-9,Viridiplantae,FBpp0079262,7227,CSN8
KOG2569,28,0.7549,6.981,1.46e-12,9.31e-9,Viridiplantae,FBpp0071269,7227,CG12121
KOG4267,28,0.7472,6.979,1.48e-12,9.44e-9,Viridiplantae,FBpp0072000,7227,CG5532
KOG3026,28,0.7437,6.968,1.61e-12,1.03e-8,Viridiplantae,FBpp0289146,7227,CG17454
KOG2232,28,0.7252,6.957,1.74e-12,1.11e-8,Viridiplantae,FBpp0303775,7227,CDase
KOG4102,28,0.6706,6.945,1.89e-12,1.21e-8,Viridiplantae,FBpp0078819,7227,CG13994
KOG4102,28,0.6706,6.945,1.89e-12,1.21e-8,Viridiplantae,FBpp0292096,7227,I-3
KOG1792,28,0.7297,6.943,1.91e-12,1.22e-8,Viridiplantae,FBpp0290753,7227,Rtnl1
KOG1792,28,0.7297,6.943,1.91e-12,1.22e-8,Viridiplantae,FBpp0298277,7227,Rtnl2
KOG1926,28,0.759,6.932,2.07e-12,1.32e-8,Viridiplantae,FBpp0070114,7227,l(1)1Bi
KOG2345,28,0.7288,6.925,2.18e-12,1.39e-8,Viridiplantae,FBpp0081116,7227,CG1227
KOG2873,28,0.7652,6.889,2.82e-12,1.79e-8,Viridiplantae,FBpp0076648,7227,CG10075
KOG2149,28,0.6961,6.884,2.91e-12,1.85e-8,Viridiplantae,FBpp0071102,7227,CG1575
KOG4430,28,0.7369,6.876,3.07e-12,1.96e-8,Viridiplantae,FBpp0291656,7227,CG18605
KOG4430,28,0.7369,6.876,3.07e-12,1.96e-8,Viridiplantae,FBpp0304302,7227,Topors
COG0314,28,0.787,6.858,3.48e-12,2.22e-8,Viridiplantae,FBpp0084157,7227,Mocs2
KOG3336,28,0.7387,6.849,3.72e-12,2.37e-8,Viridiplantae,FBpp0111858,7227,slmo
KOG1039,28,0.7617,6.846,3.79e-12,2.41e-8,Viridiplantae,FBpp0073752,7227,CG5334
KOG1039,28,0.7617,6.846,3.79e-12,2.41e-8,Viridiplantae,FBpp0073753,7227,CG5347
KOG1039,28,0.7617,6.846,3.79e-12,2.41e-8,Viridiplantae,FBpp0074856,7227,CG12477
KOG1039,28,0.7617,6.846,3.79e-12,2.41e-8,Viridiplantae,FBpp0078038,7227,Mkrn1
KOG4673,28,0.718,6.825,4.41e-12,2.81e-8,Viridiplantae,FBpp0070954,7227,CG4557
KOG4835,28,0.7052,6.792,5.55e-12,3.53e-8,Viridiplantae,FBpp0073937,7227,Rrp47
KOG1271,28,0.738,6.786,5.77e-12,3.68e-8,Viridiplantae,FBpp0077359,7227,CG9643
KOG4546,28,0.7032,6.785,5.8e-12,3.7e-8,Viridiplantae,FBpp0077936,7227,Pex16
KOG3724,28,0.7723,6.754,7.18e-12,4.57e-8,Viridiplantae,FBpp0070812,7227,CG3160
KOG0870,28,0.7362,6.749,7.44e-12,4.74e-8,Viridiplantae,FBpp0099655,7227,Chrac-14
KOG4090,28,0.7187,6.735,8.22e-12,5.24e-8,Viridiplantae,FBpp0074161,7227,CG5010
KOG4090,28,0.7187,6.735,8.22e-12,5.24e-8,Viridiplantae,FBpp0085109,7227,CG31007
KOG4090,28,0.7187,6.735,8.22e-12,5.24e-8,Viridiplantae,FBpp0085110,7227,CG31008
KOG3131,28,0.6495,6.673,1.26e-11,8e-8,Viridiplantae,FBpp0082983,7227,CG7988
KOG3662,28,0.6994,6.628,1.7e-11,1.08e-7,Viridiplantae,FBpp0079209,7227,PGAP5
KOG3662,28,0.6994,6.628,1.7e-11,1.08e-7,Viridiplantae,FBpp0087132,7227,Mppe
KOG1761,28,0.6928,6.617,1.84e-11,1.17e-7,Viridiplantae,FBpp0271779,7227,Srp14
KOG3702,28,0.6929,6.597,2.1e-11,1.34e-7,Viridiplantae,FBpp0084017,7227,Nab2
COG1996,28,0.6453,6.538,3.11e-11,1.98e-7,Viridiplantae,FBpp0111294,7227,Rpb12
KOG1953,28,0.7082,6.517,3.6e-11,2.29e-7,Viridiplantae,FBpp0080933,7227,bru
KOG4455,28,0.6395,6.482,4.53e-11,2.88e-7,Viridiplantae,FBpp0084172,7227,CG11781
KOG4493,28,0.6344,6.468,4.95e-11,3.15e-7,Viridiplantae,FBpp0074406,7227,Atg101
COG5224,28,0.6267,6.468,4.97e-11,3.17e-7,Viridiplantae,FBpp0076232,7227,Nf-YA
COG2233,28,0.6575,6.459,5.26e-11,3.35e-7,Viridiplantae,FBpp0081718,7227,CG6293
KOG3465,28,0.6454,6.449,5.64e-11,3.59e-7,Viridiplantae,FBpp0076467,7227,Srp9
KOG4741,28,0.6011,6.416,7.01e-11,4.46e-7,Viridiplantae,FBpp0112244,7227,CG12821
KOG3122,28,0.6533,6.404,7.55e-11,4.81e-7,Viridiplantae,FBpp0074902,7227,CG5147
KOG2676,28,0.5986,6.38,8.86e-11,5.65e-7,Viridiplantae,FBpp0289094,7227,CG4975
KOG1181,28,0.6458,6.354,1.05e-10,6.68e-7,Viridiplantae,FBpp0074444,7227,Muc18B
KOG1181,28,0.6458,6.354,1.05e-10,6.68e-7,Viridiplantae,FBpp0082117,7227,Dtg
KOG1181,28,0.6458,6.354,1.05e-10,6.68e-7,Viridiplantae,FBpp0082580,7227,Cp190
KOG1181,28,0.6458,6.354,1.05e-10,6.68e-7,Viridiplantae,FBpp0084695,7227,CG1647
KOG1181,28,0.6458,6.354,1.05e-10,6.68e-7,Viridiplantae,FBpp0086630,7227,CG12864
KOG1181,28,0.6458,6.354,1.05e-10,6.68e-7,Viridiplantae,FBpp0290539,7227,CG34417
KOG1181,28,0.6458,6.354,1.05e-10,6.68e-7,Viridiplantae,FBpp0291926,7227,Lmpt
KOG1181,28,0.6458,6.354,1.05e-10,6.68e-7,Viridiplantae,FBpp0293627,7227,Asph
KOG1181,28,0.6458,6.354,1.05e-10,6.68e-7,Viridiplantae,FBpp0296948,7227,tnc
KOG1181,28,0.6458,6.354,1.05e-10,6.68e-7,Viridiplantae,FBpp0297794,7227,CG43340
KOG1181,28,0.6458,6.354,1.05e-10,6.68e-7,Viridiplantae,FBpp0304429,7227,zormin
KOG4593,28,0.6455,6.349,1.08e-10,6.91e-7,Viridiplantae,FBpp0087680,7227,Mad1
COG1215,28,0.6984,6.343,1.13e-10,7.2e-7,Viridiplantae,FBpp0078442,7227,kkv
COG1215,28,0.6984,6.343,1.13e-10,7.2e-7,Viridiplantae,FBpp0306214,7227,CS-2
KOG3061,28,0.6295,6.325,1.26e-10,8.04e-7,Viridiplantae,FBpp0080943,7227,Pomp
KOG4444,28,0.6459,6.302,1.47e-10,9.35e-7,Viridiplantae,FBpp0304214,7227,Pex3
KOG1982,28,0.6103,6.291,1.57e-10,1e-6,Viridiplantae,FBpp0074126,7227,CG9125
KOG1982,28,0.6103,6.291,1.57e-10,1e-6,Viridiplantae,FBpp0087141,7227,cuff
KOG4526,28,0.6161,6.283,1.66e-10,1.06e-6,Viridiplantae,FBpp0077345,7227,CG15403
KOG4526,28,0.6161,6.283,1.66e-10,1.06e-6,Viridiplantae,FBpp0085407,7227,CG17508
KOG3455,28,0.6059,6.277,1.73e-10,1.1e-6,Viridiplantae,FBpp0083398,7227,CG17270
KOG4718,28,0.6233,6.25,2.06e-10,1.31e-6,Viridiplantae,FBpp0305541,7227,Nse1
COG0299,28,0.6671,6.243,2.14e-10,1.36e-6,Viridiplantae,FBpp0079059,7227,ade3
COG2091,28,0.5881,6.234,2.28e-10,1.45e-6,Viridiplantae,FBpp0075732,7227,eap
KOG4346,28,0.6032,6.226,2.39e-10,1.52e-6,Viridiplantae,FBpp0288790,7227,lqfR
KOG4134,28,0.6454,6.174,3.33e-10,2.12e-6,Viridiplantae,FBpp0079000,7227,CG13773
KOG4322,28,0.6287,6.162,3.6e-10,2.29e-6,Viridiplantae,FBpp0073018,7227,ida
KOG2979,28,0.6015,6.153,3.81e-10,2.43e-6,Viridiplantae,FBpp0074985,7227,qjt
KOG2979,28,0.6015,6.153,3.81e-10,2.43e-6,Viridiplantae,FBpp0088643,7227,cerv
KOG2979,28,0.6015,6.153,3.81e-10,2.43e-6,Viridiplantae,FBpp0288957,7227,CG42299
KOG2979,28,0.6015,6.153,3.81e-10,2.43e-6,Viridiplantae,FBpp0288958,7227,CG42300
KOG0389,28,0.6357,6.077,6.12e-10,3.9e-6,Viridiplantae,FBpp0079496,7227,Etl1
COG5254,28,0.611,6.047,7.38e-10,4.7e-6,Viridiplantae,FBpp0088739,7227,CG32442
KOG4173,28,0.5769,5.972,1.17e-9,7.46e-6,Viridiplantae,FBpp0087589,7227,l(2)k10201
KOG2329,28,0.5563,5.535,1.55e-8,9.89e-5,Viridiplantae,FBpp0303611,7227,bwa
KOG3276,28,0.4995,5.435,2.74e-8,1.74e-4,Viridiplantae,FBpp0072970,7227,CG14966
COG0432,28,0.5141,5.318,5.24e-8,3.34e-4,Viridiplantae,FBpp0301022,7227,CG31688
KOG1188,28,0.5139,5.292,6.04e-8,3.84e-4,Viridiplantae,FBpp0087476,7227,CG12134
KOG2859,28,0.4278,4.791,8.29e-7,0.00528,Viridiplantae,FBpp0074364,7227,Rad51D
COG5105,29,0.9349,7.961,8.5e-16,5.41e-12,Discoba,FBpp0080412,7227,twe
COG5105,29,0.9349,7.961,8.5e-16,5.41e-12,Discoba,FBpp0084766,7227,stg
COG1597,29,0.9453,7.946,9.65e-16,6.15e-12,Discoba,FBpp0072854,7227,Sk2
COG1597,29,0.9453,7.946,9.65e-16,6.15e-12,Discoba,FBpp0073346,7227,Sk1
COG1597,29,0.9453,7.946,9.65e-16,6.15e-12,Discoba,FBpp0078446,7227,Cerk
COG1597,29,0.9453,7.946,9.65e-16,6.15e-12,Discoba,FBpp0079576,7227,Mulk
COG3525,29,0.9278,7.94,1.01e-15,6.43e-12,Discoba,FBpp0071192,7227,Hexo2
COG3525,29,0.9278,7.94,1.01e-15,6.43e-12,Discoba,FBpp0073091,7227,Hexo1
COG3525,29,0.9278,7.94,1.01e-15,6.43e-12,Discoba,FBpp0087058,7227,fdl
COG3525,29,0.9278,7.94,1.01e-15,6.43e-12,Discoba,FBpp0111343,7227,CG34234
COG3525,29,0.9278,7.94,1.01e-15,6.43e-12,Discoba,FBpp0289401,7227,CG30270
KOG2814,29,0.8591,7.939,1.02e-15,6.48e-12,Discoba,FBpp0087483,7227,CG12129
KOG1692,29,0.9237,7.937,1.04e-15,6.62e-12,Discoba,FBpp0070643,7227,CHOp24
KOG1692,29,0.9237,7.937,1.04e-15,6.62e-12,Discoba,FBpp0071663,7227,CG9308
KOG0443,29,0.9146,7.936,1.04e-15,6.64e-12,Discoba,FBpp0076893,7227,fliI
KOG0443,29,0.9146,7.936,1.04e-15,6.64e-12,Discoba,FBpp0078607,7227,Gel
KOG0443,29,0.9146,7.936,1.04e-15,6.64e-12,Discoba,FBpp0297295,7227,qua
KOG3306,29,0.881,7.902,1.37e-15,8.75e-12,Discoba,FBpp0086399,7227,CG8397
KOG1815,29,0.9403,7.897,1.43e-15,9.08e-12,Discoba,FBpp0076010,7227,CG12362
KOG1815,29,0.9403,7.897,1.43e-15,9.08e-12,Discoba,FBpp0291679,7227,CG33144
KOG1815,29,0.9403,7.897,1.43e-15,9.08e-12,Discoba,FBpp0297199,7227,ari-1
KOG0212,29,0.9121,7.876,1.69e-15,1.08e-11,Discoba,FBpp0082148,7227,CG5608
KOG1020,29,0.9037,7.846,2.15e-15,1.37e-11,Discoba,FBpp0110411,7227,Nipped-B
KOG2845,29,0.942,7.841,2.24e-15,1.43e-11,Discoba,FBpp0088585,7227,CG11710
KOG2592,29,0.9553,7.836,2.32e-15,1.48e-11,Discoba,FBpp0303601,7227,TMS1
KOG0576,29,0.9016,7.834,2.37e-15,1.51e-11,Discoba,FBpp0085692,7227,hppy
COG5026,29,0.9123,7.805,2.98e-15,1.9e-11,Discoba,FBpp0071296,7227,Hex-A
COG5026,29,0.9123,7.805,2.98e-15,1.9e-11,Discoba,FBpp0084382,7227,Hex-t1
COG5026,29,0.9123,7.805,2.98e-15,1.9e-11,Discoba,FBpp0084383,7227,Hex-t2
COG5026,29,0.9123,7.805,2.98e-15,1.9e-11,Discoba,FBpp0086530,7227,Hex-C
COG0010,29,0.8615,7.792,3.29e-15,2.09e-11,Discoba,FBpp0070083,7227,arg
KOG1997,29,0.9643,7.781,3.59e-15,2.28e-11,Discoba,FBpp0077762,7227,Zir
KOG1997,29,0.9643,7.781,3.59e-15,2.28e-11,Discoba,FBpp0293271,7227,mbc
KOG1997,29,0.9643,7.781,3.59e-15,2.28e-11,Discoba,FBpp0303337,7227,spg
KOG1997,29,0.9643,7.781,3.59e-15,2.28e-11,Discoba,FBpp0304510,7227,Ziz
KOG2176,29,0.9476,7.775,3.77e-15,2.4e-11,Discoba,FBpp0083436,7227,Sec15
KOG2674,29,0.9305,7.772,3.88e-15,2.47e-11,Discoba,FBpp0077618,7227,Atg4a
KOG2674,29,0.9305,7.772,3.88e-15,2.47e-11,Discoba,FBpp0082569,7227,Atg4b
KOG1667,29,0.8724,7.749,4.63e-15,2.95e-11,Discoba,FBpp0083939,7227,CHORD
KOG0286,29,0.9228,7.736,5.13e-15,3.27e-11,Discoba,FBpp0071137,7227,Gbeta5
KOG0286,29,0.9228,7.736,5.13e-15,3.27e-11,Discoba,FBpp0074717,7227,Gbeta76C
KOG0286,29,0.9228,7.736,5.13e-15,3.27e-11,Discoba,FBpp0089182,7227,Gbeta13F
KOG1954,29,0.8701,7.718,5.93e-15,3.78e-11,Discoba,FBpp0082123,7227,Past1
KOG1954,29,0.8701,7.718,5.93e-15,3.78e-11,Discoba,FBpp0305393,7227,CG9297
KOG0318,29,0.9364,7.713,6.15e-15,3.91e-11,Discoba,FBpp0075581,7227,flr
KOG3174,29,0.9166,7.707,6.45e-15,4.11e-11,Discoba,FBpp0077549,7227,cpb
KOG3318,29,0.9254,7.699,6.88e-15,4.38e-11,Discoba,FBpp0078227,7227,CG11137
KOG2796,29,0.8393,7.693,7.21e-15,4.59e-11,Discoba,FBpp0077934,7227,CG11396
KOG3683,29,0.949,7.69,7.38e-15,4.7e-11,Discoba,FBpp0075441,7227,Tdrd3
COG4690,29,0.9398,7.673,8.4e-15,5.35e-11,Discoba,FBpp0080890,7227,Arpc2
COG4690,29,0.9398,7.673,8.4e-15,5.35e-11,Discoba,FBpp0081084,7227,CG10098
KOG1818,29,0.9375,7.67,8.59e-15,5.47e-11,Discoba,FBpp0073912,7227,CG15602
KOG1818,29,0.9375,7.67,8.59e-15,5.47e-11,Discoba,FBpp0088692,7227,Hrs
KOG1818,29,0.9375,7.67,8.59e-15,5.47e-11,Discoba,FBpp0112713,7227,CG41099
KOG1523,29,0.9547,7.657,9.55e-15,6.08e-11,Discoba,FBpp0080146,7227,Arpc1
KOG2063,29,0.9008,7.651,9.94e-15,6.33e-11,Discoba,FBpp0083022,7227,Vps39
COG0270,29,0.8972,7.648,1.02e-14,6.51e-11,Discoba,FBpp0079911,7227,Mt2
KOG3544,29,0.8687,7.644,1.05e-14,6.68e-11,Discoba,FBpp0072609,7227,CG9184
KOG3544,29,0.8687,7.644,1.05e-14,6.68e-11,Discoba,FBpp0073690,7227,CG12480
KOG3544,29,0.8687,7.644,1.05e-14,6.68e-11,Discoba,FBpp0075796,7227,prc
KOG3544,29,0.8687,7.644,1.05e-14,6.68e-11,Discoba,FBpp0078641,7227,Cg25C
KOG3544,29,0.8687,7.644,1.05e-14,6.68e-11,Discoba,FBpp0079694,7227,CG17104
KOG3544,29,0.8687,7.644,1.05e-14,6.68e-11,Discoba,FBpp0079718,7227,CG7296
KOG3544,29,0.8687,7.644,1.05e-14,6.68e-11,Discoba,FBpp0082831,7227,CG31268
KOG3544,29,0.8687,7.644,1.05e-14,6.68e-11,Discoba,FBpp0088539,7227,CG6867
KOG3544,29,0.8687,7.644,1.05e-14,6.68e-11,Discoba,FBpp0088744,7227,Muc11A
KOG3544,29,0.8687,7.644,1.05e-14,6.68e-11,Discoba,FBpp0271739,7227,CG10625
KOG3544,29,0.8687,7.644,1.05e-14,6.68e-11,Discoba,FBpp0292130,7227,CG11349
KOG3544,29,0.8687,7.644,1.05e-14,6.68e-11,Discoba,FBpp0292667,7227,CG42342
KOG3544,29,0.8687,7.644,1.05e-14,6.68e-11,Discoba,FBpp0301686,7227,Mp
KOG3544,29,0.8687,7.644,1.05e-14,6.68e-11,Discoba,FBpp0305720,7227,vkg
KOG0082,29,0.9284,7.644,1.05e-14,6.71e-11,Discoba,FBpp0072052,7227,Galphas
KOG0082,29,0.9284,7.644,1.05e-14,6.71e-11,Discoba,FBpp0075113,7227,Galphaf
KOG0082,29,0.9284,7.644,1.05e-14,6.71e-11,Discoba,FBpp0076643,7227,Galphai
KOG0082,29,0.9284,7.644,1.05e-14,6.71e-11,Discoba,FBpp0087359,7227,Galphao
KOG0082,29,0.9284,7.644,1.05e-14,6.71e-11,Discoba,FBpp0110121,7227,CG17760
KOG0082,29,0.9284,7.644,1.05e-14,6.71e-11,Discoba,FBpp0110418,7227,cta
KOG0082,29,0.9284,7.644,1.05e-14,6.71e-11,Discoba,FBpp0291583,7227,CG30054
KOG0082,29,0.9284,7.644,1.05e-14,6.71e-11,Discoba,FBpp0300610,7227,CG40005
KOG0082,29,0.9284,7.644,1.05e-14,6.71e-11,Discoba,FBpp0305314,7227,Galphaq
KOG2301,29,0.8918,7.641,1.08e-14,6.87e-11,Discoba,FBpp0089047,7227,Ca-alpha1D
KOG2301,29,0.8918,7.641,1.08e-14,6.87e-11,Discoba,FBpp0111727,7227,na
KOG2301,29,0.8918,7.641,1.08e-14,6.87e-11,Discoba,FBpp0111866,7227,Ca-alpha1T
KOG2301,29,0.8918,7.641,1.08e-14,6.87e-11,Discoba,FBpp0292707,7227,para
KOG2301,29,0.8918,7.641,1.08e-14,6.87e-11,Discoba,FBpp0298326,7227,cac
KOG2301,29,0.8918,7.641,1.08e-14,6.87e-11,Discoba,FBpp0300662,7227,NaCP60E
KOG2023,29,0.9318,7.635,1.13e-14,7.19e-11,Discoba,FBpp0076708,7227,Trn
KOG2023,29,0.9318,7.635,1.13e-14,7.19e-11,Discoba,FBpp0076711,7227,CG8219
COG5391,29,0.9477,7.628,1.19e-14,7.56e-11,Discoba,FBpp0077206,7227,Snx1
COG5391,29,0.9477,7.628,1.19e-14,7.56e-11,Discoba,FBpp0082110,7227,Snx3
KOG2110,29,0.8956,7.62,1.27e-14,8.06e-11,Discoba,FBpp0302863,7227,Atg18a
KOG2110,29,0.8956,7.62,1.27e-14,8.06e-11,Discoba,FBpp0304068,7227,Atg18b
KOG1033,29,0.8413,7.61,1.37e-14,8.74e-11,Discoba,FBpp0078417,7227,PEK
KOG0169,29,0.9197,7.6,1.48e-14,9.42e-11,Discoba,FBpp0070618,7227,norpA
KOG0169,29,0.9197,7.6,1.48e-14,9.42e-11,Discoba,FBpp0074009,7227,sl
KOG0169,29,0.9197,7.6,1.48e-14,9.42e-11,Discoba,FBpp0089226,7227,Plc21C
KOG2064,29,0.8661,7.596,1.53e-14,9.75e-11,Discoba,FBpp0298281,7227,Parg
KOG3928,29,0.8424,7.59,1.59e-14,1.02e-10,Discoba,FBpp0071753,7227,mRpS29
KOG1876,29,0.8856,7.576,1.79e-14,1.14e-10,Discoba,FBpp0078831,7227,Arpc4
KOG2777,29,0.8712,7.571,1.85e-14,1.18e-10,Discoba,FBpp0080150,7227,adat
KOG2777,29,0.8712,7.571,1.85e-14,1.18e-10,Discoba,FBpp0300329,7227,Adar
KOG4562,29,0.8097,7.562,1.98e-14,1.26e-10,Discoba,FBpp0081124,7227,MAGE
KOG2204,29,0.8295,7.561,2e-14,1.28e-10,Discoba,FBpp0084876,7227,CG31202
KOG2204,29,0.8295,7.561,2e-14,1.28e-10,Discoba,FBpp0288908,7227,mas-1
KOG2211,29,0.8765,7.557,2.06e-14,1.3100000000000001e-10,Discoba,FBpp0080552,7227,fws
COG1612,29,0.9111,7.553,2.13e-14,1.36e-10,Discoba,FBpp0072117,7227,CG3803
COG2272,29,0.9276,7.539,2.36e-14,1.5e-10,Discoba,FBpp0070594,7227,CG6414
COG2272,29,0.9276,7.539,2.36e-14,1.5e-10,Discoba,FBpp0071604,7227,clt
COG2272,29,0.9276,7.539,2.36e-14,1.5e-10,Discoba,FBpp0071746,7227,CG6018
COG2272,29,0.9276,7.539,2.36e-14,1.5e-10,Discoba,FBpp0072195,7227,CG10339
COG2272,29,0.9276,7.539,2.36e-14,1.5e-10,Discoba,FBpp0075081,7227,Nrt
COG2272,29,0.9276,7.539,2.36e-14,1.5e-10,Discoba,FBpp0075736,7227,Est-P
COG2272,29,0.9276,7.539,2.36e-14,1.5e-10,Discoba,FBpp0077586,7227,CG5397
COG2272,29,0.9276,7.539,2.36e-14,1.5e-10,Discoba,FBpp0078010,7227,Est-Q
COG2272,29,0.9276,7.539,2.36e-14,1.5e-10,Discoba,FBpp0079329,7227,Glt
COG2272,29,0.9276,7.539,2.36e-14,1.5e-10,Discoba,FBpp0079353,7227,CG9289
COG2272,29,0.9276,7.539,2.36e-14,1.5e-10,Discoba,FBpp0079354,7227,CG9287
COG2272,29,0.9276,7.539,2.36e-14,1.5e-10,Discoba,FBpp0080324,7227,Gli
COG2272,29,0.9276,7.539,2.36e-14,1.5e-10,Discoba,FBpp0081065,7227,Nlg1
COG2272,29,0.9276,7.539,2.36e-14,1.5e-10,Discoba,FBpp0081068,7227,alpha-Est1
COG2272,29,0.9276,7.539,2.36e-14,1.5e-10,Discoba,FBpp0081069,7227,alpha-Est3
COG2272,29,0.9276,7.539,2.36e-14,1.5e-10,Discoba,FBpp0081070,7227,alpha-Est4
COG2272,29,0.9276,7.539,2.36e-14,1.5e-10,Discoba,FBpp0081073,7227,alpha-Est6
COG2272,29,0.9276,7.539,2.36e-14,1.5e-10,Discoba,FBpp0081074,7227,alpha-Est7
COG2272,29,0.9276,7.539,2.36e-14,1.5e-10,Discoba,FBpp0081077,7227,alpha-Est8
COG2272,29,0.9276,7.539,2.36e-14,1.5e-10,Discoba,FBpp0081815,7227,CG4757
COG2272,29,0.9276,7.539,2.36e-14,1.5e-10,Discoba,FBpp0083815,7227,CG10175
COG2272,29,0.9276,7.539,2.36e-14,1.5e-10,Discoba,FBpp0086361,7227,Jhedup
COG2272,29,0.9276,7.539,2.36e-14,1.5e-10,Discoba,FBpp0086362,7227,Jhe
COG2272,29,0.9276,7.539,2.36e-14,1.5e-10,Discoba,FBpp0086363,7227,CG30095
COG2272,29,0.9276,7.539,2.36e-14,1.5e-10,Discoba,FBpp0086625,7227,CG12869
COG2272,29,0.9276,7.539,2.36e-14,1.5e-10,Discoba,FBpp0087439,7227,Ndg
COG2272,29,0.9276,7.539,2.36e-14,1.5e-10,Discoba,FBpp0113027,7227,CG4382
COG2272,29,0.9276,7.539,2.36e-14,1.5e-10,Discoba,FBpp0289713,7227,Ace
COG2272,29,0.9276,7.539,2.36e-14,1.5e-10,Discoba,FBpp0290894,7227,Nlg4
COG2272,29,0.9276,7.539,2.36e-14,1.5e-10,Discoba,FBpp0291551,7227,alpha-Est9
COG2272,29,0.9276,7.539,2.36e-14,1.5e-10,Discoba,FBpp0292342,7227,CG3841
COG2272,29,0.9276,7.539,2.36e-14,1.5e-10,Discoba,FBpp0297077,7227,aE10
COG2272,29,0.9276,7.539,2.36e-14,1.5e-10,Discoba,FBpp0297876,7227,Nlg2
COG2272,29,0.9276,7.539,2.36e-14,1.5e-10,Discoba,FBpp0298275,7227,alpha-Est5
COG2272,29,0.9276,7.539,2.36e-14,1.5e-10,Discoba,FBpp0302569,7227,alpha-Est2
COG2272,29,0.9276,7.539,2.36e-14,1.5e-10,Discoba,FBpp0305575,7227,Est-6
COG2272,29,0.9276,7.539,2.36e-14,1.5e-10,Discoba,FBpp0306055,7227,CG34127
KOG3707,29,0.8538,7.533,2.49e-14,1.58e-10,Discoba,FBpp0075896,7227,CG7600
KOG1654,29,0.9289,7.53,2.55e-14,1.62e-10,Discoba,FBpp0071427,7227,Atg8a
KOG1654,29,0.9289,7.53,2.55e-14,1.62e-10,Discoba,FBpp0082957,7227,Atg8b
KOG1835,29,0.8284,7.515,2.84e-14,1.81e-10,Discoba,FBpp0074567,7227,Nup205
KOG4067,29,0.9088,7.514,2.87e-14,1.83e-10,Discoba,FBpp0072703,7227,CG13926
KOG3155,29,0.9404,7.508,3e-14,1.91e-10,Discoba,FBpp0074184,7227,Arpc3B
KOG3155,29,0.9404,7.508,3e-14,1.91e-10,Discoba,FBpp0289797,7227,Arpc3A
KOG2981,29,0.9348,7.508,3e-14,1.91e-10,Discoba,FBpp0074822,7227,Atg3
KOG2127,29,0.8694,7.508,3.01e-14,1.92e-10,Discoba,FBpp0071165,7227,Crag
KOG2127,29,0.8694,7.508,3.01e-14,1.92e-10,Discoba,FBpp0072618,7227,CG7852
KOG2173,29,0.924,7.507,3.03e-14,1.93e-10,Discoba,FBpp0086285,7227,Atg9
KOG2643,29,0.8775,7.489,3.48e-14,2.22e-10,Discoba,FBpp0083223,7227,CG4662
KOG2643,29,0.8775,7.489,3.48e-14,2.22e-10,Discoba,FBpp0083707,7227,CG4704
KOG2643,29,0.8775,7.489,3.48e-14,2.22e-10,Discoba,FBpp0111941,7227,CG4495
KOG1681,29,0.803,7.485,3.57e-14,2.27e-10,Discoba,FBpp0070006,7227,CG9577
KOG0765,29,0.8422,7.477,3.81e-14,2.43e-10,Discoba,FBpp0084118,7227,CG5805
KOG1839,29,0.8811,7.474,3.9e-14,2.48e-10,Discoba,FBpp0086380,7227,clu
KOG3991,29,0.7947,7.471,3.98e-14,2.53e-10,Discoba,FBpp0079577,7227,CG4968
COG3325,29,0.8654,7.466,4.12e-14,2.63e-10,Discoba,FBpp0071000,7227,Cht11
COG3325,29,0.8654,7.466,4.12e-14,2.63e-10,Discoba,FBpp0071328,7227,Idgf4
COG3325,29,0.8654,7.466,4.12e-14,2.63e-10,Discoba,FBpp0071463,7227,Cht8
COG3325,29,0.8654,7.466,4.12e-14,2.63e-10,Discoba,FBpp0071471,7227,Cht9
COG3325,29,0.8654,7.466,4.12e-14,2.63e-10,Discoba,FBpp0071472,7227,Cht4
COG3325,29,0.8654,7.466,4.12e-14,2.63e-10,Discoba,FBpp0071473,7227,Cht12
COG3325,29,0.8654,7.466,4.12e-14,2.63e-10,Discoba,FBpp0072985,7227,Cht7
COG3325,29,0.8654,7.466,4.12e-14,2.63e-10,Discoba,FBpp0078834,7227,Muc26B
COG3325,29,0.8654,7.466,4.12e-14,2.63e-10,Discoba,FBpp0080417,7227,Idgf1
COG3325,29,0.8654,7.466,4.12e-14,2.63e-10,Discoba,FBpp0080418,7227,Idgf2
COG3325,29,0.8654,7.466,4.12e-14,2.63e-10,Discoba,FBpp0080419,7227,Idgf3
COG3325,29,0.8654,7.466,4.12e-14,2.63e-10,Discoba,FBpp0082294,7227,Cht5
COG3325,29,0.8654,7.466,4.12e-14,2.63e-10,Discoba,FBpp0082854,7227,Mur89F
COG3325,29,0.8654,7.466,4.12e-14,2.63e-10,Discoba,FBpp0084219,7227,Muc96D
COG3325,29,0.8654,7.466,4.12e-14,2.63e-10,Discoba,FBpp0085849,7227,Idgf5
COG3325,29,0.8654,7.466,4.12e-14,2.63e-10,Discoba,FBpp0086257,7227,CG5210
COG3325,29,0.8654,7.466,4.12e-14,2.63e-10,Discoba,FBpp0110419,7227,Cht3
COG3325,29,0.8654,7.466,4.12e-14,2.63e-10,Discoba,FBpp0297108,7227,Cht2
COG3325,29,0.8654,7.466,4.12e-14,2.63e-10,Discoba,FBpp0298358,7227,Cht6
COG3325,29,0.8654,7.466,4.12e-14,2.63e-10,Discoba,FBpp0304943,7227,obst-F
KOG2346,29,0.9279,7.46,4.31e-14,2.75e-10,Discoba,FBpp0085829,7227,CG15087
KOG1666,29,0.9432,7.454,4.52e-14,2.88e-10,Discoba,FBpp0072503,7227,Vti1
KOG1911,29,0.8046,7.451,4.63e-14,2.95e-10,Discoba,FBpp0071221,7227,HP1b
KOG1911,29,0.8046,7.451,4.63e-14,2.95e-10,Discoba,FBpp0074258,7227,CG8289
KOG1911,29,0.8046,7.451,4.63e-14,2.95e-10,Discoba,FBpp0077134,7227,HP6
KOG1911,29,0.8046,7.451,4.63e-14,2.95e-10,Discoba,FBpp0079251,7227,Su(var)205
KOG1911,29,0.8046,7.451,4.63e-14,2.95e-10,Discoba,FBpp0081494,7227,HP1e
KOG1911,29,0.8046,7.451,4.63e-14,2.95e-10,Discoba,FBpp0083702,7227,HP1c
KOG1911,29,0.8046,7.451,4.63e-14,2.95e-10,Discoba,FBpp0086055,7227,Oxp
KOG1911,29,0.8046,7.451,4.63e-14,2.95e-10,Discoba,FBpp0086056,7227,rhi
COG1278,29,0.8545,7.446,4.8e-14,3.06e-10,Discoba,FBpp0075083,7227,CG9705
COG1278,29,0.8545,7.446,4.8e-14,3.06e-10,Discoba,FBpp0075759,7227,yps
COG1278,29,0.8545,7.446,4.8e-14,3.06e-10,Discoba,FBpp0076798,7227,lin-28
KOG1771,29,0.8857,7.445,4.86e-14,3.09e-10,Discoba,FBpp0073008,7227,CG12006
KOG3118,29,0.8539,7.443,4.91e-14,3.13e-10,Discoba,FBpp0070719,7227,Sas10
KOG1789,29,0.8849,7.433,5.32e-14,3.39e-10,Discoba,FBpp0087699,7227,Rme-8
KOG4306,29,0.8275,7.421,5.83e-14,3.71e-10,Discoba,FBpp0075195,7227,CG5895
KOG4306,29,0.8275,7.421,5.83e-14,3.71e-10,Discoba,FBpp0079878,7227,CG14945
KOG4306,29,0.8275,7.421,5.83e-14,3.71e-10,Discoba,FBpp0304008,7227,CG10747
KOG1967,29,0.8542,7.418,5.96e-14,3.8e-10,Discoba,FBpp0078425,7227,Mms19
KOG1585,29,0.8564,7.417,5.98e-14,3.81e-10,Discoba,FBpp0072096,7227,gammaSnap1
KOG1585,29,0.8564,7.417,5.98e-14,3.81e-10,Discoba,FBpp0081673,7227,gammaSnap2
KOG0092,29,0.9373,7.409,6.38e-14,4.06e-10,Discoba,FBpp0072029,7227,RabX1
KOG0092,29,0.9373,7.409,6.38e-14,4.06e-10,Discoba,FBpp0077473,7227,Rab5
KOG0288,29,0.8726,7.406,6.49e-14,4.13e-10,Discoba,FBpp0084894,7227,Atg16
KOG3170,29,0.8816,7.406,6.51e-14,4.14e-10,Discoba,FBpp0075794,7227,viaf
KOG2966,29,0.8327,7.406,6.53e-14,4.16e-10,Discoba,FBpp0300166,7227,CG18769
KOG1192,29,0.8419,7.402,6.72e-14,4.28e-10,Discoba,FBpp0071550,7227,CG15661
KOG1192,29,0.8419,7.402,6.72e-14,4.28e-10,Discoba,FBpp0071551,7227,CG4302
KOG1192,29,0.8419,7.402,6.72e-14,4.28e-10,Discoba,FBpp0071845,7227,Ugt58Fa
KOG1192,29,0.8419,7.402,6.72e-14,4.28e-10,Discoba,FBpp0073060,7227,CG18869
KOG1192,29,0.8419,7.402,6.72e-14,4.28e-10,Discoba,FBpp0074804,7227,CG3797
KOG1192,29,0.8419,7.402,6.72e-14,4.28e-10,Discoba,FBpp0077221,7227,Dot
KOG1192,29,0.8419,7.402,6.72e-14,4.28e-10,Discoba,FBpp0078872,7227,Ugt37b1
KOG1192,29,0.8419,7.402,6.72e-14,4.28e-10,Discoba,FBpp0080467,7227,Ugt36Bb
KOG1192,29,0.8419,7.402,6.72e-14,4.28e-10,Discoba,FBpp0080468,7227,Ugt36Bc
KOG1192,29,0.8419,7.402,6.72e-14,4.28e-10,Discoba,FBpp0080655,7227,CG17322
KOG1192,29,0.8419,7.402,6.72e-14,4.28e-10,Discoba,FBpp0080904,7227,Ugt37a1
KOG1192,29,0.8419,7.402,6.72e-14,4.28e-10,Discoba,FBpp0081813,7227,Ugt86Dc
KOG1192,29,0.8419,7.402,6.72e-14,4.28e-10,Discoba,FBpp0081814,7227,Ugt86Da
KOG1192,29,0.8419,7.402,6.72e-14,4.28e-10,Discoba,FBpp0081816,7227,Ugt86Dh
KOG1192,29,0.8419,7.402,6.72e-14,4.28e-10,Discoba,FBpp0081849,7227,Ugt86Dj
KOG1192,29,0.8419,7.402,6.72e-14,4.28e-10,Discoba,FBpp0081850,7227,Ugt35a
KOG1192,29,0.8419,7.402,6.72e-14,4.28e-10,Discoba,FBpp0081851,7227,Ugt35b
KOG1192,29,0.8419,7.402,6.72e-14,4.28e-10,Discoba,FBpp0081852,7227,Ugt86De
KOG1192,29,0.8419,7.402,6.72e-14,4.28e-10,Discoba,FBpp0081854,7227,Ugt86Di
KOG1192,29,0.8419,7.402,6.72e-14,4.28e-10,Discoba,FBpp0082126,7227,CG5724
KOG1192,29,0.8419,7.402,6.72e-14,4.28e-10,Discoba,FBpp0083810,7227,CG10168
KOG1192,29,0.8419,7.402,6.72e-14,4.28e-10,Discoba,FBpp0083811,7227,CG16732
KOG1192,29,0.8419,7.402,6.72e-14,4.28e-10,Discoba,FBpp0083812,7227,CG10170
KOG1192,29,0.8419,7.402,6.72e-14,4.28e-10,Discoba,FBpp0085174,7227,CG31002
KOG1192,29,0.8419,7.402,6.72e-14,4.28e-10,Discoba,FBpp0085175,7227,CG31204
KOG1192,29,0.8419,7.402,6.72e-14,4.28e-10,Discoba,FBpp0085404,7227,CG30438
KOG1192,29,0.8419,7.402,6.72e-14,4.28e-10,Discoba,FBpp0086224,7227,Ugt37c1
KOG1192,29,0.8419,7.402,6.72e-14,4.28e-10,Discoba,FBpp0112233,7227,Ugt86Dd
KOG1192,29,0.8419,7.402,6.72e-14,4.28e-10,Discoba,FBpp0288390,7227,CG11289
KOG1192,29,0.8419,7.402,6.72e-14,4.28e-10,Discoba,FBpp0290042,7227,CG17324
KOG1192,29,0.8419,7.402,6.72e-14,4.28e-10,Discoba,FBpp0291574,7227,CG5999
KOG1192,29,0.8419,7.402,6.72e-14,4.28e-10,Discoba,FBpp0294065,7227,CG10178
KOG1192,29,0.8419,7.402,6.72e-14,4.28e-10,Discoba,FBpp0297619,7227,CG6475
KOG1192,29,0.8419,7.402,6.72e-14,4.28e-10,Discoba,FBpp0300388,7227,Ugt86Dg
KOG1192,29,0.8419,7.402,6.72e-14,4.28e-10,Discoba,FBpp0300797,7227,CG17323
KOG1192,29,0.8419,7.402,6.72e-14,4.28e-10,Discoba,FBpp0304010,7227,Ugt36Ba
COG3145,29,0.9109,7.4,6.83e-14,4.35e-10,Discoba,FBpp0071849,7227,CG17807
COG3145,29,0.9109,7.4,6.83e-14,4.35e-10,Discoba,FBpp0075763,7227,CG14130
COG3145,29,0.9109,7.4,6.83e-14,4.35e-10,Discoba,FBpp0089414,7227,AlkB
KOG1362,29,0.9286,7.39,7.32e-14,4.66e-10,Discoba,FBpp0073088,7227,CG1311
KOG1362,29,0.9286,7.39,7.32e-14,4.66e-10,Discoba,FBpp0084740,7227,CG11880
KOG0674,29,0.9012,7.363,9e-14,5.73e-10,Discoba,FBpp0081581,7227,Crc
KOG2219,29,0.8678,7.359,9.25e-14,5.89e-10,Discoba,FBpp0082766,7227,ema
KOG0836,29,0.8553,7.359,9.3e-14,5.92e-10,Discoba,FBpp0071461,7227,cpa
KOG1410,29,0.8696,7.353,9.72e-14,6.19e-10,Discoba,FBpp0292664,7227,Ranbp16
KOG3088,29,0.8233,7.336,1.1e-13,6.99e-10,Discoba,FBpp0073895,7227,Scamp
COG3621,29,0.8291,7.335,1.11e-13,7.07e-10,Discoba,FBpp0076092,7227,iPLA2-VIA
COG5235,29,0.8067,7.334,1.12e-13,7.12e-10,Discoba,FBpp0080967,7227,RPA2
KOG3289,29,0.836,7.329,1.16e-13,7.39e-10,Discoba,FBpp0071818,7227,CG3501
KOG1729,29,0.8725,7.322,1.22e-13,7.79e-10,Discoba,FBpp0070249,7227,rush
COG1502,29,0.9333,7.306,1.38e-13,8.76e-10,Discoba,FBpp0079900,7227,zuc
COG1502,29,0.9333,7.306,1.38e-13,8.76e-10,Discoba,FBpp0083097,7227,CG7718
COG1502,29,0.9333,7.306,1.38e-13,8.76e-10,Discoba,FBpp0112984,7227,Pld
KOG2147,29,0.8625,7.297,1.47e-13,9.36e-10,Discoba,FBpp0082928,7227,l(3)07882
KOG3054,29,0.7506,7.277,1.71e-13,1.09e-9,Discoba,FBpp0083451,7227,CG5862
KOG2434,29,0.8299,7.266,1.85e-13,1.18e-9,Discoba,FBpp0085308,7227,Tif-IA
KOG1812,29,0.8389,7.264,1.87e-13,1.19e-9,Discoba,FBpp0071688,7227,ari-2
KOG1812,29,0.8389,7.264,1.87e-13,1.19e-9,Discoba,FBpp0303658,7227,CG11321
KOG2619,29,0.7867,7.263,1.89e-13,1.21e-9,Discoba,FBpp0072577,7227,FucTD
KOG2619,29,0.7867,7.263,1.89e-13,1.21e-9,Discoba,FBpp0075394,7227,FucTA
KOG2619,29,0.7867,7.263,1.89e-13,1.21e-9,Discoba,FBpp0079411,7227,FucTB
KOG2619,29,0.7867,7.263,1.89e-13,1.21e-9,Discoba,FBpp0289204,7227,FucTC
KOG1859,29,0.8822,7.25,2.09e-13,1.33e-9,Discoba,FBpp0301825,7227,CG11807
KOG1859,29,0.8822,7.25,2.09e-13,1.33e-9,Discoba,FBpp0305433,7227,CG9044
COG3320,29,0.823,7.245,2.17e-13,1.38e-9,Discoba,FBpp0070407,7227,CG18031
COG3320,29,0.823,7.245,2.17e-13,1.38e-9,Discoba,FBpp0072319,7227,CG30427
COG3320,29,0.823,7.245,2.17e-13,1.38e-9,Discoba,FBpp0082074,7227,CG10096
COG3320,29,0.823,7.245,2.17e-13,1.38e-9,Discoba,FBpp0082779,7227,CG17562
COG3320,29,0.823,7.245,2.17e-13,1.38e-9,Discoba,FBpp0082780,7227,CG17560
COG3320,29,0.823,7.245,2.17e-13,1.38e-9,Discoba,FBpp0083231,7227,CG4770
COG3320,29,0.823,7.245,2.17e-13,1.38e-9,Discoba,FBpp0083900,7227,CG12268
COG3320,29,0.823,7.245,2.17e-13,1.38e-9,Discoba,FBpp0084714,7227,wat
COG3320,29,0.823,7.245,2.17e-13,1.38e-9,Discoba,FBpp0086254,7227,CG5065
COG3320,29,0.823,7.245,2.17e-13,1.38e-9,Discoba,FBpp0086266,7227,CG8306
COG3320,29,0.823,7.245,2.17e-13,1.38e-9,Discoba,FBpp0087533,7227,CG1441
COG3320,29,0.823,7.245,2.17e-13,1.38e-9,Discoba,FBpp0099966,7227,CG10097
COG3320,29,0.823,7.245,2.17e-13,1.38e-9,Discoba,FBpp0271896,7227,CG8303
COG3320,29,0.823,7.245,2.17e-13,1.38e-9,Discoba,FBpp0289308,7227,CG34342
COG3320,29,0.823,7.245,2.17e-13,1.38e-9,Discoba,FBpp0290087,7227,CG14893
COG3320,29,0.823,7.245,2.17e-13,1.38e-9,Discoba,FBpp0305607,7227,CG13091
COG3320,29,0.823,7.245,2.17e-13,1.38e-9,Discoba,FBpp0305934,7227,CG4020
KOG2344,29,0.8836,7.243,2.19e-13,1.39e-9,Discoba,FBpp0076339,7227,Exo70
KOG3682,29,0.7947,7.226,2.48e-13,1.58e-9,Discoba,FBpp0081397,7227,CG8202
KOG1398,29,0.7444,7.223,2.53e-13,1.61e-9,Discoba,FBpp0081358,7227,CG11737
KOG1398,29,0.7444,7.223,2.53e-13,1.61e-9,Discoba,FBpp0081359,7227,CG31454
KOG1398,29,0.7444,7.223,2.53e-13,1.61e-9,Discoba,FBpp0081360,7227,CG31259
KOG2526,29,0.7969,7.22,2.61e-13,1.66e-9,Discoba,FBpp0079578,7227,CG4972
COG2120,29,0.8374,7.204,2.92e-13,1.86e-9,Discoba,FBpp0083251,7227,CG4433
COG2939,29,0.8558,7.202,2.97e-13,1.89e-9,Discoba,FBpp0072504,7227,CG32483
COG2939,29,0.8558,7.202,2.97e-13,1.89e-9,Discoba,FBpp0072505,7227,CG3344
COG2939,29,0.8558,7.202,2.97e-13,1.89e-9,Discoba,FBpp0080367,7227,CG31821
COG2939,29,0.8558,7.202,2.97e-13,1.89e-9,Discoba,FBpp0080368,7227,CG31823
COG2939,29,0.8558,7.202,2.97e-13,1.89e-9,Discoba,FBpp0083269,7227,CG4572
KOG0997,29,0.8559,7.2,3.01e-13,1.92e-9,Discoba,FBpp0077079,7227,Mon1
KOG0037,29,0.9167,7.198,3.06e-13,1.95e-9,Discoba,FBpp0087367,7227,CG17765
KOG0037,29,0.9167,7.198,3.06e-13,1.95e-9,Discoba,FBpp0291025,7227,Alg-2
KOG2242,29,0.857,7.178,3.54e-13,2.26e-9,Discoba,FBpp0082488,7227,CG6752
KOG2242,29,0.857,7.178,3.54e-13,2.26e-9,Discoba,FBpp0290145,7227,CG30122
COG2030,29,0.8385,7.176,3.6e-13,2.29e-9,Discoba,FBpp0073988,7227,Mfe2
COG2030,29,0.8385,7.176,3.6e-13,2.29e-9,Discoba,FBpp0082738,7227,CG14881
KOG2701,29,0.7809,7.155,4.19e-13,2.67e-9,Discoba,FBpp0086329,7227,fidipidine
KOG1037,29,0.8229,7.152,4.27e-13,2.72e-9,Discoba,FBpp0112608,7227,Parp
KOG1719,29,0.8267,7.149,4.36e-13,2.78e-9,Discoba,FBpp0083844,7227,Plip
KOG2556,29,0.7822,7.148,4.39e-13,2.8e-9,Discoba,FBpp0081659,7227,l(3)IX-14
KOG0167,29,0.7992,7.144,4.54e-13,2.89e-9,Discoba,FBpp0079066,7227,gudu
KOG0167,29,0.7992,7.144,4.54e-13,2.89e-9,Discoba,FBpp0086892,7227,CG13326
COG1089,29,0.7838,7.144,4.55e-13,2.9e-9,Discoba,FBpp0078685,7227,Gmd
KOG3223,29,0.8766,7.13,5.01e-13,3.19e-9,Discoba,FBpp0083128,7227,CG6013
KOG2238,29,0.8214,7.118,5.48e-13,3.49e-9,Discoba,FBpp0303909,7227,CG43783
KOG2761,29,0.8381,7.115,5.61e-13,3.58e-9,Discoba,FBpp0080047,7227,CG6565
COG1020,29,0.8634,7.1,6.22e-13,3.96e-9,Discoba,FBpp0083505,7227,e
COG1020,29,0.8634,7.1,6.22e-13,3.96e-9,Discoba,FBpp0088615,7227,U26
KOG2390,29,0.802,7.096,6.42e-13,4.09e-9,Discoba,FBpp0077582,7227,CG31935
KOG1937,29,0.7757,7.067,7.92e-13,5.05e-9,Discoba,FBpp0075096,7227,CG9951
COG4229,29,0.6742,7.049,9.02e-13,5.75e-9,Discoba,FBpp0289893,7227,CG12173
COG3268,29,0.7819,7.048,9.1e-13,5.8e-9,Discoba,FBpp0078471,7227,CG2604
COG3268,29,0.7819,7.048,9.1e-13,5.8e-9,Discoba,FBpp0082055,7227,CG5167
KOG4270,29,0.8633,7.046,9.18e-13,5.85e-9,Discoba,FBpp0083230,7227,RhoGAP92B
KOG3666,29,0.78,7.01,1.19e-12,7.58e-9,Discoba,FBpp0075208,7227,CG12272
KOG2809,29,0.8447,7.005,1.23e-12,7.85e-9,Discoba,FBpp0085137,7227,CG15561
KOG2809,29,0.8447,7.005,1.23e-12,7.85e-9,Discoba,FBpp0085566,7227,CG11180
KOG2225,29,0.8056,7,1.28e-12,8.12e-9,Discoba,FBpp0087755,7227,CG8230
KOG2664,29,0.8537,6.977,1.51e-12,9.61e-9,Discoba,FBpp0289882,7227,Pbp49
KOG3706,29,0.7496,6.958,1.73e-12,1.1e-8,Discoba,FBpp0070616,7227,CG2982
KOG1258,29,0.7537,6.952,1.81e-12,1.15e-8,Discoba,FBpp0084691,7227,CG1646
KOG1183,29,0.7903,6.951,1.81e-12,1.15e-8,Discoba,FBpp0298004,7227,Gpi1
KOG0762,29,0.7128,6.937,2e-12,1.27e-8,Discoba,FBpp0079579,7227,CG4995
KOG0762,29,0.7128,6.937,2e-12,1.27e-8,Discoba,FBpp0081959,7227,GC2
KOG3130,29,0.7715,6.91,2.42e-12,1.54e-8,Discoba,FBpp0072215,7227,uri
KOG2183,29,0.754,6.893,2.74e-12,1.74e-8,Discoba,FBpp0080895,7227,CG2493
KOG3881,29,0.8326,6.882,2.94e-12,1.87e-8,Discoba,FBpp0291670,7227,CG7845
KOG2812,29,0.7866,6.831,4.21e-12,2.68e-8,Discoba,FBpp0084501,7227,CG6066
KOG3578,29,0.7371,6.83,4.26e-12,2.71e-8,Discoba,FBpp0074003,7227,CG13957
KOG3350,29,0.6977,6.789,5.64e-12,3.59e-8,Discoba,FBpp0078844,7227,CG9154
KOG2257,29,0.653,6.728,8.62e-12,5.49e-8,Discoba,FBpp0084347,7227,CG14550
KOG3470,29,0.6835,6.709,9.78e-12,6.23e-8,Discoba,FBpp0085195,7227,CG1890
KOG4831,29,0.6744,6.691,1.11e-11,7.07e-8,Discoba,FBpp0087624,7227,CG12929
KOG1190,29,0.7847,6.679,1.2e-11,7.64e-8,Discoba,FBpp0297632,7227,heph
KOG3047,29,0.7067,6.667,1.31e-11,8.31e-8,Discoba,FBpp0302578,7227,l(2)35Cc
KOG2811,29,0.7126,6.604,1.99e-11,1.27e-7,Discoba,FBpp0081209,7227,CG18048
KOG4373,29,0.6649,6.573,2.47e-11,1.57e-7,Discoba,FBpp0081878,7227,CG6744
KOG4373,29,0.6649,6.573,2.47e-11,1.57e-7,Discoba,FBpp0291513,7227,WRNexo
COG0288,29,0.6802,6.552,2.83e-11,1.8e-7,Discoba,FBpp0081438,7227,CAHbeta
KOG0277,29,0.6287,6.545,2.98e-11,1.9e-7,Discoba,FBpp0076295,7227,Pex7
KOG0088,29,0.6637,6.418,6.92e-11,4.41e-7,Discoba,FBpp0289181,7227,Rab21
KOG0562,29,0.6635,6.402,7.67e-11,4.89e-7,Discoba,FBpp0083172,7227,CG5316
KOG3059,29,0.6677,6.335,1.19e-10,7.58e-7,Discoba,FBpp0289977,7227,PIG-C
COG2008,29,0.6372,6.271,1.79e-10,1.14e-6,Discoba,FBpp0083872,7227,CG10184
KOG4199,29,0.603,6.188,3.04e-10,1.94e-6,Discoba,FBpp0085950,7227,CG5721
KOG3241,29,0.6062,6.122,4.63e-10,2.95e-6,Discoba,FBpp0074220,7227,CG8675
KOG2913,29,0.6581,6.075,6.19e-10,3.94e-6,Discoba,FBpp0110096,7227,CG13784
COG1696,29,0.6184,6.069,6.43e-10,4.09e-6,Discoba,FBpp0072893,7227,rasp
COG1226,29,0.6342,5.967,1.21e-9,7.7e-6,Discoba,FBpp0075567,7227,CG10133
KOG1230,29,0.5617,5.842,2.58e-9,1.64e-5,Discoba,FBpp0075697,7227,CG4069
COG1859,29,0.3816,4.242,1.11e-5,0.0706,Discoba,FBpp0076387,7227,mkg-p
COG1859,29,0.3816,4.242,1.11e-5,0.0706,Discoba,FBpp0076401,7227,CG33057
COG2423,29,0.3986,4.161,1.58e-5,0.101,Discoba,FBpp0074113,7227,CG4872
KOG0251,30,0.9637,8.029,4.92e-16,3.13e-12,Rhodophyta,FBpp0291394,7227,lap
KOG1172,30,0.9031,7.932,1.08e-15,6.88e-12,Rhodophyta,FBpp0076048,7227,CG8177
KOG1172,30,0.9031,7.932,1.08e-15,6.88e-12,Rhodophyta,FBpp0288814,7227,Ndae1
COG5162,30,0.894,7.927,1.12e-15,7.13e-12,Rhodophyta,FBpp0077401,7227,Taf10
COG5162,30,0.894,7.927,1.12e-15,7.13e-12,Rhodophyta,FBpp0077415,7227,Taf10b
COG5641,30,0.9239,7.92,1.19e-15,7.57e-12,Rhodophyta,FBpp0082669,7227,srp
COG5641,30,0.9239,7.92,1.19e-15,7.57e-12,Rhodophyta,FBpp0082672,7227,GATAe
COG5641,30,0.9239,7.92,1.19e-15,7.57e-12,Rhodophyta,FBpp0082675,7227,pnr
COG5641,30,0.9239,7.92,1.19e-15,7.57e-12,Rhodophyta,FBpp0289317,7227,grn
COG5641,30,0.9239,7.92,1.19e-15,7.57e-12,Rhodophyta,FBpp0305310,7227,GATAd
KOG2006,30,0.9275,7.916,1.22e-15,7.78e-12,Rhodophyta,FBpp0078164,7227,Rich
KOG1913,30,0.8628,7.908,1.3e-15,8.3e-12,Rhodophyta,FBpp0301988,7227,Sec16
KOG1932,30,0.9344,7.889,1.52e-15,9.7e-12,Rhodophyta,FBpp0076090,7227,Taf2
COG5213,30,0.9316,7.884,1.58e-15,1.01e-11,Rhodophyta,FBpp0078568,7227,Fip1
KOG0308,30,0.8876,7.804,3.01e-15,1.92e-11,Rhodophyta,FBpp0304695,7227,CG9062
KOG3091,30,0.886,7.792,3.29e-15,2.1e-11,Rhodophyta,FBpp0087063,7227,Nup54
KOG1952,30,0.9622,7.737,5.09e-15,3.24e-11,Rhodophyta,FBpp0073100,7227,CG15011
KOG1952,30,0.9622,7.737,5.09e-15,3.24e-11,Rhodophyta,FBpp0080265,7227,stc
KOG4302,30,0.8765,7.731,5.34e-15,3.4e-11,Rhodophyta,FBpp0073265,7227,sofe
KOG4302,30,0.8765,7.731,5.34e-15,3.4e-11,Rhodophyta,FBpp0073266,7227,feo
COG1676,30,0.9254,7.722,5.73e-15,3.65e-11,Rhodophyta,FBpp0288501,7227,CG31812
COG1676,30,0.9254,7.722,5.73e-15,3.65e-11,Rhodophyta,FBpp0291628,7227,CG33260
KOG2890,30,0.8699,7.716,6.02e-15,3.84e-11,Rhodophyta,FBpp0078897,7227,CG9536
KOG3856,30,0.85,7.707,6.45e-15,4.11e-11,Rhodophyta,FBpp0076832,7227,Eaf6
COG5123,30,0.8615,7.704,6.57e-15,4.18e-11,Rhodophyta,FBpp0070177,7227,TfIIA-S-2
COG5123,30,0.8615,7.704,6.57e-15,4.18e-11,Rhodophyta,FBpp0083912,7227,TfIIA-S
KOG2651,30,0.8998,7.702,6.72e-15,4.28e-11,Rhodophyta,FBpp0099380,7227,CG33964
KOG2651,30,0.8998,7.702,6.72e-15,4.28e-11,Rhodophyta,FBpp0111965,7227,CG2906
COG2017,30,0.8729,7.678,8.05e-15,5.13e-11,Rhodophyta,FBpp0073667,7227,CG10996
COG2017,30,0.8729,7.678,8.05e-15,5.13e-11,Rhodophyta,FBpp0076771,7227,CG10467
COG2017,30,0.8729,7.678,8.05e-15,5.13e-11,Rhodophyta,FBpp0078078,7227,CG32444
COG2017,30,0.8729,7.678,8.05e-15,5.13e-11,Rhodophyta,FBpp0078079,7227,CG32445
COG2017,30,0.8729,7.678,8.05e-15,5.13e-11,Rhodophyta,FBpp0079838,7227,CG4988
COG5150,30,0.9349,7.665,8.92e-15,5.68e-11,Rhodophyta,FBpp0080256,7227,NC2beta
KOG2210,30,0.946,7.622,1.24e-14,7.93e-11,Rhodophyta,FBpp0072517,7227,CG9205
KOG2210,30,0.946,7.622,1.24e-14,7.93e-11,Rhodophyta,FBpp0087535,7227,CG1513
KOG2210,30,0.946,7.622,1.24e-14,7.93e-11,Rhodophyta,FBpp0297588,7227,CG42668
COG5251,30,0.887,7.602,1.45e-14,9.26e-11,Rhodophyta,FBpp0079514,7227,Taf11
COG0044,30,0.8379,7.595,1.54e-14,9.81e-11,Rhodophyta,FBpp0074325,7227,CG6106
COG0044,30,0.8379,7.595,1.54e-14,9.81e-11,Rhodophyta,FBpp0112945,7227,CRMP
KOG2752,30,0.8828,7.571,1.85e-14,1.18e-10,Rhodophyta,FBpp0080532,7227,CG15141
KOG2992,30,0.822,7.563,1.97e-14,1.26e-10,Rhodophyta,FBpp0288680,7227,Rrp1
KOG2992,30,0.822,7.563,1.97e-14,1.26e-10,Rhodophyta,FBpp0305034,7227,Nopp140
COG0259,30,0.7822,7.531,2.51e-14,1.6e-10,Rhodophyta,FBpp0071126,7227,CG15343
COG0259,30,0.7822,7.531,2.51e-14,1.6e-10,Rhodophyta,FBpp0081244,7227,sgll
COG0259,30,0.7822,7.531,2.51e-14,1.6e-10,Rhodophyta,FBpp0081246,7227,CG31473
COG4724,30,0.8906,7.495,3.32e-14,2.11e-10,Rhodophyta,FBpp0074205,7227,CG5613
KOG0406,30,0.8459,7.489,3.48e-14,2.22e-10,Rhodophyta,FBpp0076348,7227,GstO3
KOG0406,30,0.8459,7.489,3.48e-14,2.22e-10,Rhodophyta,FBpp0076349,7227,se
KOG0406,30,0.8459,7.489,3.48e-14,2.22e-10,Rhodophyta,FBpp0076376,7227,GstO1
KOG0406,30,0.8459,7.489,3.48e-14,2.22e-10,Rhodophyta,FBpp0076378,7227,GstO2
KOG1645,30,0.7837,7.479,3.74e-14,2.38e-10,Rhodophyta,FBpp0075105,7227,CG13025
KOG1645,30,0.7837,7.479,3.74e-14,2.38e-10,Rhodophyta,FBpp0305236,7227,CG13481
COG2935,30,0.8246,7.478,3.77e-14,2.4e-10,Rhodophyta,FBpp0085627,7227,Ate1
COG2941,30,0.8431,7.463,4.23e-14,2.7e-10,Rhodophyta,FBpp0070924,7227,COQ7
KOG0321,30,0.7946,7.443,4.91e-14,3.13e-10,Rhodophyta,FBpp0071994,7227,l(2)dtl
COG0385,30,0.8407,7.44,5.02e-14,3.2e-10,Rhodophyta,FBpp0073848,7227,CG11655
COG0385,30,0.8407,7.44,5.02e-14,3.2e-10,Rhodophyta,FBpp0074072,7227,CG9903
KOG1844,30,0.9202,7.439,5.08e-14,3.24e-10,Rhodophyta,FBpp0075510,7227,upSET
KOG1844,30,0.9202,7.439,5.08e-14,3.24e-10,Rhodophyta,FBpp0082081,7227,MBD-R2
COG5247,30,0.8462,7.398,6.93e-14,4.42e-10,Rhodophyta,FBpp0071583,7227,NC2alpha
KOG4293,30,0.8608,7.397,6.99e-14,4.45e-10,Rhodophyta,FBpp0071853,7227,nahoda
KOG4293,30,0.8608,7.397,6.99e-14,4.45e-10,Rhodophyta,FBpp0086349,7227,CG8399
KOG3266,30,0.8193,7.385,7.64e-14,4.86e-10,Rhodophyta,FBpp0082297,7227,CG9288
KOG3142,30,0.83,7.376,8.16e-14,5.2e-10,Rhodophyta,FBpp0087526,7227,CG1418
KOG2236,30,0.8371,7.331,1.14e-13,7.27e-10,Rhodophyta,FBpp0080647,7227,CG10341
COG1085,30,0.862,7.282,1.64e-13,1.05e-9,Rhodophyta,FBpp0078951,7227,Galt
COG0750,30,0.8297,7.273,1.76e-13,1.12e-9,Rhodophyta,FBpp0087169,7227,S2P
KOG3365,30,0.7979,7.238,2.28e-13,1.45e-9,Rhodophyta,FBpp0076005,7227,ND-13B
KOG3365,30,0.7979,7.238,2.28e-13,1.45e-9,Rhodophyta,FBpp0089000,7227,CG33493
COG0607,30,0.8173,7.226,2.49e-13,1.59e-9,Rhodophyta,FBpp0082125,7227,CG12279
COG0607,30,0.8173,7.226,2.49e-13,1.59e-9,Rhodophyta,FBpp0083925,7227,CG6000
COG0607,30,0.8173,7.226,2.49e-13,1.59e-9,Rhodophyta,FBpp0292525,7227,Hsp67Bb
KOG4712,30,0.7816,7.215,2.7e-13,1.72e-9,Rhodophyta,FBpp0083399,7227,Fancd2
KOG4758,30,0.7942,7.194,3.15e-13,2e-9,Rhodophyta,FBpp0301615,7227,CG32795
KOG1755,30,0.9187,7.188,3.28e-13,2.09e-9,Rhodophyta,FBpp0089196,7227,chic
KOG3741,30,0.7962,7,1.28e-12,8.14e-9,Rhodophyta,FBpp0072861,7227,CG11486
KOG3440,30,0.796,6.99,1.38e-12,8.76e-9,Rhodophyta,FBpp0073995,7227,UQCR-14
KOG3440,30,0.796,6.99,1.38e-12,8.76e-9,Rhodophyta,FBpp0084648,7227,UQCR-14L
KOG3067,30,0.7005,6.988,1.39e-12,8.88e-9,Rhodophyta,FBpp0087398,7227,trsn
KOG3352,30,0.7621,6.978,1.5e-12,9.52e-9,Rhodophyta,FBpp0078918,7227,COX5B
KOG3352,30,0.7621,6.978,1.5e-12,9.52e-9,Rhodophyta,FBpp0078919,7227,COX5BL
COG1034,30,0.7797,6.936,2.02e-12,1.29e-8,Rhodophyta,FBpp0071128,7227,ND-75
COG1791,30,0.7188,6.93,2.11e-12,1.34e-8,Rhodophyta,FBpp0112333,7227,CG32068
KOG1634,30,0.7366,6.895,2.69e-12,1.71e-8,Rhodophyta,FBpp0293286,7227,pps
COG0173,30,0.7609,6.852,3.63e-12,2.31e-8,Rhodophyta,FBpp0080475,7227,CG31739
KOG3356,30,0.7391,6.833,4.16e-12,2.65e-8,Rhodophyta,FBpp0304680,7227,CG9662
KOG1583,30,0.7802,6.765,6.64e-12,4.23e-8,Rhodophyta,FBpp0070839,7227,Efr
KOG1583,30,0.7802,6.765,6.64e-12,4.23e-8,Rhodophyta,FBpp0084781,7227,CG14511
KOG2139,30,0.7301,6.761,6.86e-12,4.37e-8,Rhodophyta,FBpp0071254,7227,CG16892
KOG2139,30,0.7301,6.761,6.86e-12,4.37e-8,Rhodophyta,FBpp0290898,7227,CG13137
KOG1776,30,0.6866,6.748,7.48e-12,4.76e-8,Rhodophyta,FBpp0079167,7227,poe
KOG3011,30,0.7521,6.685,1.16e-11,7.38e-8,Rhodophyta,FBpp0304007,7227,Kua
KOG1832,30,0.6955,6.648,1.49e-11,9.49e-8,Rhodophyta,FBpp0293270,7227,mahj
KOG3801,30,0.6338,6.64,1.57e-11,9.99e-8,Rhodophyta,FBpp0070415,7227,bcn92
COG0799,30,0.6443,6.62,1.79e-11,1.14e-7,Rhodophyta,FBpp0072573,7227,312
KOG1981,30,0.7162,6.61,1.92e-11,1.22e-7,Rhodophyta,FBpp0070786,7227,CG16721
COG2050,30,0.6618,6.552,2.83e-11,1.8e-7,Rhodophyta,FBpp0072806,7227,CG16985
COG2050,30,0.6618,6.552,2.83e-11,1.8e-7,Rhodophyta,FBpp0072807,7227,CG16986
KOG2521,30,0.6046,6.54,3.07e-11,1.96e-7,Rhodophyta,FBpp0071869,7227,l(2)k09913
KOG2521,30,0.6046,6.54,3.07e-11,1.96e-7,Rhodophyta,FBpp0085372,7227,CG8245
COG1357,30,0.6659,6.423,6.67e-11,4.25e-7,Rhodophyta,FBpp0288661,7227,CG14647
COG0317,30,0.6706,6.42,6.82e-11,4.34e-7,Rhodophyta,FBpp0084776,7227,Mesh1
COG2178,30,0.657,6.328,1.24e-10,7.9e-7,Rhodophyta,FBpp0082549,7227,Trax
KOG4117,30,0.577,6.124,4.58e-10,2.91e-6,Rhodophyta,FBpp0305307,7227,CG5446
KOG4561,30,0.6097,6.106,5.12e-10,3.26e-6,Rhodophyta,FBpp0071379,7227,CG17841
COG1055,30,0.5638,5.818,2.99e-9,1.9e-5,Rhodophyta,FBpp0072766,7227,CG13801
COG1055,30,0.5638,5.818,2.99e-9,1.9e-5,Rhodophyta,FBpp0075606,7227,CG11262
COG1055,30,0.5638,5.818,2.99e-9,1.9e-5,Rhodophyta,FBpp0077085,7227,hoe2
COG1055,30,0.5638,5.818,2.99e-9,1.9e-5,Rhodophyta,FBpp0077087,7227,hoe1
COG1055,30,0.5638,5.818,2.99e-9,1.9e-5,Rhodophyta,FBpp0085285,7227,CG31693
KOG2947,30,0.3757,4.198,1.35e-5,0.0858,Rhodophyta,FBpp0074633,7227,CG7328
KOG2947,30,0.3757,4.198,1.35e-5,0.0858,Rhodophyta,FBpp0074634,7227,CG7335
KOG2947,30,0.3757,4.198,1.35e-5,0.0858,Rhodophyta,FBpp0075906,7227,CG7551
KOG2947,30,0.3757,4.198,1.35e-5,0.0858,Rhodophyta,FBpp0075908,7227,CG12289
KOG2489,31,0.9646,8.332,3.98e-17,2.54e-13,SAR,FBpp0073557,7227,CG4332
KOG2489,31,0.9646,8.332,3.98e-17,2.54e-13,SAR,FBpp0077166,7227,CG3702
KOG0764,31,0.9676,8.328,4.11e-17,2.62e-13,SAR,FBpp0291674,7227,CG8026
COG1048,31,0.9697,8.319,4.43e-17,2.82e-13,SAR,FBpp0081736,7227,Irp-1B
COG1048,31,0.9697,8.319,4.43e-17,2.82e-13,SAR,FBpp0081812,7227,CG4706
COG1048,31,0.9697,8.319,4.43e-17,2.82e-13,SAR,FBpp0083720,7227,Irp-1A
COG1048,31,0.9697,8.319,4.43e-17,2.82e-13,SAR,FBpp0289654,7227,Acon
COG0760,31,0.9674,8.26,7.27e-17,4.63e-13,SAR,FBpp0072418,7227,CG32845
COG0760,31,0.9674,8.26,7.27e-17,4.63e-13,SAR,FBpp0076894,7227,dod
COG0760,31,0.9674,8.26,7.27e-17,4.63e-13,SAR,FBpp0084190,7227,CG11858
COG0050,31,0.9647,8.254,7.67e-17,4.88e-13,SAR,FBpp0086790,7227,EfTuM
COG0050,31,0.9647,8.254,7.67e-17,4.88e-13,SAR,FBpp0088054,7227,CG12736
COG0372,31,0.9678,8.249,8.01e-17,5.1e-13,SAR,FBpp0070871,7227,kdn
COG0372,31,0.9678,8.249,8.01e-17,5.1e-13,SAR,FBpp0082025,7227,CG14740
KOG0768,31,0.9271,8.241,8.53e-17,5.43e-13,SAR,FBpp0084307,7227,CG4743
COG0285,31,0.9479,8.241,8.55e-17,5.45e-13,SAR,FBpp0073488,7227,CG2543
COG0285,31,0.9479,8.241,8.55e-17,5.45e-13,SAR,FBpp0077198,7227,CG31773
COG0285,31,0.9479,8.241,8.55e-17,5.45e-13,SAR,FBpp0300449,7227,fred
COG5022,31,0.9792,8.24,8.63e-17,5.5e-13,SAR,FBpp0072306,7227,zip
COG5022,31,0.9792,8.24,8.63e-17,5.5e-13,SAR,FBpp0072567,7227,Myo61F
COG5022,31,0.9792,8.24,8.63e-17,5.5e-13,SAR,FBpp0076320,7227,Prm
COG5022,31,0.9792,8.24,8.63e-17,5.5e-13,SAR,FBpp0079064,7227,ninaC
COG5022,31,0.9792,8.24,8.63e-17,5.5e-13,SAR,FBpp0079097,7227,Myo28B1
COG5022,31,0.9792,8.24,8.63e-17,5.5e-13,SAR,FBpp0079625,7227,Myo31DF
COG5022,31,0.9792,8.24,8.63e-17,5.5e-13,SAR,FBpp0080282,7227,ck
COG5022,31,0.9792,8.24,8.63e-17,5.5e-13,SAR,FBpp0080452,7227,Mhc
COG5022,31,0.9792,8.24,8.63e-17,5.5e-13,SAR,FBpp0082685,7227,Mhcl
COG5022,31,0.9792,8.24,8.63e-17,5.5e-13,SAR,FBpp0088684,7227,didum
COG5022,31,0.9792,8.24,8.63e-17,5.5e-13,SAR,FBpp0099956,7227,Myo95E
COG5022,31,0.9792,8.24,8.63e-17,5.5e-13,SAR,FBpp0290582,7227,jar
COG5022,31,0.9792,8.24,8.63e-17,5.5e-13,SAR,FBpp0291458,7227,CG42621
COG5022,31,0.9792,8.24,8.63e-17,5.5e-13,SAR,FBpp0291459,7227,CG15831
COG5022,31,0.9792,8.24,8.63e-17,5.5e-13,SAR,FBpp0291460,7227,CG40155
COG5022,31,0.9792,8.24,8.63e-17,5.5e-13,SAR,FBpp0291463,7227,CG42623
COG5022,31,0.9792,8.24,8.63e-17,5.5e-13,SAR,FBpp0291464,7227,CG40204
COG5022,31,0.9792,8.24,8.63e-17,5.5e-13,SAR,FBpp0291465,7227,CG42624
COG5022,31,0.9792,8.24,8.63e-17,5.5e-13,SAR,FBpp0291466,7227,CG41281
COG5022,31,0.9792,8.24,8.63e-17,5.5e-13,SAR,FBpp0291467,7227,CG41527
COG5022,31,0.9792,8.24,8.63e-17,5.5e-13,SAR,FBpp0292925,7227,d
COG5022,31,0.9792,8.24,8.63e-17,5.5e-13,SAR,FBpp0302017,7227,Myo10A
COG5022,31,0.9792,8.24,8.63e-17,5.5e-13,SAR,FBpp0304331,7227,CG43796
COG5077,31,0.9998,8.229,9.42e-17,6e-13,SAR,FBpp0073474,7227,Usp7
COG5077,31,0.9998,8.229,9.42e-17,6e-13,SAR,FBpp0076802,7227,Usp47
COG5077,31,0.9998,8.229,9.42e-17,6e-13,SAR,FBpp0085202,7227,faf
COG5077,31,0.9998,8.229,9.42e-17,6e-13,SAR,FBpp0303340,7227,puf
KOG2280,31,0.9466,8.228,9.53e-17,6.07e-13,SAR,FBpp0081459,7227,Vps16A
COG5259,31,0.9694,8.226,9.68e-17,6.17e-13,SAR,FBpp0082692,7227,mor
KOG0401,31,0.9674,8.208,1.12e-16,7.15e-13,SAR,FBpp0088566,7227,eIF4G2
KOG0401,31,0.9674,8.208,1.12e-16,7.15e-13,SAR,FBpp0100139,7227,NAT1
KOG0401,31,0.9674,8.208,1.12e-16,7.15e-13,SAR,FBpp0111817,7227,eIF4G
KOG0401,31,0.9674,8.208,1.12e-16,7.15e-13,SAR,FBpp0297530,7227,CG8963
COG0429,31,0.9586,8.206,1.14e-16,7.25e-13,SAR,FBpp0087661,7227,Hydr1
COG0429,31,0.9586,8.206,1.14e-16,7.25e-13,SAR,FBpp0300634,7227,Hydr2
KOG0120,31,0.9801,8.203,1.17e-16,7.47e-13,SAR,FBpp0071961,7227,LS2
KOG0120,31,0.9801,8.203,1.17e-16,7.47e-13,SAR,FBpp0298005,7227,U2af50
COG0015,31,0.9697,8.189,1.32e-16,8.41e-13,SAR,FBpp0082816,7227,AdSL
COG0339,31,0.9975,8.175,1.47e-16,9.39e-13,SAR,FBpp0084123,7227,CG11771
COG0339,31,0.9975,8.175,1.47e-16,9.39e-13,SAR,FBpp0085393,7227,CG7791
COG0023,31,0.9998,8.175,1.48e-16,9.43e-13,SAR,FBpp0072908,7227,CG17737
COG0023,31,0.9998,8.175,1.48e-16,9.43e-13,SAR,FBpp0302657,7227,CG9099
COG5647,31,1,8.169,1.56e-16,9.92e-13,SAR,FBpp0075633,7227,CG11261
COG5647,31,1,8.169,1.56e-16,9.92e-13,SAR,FBpp0084786,7227,Cul5
COG5647,31,1,8.169,1.56e-16,9.92e-13,SAR,FBpp0085254,7227,Cul2
COG5647,31,1,8.169,1.56e-16,9.92e-13,SAR,FBpp0087897,7227,Cul4
COG5647,31,1,8.169,1.56e-16,9.92e-13,SAR,FBpp0087921,7227,Cul1
COG5647,31,1,8.169,1.56e-16,9.92e-13,SAR,FBpp0291369,7227,Cul3
COG0654,31,0.9742,8.164,1.62e-16,1.03e-12,SAR,FBpp0078759,7227,CG7277
COG0654,31,0.9742,8.164,1.62e-16,1.03e-12,SAR,FBpp0088005,7227,cn
KOG3399,31,0.9596,8.163,1.64e-16,1.04e-12,SAR,FBpp0073620,7227,Yippee
KOG3399,31,0.9596,8.163,1.64e-16,1.04e-12,SAR,FBpp0305119,7227,CG15309
KOG2296,31,0.9526,8.159,1.69e-16,1.07e-12,SAR,FBpp0081508,7227,CG8135
COG0605,31,0.9869,8.154,1.76e-16,1.12e-12,SAR,FBpp0086226,7227,Sod2
COG0404,31,0.9443,8.154,1.76e-16,1.12e-12,SAR,FBpp0070620,7227,CG3626
COG0404,31,0.9443,8.154,1.76e-16,1.12e-12,SAR,FBpp0079697,7227,CG6415
COG0404,31,0.9443,8.154,1.76e-16,1.12e-12,SAR,FBpp0088528,7227,Sardh
KOG1278,31,0.9748,8.152,1.78e-16,1.14e-12,SAR,FBpp0076833,7227,CG10590
KOG1278,31,0.9748,8.152,1.78e-16,1.14e-12,SAR,FBpp0080109,7227,TM9SF4
KOG1278,31,0.9748,8.152,1.78e-16,1.14e-12,SAR,FBpp0080923,7227,CG9318
COG0265,31,0.9993,8.151,1.81e-16,1.15e-12,SAR,FBpp0072282,7227,CG3589
COG0265,31,0.9993,8.151,1.81e-16,1.15e-12,SAR,FBpp0082314,7227,CG9588
COG0265,31,0.9993,8.151,1.81e-16,1.15e-12,SAR,FBpp0303078,7227,HtrA2
COG3346,31,0.9031,8.15,1.82e-16,1.16e-12,SAR,FBpp0076607,7227,Surf1
KOG0007,31,0.9773,8.148,1.85e-16,1.18e-12,SAR,FBpp0075048,7227,scaf6
KOG0007,31,0.9773,8.148,1.85e-16,1.18e-12,SAR,FBpp0082817,7227,CG16941
KOG3151,31,0.9771,8.144,1.92e-16,1.22e-12,SAR,FBpp0075068,7227,Rpn12
KOG3151,31,0.9771,8.144,1.92e-16,1.22e-12,SAR,FBpp0075422,7227,Rpn12R
KOG2445,31,0.9539,8.143,1.93e-16,1.23e-12,SAR,FBpp0087936,7227,Nup44A
KOG0118,31,1,8.141,1.96e-16,1.25e-12,SAR,FBpp0075902,7227,CG11726
KOG0118,31,1,8.141,1.96e-16,1.25e-12,SAR,FBpp0076567,7227,CG33278
KOG0118,31,1,8.141,1.96e-16,1.25e-12,SAR,FBpp0076923,7227,CG33714
KOG0118,31,1,8.141,1.96e-16,1.25e-12,SAR,FBpp0077144,7227,CG15440
KOG0118,31,1,8.141,1.96e-16,1.25e-12,SAR,FBpp0080510,7227,CG12288
KOG0118,31,1,8.141,1.96e-16,1.25e-12,SAR,FBpp0081367,7227,CG8021
KOG0118,31,1,8.141,1.96e-16,1.25e-12,SAR,FBpp0082318,7227,Rbp4
KOG0118,31,1,8.141,1.96e-16,1.25e-12,SAR,FBpp0082602,7227,CG5213
KOG0118,31,1,8.141,1.96e-16,1.25e-12,SAR,FBpp0084463,7227,Rb97D
KOG0118,31,1,8.141,1.96e-16,1.25e-12,SAR,FBpp0084669,7227,Hrb98DE
KOG0118,31,1,8.141,1.96e-16,1.25e-12,SAR,FBpp0084973,7227,CG7903
KOG0118,31,1,8.141,1.96e-16,1.25e-12,SAR,FBpp0085061,7227,CG1340
KOG0118,31,1,8.141,1.96e-16,1.25e-12,SAR,FBpp0088562,7227,tra2
KOG0118,31,1,8.141,1.96e-16,1.25e-12,SAR,FBpp0089110,7227,ssx
KOG0118,31,1,8.141,1.96e-16,1.25e-12,SAR,FBpp0089381,7227,Rbp2
KOG0118,31,1,8.141,1.96e-16,1.25e-12,SAR,FBpp0111448,7227,CG34334
KOG0118,31,1,8.141,1.96e-16,1.25e-12,SAR,FBpp0111476,7227,CG34354
KOG0118,31,1,8.141,1.96e-16,1.25e-12,SAR,FBpp0112403,7227,eIF-4B
KOG0118,31,1,8.141,1.96e-16,1.25e-12,SAR,FBpp0289481,7227,CG42458
KOG0118,31,1,8.141,1.96e-16,1.25e-12,SAR,FBpp0290490,7227,Larp7
KOG0118,31,1,8.141,1.96e-16,1.25e-12,SAR,FBpp0290611,7227,CG34362
KOG0118,31,1,8.141,1.96e-16,1.25e-12,SAR,FBpp0297274,7227,CG4612
KOG0118,31,1,8.141,1.96e-16,1.25e-12,SAR,FBpp0302741,7227,Hrb87F
KOG0118,31,1,8.141,1.96e-16,1.25e-12,SAR,FBpp0303693,7227,Sxl
KOG0118,31,1,8.141,1.96e-16,1.25e-12,SAR,FBpp0304242,7227,bol
COG0345,31,0.9723,8.137,2.02e-16,1.29e-12,SAR,FBpp0082895,7227,P5cr-2
COG0345,31,0.9723,8.137,2.02e-16,1.29e-12,SAR,FBpp0083127,7227,P5cr
KOG1703,31,0.9433,8.132,2.11e-16,1.35e-12,SAR,FBpp0072066,7227,Sox14
KOG1703,31,0.9433,8.132,2.11e-16,1.35e-12,SAR,FBpp0072068,7227,CG30178
KOG1703,31,0.9433,8.132,2.11e-16,1.35e-12,SAR,FBpp0080752,7227,Pax
KOG1703,31,0.9433,8.132,2.11e-16,1.35e-12,SAR,FBpp0081018,7227,CG31988
KOG1703,31,0.9433,8.132,2.11e-16,1.35e-12,SAR,FBpp0081019,7227,CG31624
KOG1703,31,0.9433,8.132,2.11e-16,1.35e-12,SAR,FBpp0099801,7227,Zasp52
KOG1703,31,0.9433,8.132,2.11e-16,1.35e-12,SAR,FBpp0111439,7227,CG34325
COG0308,31,0.9998,8.129,2.17e-16,1.38e-12,SAR,FBpp0071421,7227,CG2111
COG0308,31,0.9998,8.129,2.17e-16,1.38e-12,SAR,FBpp0071435,7227,CG9806
COG0308,31,0.9998,8.129,2.17e-16,1.38e-12,SAR,FBpp0072583,7227,Psa
COG0308,31,0.9998,8.129,2.17e-16,1.38e-12,SAR,FBpp0075867,7227,CG6071
COG0308,31,0.9998,8.129,2.17e-16,1.38e-12,SAR,FBpp0082209,7227,CG8774
COG0308,31,0.9998,8.129,2.17e-16,1.38e-12,SAR,FBpp0082211,7227,CG32473
COG0308,31,0.9998,8.129,2.17e-16,1.38e-12,SAR,FBpp0083523,7227,CG5849
COG0308,31,0.9998,8.129,2.17e-16,1.38e-12,SAR,FBpp0083524,7227,CG31343
COG0308,31,0.9998,8.129,2.17e-16,1.38e-12,SAR,FBpp0083525,7227,CG31233
COG0308,31,0.9998,8.129,2.17e-16,1.38e-12,SAR,FBpp0083526,7227,CG31198
COG0308,31,0.9998,8.129,2.17e-16,1.38e-12,SAR,FBpp0084751,7227,CG14516
COG0308,31,0.9998,8.129,2.17e-16,1.38e-12,SAR,FBpp0084768,7227,SP1029
COG0308,31,0.9998,8.129,2.17e-16,1.38e-12,SAR,FBpp0084772,7227,CG11951
COG0308,31,0.9998,8.129,2.17e-16,1.38e-12,SAR,FBpp0110098,7227,CG4467
COG0308,31,0.9998,8.129,2.17e-16,1.38e-12,SAR,FBpp0110455,7227,CG40470
COG0308,31,0.9998,8.129,2.17e-16,1.38e-12,SAR,FBpp0111795,7227,sda
COG0308,31,0.9998,8.129,2.17e-16,1.38e-12,SAR,FBpp0271735,7227,CG3502
COG0308,31,0.9998,8.129,2.17e-16,1.38e-12,SAR,FBpp0288476,7227,CG8773
COG0308,31,0.9998,8.129,2.17e-16,1.38e-12,SAR,FBpp0289130,7227,CG42335
COG0308,31,0.9998,8.129,2.17e-16,1.38e-12,SAR,FBpp0297620,7227,CG7653
COG0308,31,0.9998,8.129,2.17e-16,1.38e-12,SAR,FBpp0300412,7227,CG10602
COG0308,31,0.9998,8.129,2.17e-16,1.38e-12,SAR,FBpp0304704,7227,CG31445
COG0308,31,0.9998,8.129,2.17e-16,1.38e-12,SAR,FBpp0304706,7227,CG31427
COG5160,31,0.9992,8.127,2.2e-16,1.4e-12,SAR,FBpp0073537,7227,CG12717
COG5160,31,0.9992,8.127,2.2e-16,1.4e-12,SAR,FBpp0074462,7227,Ulp1
COG5160,31,0.9992,8.127,2.2e-16,1.4e-12,SAR,FBpp0075663,7227,CG32110
COG5160,31,0.9992,8.127,2.2e-16,1.4e-12,SAR,FBpp0076659,7227,velo
COG5160,31,0.9992,8.127,2.2e-16,1.4e-12,SAR,FBpp0112811,7227,CG41423
COG5160,31,0.9992,8.127,2.2e-16,1.4e-12,SAR,FBpp0289914,7227,CG11023
KOG4206,31,0.9786,8.127,2.21e-16,1.41e-12,SAR,FBpp0070716,7227,snf
KOG4206,31,0.9786,8.127,2.21e-16,1.41e-12,SAR,FBpp0292902,7227,Snp
COG2518,31,0.9448,8.119,2.35e-16,1.5e-12,SAR,FBpp0078405,7227,Pcmt
KOG2675,31,0.9917,8.119,2.36e-16,1.5e-12,SAR,FBpp0099391,7227,capt
KOG3077,31,0.9198,8.114,2.46e-16,1.56e-12,SAR,FBpp0074607,7227,CG6597
KOG3077,31,0.9198,8.114,2.46e-16,1.56e-12,SAR,FBpp0086916,7227,CG13322
KOG3077,31,0.9198,8.114,2.46e-16,1.56e-12,SAR,FBpp0297285,7227,CG7427
COG5103,31,0.9995,8.113,2.47e-16,1.57e-12,SAR,FBpp0293496,7227,Not1
COG2183,31,0.9985,8.11,2.54e-16,1.62e-12,SAR,FBpp0070861,7227,Spt6
COG2183,31,0.9985,8.11,2.54e-16,1.62e-12,SAR,FBpp0083670,7227,CG31156
KOG0758,31,0.9313,8.105,2.63e-16,1.67e-12,SAR,FBpp0077414,7227,colt
KOG0758,31,0.9313,8.105,2.63e-16,1.67e-12,SAR,FBpp0079017,7227,CG3476
KOG0758,31,0.9313,8.105,2.63e-16,1.67e-12,SAR,FBpp0084580,7227,CG5646
KOG2910,31,0.9528,8.103,2.69e-16,1.71e-12,SAR,FBpp0300826,7227,Vps20
KOG3482,31,0.975,8.097,2.82e-16,1.79e-12,SAR,FBpp0087118,7227,SmF
KOG1110,31,0.9456,8.096,2.84e-16,1.81e-12,SAR,FBpp0071240,7227,CG12056
KOG1110,31,0.9456,8.096,2.84e-16,1.81e-12,SAR,FBpp0077562,7227,c-cup
KOG1110,31,0.9456,8.096,2.84e-16,1.81e-12,SAR,FBpp0079963,7227,t-cup
KOG1110,31,0.9456,8.096,2.84e-16,1.81e-12,SAR,FBpp0080101,7227,CG16957
KOG1110,31,0.9456,8.096,2.84e-16,1.81e-12,SAR,FBpp0290813,7227,MSBP
COG0538,31,0.9469,8.093,2.92e-16,1.86e-12,SAR,FBpp0305272,7227,Idh
COG0076,31,0.9929,8.092,2.94e-16,1.87e-12,SAR,FBpp0073131,7227,Gad1
COG0076,31,0.9929,8.092,2.94e-16,1.87e-12,SAR,FBpp0077837,7227,CG5618
COG0076,31,0.9929,8.092,2.94e-16,1.87e-12,SAR,FBpp0080697,7227,amd
COG0076,31,0.9929,8.092,2.94e-16,1.87e-12,SAR,FBpp0080710,7227,Ddc
COG0076,31,0.9929,8.092,2.94e-16,1.87e-12,SAR,FBpp0085475,7227,Tdc2
COG0076,31,0.9929,8.092,2.94e-16,1.87e-12,SAR,FBpp0085476,7227,Tdc1
COG0076,31,0.9929,8.092,2.94e-16,1.87e-12,SAR,FBpp0086158,7227,Sply
COG0076,31,0.9929,8.092,2.94e-16,1.87e-12,SAR,FBpp0271885,7227,CG1427
COG0076,31,0.9929,8.092,2.94e-16,1.87e-12,SAR,FBpp0301687,7227,b
COG0076,31,0.9929,8.092,2.94e-16,1.87e-12,SAR,FBpp0304256,7227,Hdc
COG5050,31,0.9985,8.088,3.03e-16,1.93e-12,SAR,FBpp0079119,7227,CG7149
COG5050,31,0.9985,8.088,3.03e-16,1.93e-12,SAR,FBpp0080790,7227,CG33116
COG5050,31,0.9985,8.088,3.03e-16,1.93e-12,SAR,FBpp0080791,7227,CG31697
COG5050,31,0.9985,8.088,3.03e-16,1.93e-12,SAR,FBpp0086818,7227,bbc
KOG1043,31,0.9675,8.084,3.14e-16,2e-12,SAR,FBpp0072255,7227,Letm1
COG5184,31,1,8.077,3.31e-16,2.11e-12,SAR,FBpp0076782,7227,Rcc1
COG5184,31,1,8.077,3.31e-16,2.11e-12,SAR,FBpp0077598,7227,CG7420
COG5184,31,1,8.077,3.31e-16,2.11e-12,SAR,FBpp0077702,7227,CG3862
COG5184,31,1,8.077,3.31e-16,2.11e-12,SAR,FBpp0078116,7227,Als2
COG5184,31,1,8.077,3.31e-16,2.11e-12,SAR,FBpp0078816,7227,CG9135
COG5184,31,1,8.077,3.31e-16,2.11e-12,SAR,FBpp0083546,7227,CG6678
COG5184,31,1,8.077,3.31e-16,2.11e-12,SAR,FBpp0084850,7227,ca
COG5184,31,1,8.077,3.31e-16,2.11e-12,SAR,FBpp0086322,7227,CG8060
COG5184,31,1,8.077,3.31e-16,2.11e-12,SAR,FBpp0290235,7227,CG33288
COG5184,31,1,8.077,3.31e-16,2.11e-12,SAR,FBpp0290558,7227,HERC2
COG5104,31,0.9467,8.077,3.32e-16,2.11e-12,SAR,FBpp0077333,7227,CG3542
COG5104,31,0.9467,8.077,3.32e-16,2.11e-12,SAR,FBpp0302662,7227,CG8949
KOG2031,31,0.9453,8.076,3.34e-16,2.12e-12,SAR,FBpp0077263,7227,gkt
COG1565,31,0.9273,8.071,3.49e-16,2.23e-12,SAR,FBpp0081828,7227,CG17726
COG3474,31,0.9693,8.067,3.61e-16,2.3e-12,SAR,FBpp0080445,7227,Cyt-c-d
COG3474,31,0.9693,8.067,3.61e-16,2.3e-12,SAR,FBpp0080446,7227,Cyt-c-p
KOG0412,31,0.985,8.066,3.63e-16,2.31e-12,SAR,FBpp0079628,7227,CG7456
KOG2054,31,0.9803,8.066,3.64e-16,2.32e-12,SAR,FBpp0082727,7227,Mat89Ba
COG5161,31,0.9733,8.064,3.7e-16,2.36e-12,SAR,FBpp0089163,7227,Cpsf160
COG0578,31,0.9475,8.063,3.72e-16,2.37e-12,SAR,FBpp0086442,7227,Gpo-1
COG0578,31,0.9475,8.063,3.72e-16,2.37e-12,SAR,FBpp0087981,7227,CG2137
COG0578,31,0.9475,8.063,3.72e-16,2.37e-12,SAR,FBpp0294018,7227,CG7311
COG0331,31,0.9522,8.056,3.93e-16,2.5e-12,SAR,FBpp0075038,7227,beg
KOG1780,31,0.9264,8.053,4.03e-16,2.57e-12,SAR,FBpp0074151,7227,SmG
COG1382,31,0.9775,8.051,4.1e-16,2.61e-12,SAR,FBpp0076858,7227,CG10635
COG1382,31,0.9775,8.051,4.1e-16,2.61e-12,SAR,FBpp0303214,7227,CG7770
KOG2066,31,0.9384,8.05,4.13e-16,2.63e-12,SAR,FBpp0305699,7227,lt
COG0112,31,0.9693,8.049,4.16e-16,2.65e-12,SAR,FBpp0070792,7227,CG3011
COG5108,31,0.972,8.048,4.19e-16,2.67e-12,SAR,FBpp0304562,7227,mtRNApol
KOG0285,31,0.9985,8.048,4.22e-16,2.68e-12,SAR,FBpp0073459,7227,Tango4
KOG3677,31,0.9613,8.047,4.24e-16,2.7e-12,SAR,FBpp0075754,7227,CG5642
COG2214,31,1,8.047,4.25e-16,2.7e-12,SAR,FBpp0071014,7227,CG32727
COG2214,31,1,8.047,4.25e-16,2.7e-12,SAR,FBpp0081841,7227,CG17187
COG2214,31,1,8.047,4.25e-16,2.7e-12,SAR,FBpp0081843,7227,CG6693
COG2214,31,1,8.047,4.25e-16,2.7e-12,SAR,FBpp0085043,7227,jdp
COG2214,31,1,8.047,4.25e-16,2.7e-12,SAR,FBpp0288463,7227,CG7394
COG0022,31,0.9735,8.046,4.26e-16,2.72e-12,SAR,FBpp0084735,7227,CG11876
COG0022,31,0.9735,8.046,4.26e-16,2.72e-12,SAR,FBpp0112484,7227,CG17691
KOG4209,31,0.9733,8.045,4.31e-16,2.75e-12,SAR,FBpp0081544,7227,RnpS1
KOG4209,31,0.9733,8.045,4.31e-16,2.75e-12,SAR,FBpp0087863,7227,Pabp2
COG0074,31,0.9726,8.045,4.32e-16,2.75e-12,SAR,FBpp0073010,7227,Scsalpha
COG0074,31,0.9726,8.045,4.32e-16,2.75e-12,SAR,FBpp0083183,7227,CG6255
KOG1032,31,0.9484,8.043,4.39e-16,2.79e-12,SAR,FBpp0071601,7227,CG30284
KOG1032,31,0.9484,8.043,4.39e-16,2.79e-12,SAR,FBpp0297429,7227,CG34394
COG0408,31,0.8921,8.041,4.45e-16,2.84e-12,SAR,FBpp0078980,7227,Coprox
KOG1274,31,0.954,8.035,4.69e-16,2.99e-12,SAR,FBpp0086732,7227,Ctf4
KOG2130,31,0.9011,8.034,4.71e-16,3e-12,SAR,FBpp0083632,7227,PSR
KOG2034,31,0.9708,8.03,4.87e-16,3.1e-12,SAR,FBpp0070259,7227,dor
COG0625,31,0.9692,8.028,4.94e-16,3.15e-12,SAR,FBpp0071968,7227,Gr59f
COG0625,31,0.9692,8.028,4.94e-16,3.15e-12,SAR,FBpp0071969,7227,CG30185
COG0625,31,0.9692,8.028,4.94e-16,3.15e-12,SAR,FBpp0072341,7227,GstE12
COG0625,31,0.9692,8.028,4.94e-16,3.15e-12,SAR,FBpp0073609,7227,GstT4
COG0625,31,0.9692,8.028,4.94e-16,3.15e-12,SAR,FBpp0081520,7227,GstZ2
COG0625,31,0.9692,8.028,4.94e-16,3.15e-12,SAR,FBpp0081522,7227,GstZ1
COG0625,31,0.9692,8.028,4.94e-16,3.15e-12,SAR,FBpp0082041,7227,GstD2
COG0625,31,0.9692,8.028,4.94e-16,3.15e-12,SAR,FBpp0082042,7227,GstD3
COG0625,31,0.9692,8.028,4.94e-16,3.15e-12,SAR,FBpp0082043,7227,GstD4
COG0625,31,0.9692,8.028,4.94e-16,3.15e-12,SAR,FBpp0082044,7227,GstD5
COG0625,31,0.9692,8.028,4.94e-16,3.15e-12,SAR,FBpp0082045,7227,GstD6
COG0625,31,0.9692,8.028,4.94e-16,3.15e-12,SAR,FBpp0082046,7227,GstD7
COG0625,31,0.9692,8.028,4.94e-16,3.15e-12,SAR,FBpp0082047,7227,GstD8
COG0625,31,0.9692,8.028,4.94e-16,3.15e-12,SAR,FBpp0082078,7227,GstD9
COG0625,31,0.9692,8.028,4.94e-16,3.15e-12,SAR,FBpp0082079,7227,GstD10
COG0625,31,0.9692,8.028,4.94e-16,3.15e-12,SAR,FBpp0084761,7227,Ef1gamma
COG0625,31,0.9692,8.028,4.94e-16,3.15e-12,SAR,FBpp0085850,7227,GstE1
COG0625,31,0.9692,8.028,4.94e-16,3.15e-12,SAR,FBpp0085851,7227,GstE2
COG0625,31,0.9692,8.028,4.94e-16,3.15e-12,SAR,FBpp0085852,7227,GstE3
COG0625,31,0.9692,8.028,4.94e-16,3.15e-12,SAR,FBpp0085853,7227,GstE4
COG0625,31,0.9692,8.028,4.94e-16,3.15e-12,SAR,FBpp0085854,7227,GstE5
COG0625,31,0.9692,8.028,4.94e-16,3.15e-12,SAR,FBpp0085855,7227,GstE6
COG0625,31,0.9692,8.028,4.94e-16,3.15e-12,SAR,FBpp0085856,7227,GstE7
COG0625,31,0.9692,8.028,4.94e-16,3.15e-12,SAR,FBpp0085857,7227,GstE8
COG0625,31,0.9692,8.028,4.94e-16,3.15e-12,SAR,FBpp0085858,7227,GstE9
COG0625,31,0.9692,8.028,4.94e-16,3.15e-12,SAR,FBpp0085876,7227,GstE11
COG0625,31,0.9692,8.028,4.94e-16,3.15e-12,SAR,FBpp0085905,7227,GstE10
COG0625,31,0.9692,8.028,4.94e-16,3.15e-12,SAR,FBpp0086857,7227,GstE14
COG0625,31,0.9692,8.028,4.94e-16,3.15e-12,SAR,FBpp0087548,7227,GstT1
COG0625,31,0.9692,8.028,4.94e-16,3.15e-12,SAR,FBpp0087549,7227,GstT2
COG0625,31,0.9692,8.028,4.94e-16,3.15e-12,SAR,FBpp0099824,7227,GstD1
COG0625,31,0.9692,8.028,4.94e-16,3.15e-12,SAR,FBpp0113057,7227,GstD11
COG0625,31,0.9692,8.028,4.94e-16,3.15e-12,SAR,FBpp0289447,7227,GstT3
COG0625,31,0.9692,8.028,4.94e-16,3.15e-12,SAR,FBpp0290855,7227,gfzf
COG0625,31,0.9692,8.028,4.94e-16,3.15e-12,SAR,FBpp0291657,7227,GstE13
COG0501,31,0.992,8.027,5.01e-16,3.19e-12,SAR,FBpp0075901,7227,CG7573
COG0501,31,0.992,8.027,5.01e-16,3.19e-12,SAR,FBpp0086207,7227,ste24a
COG0501,31,0.992,8.027,5.01e-16,3.19e-12,SAR,FBpp0086208,7227,ste24b
COG0501,31,0.992,8.027,5.01e-16,3.19e-12,SAR,FBpp0100158,7227,ste24c
KOG2778,31,0.9768,8.026,5.03e-16,3.2e-12,SAR,FBpp0073471,7227,Uch-L5R
KOG2778,31,0.9768,8.026,5.03e-16,3.2e-12,SAR,FBpp0076200,7227,Uch-L5
KOG2778,31,0.9768,8.026,5.03e-16,3.2e-12,SAR,FBpp0086383,7227,calypso
COG5215,31,0.986,8.024,5.12e-16,3.26e-12,SAR,FBpp0294035,7227,Fs(2)Ket
KOG3228,31,0.9443,8.023,5.16e-16,3.29e-12,SAR,FBpp0071259,7227,c12.1
KOG2422,31,0.9619,8.022,5.21e-16,3.32e-12,SAR,FBpp0076407,7227,CG7927
COG1311,31,0.9983,8.02,5.27e-16,3.35e-12,SAR,FBpp0072658,7227,CG12018
COG5138,31,0.9028,8.02,5.3e-16,3.38e-12,SAR,FBpp0305498,7227,Psf3
KOG1938,31,0.9501,8.019,5.34e-16,3.4e-12,SAR,FBpp0306028,7227,l(3)76BDm
COG5600,31,0.9881,8.017,5.42e-16,3.45e-12,SAR,FBpp0075833,7227,PCID2
COG5111,31,0.9926,8.015,5.53e-16,3.52e-12,SAR,FBpp0293863,7227,CG5380
COG0174,31,0.9608,8.014,5.53e-16,3.52e-12,SAR,FBpp0073344,7227,Gs2
COG0174,31,0.9608,8.014,5.53e-16,3.52e-12,SAR,FBpp0077773,7227,Gs1
KOG4441,31,0.8773,8.014,5.54e-16,3.53e-12,SAR,FBpp0071249,7227,CG17754
KOG4441,31,0.8773,8.014,5.54e-16,3.53e-12,SAR,FBpp0075260,7227,dbo
KOG4441,31,0.8773,8.014,5.54e-16,3.53e-12,SAR,FBpp0080063,7227,CG9426
KOG4441,31,0.8773,8.014,5.54e-16,3.53e-12,SAR,FBpp0080595,7227,kel
KOG4441,31,0.8773,8.014,5.54e-16,3.53e-12,SAR,FBpp0082029,7227,KLHL18
KOG4441,31,0.8773,8.014,5.54e-16,3.53e-12,SAR,FBpp0082864,7227,Keap1
KOG4441,31,0.8773,8.014,5.54e-16,3.53e-12,SAR,FBpp0112409,7227,klhl10
KOG4441,31,0.8773,8.014,5.54e-16,3.53e-12,SAR,FBpp0292329,7227,CG15097
COG0446,31,0.9915,8.014,5.57e-16,3.55e-12,SAR,FBpp0073081,7227,CG14997
COG0446,31,0.9915,8.014,5.57e-16,3.55e-12,SAR,FBpp0077504,7227,AIF
COG0446,31,0.9915,8.014,5.57e-16,3.55e-12,SAR,FBpp0080714,7227,CG10700
COG0446,31,0.9915,8.014,5.57e-16,3.55e-12,SAR,FBpp0289482,7227,CG4199
COG0446,31,0.9915,8.014,5.57e-16,3.55e-12,SAR,FBpp0304005,7227,CG10721
COG2857,31,0.9707,8.013,5.61e-16,3.57e-12,SAR,FBpp0076848,7227,Cyt-c1
COG2857,31,0.9707,8.013,5.61e-16,3.57e-12,SAR,FBpp0084775,7227,Cyt-c1L
KOG3014,31,0.9039,8.01,5.73e-16,3.65e-12,SAR,FBpp0076592,7227,eco
KOG1929,31,0.9308,8.005,5.97e-16,3.8e-12,SAR,FBpp0073648,7227,mus101
KOG1861,31,0.9894,8.005,5.97e-16,3.8e-12,SAR,FBpp0079776,7227,CG6700
KOG1737,31,0.933,8.001,6.16e-16,3.92e-12,SAR,FBpp0072110,7227,CG3860
KOG1737,31,0.933,8.001,6.16e-16,3.92e-12,SAR,FBpp0084176,7227,Osbp
COG0723,31,0.9691,7.998,6.33e-16,4.03e-12,SAR,FBpp0077580,7227,RFeSP
KOG2154,31,0.9808,7.997,6.39e-16,4.07e-12,SAR,FBpp0070561,7227,CG2875
COG0567,31,0.9746,7.996,6.42e-16,4.09e-12,SAR,FBpp0072631,7227,CG33791
COG0567,31,0.9746,7.996,6.42e-16,4.09e-12,SAR,FBpp0085117,7227,CG1544
COG0567,31,0.9746,7.996,6.42e-16,4.09e-12,SAR,FBpp0305416,7227,Nc73EF
KOG3758,31,0.9231,7.992,6.66e-16,4.24e-12,SAR,FBpp0087676,7227,CG1968
KOG0586,31,0.9074,7.991,6.69e-16,4.26e-12,SAR,FBpp0070326,7227,Sik2
KOG0586,31,0.9074,7.991,6.69e-16,4.26e-12,SAR,FBpp0290641,7227,KP78a
KOG0586,31,0.9074,7.991,6.69e-16,4.26e-12,SAR,FBpp0290642,7227,KP78b
KOG0586,31,0.9074,7.991,6.69e-16,4.26e-12,SAR,FBpp0290718,7227,par-1
KOG0586,31,0.9074,7.991,6.69e-16,4.26e-12,SAR,FBpp0292995,7227,Sik3
KOG0686,31,0.9268,7.991,6.7e-16,4.27e-12,SAR,FBpp0074841,7227,CSN1b
KOG0686,31,0.9268,7.991,6.7e-16,4.27e-12,SAR,FBpp0080233,7227,CSN1a
KOG1092,31,0.9966,7.99,6.76e-16,4.31e-12,SAR,FBpp0083411,7227,CG5745
COG5176,31,0.997,7.989,6.79e-16,4.32e-12,SAR,FBpp0071633,7227,CG4021
COG5176,31,0.997,7.989,6.79e-16,4.32e-12,SAR,FBpp0071739,7227,qkr58E-2
COG5176,31,0.997,7.989,6.79e-16,4.32e-12,SAR,FBpp0071754,7227,qkr58E-1
COG5176,31,0.997,7.989,6.79e-16,4.32e-12,SAR,FBpp0071764,7227,CG3927
COG5176,31,0.997,7.989,6.79e-16,4.32e-12,SAR,FBpp0071772,7227,nsr
COG5176,31,0.997,7.989,6.79e-16,4.32e-12,SAR,FBpp0082897,7227,SF1
COG5176,31,0.997,7.989,6.79e-16,4.32e-12,SAR,FBpp0083575,7227,how
COG5176,31,0.997,7.989,6.79e-16,4.32e-12,SAR,FBpp0289907,7227,CG10384
COG5176,31,0.997,7.989,6.79e-16,4.32e-12,SAR,FBpp0297358,7227,qkr54B
COG5176,31,0.997,7.989,6.79e-16,4.32e-12,SAR,FBpp0298043,7227,qkr58E-3
KOG2061,31,0.9931,7.987,6.93e-16,4.41e-12,SAR,FBpp0072162,7227,Zfrp8
KOG2061,31,0.9931,7.987,6.93e-16,4.41e-12,SAR,FBpp0082103,7227,trus
KOG2291,31,0.9537,7.986,6.99e-16,4.45e-12,SAR,FBpp0088796,7227,rho-5
KOG2291,31,0.9537,7.986,6.99e-16,4.45e-12,SAR,FBpp0304506,7227,CG33303
COG5113,31,0.9995,7.985,7.02e-16,4.47e-12,SAR,FBpp0078927,7227,CG11070
COG5113,31,0.9995,7.985,7.02e-16,4.47e-12,SAR,FBpp0080009,7227,CG9934
COG5113,31,0.9995,7.985,7.02e-16,4.47e-12,SAR,FBpp0084991,7227,CG2218
KOG0076,31,0.9185,7.985,7.03e-16,4.48e-12,SAR,FBpp0071229,7227,Arfrp1
COG1096,31,0.9342,7.982,7.19e-16,4.58e-12,SAR,FBpp0079813,7227,Csl4
KOG3473,31,0.8882,7.982,7.21e-16,4.59e-12,SAR,FBpp0085724,7227,EloC
COG0571,31,0.9335,7.98,7.3e-16,4.65e-12,SAR,FBpp0078415,7227,mRpL44
COG0571,31,0.9335,7.98,7.3e-16,4.65e-12,SAR,FBpp0083717,7227,Dcr-1
COG0571,31,0.9335,7.98,7.3e-16,4.65e-12,SAR,FBpp0086061,7227,Dcr-2
COG0571,31,0.9335,7.98,7.3e-16,4.65e-12,SAR,FBpp0087926,7227,drosha
KOG0154,31,0.9054,7.979,7.35e-16,4.68e-12,SAR,FBpp0077635,7227,CG4896
KOG0154,31,0.9054,7.979,7.35e-16,4.68e-12,SAR,FBpp0086500,7227,CG8079
KOG0154,31,0.9054,7.979,7.35e-16,4.68e-12,SAR,FBpp0303724,7227,CG4887
COG0604,31,0.9663,7.979,7.39e-16,4.71e-12,SAR,FBpp0077340,7227,CG17221
COG0604,31,0.9663,7.979,7.39e-16,4.71e-12,SAR,FBpp0086748,7227,CG16935
COG0604,31,0.9663,7.979,7.39e-16,4.71e-12,SAR,FBpp0088031,7227,Drat
KOG2308,31,0.8874,7.978,7.44e-16,4.74e-12,SAR,FBpp0079257,7227,CG8552
COG0689,31,0.9979,7.977,7.47e-16,4.76e-12,SAR,FBpp0074687,7227,Mtr3
COG0689,31,0.9979,7.977,7.47e-16,4.76e-12,SAR,FBpp0080062,7227,Ski6
COG0689,31,0.9979,7.977,7.47e-16,4.76e-12,SAR,FBpp0081725,7227,Rrp46
KOG2987,31,0.9465,7.977,7.48e-16,4.76e-12,SAR,FBpp0078810,7227,ifc
COG0402,31,0.9248,7.976,7.53e-16,4.8e-12,SAR,FBpp0078625,7227,DhpD
KOG3937,31,0.8741,7.975,7.59e-16,4.84e-12,SAR,FBpp0083025,7227,CG12320
COG0724,31,1,7.975,7.61e-16,4.85e-12,SAR,FBpp0081601,7227,rump
COG0724,31,1,7.975,7.61e-16,4.85e-12,SAR,FBpp0083075,7227,CstF-64
COG0724,31,1,7.975,7.61e-16,4.85e-12,SAR,FBpp0083976,7227,Rox8
COG0724,31,1,7.975,7.61e-16,4.85e-12,SAR,FBpp0111476,7227,CG34354
COG0724,31,1,7.975,7.61e-16,4.85e-12,SAR,FBpp0290611,7227,CG34362
COG0724,31,1,7.975,7.61e-16,4.85e-12,SAR,FBpp0293269,7227,SF2
COG0724,31,1,7.975,7.61e-16,4.85e-12,SAR,FBpp0300515,7227,B52
COG0724,31,1,7.975,7.61e-16,4.85e-12,SAR,FBpp0303792,7227,snRNP70K
KOG0126,31,0.9747,7.972,7.82e-16,4.98e-12,SAR,FBpp0304487,7227,CG10466
KOG0301,31,0.9673,7.97,7.93e-16,5.05e-12,SAR,FBpp0077645,7227,Plap
KOG2479,31,0.9735,7.97,7.96e-16,5.07e-12,SAR,FBpp0082019,7227,CG4810
KOG2479,31,0.9735,7.97,7.96e-16,5.07e-12,SAR,FBpp0088565,7227,eIF-3p66
KOG1963,31,0.9377,7.969,8.01e-16,5.1e-12,SAR,FBpp0113107,7227,CG12050
COG0277,31,0.9276,7.967,8.11e-16,5.16e-12,SAR,FBpp0070365,7227,CG3835
COG0277,31,0.9276,7.967,8.11e-16,5.16e-12,SAR,FBpp0292773,7227,CG10253
COG0646,31,0.929,7.966,8.19e-16,5.22e-12,SAR,FBpp0080731,7227,CG10623
COG0646,31,0.929,7.966,8.19e-16,5.22e-12,SAR,FBpp0080732,7227,CG10621
COG0615,31,0.9788,7.965,8.29e-16,5.28e-12,SAR,FBpp0072621,7227,Cct1
COG0615,31,0.9788,7.965,8.29e-16,5.28e-12,SAR,FBpp0072625,7227,Cct2
COG0615,31,0.9788,7.965,8.29e-16,5.28e-12,SAR,FBpp0080020,7227,Pect
KOG0767,31,0.9742,7.964,8.33e-16,5.31e-12,SAR,FBpp0075461,7227,Mpcp
KOG0767,31,0.9742,7.964,8.33e-16,5.31e-12,SAR,FBpp0085615,7227,CG9090
KOG1781,31,0.936,7.963,8.37e-16,5.33e-12,SAR,FBpp0080488,7227,LSm7
KOG3202,31,0.9173,7.963,8.41e-16,5.35e-12,SAR,FBpp0075124,7227,Syx8
KOG3202,31,0.9173,7.963,8.41e-16,5.35e-12,SAR,FBpp0087203,7227,Syx6
KOG2863,31,0.9945,7.961,8.54e-16,5.44e-12,SAR,FBpp0076410,7227,ldbr
COG0706,31,0.9723,7.96,8.6e-16,5.47e-12,SAR,FBpp0076001,7227,CG6404
COG0706,31,0.9723,7.96,8.6e-16,5.47e-12,SAR,FBpp0076251,7227,CG4942
COG0224,31,0.9675,7.96,8.61e-16,5.48e-12,SAR,FBpp0084907,7227,CG7610
COG0154,31,0.9708,7.957,8.79e-16,5.6e-12,SAR,FBpp0081286,7227,CG7910
COG0154,31,0.9708,7.957,8.79e-16,5.6e-12,SAR,FBpp0083132,7227,gatA
COG0154,31,0.9708,7.957,8.79e-16,5.6e-12,SAR,FBpp0083313,7227,CG5191
COG0154,31,0.9708,7.957,8.79e-16,5.6e-12,SAR,FBpp0084252,7227,CG5112
COG0154,31,0.9708,7.957,8.79e-16,5.6e-12,SAR,FBpp0087068,7227,CG8839
COG0154,31,0.9708,7.957,8.79e-16,5.6e-12,SAR,FBpp0112116,7227,CG7900
KOG0392,31,0.9536,7.955,8.97e-16,5.71e-12,SAR,FBpp0290929,7227,Hel89B
COG1011,31,0.9276,7.954,9.05e-16,5.76e-12,SAR,FBpp0070645,7227,CG15912
COG1011,31,0.9276,7.954,9.05e-16,5.76e-12,SAR,FBpp0070775,7227,CG15771
COG1011,31,0.9276,7.954,9.05e-16,5.76e-12,SAR,FBpp0072460,7227,Reg-2
COG5580,31,0.9865,7.953,9.13e-16,5.81e-12,SAR,FBpp0085258,7227,CG1416
KOG1786,31,0.9775,7.949,9.37e-16,5.97e-12,SAR,FBpp0078775,7227,bchs
KOG1786,31,0.9775,7.949,9.37e-16,5.97e-12,SAR,FBpp0079896,7227,CG6734
KOG1786,31,0.9775,7.949,9.37e-16,5.97e-12,SAR,FBpp0293022,7227,mv
KOG1786,31,0.9775,7.949,9.37e-16,5.97e-12,SAR,FBpp0298310,7227,CG43367
COG3703,31,0.93,7.949,9.4e-16,5.99e-12,SAR,FBpp0073508,7227,CG2540
COG3703,31,0.93,7.949,9.4e-16,5.99e-12,SAR,FBpp0083838,7227,CG10365
KOG1898,31,0.9943,7.948,9.48e-16,6.04e-12,SAR,FBpp0072494,7227,CG13900
KOG0121,31,0.9786,7.946,9.63e-16,6.13e-12,SAR,FBpp0082973,7227,Cbp20
COG5117,31,0.9645,7.945,9.73e-16,6.2e-12,SAR,FBpp0081117,7227,CG1234
COG5636,31,0.9522,7.942,9.98e-16,6.35e-12,SAR,FBpp0080284,7227,CIAPIN1
COG5601,31,0.9597,7.94,1.01e-15,6.43e-12,SAR,FBpp0076303,7227,CG6576
COG5601,31,0.9597,7.94,1.01e-15,6.43e-12,SAR,FBpp0078390,7227,Rga
COG5601,31,0.9597,7.94,1.01e-15,6.43e-12,SAR,FBpp0080292,7227,CG15262
COG1894,31,0.958,7.939,1.02e-15,6.51e-12,SAR,FBpp0078847,7227,ND-51
COG1894,31,0.958,7.939,1.02e-15,6.51e-12,SAR,FBpp0086012,7227,ND-51L1
COG1894,31,0.958,7.939,1.02e-15,6.51e-12,SAR,FBpp0086526,7227,ND-51L2
COG0536,31,0.9718,7.937,1.03e-15,6.58e-12,SAR,FBpp0079327,7227,CG13390
COG0536,31,0.9718,7.937,1.03e-15,6.58e-12,SAR,FBpp0080855,7227,CG10628
COG0153,31,0.9727,7.936,1.04e-15,6.63e-12,SAR,FBpp0076280,7227,Galk
COG0506,31,0.9321,7.936,1.04e-15,6.65e-12,SAR,FBpp0076903,7227,slgA
COG2227,31,0.9617,7.936,1.05e-15,6.67e-12,SAR,FBpp0081028,7227,CG9249
KOG2581,31,0.9983,7.935,1.05e-15,6.68e-12,SAR,FBpp0291495,7227,Rpn3
KOG1248,31,0.9425,7.935,1.05e-15,6.68e-12,SAR,FBpp0073679,7227,CG2691
COG1025,31,0.9717,7.934,1.06e-15,6.73e-12,SAR,FBpp0073438,7227,CG2025
COG1025,31,0.9717,7.934,1.06e-15,6.73e-12,SAR,FBpp0077942,7227,CG10588
COG1025,31,0.9717,7.934,1.06e-15,6.73e-12,SAR,FBpp0271781,7227,Ide
KOG1922,31,0.9761,7.934,1.06e-15,6.74e-12,SAR,FBpp0112380,7227,form3
KOG1922,31,0.9761,7.934,1.06e-15,6.74e-12,SAR,FBpp0288517,7227,capu
KOG1922,31,0.9761,7.934,1.06e-15,6.74e-12,SAR,FBpp0292356,7227,DAAM
KOG3382,31,0.8823,7.933,1.07e-15,6.79e-12,SAR,FBpp0271901,7227,ND-B17.2
COG0365,31,0.9781,7.932,1.08e-15,6.85e-12,SAR,FBpp0078067,7227,AcCoAS
COG0365,31,0.9781,7.932,1.08e-15,6.85e-12,SAR,FBpp0083990,7227,CG6432
KOG3001,31,0.9228,7.93,1.1e-15,6.97e-12,SAR,FBpp0076635,7227,msl-3
KOG3001,31,0.9228,7.93,1.1e-15,6.97e-12,SAR,FBpp0306049,7227,MRG15
KOG3183,31,0.946,7.929,1.1e-15,7.02e-12,SAR,FBpp0099393,7227,CG33981
KOG3183,31,0.946,7.929,1.1e-15,7.02e-12,SAR,FBpp0111932,7227,CG12795
COG0318,31,0.971,7.929,1.1e-15,7.03e-12,SAR,FBpp0071010,7227,CG18155
COG0318,31,0.971,7.929,1.1e-15,7.03e-12,SAR,FBpp0071488,7227,CG9993
COG0318,31,0.971,7.929,1.1e-15,7.03e-12,SAR,FBpp0071489,7227,CG17999
COG0318,31,0.971,7.929,1.1e-15,7.03e-12,SAR,FBpp0072262,7227,CG4563
COG0318,31,0.971,7.929,1.1e-15,7.03e-12,SAR,FBpp0072420,7227,DIP2
COG0318,31,0.971,7.929,1.1e-15,7.03e-12,SAR,FBpp0076733,7227,CG5568
COG0318,31,0.971,7.929,1.1e-15,7.03e-12,SAR,FBpp0078711,7227,CG12512
COG0318,31,0.971,7.929,1.1e-15,7.03e-12,SAR,FBpp0082094,7227,CG4830
COG0318,31,0.971,7.929,1.1e-15,7.03e-12,SAR,FBpp0083203,7227,CG11391
COG0318,31,0.971,7.929,1.1e-15,7.03e-12,SAR,FBpp0083204,7227,CG11407
COG0318,31,0.971,7.929,1.1e-15,7.03e-12,SAR,FBpp0083205,7227,CG11453
COG0318,31,0.971,7.929,1.1e-15,7.03e-12,SAR,FBpp0083208,7227,CG11659
COG0318,31,0.971,7.929,1.1e-15,7.03e-12,SAR,FBpp0083209,7227,CG6300
COG0318,31,0.971,7.929,1.1e-15,7.03e-12,SAR,FBpp0083935,7227,CG6178
COG0318,31,0.971,7.929,1.1e-15,7.03e-12,SAR,FBpp0111986,7227,CG8834
COG0318,31,0.971,7.929,1.1e-15,7.03e-12,SAR,FBpp0290125,7227,CG18586
COG0318,31,0.971,7.929,1.1e-15,7.03e-12,SAR,FBpp0292386,7227,pdgy
COG5139,31,0.9356,7.928,1.11e-15,7.08e-12,SAR,FBpp0111905,7227,CG9915
COG0576,31,0.9708,7.928,1.11e-15,7.08e-12,SAR,FBpp0086795,7227,Roe1
KOG2220,31,0.9789,7.925,1.14e-15,7.26e-12,SAR,FBpp0073911,7227,Rhp
KOG2220,31,0.9789,7.925,1.14e-15,7.26e-12,SAR,FBpp0075450,7227,mop
KOG2220,31,0.9789,7.925,1.14e-15,7.26e-12,SAR,FBpp0084610,7227,ALiX
KOG2758,31,0.9687,7.925,1.14e-15,7.28e-12,SAR,FBpp0075104,7227,Int6
COG0543,31,0.9665,7.922,1.17e-15,7.43e-12,SAR,FBpp0074465,7227,CG7914
COG0543,31,0.9665,7.922,1.17e-15,7.43e-12,SAR,FBpp0075810,7227,CG5946
COG0543,31,0.9665,7.922,1.17e-15,7.43e-12,SAR,FBpp0085713,7227,CG11257
KOG1363,31,0.9839,7.921,1.17e-15,7.48e-12,SAR,FBpp0080670,7227,Faf
KOG1363,31,0.9839,7.921,1.17e-15,7.48e-12,SAR,FBpp0086398,7227,casp
KOG0894,31,0.9303,7.92,1.18e-15,7.54e-12,SAR,FBpp0082929,7227,CG5823
KOG3339,31,0.8938,7.919,1.2e-15,7.61e-12,SAR,FBpp0073853,7227,CG6308
KOG2641,31,0.9838,7.919,1.2e-15,7.61e-12,SAR,FBpp0074790,7227,CG6836
KOG2641,31,0.9838,7.919,1.2e-15,7.61e-12,SAR,FBpp0112035,7227,CG12004
KOG2641,31,0.9838,7.919,1.2e-15,7.61e-12,SAR,FBpp0301148,7227,CG5850
COG1218,31,0.9835,7.919,1.2e-15,7.62e-12,SAR,FBpp0073586,7227,CG15743
COG1218,31,0.9835,7.919,1.2e-15,7.62e-12,SAR,FBpp0082328,7227,Ipp
COG1218,31,0.9835,7.919,1.2e-15,7.62e-12,SAR,FBpp0084849,7227,CG7789
KOG0908,31,0.9322,7.919,1.2e-15,7.62e-12,SAR,FBpp0076804,7227,Txl
COG5148,31,0.9977,7.917,1.22e-15,7.74e-12,SAR,FBpp0078024,7227,Rpn10
COG1053,31,0.9746,7.916,1.23e-15,7.83e-12,SAR,FBpp0075801,7227,SdhAL
COG1053,31,0.9746,7.916,1.23e-15,7.83e-12,SAR,FBpp0085736,7227,SdhA
KOG3392,31,0.9626,7.914,1.25e-15,7.95e-12,SAR,FBpp0071497,7227,mago
COG0465,31,0.9792,7.913,1.25e-15,7.98e-12,SAR,FBpp0070479,7227,CG2658
COG0465,31,0.9792,7.913,1.25e-15,7.98e-12,SAR,FBpp0075012,7227,CG6512
COG0465,31,0.9792,7.913,1.25e-15,7.98e-12,SAR,FBpp0079539,7227,CG4908
COG0465,31,0.9792,7.913,1.25e-15,7.98e-12,SAR,FBpp0293463,7227,CG3499
KOG3012,31,0.9429,7.913,1.25e-15,7.99e-12,SAR,FBpp0081434,7227,CG9773
COG5071,31,0.9989,7.913,1.26e-15,8.02e-12,SAR,FBpp0078278,7227,Rpn5
KOG3039,31,0.8947,7.913,1.26e-15,8.02e-12,SAR,FBpp0074330,7227,CG6179
KOG1425,31,0.9418,7.912,1.26e-15,8.04e-12,SAR,FBpp0072720,7227,Mfap1
COG1813,31,0.9776,7.912,1.26e-15,8.05e-12,SAR,FBpp0294020,7227,mbf1
COG2101,31,0.9972,7.911,1.28e-15,8.13e-12,SAR,FBpp0071596,7227,Tbp
COG2101,31,0.9972,7.911,1.28e-15,8.13e-12,SAR,FBpp0077384,7227,CG9879
COG2101,31,0.9972,7.911,1.28e-15,8.13e-12,SAR,FBpp0079164,7227,Trf
COG2101,31,0.9972,7.911,1.28e-15,8.13e-12,SAR,FBpp0289804,7227,Trf2
COG2101,31,0.9972,7.911,1.28e-15,8.13e-12,SAR,FBpp0290208,7227,CG15398
COG0657,31,0.9361,7.911,1.28e-15,8.14e-12,SAR,FBpp0078895,7227,KFase
COG0657,31,0.9361,7.911,1.28e-15,8.14e-12,SAR,FBpp0085582,7227,Hsl
COG5407,31,0.9885,7.91,1.29e-15,8.19e-12,SAR,FBpp0076558,7227,Sec63
COG5069,31,0.9759,7.909,1.3e-15,8.26e-12,SAR,FBpp0070331,7227,Actn
COG5069,31,0.9759,7.909,1.3e-15,8.26e-12,SAR,FBpp0070909,7227,pigs
COG5069,31,0.9759,7.909,1.3e-15,8.26e-12,SAR,FBpp0073824,7227,dah
COG5069,31,0.9759,7.909,1.3e-15,8.26e-12,SAR,FBpp0074217,7227,Fim
COG5069,31,0.9759,7.909,1.3e-15,8.26e-12,SAR,FBpp0074228,7227,beta-Spec
COG5069,31,0.9759,7.909,1.3e-15,8.26e-12,SAR,FBpp0075632,7227,MICAL-like
COG5069,31,0.9759,7.909,1.3e-15,8.26e-12,SAR,FBpp0081133,7227,Mlp84B
COG5069,31,0.9759,7.909,1.3e-15,8.26e-12,SAR,FBpp0082822,7227,Actn3
COG5069,31,0.9759,7.909,1.3e-15,8.26e-12,SAR,FBpp0083799,7227,Rassf
COG5069,31,0.9759,7.909,1.3e-15,8.26e-12,SAR,FBpp0084551,7227,CG5984
COG5069,31,0.9759,7.909,1.3e-15,8.26e-12,SAR,FBpp0085567,7227,Hil
COG5069,31,0.9759,7.909,1.3e-15,8.26e-12,SAR,FBpp0086747,7227,shot
COG5069,31,0.9759,7.909,1.3e-15,8.26e-12,SAR,FBpp0090951,7227,CG33521
COG5069,31,0.9759,7.909,1.3e-15,8.26e-12,SAR,FBpp0110088,7227,CG13366
COG5069,31,0.9759,7.909,1.3e-15,8.26e-12,SAR,FBpp0110219,7227,Dys
COG5069,31,0.9759,7.909,1.3e-15,8.26e-12,SAR,FBpp0113119,7227,Ehbp1
COG5069,31,0.9759,7.909,1.3e-15,8.26e-12,SAR,FBpp0288975,7227,Mlp60A
COG5069,31,0.9759,7.909,1.3e-15,8.26e-12,SAR,FBpp0289294,7227,kst
COG5069,31,0.9759,7.909,1.3e-15,8.26e-12,SAR,FBpp0290539,7227,CG34417
COG5069,31,0.9759,7.909,1.3e-15,8.26e-12,SAR,FBpp0290588,7227,jbug
COG5069,31,0.9759,7.909,1.3e-15,8.26e-12,SAR,FBpp0292449,7227,Msp300
COG5069,31,0.9759,7.909,1.3e-15,8.26e-12,SAR,FBpp0297564,7227,Mical
COG5069,31,0.9759,7.909,1.3e-15,8.26e-12,SAR,FBpp0304475,7227,cher
COG0216,31,0.9735,7.907,1.32e-15,8.38e-12,SAR,FBpp0080024,7227,CG5705
COG0216,31,0.9735,7.907,1.32e-15,8.38e-12,SAR,FBpp0086284,7227,CG30100
COG5242,31,0.9396,7.907,1.32e-15,8.41e-12,SAR,FBpp0077650,7227,Tfb4
KOG2391,31,0.927,7.905,1.34e-15,8.55e-12,SAR,FBpp0075088,7227,TSG101
KOG1915,31,0.9782,7.904,1.35e-15,8.6e-12,SAR,FBpp0070402,7227,crn
COG0055,31,0.9742,7.903,1.37e-15,8.7e-12,SAR,FBpp0075203,7227,CG5389
COG0055,31,0.9742,7.903,1.37e-15,8.7e-12,SAR,FBpp0076196,7227,Jarid2
COG0055,31,0.9742,7.903,1.37e-15,8.7e-12,SAR,FBpp0079664,7227,Utx
COG0055,31,0.9742,7.903,1.37e-15,8.7e-12,SAR,FBpp0297914,7227,lid
COG0055,31,0.9742,7.903,1.37e-15,8.7e-12,SAR,FBpp0305828,7227,ATPsynbeta
COG0406,31,0.9803,7.903,1.37e-15,8.7e-12,SAR,FBpp0074486,7227,Pfrx
COG0406,31,0.9803,7.903,1.37e-15,8.7e-12,SAR,FBpp0083896,7227,CG13604
COG0176,31,0.934,7.903,1.37e-15,8.7e-12,SAR,FBpp0072050,7227,Tal
COG1024,31,0.9735,7.902,1.37e-15,8.72e-12,SAR,FBpp0070285,7227,CG14787
COG1024,31,0.9735,7.902,1.37e-15,8.72e-12,SAR,FBpp0072484,7227,CG13890
COG1024,31,0.9735,7.902,1.37e-15,8.72e-12,SAR,FBpp0077914,7227,HIPP1
COG1024,31,0.9735,7.902,1.37e-15,8.72e-12,SAR,FBpp0079454,7227,Mtpalpha
COG1024,31,0.9735,7.902,1.37e-15,8.72e-12,SAR,FBpp0079474,7227,CG4594
COG1024,31,0.9735,7.902,1.37e-15,8.72e-12,SAR,FBpp0082063,7227,CG5844
COG1024,31,0.9735,7.902,1.37e-15,8.72e-12,SAR,FBpp0082547,7227,CG5044
COG1024,31,0.9735,7.902,1.37e-15,8.72e-12,SAR,FBpp0084569,7227,CG5611
COG1024,31,0.9735,7.902,1.37e-15,8.72e-12,SAR,FBpp0086769,7227,CG6543
COG1024,31,0.9735,7.902,1.37e-15,8.72e-12,SAR,FBpp0086993,7227,CG8778
COG1024,31,0.9735,7.902,1.37e-15,8.72e-12,SAR,FBpp0304022,7227,CG4592
COG1024,31,0.9735,7.902,1.37e-15,8.72e-12,SAR,FBpp0304781,7227,CG4598
KOG2769,31,0.9385,7.902,1.37e-15,8.72e-12,SAR,FBpp0074660,7227,Prp3
KOG2582,31,0.8985,7.902,1.37e-15,8.73e-12,SAR,FBpp0077927,7227,CSN3
KOG0752,31,0.9947,7.902,1.37e-15,8.75e-12,SAR,FBpp0081809,7227,Tpc1
KOG0752,31,0.9947,7.902,1.37e-15,8.75e-12,SAR,FBpp0088485,7227,att-ORFA
KOG0752,31,0.9947,7.902,1.37e-15,8.75e-12,SAR,FBpp0293340,7227,Tpc2
KOG2808,31,0.9335,7.901,1.39e-15,8.82e-12,SAR,FBpp0083131,7227,Prp18
COG0271,31,0.9655,7.9,1.39e-15,8.86e-12,SAR,FBpp0084043,7227,CG31126
COG0271,31,0.9655,7.9,1.39e-15,8.86e-12,SAR,FBpp0086996,7227,CG33672
COG4901,31,0.9862,7.9,1.4e-15,8.9e-12,SAR,FBpp0081845,7227,RpS25
KOG2175,31,0.9665,7.9,1.4e-15,8.9e-12,SAR,FBpp0082285,7227,flfl
COG0031,31,0.9671,7.9,1.4e-15,8.91e-12,SAR,FBpp0076937,7227,Cbs
KOG1525,31,0.9145,7.898,1.42e-15,9.05e-12,SAR,FBpp0087082,7227,pds5
COG1485,31,0.947,7.898,1.42e-15,9.06e-12,SAR,FBpp0087037,7227,CG8520
KOG0495,31,0.9562,7.896,1.44e-15,9.14e-12,SAR,FBpp0074835,7227,CG6841
COG5387,31,0.9388,7.896,1.44e-15,9.15e-12,SAR,FBpp0303527,7227,l(2)k14505
KOG0122,31,0.9329,7.896,1.44e-15,9.15e-12,SAR,FBpp0070430,7227,CG8636
KOG0122,31,0.9329,7.896,1.44e-15,9.15e-12,SAR,FBpp0083293,7227,CG10881
COG1272,31,0.9979,7.895,1.45e-15,9.21e-12,SAR,FBpp0070979,7227,CG4615
COG1272,31,0.9979,7.895,1.45e-15,9.21e-12,SAR,FBpp0082478,7227,CG7530
COG1272,31,0.9979,7.895,1.45e-15,9.21e-12,SAR,FBpp0083675,7227,AdipoR
COG1272,31,0.9979,7.895,1.45e-15,9.21e-12,SAR,FBpp0084717,7227,CG33203
KOG0892,31,0.9084,7.895,1.45e-15,9.22e-12,SAR,FBpp0110174,7227,tefu
KOG3211,31,0.9748,7.893,1.48e-15,9.4e-12,SAR,FBpp0073084,7227,CG1265
KOG3211,31,0.9748,7.893,1.48e-15,9.4e-12,SAR,FBpp0078636,7227,CG3792
COG0561,31,0.9983,7.893,1.48e-15,9.4e-12,SAR,FBpp0075693,7227,CG10688
COG0241,31,0.9736,7.892,1.49e-15,9.49e-12,SAR,FBpp0081343,7227,CG9601
KOG0280,31,0.9492,7.892,1.49e-15,9.49e-12,SAR,FBpp0070949,7227,CG3184
KOG2073,31,0.9224,7.891,1.5e-15,9.57e-12,SAR,FBpp0304176,7227,CG10289
COG5543,31,0.8963,7.89,1.51e-15,9.63e-12,SAR,FBpp0288416,7227,CG15618
COG5132,31,0.9623,7.89,1.52e-15,9.65e-12,SAR,FBpp0073316,7227,l(1)10Bb
COG5093,31,0.9617,7.888,1.53e-15,9.76e-12,SAR,FBpp0303867,7227,Psf2
KOG2381,31,0.9521,7.887,1.55e-15,9.84e-12,SAR,FBpp0089178,7227,CG2929
COG5144,31,0.9973,7.887,1.55e-15,9.89e-12,SAR,FBpp0075348,7227,mrn
KOG0812,31,0.976,7.885,1.58e-15,1e-11,SAR,FBpp0080389,7227,Syx5
COG5240,31,0.9854,7.884,1.58e-15,1.01e-11,SAR,FBpp0085155,7227,gammaCOP
KOG0882,31,0.9362,7.884,1.59e-15,1.01e-11,SAR,FBpp0072216,7227,CG3511
COG0473,31,0.9747,7.882,1.61e-15,1.03e-11,SAR,FBpp0072200,7227,CG3483
COG0473,31,0.9747,7.882,1.61e-15,1.03e-11,SAR,FBpp0076311,7227,CG32026
COG0473,31,0.9747,7.882,1.61e-15,1.03e-11,SAR,FBpp0083588,7227,CG6439
COG0473,31,0.9747,7.882,1.61e-15,1.03e-11,SAR,FBpp0086326,7227,CG7755
COG0473,31,0.9747,7.882,1.61e-15,1.03e-11,SAR,FBpp0112201,7227,CG5028
COG0473,31,0.9747,7.882,1.61e-15,1.03e-11,SAR,FBpp0300338,7227,l(1)G0156
COG0461,31,0.9493,7.882,1.62e-15,1.03e-11,SAR,FBpp0083440,7227,r-l
COG0479,31,0.9689,7.881,1.62e-15,1.03e-11,SAR,FBpp0074419,7227,SdhBL
COG0479,31,0.9689,7.881,1.62e-15,1.03e-11,SAR,FBpp0085489,7227,SdhB
COG4021,31,0.8748,7.881,1.62e-15,1.03e-11,SAR,FBpp0292594,7227,l(2)35Bc
COG0516,31,0.9731,7.88,1.64e-15,1.04e-11,SAR,FBpp0304573,7227,ras
COG4992,31,0.9306,7.878,1.66e-15,1.06e-11,SAR,FBpp0074729,7227,Oat
KOG1125,31,0.8869,7.877,1.67e-15,1.07e-11,SAR,FBpp0070351,7227,Pex5
COG5182,31,0.9977,7.877,1.67e-15,1.07e-11,SAR,FBpp0077353,7227,CG3605
COG0028,31,0.9131,7.875,1.7e-15,1.08e-11,SAR,FBpp0085630,7227,CG11208
KOG0282,31,0.9792,7.873,1.73e-15,1.1e-11,SAR,FBpp0083581,7227,CG6015
COG1219,31,0.9501,7.873,1.73e-15,1.1e-11,SAR,FBpp0083264,7227,CG4538
COG0038,31,0.9847,7.872,1.74e-15,1.11e-11,SAR,FBpp0082002,7227,ClC-a
COG0038,31,0.9847,7.872,1.74e-15,1.11e-11,SAR,FBpp0086939,7227,ClC-b
COG0038,31,0.9847,7.872,1.74e-15,1.11e-11,SAR,FBpp0305775,7227,ClC-c
KOG0759,31,0.9726,7.871,1.76e-15,1.12e-11,SAR,FBpp0073222,7227,CG18418
KOG0759,31,0.9726,7.871,1.76e-15,1.12e-11,SAR,FBpp0073223,7227,CG7514
KOG0759,31,0.9726,7.871,1.76e-15,1.12e-11,SAR,FBpp0074238,7227,Ucp4A
KOG0759,31,0.9726,7.871,1.76e-15,1.12e-11,SAR,FBpp0075846,7227,Bmcp
KOG0759,31,0.9726,7.871,1.76e-15,1.12e-11,SAR,FBpp0078803,7227,Ucp4C
KOG0759,31,0.9726,7.871,1.76e-15,1.12e-11,SAR,FBpp0078804,7227,Ucp4B
KOG0759,31,0.9726,7.871,1.76e-15,1.12e-11,SAR,FBpp0081465,7227,CG16736
KOG0759,31,0.9726,7.871,1.76e-15,1.12e-11,SAR,FBpp0082215,7227,Dic1
KOG0759,31,0.9726,7.871,1.76e-15,1.12e-11,SAR,FBpp0083299,7227,Dic2
KOG0759,31,0.9726,7.871,1.76e-15,1.12e-11,SAR,FBpp0084813,7227,CG1907
KOG0759,31,0.9726,7.871,1.76e-15,1.12e-11,SAR,FBpp0087946,7227,Dic3
KOG0759,31,0.9726,7.871,1.76e-15,1.12e-11,SAR,FBpp0112922,7227,CG6893
KOG0759,31,0.9726,7.871,1.76e-15,1.12e-11,SAR,FBpp0306183,7227,Dic4
COG5102,31,0.9441,7.87,1.77e-15,1.13e-11,SAR,FBpp0077867,7227,CG5104
COG5102,31,0.9441,7.87,1.77e-15,1.13e-11,SAR,FBpp0090982,7227,CG33635
KOG2908,31,0.9923,7.869,1.79e-15,1.14e-11,SAR,FBpp0083860,7227,Rpn9
KOG2798,31,0.8982,7.869,1.79e-15,1.14e-11,SAR,FBpp0070305,7227,CG11596
KOG1128,31,0.9898,7.869,1.79e-15,1.14e-11,SAR,FBpp0074918,7227,CG5290
KOG2132,31,0.9327,7.869,1.79e-15,1.14e-11,SAR,FBpp0289936,7227,CG13902
KOG2132,31,0.9327,7.869,1.79e-15,1.14e-11,SAR,FBpp0297776,7227,CG43319
KOG2132,31,0.9327,7.869,1.79e-15,1.14e-11,SAR,FBpp0297777,7227,CG43320
KOG0009,31,0.9239,7.869,1.79e-15,1.14e-11,SAR,FBpp0083376,7227,RpS30
KOG2307,31,0.9315,7.867,1.82e-15,1.16e-11,SAR,FBpp0082568,7227,ldlCp
COG5354,31,1,7.865,1.85e-15,1.18e-11,SAR,FBpp0078095,7227,CG7414
COG5354,31,1,7.865,1.85e-15,1.18e-11,SAR,FBpp0086098,7227,eIF3-S9
KOG1213,31,0.9517,7.864,1.86e-15,1.19e-11,SAR,FBpp0112469,7227,vtd
COG1501,31,0.9893,7.862,1.89e-15,1.2e-11,SAR,FBpp0070057,7227,CG14476
COG1501,31,0.9893,7.862,1.89e-15,1.2e-11,SAR,FBpp0070809,7227,CG33080
COG1501,31,0.9893,7.862,1.89e-15,1.2e-11,SAR,FBpp0084221,7227,tobi
COG2097,31,0.9987,7.862,1.9e-15,1.21e-11,SAR,FBpp0087608,7227,RpL31
KOG2475,31,0.9601,7.86,1.91e-15,1.22e-11,SAR,FBpp0070175,7227,CDC45L
KOG1339,31,0.9438,7.86,1.92e-15,1.22e-11,SAR,FBpp0070095,7227,pcl
KOG1339,31,0.9438,7.86,1.92e-15,1.22e-11,SAR,FBpp0077594,7227,CG31928
KOG1339,31,0.9438,7.86,1.92e-15,1.22e-11,SAR,FBpp0077595,7227,CG33128
KOG1339,31,0.9438,7.86,1.92e-15,1.22e-11,SAR,FBpp0077596,7227,CG31926
KOG1339,31,0.9438,7.86,1.92e-15,1.22e-11,SAR,FBpp0077597,7227,CG31661
KOG1339,31,0.9438,7.86,1.92e-15,1.22e-11,SAR,FBpp0079309,7227,Bace
KOG1339,31,0.9438,7.86,1.92e-15,1.22e-11,SAR,FBpp0079728,7227,CG6508
KOG1339,31,0.9438,7.86,1.92e-15,1.22e-11,SAR,FBpp0079729,7227,CG17134
KOG1339,31,0.9438,7.86,1.92e-15,1.22e-11,SAR,FBpp0082878,7227,CG17283
KOG1339,31,0.9438,7.86,1.92e-15,1.22e-11,SAR,FBpp0082879,7227,CG5860
KOG1339,31,0.9438,7.86,1.92e-15,1.22e-11,SAR,FBpp0082880,7227,CG5863
KOG1339,31,0.9438,7.86,1.92e-15,1.22e-11,SAR,FBpp0086615,7227,CG10104
KOG1339,31,0.9438,7.86,1.92e-15,1.22e-11,SAR,FBpp0087972,7227,cathD
KOG0800,31,1,7.858,1.95e-15,1.24e-11,SAR,FBpp0081445,7227,CG11982
KOG0800,31,1,7.858,1.95e-15,1.24e-11,SAR,FBpp0081596,7227,mura
KOG0800,31,1,7.858,1.95e-15,1.24e-11,SAR,FBpp0083052,7227,CG7694
KOG0800,31,1,7.858,1.95e-15,1.24e-11,SAR,FBpp0088192,7227,CG32850
KOG0800,31,1,7.858,1.95e-15,1.24e-11,SAR,FBpp0289416,7227,gol
KOG0800,31,1,7.858,1.95e-15,1.24e-11,SAR,FBpp0300326,7227,CG6923
KOG0800,31,1,7.858,1.95e-15,1.24e-11,SAR,FBpp0302591,7227,CG4325
KOG0800,31,1,7.858,1.95e-15,1.24e-11,SAR,FBpp0305076,7227,CG10916
COG5644,31,0.9787,7.858,1.95e-15,1.24e-11,SAR,FBpp0075317,7227,CG12301
KOG2055,31,0.985,7.858,1.96e-15,1.25e-11,SAR,FBpp0086314,7227,wcd
KOG2478,31,0.885,7.857,1.97e-15,1.26e-11,SAR,FBpp0077500,7227,CG12674
KOG2478,31,0.885,7.857,1.97e-15,1.26e-11,SAR,FBpp0078508,7227,atms
COG5134,31,0.9256,7.857,1.97e-15,1.26e-11,SAR,FBpp0085801,7227,CG15084
COG5134,31,0.9256,7.857,1.97e-15,1.26e-11,SAR,FBpp0086387,7227,CG8435
COG0452,31,0.9923,7.855,1.99e-15,1.27e-11,SAR,FBpp0071589,7227,Ppcdc
COG0452,31,0.9923,7.855,1.99e-15,1.27e-11,SAR,FBpp0083166,7227,Ppcs
KOG0279,31,0.9991,7.854,2.02e-15,1.29e-11,SAR,FBpp0303680,7227,Rack1
KOG1446,31,0.9533,7.851,2.06e-15,1.31e-11,SAR,FBpp0077430,7227,CG3515
KOG1446,31,0.9533,7.851,2.06e-15,1.31e-11,SAR,FBpp0079266,7227,Wdr82
COG0445,31,0.9992,7.851,2.06e-15,1.31e-11,SAR,FBpp0071745,7227,CG4610
COG0445,31,0.9992,7.851,2.06e-15,1.31e-11,SAR,FBpp0075398,7227,CG7011
COG0445,31,0.9992,7.851,2.06e-15,1.31e-11,SAR,FBpp0099909,7227,CG4293
COG0667,31,0.9334,7.849,2.09e-15,1.33e-11,SAR,FBpp0081978,7227,CG3397
COG0667,31,0.9334,7.849,2.09e-15,1.33e-11,SAR,FBpp0081980,7227,CG18547
COG0667,31,0.9334,7.849,2.09e-15,1.33e-11,SAR,FBpp0297636,7227,CG12224
COG0667,31,0.9334,7.849,2.09e-15,1.33e-11,SAR,FBpp0300312,7227,Hk
COG0276,31,0.916,7.849,2.1e-15,1.34e-11,SAR,FBpp0085208,7227,FeCH
KOG2180,31,0.9975,7.848,2.11e-15,1.34e-11,SAR,FBpp0077151,7227,CG3338
COG2102,31,0.9904,7.847,2.12e-15,1.35e-11,SAR,FBpp0073444,7227,CG1578
COG0407,31,0.88,7.847,2.13e-15,1.36e-11,SAR,FBpp0113059,7227,Updo
KOG1073,31,0.9307,7.847,2.13e-15,1.36e-11,SAR,FBpp0304887,7227,tral
KOG2165,31,0.9412,7.845,2.17e-15,1.38e-11,SAR,FBpp0072065,7227,mr
KOG2261,31,0.9217,7.844,2.18e-15,1.39e-11,SAR,FBpp0087238,7227,E(Pc)
COG1599,31,0.9995,7.842,2.22e-15,1.42e-11,SAR,FBpp0071085,7227,hdm
COG1599,31,0.9995,7.842,2.22e-15,1.42e-11,SAR,FBpp0081356,7227,RpA-70
COG0483,31,0.9518,7.841,2.23e-15,1.42e-11,SAR,FBpp0075268,7227,CG17026
COG0483,31,0.9518,7.841,2.23e-15,1.42e-11,SAR,FBpp0075270,7227,CG17028
COG0483,31,0.9518,7.841,2.23e-15,1.42e-11,SAR,FBpp0078069,7227,CG9389
COG0483,31,0.9518,7.841,2.23e-15,1.42e-11,SAR,FBpp0296988,7227,CG9391
COG0483,31,0.9518,7.841,2.23e-15,1.42e-11,SAR,FBpp0305752,7227,CG17029
COG0483,31,0.9518,7.841,2.23e-15,1.42e-11,SAR,FBpp0305753,7227,CG17027
KOG0130,31,0.8968,7.841,2.24e-15,1.43e-11,SAR,FBpp0087648,7227,tsu
KOG1140,31,0.9696,7.839,2.27e-15,1.45e-11,SAR,FBpp0074189,7227,CG9086
KOG2376,31,0.9325,7.837,2.3e-15,1.46e-11,SAR,FBpp0083319,7227,Srp72
KOG0289,31,0.9572,7.836,2.32e-15,1.48e-11,SAR,FBpp0085902,7227,Prp19
COG5325,31,0.9992,7.835,2.34e-15,1.49e-11,SAR,FBpp0073149,7227,Syx17
COG5325,31,0.9992,7.835,2.34e-15,1.49e-11,SAR,FBpp0075620,7227,Syx13
COG5325,31,0.9992,7.835,2.34e-15,1.49e-11,SAR,FBpp0077022,7227,Syx16
COG5325,31,0.9992,7.835,2.34e-15,1.49e-11,SAR,FBpp0078007,7227,Syx7
KOG4155,31,0.969,7.835,2.35e-15,1.5e-11,SAR,FBpp0070303,7227,Rbcn-3B
KOG4155,31,0.969,7.835,2.35e-15,1.5e-11,SAR,FBpp0081650,7227,CG3909
KOG4155,31,0.969,7.835,2.35e-15,1.5e-11,SAR,FBpp0083779,7227,wda
KOG4155,31,0.969,7.835,2.35e-15,1.5e-11,SAR,FBpp0084724,7227,CG1523
KOG4155,31,0.969,7.835,2.35e-15,1.5e-11,SAR,FBpp0085564,7227,rig
KOG4155,31,0.969,7.835,2.35e-15,1.5e-11,SAR,FBpp0085899,7227,CG30116
KOG3368,31,0.9482,7.834,2.36e-15,1.5e-11,SAR,FBpp0084936,7227,Bet5
COG5243,31,0.9994,7.832,2.4e-15,1.53e-11,SAR,FBpp0089379,7227,Trc8
COG5243,31,0.9994,7.832,2.4e-15,1.53e-11,SAR,FBpp0289929,7227,CG13605
COG5243,31,0.9994,7.832,2.4e-15,1.53e-11,SAR,FBpp0303146,7227,sip3
COG0209,31,0.9582,7.832,2.4e-15,1.53e-11,SAR,FBpp0079648,7227,RnrL
COG0056,31,0.9181,7.832,2.41e-15,1.53e-11,SAR,FBpp0071794,7227,blw
KOG2919,31,0.9203,7.831,2.42e-15,1.54e-11,SAR,FBpp0305599,7227,WDR79
COG1446,31,0.9114,7.83,2.44e-15,1.56e-11,SAR,FBpp0071652,7227,CG4372
COG1446,31,0.9114,7.83,2.44e-15,1.56e-11,SAR,FBpp0073861,7227,CG7860
COG1446,31,0.9114,7.83,2.44e-15,1.56e-11,SAR,FBpp0085745,7227,CG10474
COG1446,31,0.9114,7.83,2.44e-15,1.56e-11,SAR,FBpp0271751,7227,CG1827
COG1446,31,0.9114,7.83,2.44e-15,1.56e-11,SAR,FBpp0305777,7227,Taspase1
COG1446,31,0.9114,7.83,2.44e-15,1.56e-11,SAR,FBpp0305959,7227,TAF1B
COG5079,31,0.9305,7.827,2.5e-15,1.59e-11,SAR,FBpp0074178,7227,xmas-2
COG5079,31,0.9305,7.827,2.5e-15,1.59e-11,SAR,FBpp0074179,7227,xmas-1
COG5079,31,0.9305,7.827,2.5e-15,1.59e-11,SAR,FBpp0290254,7227,CG3437
COG0346,31,0.9526,7.824,2.57e-15,1.63e-11,SAR,FBpp0076960,7227,CG1532
COG0346,31,0.9526,7.824,2.57e-15,1.63e-11,SAR,FBpp0088085,7227,CG1707
COG5230,31,0.9338,7.821,2.63e-15,1.67e-11,SAR,FBpp0072615,7227,Psf1
COG5230,31,0.9338,7.821,2.63e-15,1.67e-11,SAR,FBpp0088995,7227,CG32318
KOG0036,31,0.9623,7.818,2.68e-15,1.71e-11,SAR,FBpp0304400,7227,CG32103
KOG2568,31,0.8234,7.817,2.7e-15,1.72e-11,SAR,FBpp0077578,7227,CG17660
COG0626,31,0.9546,7.817,2.71e-15,1.72e-11,SAR,FBpp0085889,7227,Eip55E
COG5603,31,0.8964,7.816,2.73e-15,1.74e-11,SAR,FBpp0075246,7227,Trs20
KOG2699,31,0.8872,7.816,2.73e-15,1.74e-11,SAR,FBpp0081295,7227,CG33722
KOG2699,31,0.8872,7.816,2.73e-15,1.74e-11,SAR,FBpp0085836,7227,Gint3
KOG2699,31,0.8872,7.816,2.73e-15,1.74e-11,SAR,FBpp0288966,7227,CG42306
COG0234,31,0.9721,7.815,2.74e-15,1.74e-11,SAR,FBpp0075609,7227,CG11267
COG0234,31,0.9721,7.815,2.74e-15,1.74e-11,SAR,FBpp0082377,7227,CG9920
KOG3071,31,0.9665,7.815,2.75e-15,1.75e-11,SAR,FBpp0075114,7227,Baldspot
KOG3071,31,0.9665,7.815,2.75e-15,1.75e-11,SAR,FBpp0075960,7227,CG32071
KOG3071,31,0.9665,7.815,2.75e-15,1.75e-11,SAR,FBpp0075961,7227,Elo68alpha
KOG3071,31,0.9665,7.815,2.75e-15,1.75e-11,SAR,FBpp0078575,7227,CG31523
KOG3071,31,0.9665,7.815,2.75e-15,1.75e-11,SAR,FBpp0081313,7227,CG2781
KOG3071,31,0.9665,7.815,2.75e-15,1.75e-11,SAR,FBpp0081621,7227,CG8534
KOG3071,31,0.9665,7.815,2.75e-15,1.75e-11,SAR,FBpp0081622,7227,eloF
KOG3071,31,0.9665,7.815,2.75e-15,1.75e-11,SAR,FBpp0081630,7227,CG9458
KOG3071,31,0.9665,7.815,2.75e-15,1.75e-11,SAR,FBpp0081631,7227,CG9459
KOG3071,31,0.9665,7.815,2.75e-15,1.75e-11,SAR,FBpp0081632,7227,CG16904
KOG3071,31,0.9665,7.815,2.75e-15,1.75e-11,SAR,FBpp0083654,7227,bond
KOG3071,31,0.9665,7.815,2.75e-15,1.75e-11,SAR,FBpp0083657,7227,CG33110
KOG3071,31,0.9665,7.815,2.75e-15,1.75e-11,SAR,FBpp0083674,7227,CG5278
KOG3071,31,0.9665,7.815,2.75e-15,1.75e-11,SAR,FBpp0083678,7227,CG5326
KOG3071,31,0.9665,7.815,2.75e-15,1.75e-11,SAR,FBpp0083731,7227,CG6660
KOG3071,31,0.9665,7.815,2.75e-15,1.75e-11,SAR,FBpp0083878,7227,CG31141
KOG3071,31,0.9665,7.815,2.75e-15,1.75e-11,SAR,FBpp0085824,7227,CG17821
KOG3071,31,0.9665,7.815,2.75e-15,1.75e-11,SAR,FBpp0085825,7227,CG18609
KOG3071,31,0.9665,7.815,2.75e-15,1.75e-11,SAR,FBpp0087468,7227,CG30008
KOG3071,31,0.9665,7.815,2.75e-15,1.75e-11,SAR,FBpp0112074,7227,Elo68beta
KOG3071,31,0.9665,7.815,2.75e-15,1.75e-11,SAR,FBpp0290143,7227,CG30007
KOG3071,31,0.9665,7.815,2.75e-15,1.75e-11,SAR,FBpp0297436,7227,CG31522
KOG0756,31,0.9165,7.815,2.75e-15,1.75e-11,SAR,FBpp0099890,7227,sea
KOG2642,31,0.8723,7.814,2.77e-15,1.77e-11,SAR,FBpp0075945,7227,CG32082
KOG2642,31,0.8723,7.814,2.77e-15,1.77e-11,SAR,FBpp0075946,7227,Alg10
COG5066,31,0.9307,7.813,2.78e-15,1.77e-11,SAR,FBpp0070589,7227,Vap-33A
COG5066,31,0.9307,7.813,2.78e-15,1.77e-11,SAR,FBpp0076406,7227,fan
COG5066,31,0.9307,7.813,2.78e-15,1.77e-11,SAR,FBpp0090954,7227,Vap-33B
KOG2615,31,0.9634,7.813,2.8e-15,1.78e-11,SAR,FBpp0083412,7227,rtet
KOG0896,31,0.9634,7.812,2.8e-15,1.79e-11,SAR,FBpp0076859,7227,Uev1A
COG0109,31,0.9633,7.811,2.84e-15,1.81e-11,SAR,FBpp0079582,7227,CG5037
COG1905,31,0.9583,7.809,2.88e-15,1.83e-11,SAR,FBpp0074226,7227,ND-24
COG1905,31,0.9583,7.809,2.88e-15,1.83e-11,SAR,FBpp0075010,7227,ND-24L
KOG2627,31,0.8299,7.808,2.9e-15,1.85e-11,SAR,FBpp0071145,7227,Es2
KOG2115,31,0.9118,7.808,2.9e-15,1.85e-11,SAR,FBpp0079409,7227,scat
KOG3080,31,0.9657,7.807,2.94e-15,1.87e-11,SAR,FBpp0085119,7227,CG1542
KOG0128,31,0.8781,7.806,2.95e-15,1.88e-11,SAR,FBpp0089396,7227,Rnp4F
KOG1746,31,0.9183,7.806,2.96e-15,1.88e-11,SAR,FBpp0079324,7227,l(2)k12914
COG0321,31,0.852,7.805,2.97e-15,1.89e-11,SAR,FBpp0078583,7227,CG9804
COG5179,31,0.9589,7.805,2.97e-15,1.89e-11,SAR,FBpp0293442,7227,Taf1
COG0045,31,0.9792,7.805,2.98e-15,1.9e-11,SAR,FBpp0076840,7227,Sucb
COG0045,31,0.9792,7.805,2.98e-15,1.9e-11,SAR,FBpp0289824,7227,ATPCL
COG0045,31,0.9792,7.805,2.98e-15,1.9e-11,SAR,FBpp0291001,7227,skap
KOG1560,31,0.9325,7.804,3e-15,1.91e-11,SAR,FBpp0078667,7227,eIF-3p40
KOG0917,31,0.9478,7.803,3.01e-15,1.92e-11,SAR,FBpp0072691,7227,CG7967
COG0222,31,0.9663,7.803,3.01e-15,1.92e-11,SAR,FBpp0076238,7227,mRpL12
KOG3252,31,0.9241,7.803,3.02e-15,1.92e-11,SAR,FBpp0071587,7227,CG10306
COG5165,31,0.9989,7.803,3.02e-15,1.92e-11,SAR,FBpp0072151,7227,Ssrp
COG5241,31,0.9712,7.8,3.08e-15,1.96e-11,SAR,FBpp0086578,7227,Ercc1
COG2234,31,0.9308,7.8,3.09e-15,1.97e-11,SAR,FBpp0085709,7227,CG10051
COG2234,31,0.9308,7.8,3.09e-15,1.97e-11,SAR,FBpp0085712,7227,CG10081
COG2234,31,0.9308,7.8,3.09e-15,1.97e-11,SAR,FBpp0087016,7227,CG30047
COG2234,31,0.9308,7.8,3.09e-15,1.97e-11,SAR,FBpp0087017,7227,CG30049
COG2234,31,0.9308,7.8,3.09e-15,1.97e-11,SAR,FBpp0087018,7227,CG30043
COG2234,31,0.9308,7.8,3.09e-15,1.97e-11,SAR,FBpp0300747,7227,CG11961
COG2234,31,0.9308,7.8,3.09e-15,1.97e-11,SAR,FBpp0302004,7227,CG10073
COG2234,31,0.9308,7.8,3.09e-15,1.97e-11,SAR,FBpp0304543,7227,CG33012
COG2234,31,0.9308,7.8,3.09e-15,1.97e-11,SAR,FBpp0304544,7227,CG13160
COG2234,31,0.9308,7.8,3.09e-15,1.97e-11,SAR,FBpp0306124,7227,CG10062
COG2234,31,0.9308,7.8,3.09e-15,1.97e-11,SAR,FBpp0306127,7227,CG9416
COG5152,31,0.9431,7.8,3.1e-15,1.97e-11,SAR,FBpp0083244,7227,mdlc
COG0428,31,0.9446,7.798,3.15e-15,2e-11,SAR,FBpp0076350,7227,foi
COG0428,31,0.9446,7.798,3.15e-15,2e-11,SAR,FBpp0080687,7227,Catsup
COG0428,31,0.9446,7.798,3.15e-15,2e-11,SAR,FBpp0087144,7227,Zip48C
COG0428,31,0.9446,7.798,3.15e-15,2e-11,SAR,FBpp0088864,7227,Zip99C
COG0428,31,0.9446,7.798,3.15e-15,2e-11,SAR,FBpp0112084,7227,Zip71B
KOG2343,31,0.9357,7.797,3.16e-15,2.02e-11,SAR,FBpp0072187,7227,CG4065
KOG4341,31,0.8646,7.797,3.17e-15,2.02e-11,SAR,FBpp0111980,7227,CG9003
COG5095,31,0.9526,7.796,3.18e-15,2.03e-11,SAR,FBpp0074709,7227,Taf6
COG5095,31,0.9526,7.796,3.18e-15,2.03e-11,SAR,FBpp0088355,7227,mia
COG0398,31,0.9791,7.795,3.21e-15,2.05e-11,SAR,FBpp0074261,7227,stas
COG3185,31,0.8748,7.795,3.22e-15,2.05e-11,SAR,FBpp0077883,7227,CG11796
KOG2605,31,0.9376,7.792,3.3e-15,2.1e-11,SAR,FBpp0071181,7227,otu
KOG2605,31,0.9376,7.792,3.3e-15,2.1e-11,SAR,FBpp0077113,7227,CG3251
KOG2605,31,0.9376,7.792,3.3e-15,2.1e-11,SAR,FBpp0271813,7227,CG6091
COG0104,31,0.9659,7.79,3.35e-15,2.13e-11,SAR,FBpp0302642,7227,CG17273
KOG0647,31,0.9911,7.788,3.41e-15,2.17e-11,SAR,FBpp0071600,7227,Rae1
KOG0647,31,0.9911,7.788,3.41e-15,2.17e-11,SAR,FBpp0071957,7227,CG12782
KOG1243,31,0.9608,7.788,3.41e-15,2.17e-11,SAR,FBpp0304298,7227,CG1344
KOG1243,31,0.9608,7.788,3.41e-15,2.17e-11,SAR,FBpp0305956,7227,yata
COG0790,31,0.9923,7.787,3.42e-15,2.18e-11,SAR,FBpp0110448,7227,CG13865
COG0790,31,0.9923,7.787,3.42e-15,2.18e-11,SAR,FBpp0302807,7227,Hrd3
COG2759,31,0.9598,7.787,3.43e-15,2.19e-11,SAR,FBpp0081741,7227,pug
KOG2047,31,0.9788,7.787,3.43e-15,2.19e-11,SAR,FBpp0070135,7227,CG16989
KOG2047,31,0.9788,7.787,3.43e-15,2.19e-11,SAR,FBpp0086749,7227,fand
COG5333,31,0.9762,7.786,3.47e-15,2.21e-11,SAR,FBpp0070418,7227,CG16903
COG5333,31,0.9762,7.786,3.47e-15,2.21e-11,SAR,FBpp0078093,7227,CycH
COG5333,31,0.9762,7.786,3.47e-15,2.21e-11,SAR,FBpp0082469,7227,CycC
COG5333,31,0.9762,7.786,3.47e-15,2.21e-11,SAR,FBpp0083045,7227,koko
COG5333,31,0.9762,7.786,3.47e-15,2.21e-11,SAR,FBpp0085295,7227,CycK
COG5333,31,0.9762,7.786,3.47e-15,2.21e-11,SAR,FBpp0305335,7227,CycT
KOG1296,31,0.9296,7.785,3.49e-15,2.22e-11,SAR,FBpp0086877,7227,CG4646
KOG1944,31,0.9289,7.785,3.49e-15,2.22e-11,SAR,FBpp0070243,7227,CG14777
KOG1944,31,0.9289,7.785,3.49e-15,2.22e-11,SAR,FBpp0070244,7227,CG14778
KOG1944,31,0.9289,7.785,3.49e-15,2.22e-11,SAR,FBpp0072645,7227,CG7970
KOG1944,31,0.9289,7.785,3.49e-15,2.22e-11,SAR,FBpp0073039,7227,CG32263
KOG1944,31,0.9289,7.785,3.49e-15,2.22e-11,SAR,FBpp0073040,7227,CG32262
KOG1944,31,0.9289,7.785,3.49e-15,2.22e-11,SAR,FBpp0073607,7227,CG1662
KOG1944,31,0.9289,7.785,3.49e-15,2.22e-11,SAR,FBpp0075803,7227,CG5906
KOG1944,31,0.9289,7.785,3.49e-15,2.22e-11,SAR,FBpp0088286,7227,CG11077
KOG1944,31,0.9289,7.785,3.49e-15,2.22e-11,SAR,FBpp0290527,7227,CG2022
KOG1944,31,0.9289,7.785,3.49e-15,2.22e-11,SAR,FBpp0306211,7227,CG12355
KOG0147,31,0.9234,7.783,3.53e-15,2.25e-11,SAR,FBpp0072075,7227,MAN1
KOG0147,31,0.9234,7.783,3.53e-15,2.25e-11,SAR,FBpp0088583,7227,Caper
COG1505,31,0.8714,7.783,3.54e-15,2.25e-11,SAR,FBpp0079637,7227,CG5355
COG1505,31,0.8714,7.783,3.54e-15,2.25e-11,SAR,FBpp0289398,7227,CG2528
KOG1169,31,0.9237,7.783,3.54e-15,2.25e-11,SAR,FBpp0083885,7227,CG31140
KOG1169,31,0.9237,7.783,3.54e-15,2.25e-11,SAR,FBpp0086966,7227,Dgkepsilon
KOG1169,31,0.9237,7.783,3.54e-15,2.25e-11,SAR,FBpp0300813,7227,Dgk
KOG1166,31,0.9133,7.782,3.57e-15,2.28e-11,SAR,FBpp0078704,7227,Bub1
KOG1166,31,0.9133,7.782,3.57e-15,2.28e-11,SAR,FBpp0085368,7227,BubR1
KOG1858,31,0.9759,7.781,3.59e-15,2.29e-11,SAR,FBpp0073893,7227,shtd
KOG1882,31,0.9035,7.78,3.62e-15,2.31e-11,SAR,FBpp0112453,7227,CG17168
KOG1104,31,0.9024,7.779,3.65e-15,2.33e-11,SAR,FBpp0070652,7227,Cbp80
KOG1104,31,0.9024,7.779,3.65e-15,2.33e-11,SAR,FBpp0112173,7227,CG7907
COG1999,31,0.9636,7.778,3.68e-15,2.35e-11,SAR,FBpp0078688,7227,Scox
COG0349,31,0.9978,7.778,3.69e-15,2.35e-11,SAR,FBpp0112147,7227,Rrp6
COG5025,31,0.9143,7.777,3.71e-15,2.36e-11,SAR,FBpp0070031,7227,fd19B
COG5025,31,0.9143,7.777,3.71e-15,2.36e-11,SAR,FBpp0070576,7227,CG32779
COG5025,31,0.9143,7.777,3.71e-15,2.36e-11,SAR,FBpp0070577,7227,fd3F
COG5025,31,0.9143,7.777,3.71e-15,2.36e-11,SAR,FBpp0071809,7227,fd59A
COG5025,31,0.9143,7.777,3.71e-15,2.36e-11,SAR,FBpp0076609,7227,bin
COG5025,31,0.9143,7.777,3.71e-15,2.36e-11,SAR,FBpp0077188,7227,slp1
COG5025,31,0.9143,7.777,3.71e-15,2.36e-11,SAR,FBpp0077189,7227,slp2
COG5025,31,0.9143,7.777,3.71e-15,2.36e-11,SAR,FBpp0078049,7227,croc
COG5025,31,0.9143,7.777,3.71e-15,2.36e-11,SAR,FBpp0081715,7227,jumu
COG5025,31,0.9143,7.777,3.71e-15,2.36e-11,SAR,FBpp0084145,7227,fd96Ca
COG5025,31,0.9143,7.777,3.71e-15,2.36e-11,SAR,FBpp0084146,7227,fd96Cb
COG5025,31,0.9143,7.777,3.71e-15,2.36e-11,SAR,FBpp0088237,7227,CG32006
COG5025,31,0.9143,7.777,3.71e-15,2.36e-11,SAR,FBpp0088311,7227,fd102C
COG5025,31,0.9143,7.777,3.71e-15,2.36e-11,SAR,FBpp0111859,7227,FoxN
COG5025,31,0.9143,7.777,3.71e-15,2.36e-11,SAR,FBpp0289487,7227,fkh
COG5025,31,0.9143,7.777,3.71e-15,2.36e-11,SAR,FBpp0289856,7227,CG42499
COG5025,31,0.9143,7.777,3.71e-15,2.36e-11,SAR,FBpp0290007,7227,fd68A
COG5025,31,0.9143,7.777,3.71e-15,2.36e-11,SAR,FBpp0293409,7227,FoxP
COG5025,31,0.9143,7.777,3.71e-15,2.36e-11,SAR,FBpp0293589,7227,foxo
COG5025,31,0.9143,7.777,3.71e-15,2.36e-11,SAR,FBpp0301542,7227,fd64A
KOG1477,31,0.9907,7.776,3.76e-15,2.39e-11,SAR,FBpp0099887,7227,RanBPM
KOG0760,31,0.9723,7.774,3.8e-15,2.42e-11,SAR,FBpp0084635,7227,mfrn
COG5197,31,0.9712,7.773,3.82e-15,2.44e-11,SAR,FBpp0084411,7227,CG5484
COG0304,31,0.9552,7.773,3.84e-15,2.45e-11,SAR,FBpp0078358,7227,CG12170
KOG2140,31,0.9771,7.772,3.86e-15,2.46e-11,SAR,FBpp0080638,7227,ncm
COG0612,31,1,7.77,3.94e-15,2.51e-11,SAR,FBpp0075069,7227,UQCR-C2
COG0612,31,1,7.77,3.94e-15,2.51e-11,SAR,FBpp0082459,7227,UQCR-C1
COG0612,31,1,7.77,3.94e-15,2.51e-11,SAR,FBpp0087958,7227,CG8728
COG0377,31,0.9332,7.769,3.95e-15,2.52e-11,SAR,FBpp0073949,7227,ND-20
COG0377,31,0.9332,7.769,3.95e-15,2.52e-11,SAR,FBpp0084806,7227,ND-20L
COG2226,31,0.9437,7.769,3.96e-15,2.52e-11,SAR,FBpp0073568,7227,CG2453
COG0702,31,0.9663,7.768,3.97e-15,2.53e-11,SAR,FBpp0077859,7227,ND-39
COG1400,31,0.9137,7.767,4.01e-15,2.55e-11,SAR,FBpp0076589,7227,Srp19
COG0221,31,0.9992,7.767,4.02e-15,2.56e-11,SAR,FBpp0072250,7227,Nurf-38
COG5034,31,0.9188,7.767,4.03e-15,2.57e-11,SAR,FBpp0074385,7227,Ing3
COG5034,31,0.9188,7.767,4.03e-15,2.57e-11,SAR,FBpp0080103,7227,CG9293
COG5034,31,0.9188,7.767,4.03e-15,2.57e-11,SAR,FBpp0082953,7227,CG7379
COG5034,31,0.9188,7.767,4.03e-15,2.57e-11,SAR,FBpp0088179,7227,bip2
COG5034,31,0.9188,7.767,4.03e-15,2.57e-11,SAR,FBpp0112003,7227,MESR4
COG2867,31,0.8907,7.767,4.03e-15,2.57e-11,SAR,FBpp0085450,7227,CG9410
COG5136,31,0.9154,7.766,4.05e-15,2.58e-11,SAR,FBpp0077630,7227,CG31922
COG5136,31,0.9154,7.766,4.05e-15,2.58e-11,SAR,FBpp0083134,7227,snRNP-U1-C
COG5157,31,0.9589,7.765,4.07e-15,2.59e-11,SAR,FBpp0086776,7227,CG6220
COG5157,31,0.9589,7.765,4.07e-15,2.59e-11,SAR,FBpp0289644,7227,hyx
COG5202,31,0.9278,7.765,4.07e-15,2.59e-11,SAR,FBpp0074786,7227,nes
COG5202,31,0.9278,7.765,4.07e-15,2.59e-11,SAR,FBpp0078889,7227,frj
COG5202,31,0.9278,7.765,4.07e-15,2.59e-11,SAR,FBpp0087520,7227,oys
COG3569,31,0.9735,7.765,4.08e-15,2.6e-11,SAR,FBpp0073822,7227,Top1
KOG2026,31,0.9493,7.764,4.11e-15,2.62e-11,SAR,FBpp0074414,7227,Usp39
KOG2026,31,0.9493,7.764,4.11e-15,2.62e-11,SAR,FBpp0074415,7227,CG32544
KOG1507,31,0.9302,7.764,4.12e-15,2.62e-11,SAR,FBpp0072128,7227,Nap1
KOG1507,31,0.9302,7.764,4.12e-15,2.62e-11,SAR,FBpp0084615,7227,mil
KOG1507,31,0.9302,7.764,4.12e-15,2.62e-11,SAR,FBpp0303733,7227,CG3708
KOG1088,31,0.9893,7.762,4.19e-15,2.67e-11,SAR,FBpp0077965,7227,CG12975
COG0264,31,0.9328,7.761,4.2e-15,2.67e-11,SAR,FBpp0080547,7227,CG6412
KOG0416,31,0.9623,7.76,4.23e-15,2.69e-11,SAR,FBpp0071067,7227,UbcE2H
KOG0416,31,0.9623,7.76,4.23e-15,2.69e-11,SAR,FBpp0082026,7227,CG14739
COG5222,31,0.9869,7.76,4.23e-15,2.7e-11,SAR,FBpp0072158,7227,snama
COG0167,31,0.9926,7.76,4.24e-15,2.7e-11,SAR,FBpp0071272,7227,su(r)
COG0167,31,0.9926,7.76,4.24e-15,2.7e-11,SAR,FBpp0289671,7227,Dhod
KOG2196,31,0.9368,7.759,4.26e-15,2.72e-11,SAR,FBpp0086294,7227,Nup62
KOG2069,31,0.9441,7.759,4.29e-15,2.73e-11,SAR,FBpp0079833,7227,CG6488
COG1075,31,0.8913,7.757,4.36e-15,2.78e-11,SAR,FBpp0071170,7227,Ppt1
COG1075,31,0.8913,7.757,4.36e-15,2.78e-11,SAR,FBpp0079801,7227,Ppt2
KOG3296,31,0.9398,7.756,4.39e-15,2.8e-11,SAR,FBpp0082621,7227,CG4520
KOG3296,31,0.9398,7.756,4.39e-15,2.8e-11,SAR,FBpp0085338,7227,tomboy40
KOG3296,31,0.9398,7.756,4.39e-15,2.8e-11,SAR,FBpp0305890,7227,Tom40
COG1308,31,0.9973,7.755,4.41e-15,2.81e-11,SAR,FBpp0077616,7227,CG4415
COG1308,31,0.9973,7.755,4.41e-15,2.81e-11,SAR,FBpp0086971,7227,Nacalpha
COG1087,31,0.9862,7.755,4.42e-15,2.81e-11,SAR,FBpp0072455,7227,Gale
KOG2265,31,0.9934,7.755,4.43e-15,2.82e-11,SAR,FBpp0082917,7227,CG31251
KOG2265,31,0.9934,7.755,4.43e-15,2.82e-11,SAR,FBpp0297079,7227,nudC
KOG1629,31,0.8419,7.755,4.43e-15,2.82e-11,SAR,FBpp0076434,7227,BI-1
COG5137,31,0.9295,7.754,4.44e-15,2.83e-11,SAR,FBpp0074715,7227,asf1
COG5054,31,0.9427,7.753,4.47e-15,2.85e-11,SAR,FBpp0304151,7227,Alr
KOG2072,31,0.963,7.752,4.51e-15,2.87e-11,SAR,FBpp0078584,7227,eIF3-S10
KOG1415,31,0.975,7.752,4.52e-15,2.88e-11,SAR,FBpp0077516,7227,Uch
COG1409,31,0.8878,7.751,4.57e-15,2.9099999999999998e-11,SAR,FBpp0073262,7227,CG1637
COG0756,31,0.9562,7.75,4.61e-15,2.93e-11,SAR,FBpp0079746,7227,dUTPase
COG2154,31,0.9066,7.75,4.61e-15,2.94e-11,SAR,FBpp0084824,7227,Pcd
KOG0293,31,0.9378,7.747,4.72e-15,3e-11,SAR,FBpp0078015,7227,CG7611
KOG1656,31,0.9636,7.746,4.74e-15,3.02e-11,SAR,FBpp0087704,7227,shrb
KOG1864,31,0.9473,7.744,4.8e-15,3.06e-11,SAR,FBpp0083704,7227,Usp12-46
KOG1864,31,0.9473,7.744,4.8e-15,3.06e-11,SAR,FBpp0087061,7227,DUBAI
KOG1864,31,0.9473,7.744,4.8e-15,3.06e-11,SAR,FBpp0305952,7227,Usp1
KOG2894,31,0.8653,7.743,4.86e-15,3.1e-11,SAR,FBpp0084639,7227,CG12259
COG5604,31,0.9854,7.742,4.91e-15,3.13e-11,SAR,FBpp0081001,7227,CG9246
KOG2051,31,0.9239,7.741,4.94e-15,3.14e-11,SAR,FBpp0071072,7227,Upf2
KOG0114,31,0.9103,7.74,4.96e-15,3.16e-11,SAR,FBpp0076723,7227,CG13298
COG0508,31,0.975,7.739,5e-15,3.18e-11,SAR,FBpp0073781,7227,CG5599
COG0508,31,0.975,7.739,5e-15,3.18e-11,SAR,FBpp0079072,7227,CG5261
COG0508,31,0.975,7.739,5e-15,3.18e-11,SAR,FBpp0081834,7227,CG5214
COG3129,31,0.8981,7.738,5.06e-15,3.22e-11,SAR,FBpp0086548,7227,CG7544
KOG1823,31,0.9878,7.737,5.07e-15,3.23e-11,SAR,FBpp0071744,7227,CG4554
KOG1497,31,0.8763,7.736,5.12e-15,3.26e-11,SAR,FBpp0087935,7227,CSN4
COG0694,31,0.962,7.736,5.14e-15,3.28e-11,SAR,FBpp0070051,7227,CG32857
COG0694,31,0.962,7.736,5.14e-15,3.28e-11,SAR,FBpp0070054,7227,CG33502
COG0694,31,0.962,7.736,5.14e-15,3.28e-11,SAR,FBpp0077066,7227,CG32500
KOG3485,31,0.8971,7.735,5.17e-15,3.29e-11,SAR,FBpp0081484,7227,CG11985
KOG2696,31,0.9501,7.735,5.18e-15,3.3e-11,SAR,FBpp0078318,7227,CG2051
COG2118,31,0.9522,7.733,5.27e-15,3.35e-11,SAR,FBpp0075238,7227,PDCD-5
COG2119,31,0.8799,7.733,5.27e-15,3.36e-11,SAR,FBpp0290325,7227,CG42542
KOG0394,31,0.9987,7.731,5.32e-15,3.39e-11,SAR,FBpp0080747,7227,Rab9
KOG0394,31,0.9987,7.731,5.32e-15,3.39e-11,SAR,FBpp0083891,7227,Rab7
COG0671,31,0.9805,7.731,5.33e-15,3.39e-11,SAR,FBpp0078156,7227,CG11438
COG0671,31,0.9805,7.731,5.33e-15,3.39e-11,SAR,FBpp0078157,7227,CG11437
COG0671,31,0.9805,7.731,5.33e-15,3.39e-11,SAR,FBpp0078158,7227,CG11426
COG0671,31,0.9805,7.731,5.33e-15,3.39e-11,SAR,FBpp0078159,7227,CG11425
COG0671,31,0.9805,7.731,5.33e-15,3.39e-11,SAR,FBpp0078160,7227,laza
COG0671,31,0.9805,7.731,5.33e-15,3.39e-11,SAR,FBpp0078338,7227,CG12746
COG0671,31,0.9805,7.731,5.33e-15,3.39e-11,SAR,FBpp0087590,7227,wun2
COG0671,31,0.9805,7.731,5.33e-15,3.39e-11,SAR,FBpp0087635,7227,wun
KOG2516,31,0.8918,7.731,5.33e-15,3.4e-11,SAR,FBpp0081608,7227,CG8412
KOG2441,31,0.9487,7.73,5.38e-15,3.42e-11,SAR,FBpp0305943,7227,Bx42
KOG2146,31,0.9334,7.73,5.38e-15,3.43e-11,SAR,FBpp0075617,7227,SRm160
COG0158,31,0.9447,7.729,5.43e-15,3.46e-11,SAR,FBpp0080854,7227,fbp
COG0449,31,0.9996,7.729,5.44e-15,3.46e-11,SAR,FBpp0084666,7227,Gfat2
COG0449,31,0.9996,7.729,5.44e-15,3.46e-11,SAR,FBpp0291990,7227,Gfat1
COG5290,31,0.9244,7.728,5.44e-15,3.47e-11,SAR,FBpp0081896,7227,Elp1
COG0661,31,0.9792,7.727,5.5e-15,3.5e-11,SAR,FBpp0072227,7227,CG3608
COG0661,31,0.9792,7.727,5.5e-15,3.5e-11,SAR,FBpp0073530,7227,CG32649
COG0661,31,0.9792,7.727,5.5e-15,3.5e-11,SAR,FBpp0073531,7227,CG32650
COG0661,31,0.9792,7.727,5.5e-15,3.5e-11,SAR,FBpp0075892,7227,CG7616
COG4281,31,0.9788,7.727,5.52e-15,3.51e-11,SAR,FBpp0076318,7227,CG5804
COG4281,31,0.9788,7.727,5.52e-15,3.51e-11,SAR,FBpp0076622,7227,CG15829
COG4281,31,0.9788,7.727,5.52e-15,3.51e-11,SAR,FBpp0076623,7227,CG8628
COG4281,31,0.9788,7.727,5.52e-15,3.51e-11,SAR,FBpp0076624,7227,Dbi
COG4281,31,0.9788,7.727,5.52e-15,3.51e-11,SAR,FBpp0076634,7227,CG8629
COG4281,31,0.9788,7.727,5.52e-15,3.51e-11,SAR,FBpp0076922,7227,CG33713
COG4281,31,0.9788,7.727,5.52e-15,3.51e-11,SAR,FBpp0077314,7227,CG8814
COG4281,31,0.9788,7.727,5.52e-15,3.51e-11,SAR,FBpp0079256,7227,CG8498
KOG1064,31,0.9909,7.724,5.63e-15,3.59e-11,SAR,FBpp0292404,7227,Rbcn-3A
COG1003,31,0.9273,7.722,5.74e-15,3.65e-11,SAR,FBpp0081703,7227,CG3999
KOG0804,31,0.9672,7.721,5.75e-15,3.66e-11,SAR,FBpp0304474,7227,CG5555
COG0624,31,0.9871,7.717,5.94e-15,3.78e-11,SAR,FBpp0081799,7227,CG6465
COG0624,31,0.9871,7.717,5.94e-15,3.78e-11,SAR,FBpp0083741,7227,CG6726
COG0624,31,0.9871,7.717,5.94e-15,3.78e-11,SAR,FBpp0083743,7227,CG17110
COG0624,31,0.9871,7.717,5.94e-15,3.78e-11,SAR,FBpp0083744,7227,CG17109
COG0624,31,0.9871,7.717,5.94e-15,3.78e-11,SAR,FBpp0083745,7227,CG6733
COG0624,31,0.9871,7.717,5.94e-15,3.78e-11,SAR,FBpp0083746,7227,CG6738
COG0624,31,0.9871,7.717,5.94e-15,3.78e-11,SAR,FBpp0085374,7227,CG17337
COG5183,31,0.9953,7.717,5.97e-15,3.8e-11,SAR,FBpp0070905,7227,CG17717
COG5183,31,0.9953,7.717,5.97e-15,3.8e-11,SAR,FBpp0072779,7227,CG1317
COG5183,31,0.9953,7.717,5.97e-15,3.8e-11,SAR,FBpp0077310,7227,CG2991
COG5183,31,0.9953,7.717,5.97e-15,3.8e-11,SAR,FBpp0085553,7227,CG13442
COG5183,31,0.9953,7.717,5.97e-15,3.8e-11,SAR,FBpp0301283,7227,CG4080
KOG3887,31,0.9199,7.715,6.04e-15,3.85e-11,SAR,FBpp0087883,7227,RagC-D
KOG1865,31,0.9715,7.714,6.08e-15,3.87e-11,SAR,FBpp0076806,7227,scny
KOG4130,31,0.8816,7.714,6.09e-15,3.88e-11,SAR,FBpp0076791,7227,Sras
COG5052,31,0.9083,7.714,6.11e-15,3.89e-11,SAR,FBpp0072032,7227,CG5539
COG5052,31,0.9083,7.714,6.11e-15,3.89e-11,SAR,FBpp0073360,7227,CG11697
COG5052,31,0.9083,7.714,6.11e-15,3.89e-11,SAR,FBpp0084293,7227,CG4960
COG5052,31,0.9083,7.714,6.11e-15,3.89e-11,SAR,FBpp0291641,7227,CG8331
COG5052,31,0.9083,7.714,6.11e-15,3.89e-11,SAR,FBpp0291910,7227,CG42678
KOG1947,31,0.9943,7.714,6.11e-15,3.89e-11,SAR,FBpp0071835,7227,Ppa
KOG1947,31,0.9943,7.714,6.11e-15,3.89e-11,SAR,FBpp0073740,7227,Fbxl4
KOG1947,31,0.9943,7.714,6.11e-15,3.89e-11,SAR,FBpp0074332,7227,CG15056
KOG1947,31,0.9943,7.714,6.11e-15,3.89e-11,SAR,FBpp0075864,7227,CG32085
KOG1947,31,0.9943,7.714,6.11e-15,3.89e-11,SAR,FBpp0078693,7227,jet
KOG1947,31,0.9943,7.714,6.11e-15,3.89e-11,SAR,FBpp0080926,7227,CG9316
KOG1947,31,0.9943,7.714,6.11e-15,3.89e-11,SAR,FBpp0082374,7227,CG12402
KOG1947,31,0.9943,7.714,6.11e-15,3.89e-11,SAR,FBpp0082655,7227,Fbxl7
KOG1947,31,0.9943,7.714,6.11e-15,3.89e-11,SAR,FBpp0082752,7227,CG14891
KOG1947,31,0.9943,7.714,6.11e-15,3.89e-11,SAR,FBpp0084796,7227,CG2010
KOG1947,31,0.9943,7.714,6.11e-15,3.89e-11,SAR,FBpp0085623,7227,CG11044
KOG1947,31,0.9943,7.714,6.11e-15,3.89e-11,SAR,FBpp0087275,7227,Fbl6
KOG1947,31,0.9943,7.714,6.11e-15,3.89e-11,SAR,FBpp0087767,7227,CG8272
KOG1947,31,0.9943,7.714,6.11e-15,3.89e-11,SAR,FBpp0289915,7227,Kdm2
KOG1620,31,0.993,7.713,6.17e-15,3.93e-11,SAR,FBpp0071578,7227,CG10082
KOG1620,31,0.993,7.713,6.17e-15,3.93e-11,SAR,FBpp0077734,7227,Ipk2
KOG1548,31,0.9322,7.711,6.25e-15,3.98e-11,SAR,FBpp0078053,7227,barc
KOG2186,31,0.9158,7.71,6.32e-15,4.02e-11,SAR,FBpp0087437,7227,CG12909
KOG4205,31,0.9549,7.709,6.36e-15,4.05e-11,SAR,FBpp0082320,7227,sqd
KOG4205,31,0.9549,7.709,6.36e-15,4.05e-11,SAR,FBpp0112339,7227,Rbp6
KOG4205,31,0.9549,7.709,6.36e-15,4.05e-11,SAR,FBpp0297875,7227,Hrb27C
KOG4205,31,0.9549,7.709,6.36e-15,4.05e-11,SAR,FBpp0305820,7227,msi
COG5602,31,0.9359,7.708,6.37e-15,4.06e-11,SAR,FBpp0293225,7227,Sin3A
KOG2754,31,0.9497,7.708,6.39e-15,4.07e-11,SAR,FBpp0071279,7227,Ost48
KOG2240,31,0.9717,7.707,6.46e-15,4.11e-11,SAR,FBpp0073731,7227,CG9404
KOG2240,31,0.9717,7.707,6.46e-15,4.11e-11,SAR,FBpp0073732,7227,CG18313
KOG2240,31,0.9717,7.707,6.46e-15,4.11e-11,SAR,FBpp0073735,7227,CG32598
KOG2240,31,0.9717,7.707,6.46e-15,4.11e-11,SAR,FBpp0073736,7227,CG18157
KOG2240,31,0.9717,7.707,6.46e-15,4.11e-11,SAR,FBpp0077736,7227,CG11835
KOG2240,31,0.9717,7.707,6.46e-15,4.11e-11,SAR,FBpp0086895,7227,bic
KOG2240,31,0.9717,7.707,6.46e-15,4.11e-11,SAR,FBpp0088324,7227,CG13402
COG5596,31,0.9408,7.706,6.49e-15,4.14e-11,SAR,FBpp0076949,7227,CG1724
COG5596,31,0.9408,7.706,6.49e-15,4.14e-11,SAR,FBpp0078430,7227,Tim17b1
COG5596,31,0.9408,7.706,6.49e-15,4.14e-11,SAR,FBpp0078462,7227,Tim17a2
COG5596,31,0.9408,7.706,6.49e-15,4.14e-11,SAR,FBpp0082080,7227,Tim17a1
COG5596,31,0.9408,7.706,6.49e-15,4.14e-11,SAR,FBpp0083078,7227,CG31229
COG5596,31,0.9408,7.706,6.49e-15,4.14e-11,SAR,FBpp0088641,7227,Tim17b2
COG5596,31,0.9408,7.706,6.49e-15,4.14e-11,SAR,FBpp0112504,7227,CG40042
COG5596,31,0.9408,7.706,6.49e-15,4.14e-11,SAR,FBpp0112618,7227,Tim17b
KOG1784,31,0.895,7.706,6.5e-15,4.14e-11,SAR,FBpp0072674,7227,CG2021
KOG1297,31,0.8477,7.704,6.59e-15,4.2e-11,SAR,FBpp0302874,7227,CG16890
KOG2357,31,0.9159,7.704,6.59e-15,4.2e-11,SAR,FBpp0305448,7227,CG17593
KOG1076,31,0.9958,7.703,6.62e-15,4.22e-11,SAR,FBpp0086013,7227,eIF3-S8
KOG2076,31,0.9712,7.703,6.62e-15,4.22e-11,SAR,FBpp0297722,7227,CG8950
COG1965,31,0.8361,7.703,6.62e-15,4.22e-11,SAR,FBpp0071283,7227,fh
COG5082,31,0.8544,7.703,6.65e-15,4.24e-11,SAR,FBpp0071903,7227,CG3800
COG5082,31,0.8544,7.703,6.65e-15,4.24e-11,SAR,FBpp0075089,7227,CG9715
COG5098,31,0.925,7.702,6.68e-15,4.25e-11,SAR,FBpp0084818,7227,Cap-D2
COG2313,31,0.8509,7.698,6.89e-15,4.39e-11,SAR,FBpp0077727,7227,CG2794
KOG4018,31,0.9342,7.698,6.9e-15,4.4e-11,SAR,FBpp0080648,7227,CG10343
KOG4018,31,0.9342,7.698,6.9e-15,4.4e-11,SAR,FBpp0083959,7227,CG5515
KOG4018,31,0.9342,7.698,6.9e-15,4.4e-11,SAR,FBpp0086153,7227,CG15605
KOG3113,31,0.899,7.693,7.16e-15,4.56e-11,SAR,FBpp0079699,7227,CG6443
KOG1558,31,0.928,7.693,7.19e-15,4.58e-11,SAR,FBpp0082720,7227,Zip89B
KOG1558,31,0.928,7.693,7.19e-15,4.58e-11,SAR,FBpp0085472,7227,Zip42C.1
KOG1558,31,0.928,7.693,7.19e-15,4.58e-11,SAR,FBpp0288457,7227,Zip88E
KOG1558,31,0.928,7.693,7.19e-15,4.58e-11,SAR,FBpp0297714,7227,Zip42C.2
COG5061,31,0.9089,7.693,7.2e-15,4.59e-11,SAR,FBpp0073073,7227,Ero1L
KOG3284,31,0.8785,7.692,7.22e-15,4.6e-11,SAR,FBpp0302051,7227,Vps28
COG0330,31,0.9742,7.692,7.22e-15,4.6e-11,SAR,FBpp0072054,7227,CG2970
COG0330,31,0.9742,7.692,7.22e-15,4.6e-11,SAR,FBpp0074439,7227,CG33253
COG0330,31,0.9742,7.692,7.22e-15,4.6e-11,SAR,FBpp0074440,7227,Mec2
COG0330,31,0.9742,7.692,7.22e-15,4.6e-11,SAR,FBpp0078620,7227,CG14644
COG0330,31,0.9742,7.692,7.22e-15,4.6e-11,SAR,FBpp0080707,7227,l(2)37Cc
COG0330,31,0.9742,7.692,7.22e-15,4.6e-11,SAR,FBpp0082027,7227,CG31358
COG0330,31,0.9742,7.692,7.22e-15,4.6e-11,SAR,FBpp0111775,7227,Phb2
COG0330,31,0.9742,7.692,7.22e-15,4.6e-11,SAR,FBpp0290937,7227,CG14736
COG0330,31,0.9742,7.692,7.22e-15,4.6e-11,SAR,FBpp0293525,7227,CG42540
KOG2216,31,0.8682,7.688,7.5e-15,4.78e-11,SAR,FBpp0072056,7227,thoc5
COG5156,31,0.9137,7.687,7.55e-15,4.81e-11,SAR,FBpp0086107,7227,APC10
COG0160,31,0.8486,7.684,7.7e-15,4.9e-11,SAR,FBpp0075543,7227,CG8745
COG0160,31,0.8486,7.684,7.7e-15,4.9e-11,SAR,FBpp0112101,7227,CG11241
COG0160,31,0.8486,7.684,7.7e-15,4.9e-11,SAR,FBpp0291259,7227,CG7433
COG5201,31,0.9317,7.684,7.7e-15,4.91e-11,SAR,FBpp0070118,7227,SkpA
COG5201,31,0.9317,7.684,7.7e-15,4.91e-11,SAR,FBpp0071931,7227,SkpF
COG5201,31,0.9317,7.684,7.7e-15,4.91e-11,SAR,FBpp0072154,7227,CG15800
COG5201,31,0.9317,7.684,7.7e-15,4.91e-11,SAR,FBpp0074565,7227,SkpD
COG5201,31,0.9317,7.684,7.7e-15,4.91e-11,SAR,FBpp0074566,7227,SkpC
COG5201,31,0.9317,7.684,7.7e-15,4.91e-11,SAR,FBpp0074575,7227,SkpE
COG5201,31,0.9317,7.684,7.7e-15,4.91e-11,SAR,FBpp0087127,7227,SkpB
COG4770,31,0.9514,7.683,7.77e-15,4.95e-11,SAR,FBpp0300203,7227,CG2118
KOG1674,31,0.8598,7.682,7.83e-15,4.99e-11,SAR,FBpp0112547,7227,CG40191
COG0580,31,0.9585,7.681,7.89e-15,5.03e-11,SAR,FBpp0071980,7227,CG5398
COG0580,31,0.9585,7.681,7.89e-15,5.03e-11,SAR,FBpp0072016,7227,CG17664
COG0580,31,0.9585,7.681,7.89e-15,5.03e-11,SAR,FBpp0079519,7227,bib
COG0580,31,0.9585,7.681,7.89e-15,5.03e-11,SAR,FBpp0293611,7227,CG7777
COG0580,31,0.9585,7.681,7.89e-15,5.03e-11,SAR,FBpp0297290,7227,CG17662
COG0580,31,0.9585,7.681,7.89e-15,5.03e-11,SAR,FBpp0297476,7227,CG4019
COG0580,31,0.9585,7.681,7.89e-15,5.03e-11,SAR,FBpp0303808,7227,Drip
KOG2444,31,0.8986,7.68,7.96e-15,5.07e-11,SAR,FBpp0081907,7227,CG14722
COG5070,31,0.8918,7.679,8e-15,5.09e-11,SAR,FBpp0289098,7227,frc
KOG0825,31,0.8397,7.677,8.12e-15,5.17e-11,SAR,FBpp0078401,7227,CG2926
COG1231,31,0.9378,7.677,8.14e-15,5.18e-11,SAR,FBpp0074594,7227,Su(var)3-3
COG1231,31,0.9378,7.677,8.14e-15,5.18e-11,SAR,FBpp0083984,7227,CG13611
COG5086,31,0.9186,7.677,8.14e-15,5.18e-11,SAR,FBpp0084348,7227,Sld5
COG1816,31,0.9983,7.677,8.16e-15,5.2e-11,SAR,FBpp0074955,7227,Adgf-A
COG1816,31,0.9983,7.677,8.16e-15,5.2e-11,SAR,FBpp0074956,7227,Msi
COG1816,31,0.9983,7.677,8.16e-15,5.2e-11,SAR,FBpp0074957,7227,Adgf-B
COG1816,31,0.9983,7.677,8.16e-15,5.2e-11,SAR,FBpp0081451,7227,Ada
COG1816,31,0.9983,7.677,8.16e-15,5.2e-11,SAR,FBpp0082289,7227,Adgf-C
COG1816,31,0.9983,7.677,8.16e-15,5.2e-11,SAR,FBpp0082310,7227,Adgf-D
COG1816,31,0.9983,7.677,8.16e-15,5.2e-11,SAR,FBpp0086611,7227,Adgf-E
COG1816,31,0.9983,7.677,8.16e-15,5.2e-11,SAR,FBpp0292384,7227,AMPdeam
COG2131,31,0.8714,7.676,8.23e-15,5.24e-11,SAR,FBpp0074597,7227,CG6951
KOG2837,31,0.9048,7.675,8.29e-15,5.28e-11,SAR,FBpp0077839,7227,kin17
COG0260,31,0.9341,7.674,8.31e-15,5.3e-11,SAR,FBpp0076014,7227,CG32061
COG0260,31,0.9341,7.674,8.31e-15,5.3e-11,SAR,FBpp0076015,7227,S-Lap3
COG0260,31,0.9341,7.674,8.31e-15,5.3e-11,SAR,FBpp0076017,7227,S-Lap4
COG0260,31,0.9341,7.674,8.31e-15,5.3e-11,SAR,FBpp0076362,7227,S-Lap1
COG0260,31,0.9341,7.674,8.31e-15,5.3e-11,SAR,FBpp0076363,7227,S-Lap2
COG0260,31,0.9341,7.674,8.31e-15,5.3e-11,SAR,FBpp0082198,7227,grsm
COG0260,31,0.9341,7.674,8.31e-15,5.3e-11,SAR,FBpp0082299,7227,Dip-B
COG0260,31,0.9341,7.674,8.31e-15,5.3e-11,SAR,FBpp0086235,7227,S-Lap8
COG0260,31,0.9341,7.674,8.31e-15,5.3e-11,SAR,FBpp0086239,7227,loopin-1
COG0260,31,0.9341,7.674,8.31e-15,5.3e-11,SAR,FBpp0086750,7227,S-Lap5
COG0260,31,0.9341,7.674,8.31e-15,5.3e-11,SAR,FBpp0086775,7227,S-Lap7
COG2938,31,0.9095,7.673,8.43e-15,5.37e-11,SAR,FBpp0087881,7227,CG14757
COG2938,31,0.9095,7.673,8.43e-15,5.37e-11,SAR,FBpp0303465,7227,CG12895
KOG3195,31,0.9583,7.672,8.5e-15,5.41e-11,SAR,FBpp0290362,7227,CG5021
KOG3400,31,0.9216,7.671,8.56e-15,5.45e-11,SAR,FBpp0078086,7227,Rpb8
KOG2473,31,0.8252,7.671,8.56e-15,5.45e-11,SAR,FBpp0080700,7227,l(2)37Cd
COG1111,31,0.8833,7.671,8.57e-15,5.46e-11,SAR,FBpp0083508,7227,CG7922
KOG1874,31,0.9442,7.669,8.65e-15,5.51e-11,SAR,FBpp0074423,7227,CG7358
KOG1874,31,0.9442,7.669,8.65e-15,5.51e-11,SAR,FBpp0290874,7227,tho2
KOG1210,31,0.9898,7.668,8.74e-15,5.57e-11,SAR,FBpp0084241,7227,CG10425
COG0529,31,0.8827,7.668,8.76e-15,5.58e-11,SAR,FBpp0074657,7227,Papss
KOG0606,31,0.9255,7.667,8.82e-15,5.62e-11,SAR,FBpp0075315,7227,dop
KOG0606,31,0.9255,7.667,8.82e-15,5.62e-11,SAR,FBpp0083089,7227,gwl
COG1730,31,0.9314,7.665,8.97e-15,5.71e-11,SAR,FBpp0290701,7227,CG7048
COG2340,31,0.8988,7.664,8.98e-15,5.72e-11,SAR,FBpp0071403,7227,CG32679
COG2340,31,0.8988,7.664,8.98e-15,5.72e-11,SAR,FBpp0071537,7227,CG17974
COG2340,31,0.8988,7.664,8.98e-15,5.72e-11,SAR,FBpp0071538,7227,CG9822
COG2340,31,0.8988,7.664,8.98e-15,5.72e-11,SAR,FBpp0072229,7227,CG3640
COG2340,31,0.8988,7.664,8.98e-15,5.72e-11,SAR,FBpp0073755,7227,Ag5r2
COG2340,31,0.8988,7.664,8.98e-15,5.72e-11,SAR,FBpp0076024,7227,CG8072
COG2340,31,0.8988,7.664,8.98e-15,5.72e-11,SAR,FBpp0076040,7227,CG6628
COG2340,31,0.8988,7.664,8.98e-15,5.72e-11,SAR,FBpp0077434,7227,CG4270
COG2340,31,0.8988,7.664,8.98e-15,5.72e-11,SAR,FBpp0077438,7227,CG16995
COG2340,31,0.8988,7.664,8.98e-15,5.72e-11,SAR,FBpp0080910,7227,CG10651
COG2340,31,0.8988,7.664,8.98e-15,5.72e-11,SAR,FBpp0081179,7227,CG31482
COG2340,31,0.8988,7.664,8.98e-15,5.72e-11,SAR,FBpp0081182,7227,CG31286
COG2340,31,0.8988,7.664,8.98e-15,5.72e-11,SAR,FBpp0081827,7227,scpr-C
COG2340,31,0.8988,7.664,8.98e-15,5.72e-11,SAR,FBpp0081833,7227,scpr-A
COG2340,31,0.8988,7.664,8.98e-15,5.72e-11,SAR,FBpp0081838,7227,scpr-B
COG2340,31,0.8988,7.664,8.98e-15,5.72e-11,SAR,FBpp0082250,7227,CG8483
COG2340,31,0.8988,7.664,8.98e-15,5.72e-11,SAR,FBpp0082609,7227,CG31296
COG2340,31,0.8988,7.664,8.98e-15,5.72e-11,SAR,FBpp0086930,7227,CG30486
COG2340,31,0.8988,7.664,8.98e-15,5.72e-11,SAR,FBpp0111895,7227,CG9400
COG2340,31,0.8988,7.664,8.98e-15,5.72e-11,SAR,FBpp0290223,7227,CG42537
COG2340,31,0.8988,7.664,8.98e-15,5.72e-11,SAR,FBpp0290224,7227,CG42538
COG2340,31,0.8988,7.664,8.98e-15,5.72e-11,SAR,FBpp0290483,7227,CG42564
COG2340,31,0.8988,7.664,8.98e-15,5.72e-11,SAR,FBpp0291365,7227,CG34002
COG2340,31,0.8988,7.664,8.98e-15,5.72e-11,SAR,FBpp0291567,7227,CG34049
COG2340,31,0.8988,7.664,8.98e-15,5.72e-11,SAR,FBpp0292065,7227,CG17575
COG2340,31,0.8988,7.664,8.98e-15,5.72e-11,SAR,FBpp0292120,7227,CG42713
COG2340,31,0.8988,7.664,8.98e-15,5.72e-11,SAR,FBpp0292123,7227,CG42716
COG2340,31,0.8988,7.664,8.98e-15,5.72e-11,SAR,FBpp0292124,7227,CG42717
COG2340,31,0.8988,7.664,8.98e-15,5.72e-11,SAR,FBpp0292477,7227,CG42780
COG2340,31,0.8988,7.664,8.98e-15,5.72e-11,SAR,FBpp0297538,7227,CG17574
COG2340,31,0.8988,7.664,8.98e-15,5.72e-11,SAR,FBpp0297539,7227,antr
COG2340,31,0.8988,7.664,8.98e-15,5.72e-11,SAR,FBpp0303890,7227,CG43775
COG2340,31,0.8988,7.664,8.98e-15,5.72e-11,SAR,FBpp0303891,7227,CG43776
COG2340,31,0.8988,7.664,8.98e-15,5.72e-11,SAR,FBpp0303892,7227,CG43777
COG2340,31,0.8988,7.664,8.98e-15,5.72e-11,SAR,FBpp0305590,7227,CG32313
COG2340,31,0.8988,7.664,8.98e-15,5.72e-11,SAR,FBpp0305814,7227,Ag5r
KOG2659,31,0.9035,7.664,9.01e-15,5.74e-11,SAR,FBpp0074386,7227,CG6617
KOG2659,31,0.9035,7.664,9.01e-15,5.74e-11,SAR,FBpp0086074,7227,CG18467
KOG2476,31,0.8967,7.663,9.07e-15,5.78e-11,SAR,FBpp0087219,7227,CG7741
COG0400,31,0.9612,7.663,9.09e-15,5.79e-11,SAR,FBpp0112129,7227,CG6567
COG0400,31,0.9612,7.663,9.09e-15,5.79e-11,SAR,FBpp0303935,7227,CG18815
COG0471,31,0.9484,7.662,9.13e-15,5.8199999999999997e-11,SAR,FBpp0074848,7227,Indy
COG0471,31,0.9484,7.662,9.13e-15,5.8199999999999997e-11,SAR,FBpp0099666,7227,Indy-2
COG0471,31,0.9484,7.662,9.13e-15,5.8199999999999997e-11,SAR,FBpp0290402,7227,CG7309
COG0471,31,0.9484,7.662,9.13e-15,5.8199999999999997e-11,SAR,FBpp0290914,7227,CG33934
COG0366,31,0.8665,7.662,9.17e-15,5.84e-11,SAR,FBpp0079859,7227,Mal-B1
COG0366,31,0.8665,7.662,9.17e-15,5.84e-11,SAR,FBpp0079860,7227,Mal-B2
COG0366,31,0.8665,7.662,9.17e-15,5.84e-11,SAR,FBpp0080899,7227,CG10949
COG0366,31,0.8665,7.662,9.17e-15,5.84e-11,SAR,FBpp0086136,7227,Amy-d
COG0366,31,0.8665,7.662,9.17e-15,5.84e-11,SAR,FBpp0086155,7227,Amy-p
COG0366,31,0.8665,7.662,9.17e-15,5.84e-11,SAR,FBpp0086263,7227,Amyrel
COG0366,31,0.8665,7.662,9.17e-15,5.84e-11,SAR,FBpp0087826,7227,Mal-A2
COG0366,31,0.8665,7.662,9.17e-15,5.84e-11,SAR,FBpp0087827,7227,Mal-A4
COG0366,31,0.8665,7.662,9.17e-15,5.84e-11,SAR,FBpp0087828,7227,Mal-A5
COG0366,31,0.8665,7.662,9.17e-15,5.84e-11,SAR,FBpp0087831,7227,Mal-A8
COG0366,31,0.8665,7.662,9.17e-15,5.84e-11,SAR,FBpp0087836,7227,Mal-A7
COG0366,31,0.8665,7.662,9.17e-15,5.84e-11,SAR,FBpp0087837,7227,Mal-A3
COG0366,31,0.8665,7.662,9.17e-15,5.84e-11,SAR,FBpp0087838,7227,Mal-A1
COG0366,31,0.8665,7.662,9.17e-15,5.84e-11,SAR,FBpp0271830,7227,Mal-A6
COG0366,31,0.8665,7.662,9.17e-15,5.84e-11,SAR,FBpp0303762,7227,CD98hc
KOG0675,31,0.8924,7.66,9.27e-15,5.9e-11,SAR,FBpp0073467,7227,CG1924
KOG0675,31,0.8924,7.66,9.27e-15,5.9e-11,SAR,FBpp0074074,7227,Cnx14D
KOG0675,31,0.8924,7.66,9.27e-15,5.9e-11,SAR,FBpp0110208,7227,Cnx99A
COG0303,31,0.8752,7.66,9.31e-15,5.93e-11,SAR,FBpp0070063,7227,cin
COG5258,31,0.8875,7.659,9.34e-15,5.95e-11,SAR,FBpp0078310,7227,CG2017
COG5258,31,0.8875,7.659,9.34e-15,5.95e-11,SAR,FBpp0085953,7227,Dgp-1
COG0179,31,0.9338,7.659,9.36e-15,5.96e-11,SAR,FBpp0073134,7227,Faa
COG0179,31,0.9338,7.659,9.36e-15,5.96e-11,SAR,FBpp0075625,7227,CG11251
COG0179,31,0.9338,7.659,9.36e-15,5.96e-11,SAR,FBpp0083584,7227,CG6028
COG0179,31,0.9338,7.659,9.36e-15,5.96e-11,SAR,FBpp0306058,7227,CG5793
KOG3024,31,0.8684,7.659,9.38e-15,5.98e-11,SAR,FBpp0112104,7227,CG9853
COG0212,31,0.8655,7.659,9.39e-15,5.98e-11,SAR,FBpp0071942,7227,CG13551
COG0212,31,0.8655,7.659,9.39e-15,5.98e-11,SAR,FBpp0078561,7227,lost
COG0212,31,0.8655,7.659,9.39e-15,5.98e-11,SAR,FBpp0111637,7227,CG34424
COG0212,31,0.8655,7.659,9.39e-15,5.98e-11,SAR,FBpp0291068,7227,CG34423
COG1928,31,0.9512,7.659,9.39e-15,5.98e-11,SAR,FBpp0070134,7227,tw
COG1928,31,0.9512,7.659,9.39e-15,5.98e-11,SAR,FBpp0075877,7227,rt
COG1928,31,0.9512,7.659,9.39e-15,5.98e-11,SAR,FBpp0078450,7227,CG11999
COG2238,31,0.9639,7.658,9.46e-15,6.03e-11,SAR,FBpp0074086,7227,RpS19a
COG2238,31,0.9639,7.658,9.46e-15,6.03e-11,SAR,FBpp0083905,7227,RpS19b
COG0262,31,0.8969,7.657,9.51e-15,6.06e-11,SAR,FBpp0110210,7227,Dhfr
KOG1471,31,0.9021,7.654,9.71e-15,6.18e-11,SAR,FBpp0070400,7227,CG3091
KOG1471,31,0.9021,7.654,9.71e-15,6.18e-11,SAR,FBpp0070401,7227,CG3191
KOG1471,31,0.9021,7.654,9.71e-15,6.18e-11,SAR,FBpp0070865,7227,CG3823
KOG1471,31,0.9021,7.654,9.71e-15,6.18e-11,SAR,FBpp0072461,7227,CG13893
KOG1471,31,0.9021,7.654,9.71e-15,6.18e-11,SAR,FBpp0072855,7227,CG32485
KOG1471,31,0.9021,7.654,9.71e-15,6.18e-11,SAR,FBpp0073145,7227,CG33514
KOG1471,31,0.9021,7.654,9.71e-15,6.18e-11,SAR,FBpp0075707,7227,CG10657
KOG1471,31,0.9021,7.654,9.71e-15,6.18e-11,SAR,FBpp0076740,7227,CG32407
KOG1471,31,0.9021,7.654,9.71e-15,6.18e-11,SAR,FBpp0076823,7227,Cralbp
KOG1471,31,0.9021,7.654,9.71e-15,6.18e-11,SAR,FBpp0078440,7227,CG2663
KOG1471,31,0.9021,7.654,9.71e-15,6.18e-11,SAR,FBpp0078902,7227,retm
KOG1471,31,0.9021,7.654,9.71e-15,6.18e-11,SAR,FBpp0078953,7227,CG31636
KOG1471,31,0.9021,7.654,9.71e-15,6.18e-11,SAR,FBpp0079090,7227,CG5958
KOG1471,31,0.9021,7.654,9.71e-15,6.18e-11,SAR,FBpp0080322,7227,Ku80
KOG1471,31,0.9021,7.654,9.71e-15,6.18e-11,SAR,FBpp0080749,7227,CG10237
KOG1471,31,0.9021,7.654,9.71e-15,6.18e-11,SAR,FBpp0080778,7227,CG10026
KOG1471,31,0.9021,7.654,9.71e-15,6.18e-11,SAR,FBpp0083690,7227,pinta
KOG1471,31,0.9021,7.654,9.71e-15,6.18e-11,SAR,FBpp0083837,7227,CG10300
KOG1471,31,0.9021,7.654,9.71e-15,6.18e-11,SAR,FBpp0085226,7227,CG11550
KOG1471,31,0.9021,7.654,9.71e-15,6.18e-11,SAR,FBpp0087586,7227,CG12926
KOG1471,31,0.9021,7.654,9.71e-15,6.18e-11,SAR,FBpp0087614,7227,CG1902
KOG1471,31,0.9021,7.654,9.71e-15,6.18e-11,SAR,FBpp0087617,7227,CG30339
KOG1471,31,0.9021,7.654,9.71e-15,6.18e-11,SAR,FBpp0090954,7227,Vap-33B
KOG1471,31,0.9021,7.654,9.71e-15,6.18e-11,SAR,FBpp0099381,7227,CG33965
KOG1471,31,0.9021,7.654,9.71e-15,6.18e-11,SAR,FBpp0099382,7227,CG33966
KOG1471,31,0.9021,7.654,9.71e-15,6.18e-11,SAR,FBpp0112996,7227,CG10301
KOG1471,31,0.9021,7.654,9.71e-15,6.18e-11,SAR,FBpp0303718,7227,CG31826
KOG1471,31,0.9021,7.654,9.71e-15,6.18e-11,SAR,FBpp0304798,7227,CG5973
COG2025,31,0.8822,7.654,9.74e-15,6.2e-11,SAR,FBpp0087186,7227,wal
KOG2654,31,0.9254,7.654,9.77e-15,6.22e-11,SAR,FBpp0084051,7227,CG13625
KOG2074,31,0.862,7.653,9.8e-15,6.24e-11,SAR,FBpp0086676,7227,Tfb1
COG1232,31,0.9542,7.652,9.91e-15,6.31e-11,SAR,FBpp0084044,7227,Ppox
KOG1216,31,0.8697,7.649,1.01e-14,6.46e-11,SAR,FBpp0071536,7227,cv-2
KOG1216,31,0.8697,7.649,1.01e-14,6.46e-11,SAR,FBpp0073985,7227,Muc14A
KOG1216,31,0.8697,7.649,1.01e-14,6.46e-11,SAR,FBpp0075495,7227,Hml
KOG1216,31,0.8697,7.649,1.01e-14,6.46e-11,SAR,FBpp0077871,7227,Rcd2
KOG1216,31,0.8697,7.649,1.01e-14,6.46e-11,SAR,FBpp0077903,7227,CG13252
KOG1216,31,0.8697,7.649,1.01e-14,6.46e-11,SAR,FBpp0082021,7227,Cpn
KOG1216,31,0.8697,7.649,1.01e-14,6.46e-11,SAR,FBpp0083529,7227,Burs
KOG1216,31,0.8697,7.649,1.01e-14,6.46e-11,SAR,FBpp0086747,7227,shot
KOG1216,31,0.8697,7.649,1.01e-14,6.46e-11,SAR,FBpp0291938,7227,CG14692
KOG1216,31,0.8697,7.649,1.01e-14,6.46e-11,SAR,FBpp0304920,7227,sls
KOG3277,31,0.8468,7.648,1.02e-14,6.5e-11,SAR,FBpp0073901,7227,CG8206
KOG3277,31,0.8468,7.648,1.02e-14,6.5e-11,SAR,FBpp0271786,7227,CG12379
COG5657,31,1,7.648,1.02e-14,6.5e-11,SAR,FBpp0080484,7227,Cas
COG5657,31,1,7.648,1.02e-14,6.5e-11,SAR,FBpp0081862,7227,Ranbp9
COG5657,31,1,7.648,1.02e-14,6.5e-11,SAR,FBpp0086416,7227,Ranbp11
KOG0946,31,0.8922,7.648,1.02e-14,6.51e-11,SAR,FBpp0071045,7227,p115
KOG1173,31,0.8947,7.647,1.03e-14,6.54e-11,SAR,FBpp0083769,7227,Cdc16
COG5142,31,0.9782,7.647,1.03e-14,6.54e-11,SAR,FBpp0297633,7227,mtd
COG5142,31,0.9782,7.647,1.03e-14,6.54e-11,SAR,FBpp0303287,7227,sky
COG0033,31,0.9093,7.645,1.04e-14,6.63e-11,SAR,FBpp0075247,7227,Pgm
KOG1087,31,0.9291,7.644,1.06e-14,6.73e-11,SAR,FBpp0076189,7227,CG3529
KOG0749,31,0.8897,7.643,1.06e-14,6.73e-11,SAR,FBpp0073280,7227,sesB
KOG0749,31,0.8897,7.643,1.06e-14,6.73e-11,SAR,FBpp0073282,7227,Ant2
COG4888,31,0.8261,7.643,1.06e-14,6.77e-11,SAR,FBpp0075257,7227,CG6244
COG4888,31,0.8261,7.643,1.06e-14,6.77e-11,SAR,FBpp0112564,7227,CG40228
KOG3188,31,0.9045,7.643,1.06e-14,6.77e-11,SAR,FBpp0079711,7227,CG6750
KOG1869,31,0.8651,7.642,1.07e-14,6.81e-11,SAR,FBpp0292226,7227,CG7971
COG0382,31,0.8923,7.642,1.07e-14,6.81e-11,SAR,FBpp0081347,7227,Coq2
KOG0533,31,0.9151,7.641,1.08e-14,6.86e-11,SAR,FBpp0074431,7227,CG6961
KOG0533,31,0.9151,7.641,1.08e-14,6.86e-11,SAR,FBpp0074432,7227,CG18259
KOG0533,31,0.9151,7.641,1.08e-14,6.86e-11,SAR,FBpp0081156,7227,Ref1
KOG0533,31,0.9151,7.641,1.08e-14,6.86e-11,SAR,FBpp0300957,7227,Ref2
KOG4135,31,0.835,7.64,1.08e-14,6.91e-11,SAR,FBpp0085227,7227,CG11539
COG5208,31,0.965,7.64,1.09e-14,6.94e-11,SAR,FBpp0070935,7227,Nf-YC
COG5208,31,0.965,7.64,1.09e-14,6.94e-11,SAR,FBpp0073475,7227,Chrac-16
COG5208,31,0.965,7.64,1.09e-14,6.94e-11,SAR,FBpp0290461,7227,Mes4
COG5209,31,0.9363,7.639,1.1e-14,6.98e-11,SAR,FBpp0074512,7227,Rcd-1
COG5209,31,0.9363,7.639,1.1e-14,6.98e-11,SAR,FBpp0079380,7227,Rcd-1r
COG5209,31,0.9363,7.639,1.1e-14,6.98e-11,SAR,FBpp0085232,7227,CG2053
COG5180,31,0.882,7.639,1.1e-14,6.98e-11,SAR,FBpp0082555,7227,Atx2
KOG1782,31,0.9016,7.638,1.11e-14,7.04e-11,SAR,FBpp0071553,7227,LSm1
COG5031,31,0.8513,7.638,1.11e-14,7.05e-11,SAR,FBpp0298344,7227,CG32174
COG1562,31,0.9329,7.637,1.11e-14,7.07e-11,SAR,FBpp0073416,7227,sicily
COG1932,31,0.8442,7.636,1.12e-14,7.11e-11,SAR,FBpp0084759,7227,CG11899
COG0340,31,0.9602,7.635,1.13e-14,7.18e-11,SAR,FBpp0078332,7227,Hcs
COG5038,31,0.9803,7.635,1.13e-14,7.21e-11,SAR,FBpp0297166,7227,Esyt2
COG0095,31,0.9734,7.635,1.13e-14,7.22e-11,SAR,FBpp0292865,7227,CG8446
KOG0116,31,0.8725,7.634,1.13e-14,7.22e-11,SAR,FBpp0082264,7227,rin
KOG0151,31,0.9565,7.634,1.13e-14,7.22e-11,SAR,FBpp0071455,7227,CG9346
COG5033,31,0.9846,7.634,1.14e-14,7.24e-11,SAR,FBpp0070481,7227,CG2652
COG5033,31,0.9846,7.634,1.14e-14,7.24e-11,SAR,FBpp0078992,7227,Gas41
COG5033,31,0.9846,7.634,1.14e-14,7.24e-11,SAR,FBpp0079312,7227,D12
COG5033,31,0.9846,7.634,1.14e-14,7.24e-11,SAR,FBpp0082538,7227,ear
COG5204,31,0.9462,7.634,1.14e-14,7.24e-11,SAR,FBpp0086953,7227,spt4
COG5590,31,0.8017,7.633,1.14e-14,7.28e-11,SAR,FBpp0087999,7227,CG30493
COG5590,31,0.8017,7.633,1.14e-14,7.28e-11,SAR,FBpp0088000,7227,CG30496
COG3250,31,0.9195,7.632,1.16e-14,7.36e-11,SAR,FBpp0085217,7227,CG2135
COG3250,31,0.9195,7.632,1.16e-14,7.36e-11,SAR,FBpp0085778,7227,CG15117
COG3250,31,0.9195,7.632,1.16e-14,7.36e-11,SAR,FBpp0297164,7227,CG12582
COG0320,31,0.9239,7.631,1.16e-14,7.41e-11,SAR,FBpp0288705,7227,Las
KOG1691,31,0.965,7.631,1.16e-14,7.41e-11,SAR,FBpp0084133,7227,bai
KOG3341,31,0.9042,7.631,1.17e-14,7.42e-11,SAR,FBpp0083533,7227,lsn
KOG2760,31,0.9773,7.63,1.18e-14,7.49e-11,SAR,FBpp0075560,7227,Vps36
COG0235,31,0.9428,7.63,1.18e-14,7.5e-11,SAR,FBpp0301121,7227,hts
COG0235,31,0.9428,7.63,1.18e-14,7.5e-11,SAR,FBpp0304097,7227,CG11134
COG0114,31,0.9254,7.628,1.19e-14,7.58e-11,SAR,FBpp0070914,7227,l(1)G0255
COG0114,31,0.9254,7.628,1.19e-14,7.58e-11,SAR,FBpp0070916,7227,CG4095
COG0114,31,0.9254,7.628,1.19e-14,7.58e-11,SAR,FBpp0079554,7227,CG31874
COG0114,31,0.9254,7.628,1.19e-14,7.58e-11,SAR,FBpp0304212,7227,CG6140
KOG2141,31,0.877,7.628,1.19e-14,7.61e-11,SAR,FBpp0072768,7227,CG9004
COG0665,31,0.8981,7.627,1.21e-14,7.68e-11,SAR,FBpp0078967,7227,CG11236
COG0665,31,0.8981,7.627,1.21e-14,7.68e-11,SAR,FBpp0087351,7227,CG12338
KOG1964,31,0.8634,7.626,1.21e-14,7.7e-11,SAR,FBpp0079710,7227,Nup107
KOG0724,31,0.9958,7.624,1.23e-14,7.85e-11,SAR,FBpp0074466,7227,CG7556
KOG0724,31,0.9958,7.624,1.23e-14,7.85e-11,SAR,FBpp0078990,7227,Atac1
KOG0724,31,0.9958,7.624,1.23e-14,7.85e-11,SAR,FBpp0293954,7227,CG10565
COG0499,31,0.9988,7.623,1.24e-14,7.88e-11,SAR,FBpp0072886,7227,CG9977
COG0499,31,0.9988,7.623,1.24e-14,7.88e-11,SAR,FBpp0073847,7227,Ahcy13
COG0499,31,0.9988,7.623,1.24e-14,7.88e-11,SAR,FBpp0089085,7227,Ahcy89E
COG2240,31,0.9212,7.623,1.24e-14,7.89e-11,SAR,FBpp0111673,7227,Pdxk
COG2240,31,0.9212,7.623,1.24e-14,7.89e-11,SAR,FBpp0111674,7227,CG34456
KOG0773,31,0.9255,7.622,1.25e-14,7.94e-11,SAR,FBpp0075640,7227,ara
KOG0773,31,0.9255,7.622,1.25e-14,7.94e-11,SAR,FBpp0075641,7227,caup
KOG0773,31,0.9255,7.622,1.25e-14,7.94e-11,SAR,FBpp0075643,7227,mirr
KOG0773,31,0.9255,7.622,1.25e-14,7.94e-11,SAR,FBpp0077805,7227,CG11617
KOG0773,31,0.9255,7.622,1.25e-14,7.94e-11,SAR,FBpp0081732,7227,hth
KOG0773,31,0.9255,7.622,1.25e-14,7.94e-11,SAR,FBpp0087053,7227,achi
KOG0773,31,0.9255,7.622,1.25e-14,7.94e-11,SAR,FBpp0087056,7227,vis
KOG1063,31,0.909,7.622,1.25e-14,7.97e-11,SAR,FBpp0087307,7227,Elp2
COG0111,31,0.9709,7.621,1.26e-14,8.04e-11,SAR,FBpp0079809,7227,CG6287
COG0111,31,0.9709,7.621,1.26e-14,8.04e-11,SAR,FBpp0099514,7227,CtBP
KOG2164,31,0.9589,7.62,1.26e-14,8.06e-11,SAR,FBpp0072708,7227,CG12099
KOG0297,31,0.8931,7.619,1.28e-14,8.13e-11,SAR,FBpp0071136,7227,Traf6
KOG0297,31,0.8931,7.619,1.28e-14,8.13e-11,SAR,FBpp0074051,7227,Traf-like
KOG0297,31,0.8931,7.619,1.28e-14,8.13e-11,SAR,FBpp0075265,7227,elgi
KOG0297,31,0.8931,7.619,1.28e-14,8.13e-11,SAR,FBpp0080156,7227,CG9014
KOG0297,31,0.8931,7.619,1.28e-14,8.13e-11,SAR,FBpp0111838,7227,Traf4
KOG2168,31,0.9102,7.619,1.28e-14,8.14e-11,SAR,FBpp0073659,7227,Nup93-1
KOG2168,31,0.9102,7.619,1.28e-14,8.14e-11,SAR,FBpp0082467,7227,Nup93-2
COG5597,31,0.9383,7.618,1.29e-14,8.21e-11,SAR,FBpp0304261,7227,Glycogenin
KOG2740,31,0.9758,7.617,1.3e-14,8.27e-11,SAR,FBpp0304594,7227,cm
KOG2735,31,0.8998,7.616,1.31e-14,8.33e-11,SAR,FBpp0077872,7227,CG4825
COG0236,31,0.9081,7.616,1.31e-14,8.33e-11,SAR,FBpp0304248,7227,ND-ACP
KOG1867,31,0.9271,7.615,1.32e-14,8.39e-11,SAR,FBpp0070793,7227,Usp30
KOG1867,31,0.9271,7.615,1.32e-14,8.39e-11,SAR,FBpp0073826,7227,HDAC6
KOG1867,31,0.9271,7.615,1.32e-14,8.39e-11,SAR,FBpp0288698,7227,not
KOG2161,31,0.9152,7.615,1.32e-14,8.41e-11,SAR,FBpp0288666,7227,CG1597
KOG1879,31,0.9107,7.615,1.32e-14,8.41e-11,SAR,FBpp0074831,7227,Ugt
KOG2998,31,0.8938,7.615,1.32e-14,8.42e-11,SAR,FBpp0081128,7227,CG10068
KOG2235,31,0.8619,7.614,1.33e-14,8.44e-11,SAR,FBpp0293859,7227,CG1104
KOG1685,31,0.9452,7.613,1.34e-14,8.51e-11,SAR,FBpp0079306,7227,CG13096
KOG0226,31,0.9423,7.611,1.36e-14,8.64e-11,SAR,FBpp0078402,7227,CG2931
COG1675,31,0.9005,7.611,1.36e-14,8.66e-11,SAR,FBpp0075839,7227,TfIIEalpha
KOG1590,31,0.8497,7.61,1.37e-14,8.7e-11,SAR,FBpp0083137,7227,Mpc1
COG3508,31,0.8289,7.61,1.37e-14,8.7e-11,SAR,FBpp0079790,7227,hgo
COG2440,31,0.8937,7.61,1.37e-14,8.74e-11,SAR,FBpp0087472,7227,Etf-QO
KOG4068,31,0.9288,7.609,1.38e-14,8.8e-11,SAR,FBpp0087774,7227,Vps25
COG5539,31,0.9976,7.609,1.38e-14,8.82e-11,SAR,FBpp0075358,7227,CG7857
COG5539,31,0.9976,7.609,1.38e-14,8.82e-11,SAR,FBpp0304189,7227,CG4603
KOG1156,31,1,7.608,1.39e-14,8.84e-11,SAR,FBpp0074480,7227,Nat1
KOG2433,31,0.8665,7.608,1.39e-14,8.85e-11,SAR,FBpp0075316,7227,CG16979
KOG2433,31,0.8665,7.608,1.39e-14,8.85e-11,SAR,FBpp0085517,7227,CG30157
COG3823,31,0.8917,7.607,1.4e-14,8.9e-11,SAR,FBpp0072099,7227,Not11
KOG1441,31,0.9172,7.607,1.4e-14,8.9e-11,SAR,FBpp0077036,7227,CG14621
KOG3460,31,0.9622,7.606,1.42e-14,9.03e-11,SAR,FBpp0083892,7227,CG33108
KOG3460,31,0.9622,7.606,1.42e-14,9.03e-11,SAR,FBpp0083893,7227,LSm3
KOG2497,31,0.8562,7.603,1.45e-14,9.21e-11,SAR,FBpp0074446,7227,CG7889
KOG2497,31,0.8562,7.603,1.45e-14,9.21e-11,SAR,FBpp0077983,7227,CG10584
KOG0316,31,0.8669,7.603,1.45e-14,9.25e-11,SAR,FBpp0080383,7227,CG4935
KOG1695,31,0.84,7.601,1.47e-14,9.36e-11,SAR,FBpp0305731,7227,GstS1
COG0354,31,0.8852,7.601,1.47e-14,9.37e-11,SAR,FBpp0081385,7227,CG8043
KOG0039,31,0.8984,7.599,1.49e-14,9.51e-11,SAR,FBpp0111562,7227,Nox
KOG0039,31,0.8984,7.599,1.49e-14,9.51e-11,SAR,FBpp0289611,7227,Duox
KOG2071,31,0.8682,7.598,1.5e-14,9.55e-11,SAR,FBpp0291500,7227,Inr-a
KOG2228,31,0.8815,7.598,1.5e-14,9.56e-11,SAR,FBpp0297417,7227,Orc4
KOG0045,31,0.8972,7.597,1.51e-14,9.64e-11,SAR,FBpp0074005,7227,CalpC
KOG0045,31,0.8972,7.597,1.51e-14,9.64e-11,SAR,FBpp0076072,7227,CalpB
KOG0045,31,0.8972,7.597,1.51e-14,9.64e-11,SAR,FBpp0085714,7227,CalpA
KOG0045,31,0.8972,7.597,1.51e-14,9.64e-11,SAR,FBpp0088620,7227,sol
KOG0045,31,0.8972,7.597,1.51e-14,9.64e-11,SAR,FBpp0304142,7227,CG32579
KOG3251,31,0.8644,7.593,1.56e-14,9.95e-11,SAR,FBpp0076849,7227,Membrin
COG5181,31,0.9369,7.59,1.6e-14,1.02e-10,SAR,FBpp0304617,7227,CG2807
KOG0431,31,0.907,7.59,1.6e-14,1.02e-10,SAR,FBpp0078604,7227,aux
KOG2027,31,0.9464,7.588,1.62e-14,1.03e-10,SAR,FBpp0076658,7227,CG10103
COG0261,31,0.8975,7.587,1.63e-14,1.04e-10,SAR,FBpp0305426,7227,mRpL21
KOG2532,31,0.8324,7.587,1.64e-14,1.04e-10,SAR,FBpp0070683,7227,CG6978
KOG2532,31,0.8324,7.587,1.64e-14,1.04e-10,SAR,FBpp0071801,7227,CG30272
KOG2532,31,0.8324,7.587,1.64e-14,1.04e-10,SAR,FBpp0071802,7227,CG30265
KOG2532,31,0.8324,7.587,1.64e-14,1.04e-10,SAR,FBpp0071804,7227,CG9825
KOG2532,31,0.8324,7.587,1.64e-14,1.04e-10,SAR,FBpp0071806,7227,CG9826
KOG2532,31,0.8324,7.587,1.64e-14,1.04e-10,SAR,FBpp0073555,7227,MFS10
KOG2532,31,0.8324,7.587,1.64e-14,1.04e-10,SAR,FBpp0077083,7227,CG3036
KOG2532,31,0.8324,7.587,1.64e-14,1.04e-10,SAR,FBpp0077146,7227,MFS18
KOG2532,31,0.8324,7.587,1.64e-14,1.04e-10,SAR,FBpp0077623,7227,MFS3
KOG2532,31,0.8324,7.587,1.64e-14,1.04e-10,SAR,FBpp0079876,7227,dmGlut
KOG2532,31,0.8324,7.587,1.64e-14,1.04e-10,SAR,FBpp0080090,7227,CG9254
KOG2532,31,0.8324,7.587,1.64e-14,1.04e-10,SAR,FBpp0083296,7227,CG4288
KOG2532,31,0.8324,7.587,1.64e-14,1.04e-10,SAR,FBpp0085229,7227,CG2003
KOG2532,31,0.8324,7.587,1.64e-14,1.04e-10,SAR,FBpp0085369,7227,CG7881
KOG2532,31,0.8324,7.587,1.64e-14,1.04e-10,SAR,FBpp0085628,7227,CG9864
KOG2532,31,0.8324,7.587,1.64e-14,1.04e-10,SAR,FBpp0085814,7227,CG15096
KOG2532,31,0.8324,7.587,1.64e-14,1.04e-10,SAR,FBpp0085816,7227,l(2)08717
KOG2532,31,0.8324,7.587,1.64e-14,1.04e-10,SAR,FBpp0085818,7227,MFS15
KOG2532,31,0.8324,7.587,1.64e-14,1.04e-10,SAR,FBpp0086261,7227,Picot
KOG2532,31,0.8324,7.587,1.64e-14,1.04e-10,SAR,FBpp0086593,7227,NaPi-T
KOG2532,31,0.8324,7.587,1.64e-14,1.04e-10,SAR,FBpp0087925,7227,CG8791
KOG2532,31,0.8324,7.587,1.64e-14,1.04e-10,SAR,FBpp0288424,7227,CG18788
KOG2532,31,0.8324,7.587,1.64e-14,1.04e-10,SAR,FBpp0289506,7227,CG7091
KOG2532,31,0.8324,7.587,1.64e-14,1.04e-10,SAR,FBpp0290993,7227,MFS17
KOG2532,31,0.8324,7.587,1.64e-14,1.04e-10,SAR,FBpp0291857,7227,CG12490
KOG2532,31,0.8324,7.587,1.64e-14,1.04e-10,SAR,FBpp0292797,7227,CG3649
KOG2532,31,0.8324,7.587,1.64e-14,1.04e-10,SAR,FBpp0303629,7227,VGlut
COG0466,31,0.9405,7.585,1.66e-14,1.06e-10,SAR,FBpp0271918,7227,Lon
KOG0772,31,0.9092,7.584,1.68e-14,1.07e-10,SAR,FBpp0072033,7227,CG5543
KOG1689,31,0.9376,7.581,1.72e-14,1.09e-10,SAR,FBpp0110163,7227,CG3689
KOG1730,31,0.8725,7.581,1.72e-14,1.1e-10,SAR,FBpp0289503,7227,CG6153
KOG3394,31,0.9001,7.58,1.73e-14,1.1e-10,SAR,FBpp0079892,7227,CG6766
KOG3314,31,0.8582,7.578,1.75e-14,1.11e-10,SAR,FBpp0080537,7227,CG5131
COG0493,31,0.9452,7.575,1.8e-14,1.15e-10,SAR,FBpp0087272,7227,dare
COG5191,31,0.8824,7.573,1.82e-14,1.16e-10,SAR,FBpp0071288,7227,CG7246
COG5164,31,0.937,7.573,1.82e-14,1.16e-10,SAR,FBpp0085716,7227,Spt5
COG4178,31,0.9033,7.573,1.82e-14,1.16e-10,SAR,FBpp0074564,7227,Pmp70
COG4178,31,0.9033,7.573,1.82e-14,1.16e-10,SAR,FBpp0088213,7227,CG2316
KOG0822,31,0.9453,7.573,1.83e-14,1.17e-10,SAR,FBpp0088810,7227,csul
KOG3572,31,0.8924,7.572,1.84e-14,1.17e-10,SAR,FBpp0072587,7227,CG12090
KOG2842,31,0.8148,7.571,1.86e-14,1.18e-10,SAR,FBpp0077369,7227,CG31694
KOG4727,31,0.8381,7.57,1.87e-14,1.19e-10,SAR,FBpp0073099,7227,CG11586
COG5200,31,0.9028,7.569,1.88e-14,1.2e-10,SAR,FBpp0070951,7227,CG3198
COG5200,31,0.9028,7.569,1.88e-14,1.2e-10,SAR,FBpp0304226,7227,CG7564
KOG0396,31,0.9229,7.569,1.89e-14,1.2e-10,SAR,FBpp0084110,7227,CG31357
KOG4548,31,0.8588,7.565,1.94e-14,1.24e-10,SAR,FBpp0072659,7227,mRpL46
KOG1878,31,0.9031,7.564,1.95e-14,1.24e-10,SAR,FBpp0305909,7227,Smr
KOG1895,31,0.9076,7.563,1.96e-14,1.25e-10,SAR,FBpp0078372,7227,Sym
KOG1735,31,0.923,7.563,1.97e-14,1.26e-10,SAR,FBpp0072097,7227,tsr
KOG1735,31,0.923,7.563,1.97e-14,1.26e-10,SAR,FBpp0074378,7227,CG6873
KOG0144,31,0.915,7.562,1.99e-14,1.27e-10,SAR,FBpp0079926,7227,aret
KOG0144,31,0.915,7.562,1.99e-14,1.27e-10,SAR,FBpp0293396,7227,bru-2
KOG0144,31,0.915,7.562,1.99e-14,1.27e-10,SAR,FBpp0303375,7227,bru-3
KOG3037,31,0.8733,7.556,2.08e-14,1.32e-10,SAR,FBpp0070709,7227,Rpn13R
KOG3037,31,0.8733,7.556,2.08e-14,1.32e-10,SAR,FBpp0112985,7227,Rpn13
KOG2429,31,0.8854,7.553,2.12e-14,1.35e-10,SAR,FBpp0304832,7227,Edem1
COG1390,31,0.9989,7.553,2.12e-14,1.35e-10,SAR,FBpp0078349,7227,Vha26
COG1818,31,0.8781,7.551,2.16e-14,1.37e-10,SAR,FBpp0073196,7227,CG15014
COG5250,31,0.8842,7.551,2.16e-14,1.37e-10,SAR,FBpp0302530,7227,Rpb4
KOG2053,31,0.8368,7.55,2.17e-14,1.38e-10,SAR,FBpp0083238,7227,psidin
COG2124,31,0.9413,7.549,2.19e-14,1.39e-10,SAR,FBpp0070094,7227,Cyp4g1
COG2124,31,0.9413,7.549,2.19e-14,1.39e-10,SAR,FBpp0070371,7227,Cyp4d2
COG2124,31,0.9413,7.549,2.19e-14,1.39e-10,SAR,FBpp0070372,7227,Cyp4ae1
COG2124,31,0.9413,7.549,2.19e-14,1.39e-10,SAR,FBpp0070412,7227,Cyp4d1
COG2124,31,0.9413,7.549,2.19e-14,1.39e-10,SAR,FBpp0071839,7227,Cyp6d2
COG2124,31,0.9413,7.549,2.19e-14,1.39e-10,SAR,FBpp0072228,7227,Cyp9c1
COG2124,31,0.9413,7.549,2.19e-14,1.39e-10,SAR,FBpp0072837,7227,Cyp4d20
COG2124,31,0.9413,7.549,2.19e-14,1.39e-10,SAR,FBpp0073061,7227,dib
COG2124,31,0.9413,7.549,2.19e-14,1.39e-10,SAR,FBpp0073352,7227,Cyp4g15
COG2124,31,0.9413,7.549,2.19e-14,1.39e-10,SAR,FBpp0073460,7227,Cyp318a1
COG2124,31,0.9413,7.549,2.19e-14,1.39e-10,SAR,FBpp0073473,7227,Cyp311a1
COG2124,31,0.9413,7.549,2.19e-14,1.39e-10,SAR,FBpp0073845,7227,Cyp4s3
COG2124,31,0.9413,7.549,2.19e-14,1.39e-10,SAR,FBpp0074374,7227,phm
COG2124,31,0.9413,7.549,2.19e-14,1.39e-10,SAR,FBpp0074375,7227,Cyp308a1
COG2124,31,0.9413,7.549,2.19e-14,1.39e-10,SAR,FBpp0074381,7227,Cyp18a1
COG2124,31,0.9413,7.549,2.19e-14,1.39e-10,SAR,FBpp0074694,7227,Cyp305a1
COG2124,31,0.9413,7.549,2.19e-14,1.39e-10,SAR,FBpp0074858,7227,Cyp12c1
COG2124,31,0.9413,7.549,2.19e-14,1.39e-10,SAR,FBpp0076543,7227,Cyp4d8
COG2124,31,0.9413,7.549,2.19e-14,1.39e-10,SAR,FBpp0076836,7227,spo
COG2124,31,0.9413,7.549,2.19e-14,1.39e-10,SAR,FBpp0076908,7227,Cyp6t1
COG2124,31,0.9413,7.549,2.19e-14,1.39e-10,SAR,FBpp0076968,7227,Cyp6v1
COG2124,31,0.9413,7.549,2.19e-14,1.39e-10,SAR,FBpp0077428,7227,Cyp309a2
COG2124,31,0.9413,7.549,2.19e-14,1.39e-10,SAR,FBpp0077429,7227,Cyp309a1
COG2124,31,0.9413,7.549,2.19e-14,1.39e-10,SAR,FBpp0078697,7227,Cyp28d2
COG2124,31,0.9413,7.549,2.19e-14,1.39e-10,SAR,FBpp0078698,7227,Cyp28d1
COG2124,31,0.9413,7.549,2.19e-14,1.39e-10,SAR,FBpp0078701,7227,Cyp4ac1
COG2124,31,0.9413,7.549,2.19e-14,1.39e-10,SAR,FBpp0078703,7227,Cyp4ac3
COG2124,31,0.9413,7.549,2.19e-14,1.39e-10,SAR,FBpp0079095,7227,Cyp4d21
COG2124,31,0.9413,7.549,2.19e-14,1.39e-10,SAR,FBpp0079515,7227,Cyp4e3
COG2124,31,0.9413,7.549,2.19e-14,1.39e-10,SAR,FBpp0080164,7227,Cyp28a5
COG2124,31,0.9413,7.549,2.19e-14,1.39e-10,SAR,FBpp0080386,7227,Cyp303a1
COG2124,31,0.9413,7.549,2.19e-14,1.39e-10,SAR,FBpp0080627,7227,Cyp310a1
COG2124,31,0.9413,7.549,2.19e-14,1.39e-10,SAR,FBpp0081379,7227,Cyp313b1
COG2124,31,0.9413,7.549,2.19e-14,1.39e-10,SAR,FBpp0081949,7227,sad
COG2124,31,0.9413,7.549,2.19e-14,1.39e-10,SAR,FBpp0082070,7227,Cyp9f2
COG2124,31,0.9413,7.549,2.19e-14,1.39e-10,SAR,FBpp0082086,7227,Cyp313a3
COG2124,31,0.9413,7.549,2.19e-14,1.39e-10,SAR,FBpp0082088,7227,Cyp313a5
COG2124,31,0.9413,7.549,2.19e-14,1.39e-10,SAR,FBpp0082136,7227,Cyp313a4
COG2124,31,0.9413,7.549,2.19e-14,1.39e-10,SAR,FBpp0082159,7227,Cyp304a1
COG2124,31,0.9413,7.549,2.19e-14,1.39e-10,SAR,FBpp0082413,7227,Cyp313a1
COG2124,31,0.9413,7.549,2.19e-14,1.39e-10,SAR,FBpp0083144,7227,Cyp12a5
COG2124,31,0.9413,7.549,2.19e-14,1.39e-10,SAR,FBpp0083145,7227,Cyp12a4
COG2124,31,0.9413,7.549,2.19e-14,1.39e-10,SAR,FBpp0083697,7227,Cyp6d4
COG2124,31,0.9413,7.549,2.19e-14,1.39e-10,SAR,FBpp0084553,7227,Cyp6a18
COG2124,31,0.9413,7.549,2.19e-14,1.39e-10,SAR,FBpp0085074,7227,Cyp4c3
COG2124,31,0.9413,7.549,2.19e-14,1.39e-10,SAR,FBpp0085332,7227,Cyp6w1
COG2124,31,0.9413,7.549,2.19e-14,1.39e-10,SAR,FBpp0085466,7227,Cyp6a2
COG2124,31,0.9413,7.549,2.19e-14,1.39e-10,SAR,FBpp0085516,7227,Cyp6u1
COG2124,31,0.9413,7.549,2.19e-14,1.39e-10,SAR,FBpp0085792,7227,Cyp12b2
COG2124,31,0.9413,7.549,2.19e-14,1.39e-10,SAR,FBpp0086536,7227,Cyp317a1
COG2124,31,0.9413,7.549,2.19e-14,1.39e-10,SAR,FBpp0086580,7227,Cyp6a22
COG2124,31,0.9413,7.549,2.19e-14,1.39e-10,SAR,FBpp0086581,7227,Cyp6a17
COG2124,31,0.9413,7.549,2.19e-14,1.39e-10,SAR,FBpp0086582,7227,Cyp6a23
COG2124,31,0.9413,7.549,2.19e-14,1.39e-10,SAR,FBpp0086583,7227,Cyp6a19
COG2124,31,0.9413,7.549,2.19e-14,1.39e-10,SAR,FBpp0086585,7227,Cyp6a8
COG2124,31,0.9413,7.549,2.19e-14,1.39e-10,SAR,FBpp0086586,7227,Cyp6a21
COG2124,31,0.9413,7.549,2.19e-14,1.39e-10,SAR,FBpp0086933,7227,Cyp9h1
COG2124,31,0.9413,7.549,2.19e-14,1.39e-10,SAR,FBpp0086937,7227,Cyp301a1
COG2124,31,0.9413,7.549,2.19e-14,1.39e-10,SAR,FBpp0087100,7227,Cyp6g1
COG2124,31,0.9413,7.549,2.19e-14,1.39e-10,SAR,FBpp0087101,7227,Cyp6t3
COG2124,31,0.9413,7.549,2.19e-14,1.39e-10,SAR,FBpp0087117,7227,Cyp6g2
COG2124,31,0.9413,7.549,2.19e-14,1.39e-10,SAR,FBpp0087403,7227,Cyp49a1
COG2124,31,0.9413,7.549,2.19e-14,1.39e-10,SAR,FBpp0087672,7227,Cyp4p2
COG2124,31,0.9413,7.549,2.19e-14,1.39e-10,SAR,FBpp0087673,7227,Cyp4p1
COG2124,31,0.9413,7.549,2.19e-14,1.39e-10,SAR,FBpp0087674,7227,Cyp4p3
COG2124,31,0.9413,7.549,2.19e-14,1.39e-10,SAR,FBpp0087770,7227,Cyp6a13
COG2124,31,0.9413,7.549,2.19e-14,1.39e-10,SAR,FBpp0087824,7227,Cyp4e2
COG2124,31,0.9413,7.549,2.19e-14,1.39e-10,SAR,FBpp0087825,7227,Cyp4e1
COG2124,31,0.9413,7.549,2.19e-14,1.39e-10,SAR,FBpp0087839,7227,Cyp4ad1
COG2124,31,0.9413,7.549,2.19e-14,1.39e-10,SAR,FBpp0088126,7227,Cyp9b2
COG2124,31,0.9413,7.549,2.19e-14,1.39e-10,SAR,FBpp0088127,7227,Cyp9b1
COG2124,31,0.9413,7.549,2.19e-14,1.39e-10,SAR,FBpp0088436,7227,Cyp12d1-d
COG2124,31,0.9413,7.549,2.19e-14,1.39e-10,SAR,FBpp0088437,7227,Cyp12d1-p
COG2124,31,0.9413,7.549,2.19e-14,1.39e-10,SAR,FBpp0088707,7227,Cyp6d5
COG2124,31,0.9413,7.549,2.19e-14,1.39e-10,SAR,FBpp0089324,7227,shd
COG2124,31,0.9413,7.549,2.19e-14,1.39e-10,SAR,FBpp0113050,7227,Cyp4aa1
COG2124,31,0.9413,7.549,2.19e-14,1.39e-10,SAR,FBpp0289404,7227,Cyp6a20
COG2124,31,0.9413,7.549,2.19e-14,1.39e-10,SAR,FBpp0289405,7227,Cyp6a9
COG2124,31,0.9413,7.549,2.19e-14,1.39e-10,SAR,FBpp0289444,7227,spok
COG2124,31,0.9413,7.549,2.19e-14,1.39e-10,SAR,FBpp0289461,7227,Gr2a
COG2124,31,0.9413,7.549,2.19e-14,1.39e-10,SAR,FBpp0289683,7227,Cyp4ac2
COG2124,31,0.9413,7.549,2.19e-14,1.39e-10,SAR,FBpp0290498,7227,Cyp12e1
COG2124,31,0.9413,7.549,2.19e-14,1.39e-10,SAR,FBpp0300785,7227,Cyp313a2
COG2124,31,0.9413,7.549,2.19e-14,1.39e-10,SAR,FBpp0301778,7227,Cyp4d14
COG2124,31,0.9413,7.549,2.19e-14,1.39e-10,SAR,FBpp0302888,7227,Cyp6a14
COG2124,31,0.9413,7.549,2.19e-14,1.39e-10,SAR,FBpp0304450,7227,Cyp316a1
COG2124,31,0.9413,7.549,2.19e-14,1.39e-10,SAR,FBpp0305085,7227,Cyp312a1
COG2124,31,0.9413,7.549,2.19e-14,1.39e-10,SAR,FBpp0305230,7227,Cyp28c1
KOG3818,31,0.8859,7.549,2.19e-14,1.39e-10,SAR,FBpp0076789,7227,Pole2
COG1960,31,0.9611,7.549,2.19e-14,1.4e-10,SAR,FBpp0070963,7227,CG4586
COG1960,31,0.9611,7.549,2.19e-14,1.4e-10,SAR,FBpp0071532,7227,Acox57D-p
COG1960,31,0.9611,7.549,2.19e-14,1.4e-10,SAR,FBpp0071533,7227,Acox57D-d
COG1960,31,0.9611,7.549,2.19e-14,1.4e-10,SAR,FBpp0074843,7227,CG3902
COG1960,31,0.9611,7.549,2.19e-14,1.4e-10,SAR,FBpp0076375,7227,CG6638
COG1960,31,0.9611,7.549,2.19e-14,1.4e-10,SAR,FBpp0076520,7227,CG12262
COG1960,31,0.9611,7.549,2.19e-14,1.4e-10,SAR,FBpp0078893,7227,CG9547
COG1960,31,0.9611,7.549,2.19e-14,1.4e-10,SAR,FBpp0080759,7227,CG17544
COG1960,31,0.9611,7.549,2.19e-14,1.4e-10,SAR,FBpp0082092,7227,CG4860
COG1960,31,0.9611,7.549,2.19e-14,1.4e-10,SAR,FBpp0083227,7227,Arc42
COG1960,31,0.9611,7.549,2.19e-14,1.4e-10,SAR,FBpp0087192,7227,Egm
COG1960,31,0.9611,7.549,2.19e-14,1.4e-10,SAR,FBpp0088517,7227,CG5009
COG1960,31,0.9611,7.549,2.19e-14,1.4e-10,SAR,FBpp0113095,7227,CG9527
COG1960,31,0.9611,7.549,2.19e-14,1.4e-10,SAR,FBpp0289511,7227,CG7461
COG5623,31,0.9336,7.547,2.23e-14,1.42e-10,SAR,FBpp0086820,7227,cbc
COG0560,31,0.8944,7.544,2.27e-14,1.45e-10,SAR,FBpp0076185,7227,aay
KOG3068,31,0.9453,7.543,2.3e-14,1.46e-10,SAR,FBpp0081305,7227,CG9667
KOG0278,31,0.8672,7.542,2.31e-14,1.47e-10,SAR,FBpp0087552,7227,CG10459
KOG0278,31,0.8672,7.542,2.31e-14,1.47e-10,SAR,FBpp0112025,7227,wmd
KOG2370,31,0.8603,7.54,2.34e-14,1.49e-10,SAR,FBpp0076997,7227,cactin
KOG2575,31,0.812,7.54,2.35e-14,1.49e-10,SAR,FBpp0079595,7227,gny
COG5296,31,0.8995,7.54,2.36e-14,1.5e-10,SAR,FBpp0070467,7227,CG12498
COG5296,31,0.8995,7.54,2.36e-14,1.5e-10,SAR,FBpp0071731,7227,Rtf1
COG5296,31,0.8995,7.54,2.36e-14,1.5e-10,SAR,FBpp0085288,7227,CG31702
COG5296,31,0.8995,7.54,2.36e-14,1.5e-10,SAR,FBpp0085300,7227,CG31703
KOG1435,31,0.8692,7.533,2.47e-14,1.57e-10,SAR,FBpp0071630,7227,LBR
KOG1655,31,0.9852,7.532,2.51e-14,1.6e-10,SAR,FBpp0305334,7227,Vps60
KOG3057,31,0.8822,7.53,2.53e-14,1.61e-10,SAR,FBpp0074584,7227,COX6B
KOG3057,31,0.8822,7.53,2.53e-14,1.61e-10,SAR,FBpp0289256,7227,CG42376
COG0705,31,0.9641,7.529,2.55e-14,1.62e-10,SAR,FBpp0072574,7227,ru
COG0705,31,0.9641,7.529,2.55e-14,1.62e-10,SAR,FBpp0072596,7227,stet
COG0705,31,0.9641,7.529,2.55e-14,1.62e-10,SAR,FBpp0073366,7227,rho-4
COG0705,31,0.9641,7.529,2.55e-14,1.62e-10,SAR,FBpp0079942,7227,rho-6
COG0705,31,0.9641,7.529,2.55e-14,1.62e-10,SAR,FBpp0087151,7227,rho-7
COG0705,31,0.9641,7.529,2.55e-14,1.62e-10,SAR,FBpp0088796,7227,rho-5
COG0705,31,0.9641,7.529,2.55e-14,1.62e-10,SAR,FBpp0305409,7227,rho
COG0240,31,0.9191,7.529,2.55e-14,1.62e-10,SAR,FBpp0071884,7227,CG3215
COG0240,31,0.9191,7.529,2.55e-14,1.62e-10,SAR,FBpp0297798,7227,CG43343
COG0240,31,0.9191,7.529,2.55e-14,1.62e-10,SAR,FBpp0305431,7227,Gpdh
COG2229,31,0.8969,7.529,2.55e-14,1.63e-10,SAR,FBpp0306023,7227,SrpRbeta
COG4266,31,0.968,7.529,2.56e-14,1.63e-10,SAR,FBpp0073143,7227,PMP34
COG4266,31,0.968,7.529,2.56e-14,1.63e-10,SAR,FBpp0077576,7227,Rim2
KOG1407,31,0.8969,7.528,2.58e-14,1.64e-10,SAR,FBpp0081350,7227,tex
COG0481,31,0.8865,7.527,2.59e-14,1.65e-10,SAR,FBpp0099977,7227,waw
KOG1897,31,0.9141,7.527,2.59e-14,1.65e-10,SAR,FBpp0082177,7227,pic
COG0439,31,0.9046,7.527,2.6e-14,1.66e-10,SAR,FBpp0111967,7227,ACC
COG2303,31,0.9194,7.524,2.65e-14,1.69e-10,SAR,FBpp0073791,7227,CG9503
COG2303,31,0.9194,7.524,2.65e-14,1.69e-10,SAR,FBpp0073792,7227,Eo
COG2303,31,0.9194,7.524,2.65e-14,1.69e-10,SAR,FBpp0073793,7227,CG12398
COG2303,31,0.9194,7.524,2.65e-14,1.69e-10,SAR,FBpp0073795,7227,CG9509
COG2303,31,0.9194,7.524,2.65e-14,1.69e-10,SAR,FBpp0073796,7227,CG9512
COG2303,31,0.9194,7.524,2.65e-14,1.69e-10,SAR,FBpp0073797,7227,CG9514
COG2303,31,0.9194,7.524,2.65e-14,1.69e-10,SAR,FBpp0073799,7227,CG9517
COG2303,31,0.9194,7.524,2.65e-14,1.69e-10,SAR,FBpp0073800,7227,CG9518
COG2303,31,0.9194,7.524,2.65e-14,1.69e-10,SAR,FBpp0073801,7227,CG9519
COG2303,31,0.9194,7.524,2.65e-14,1.69e-10,SAR,FBpp0073802,7227,CG9521
COG2303,31,0.9194,7.524,2.65e-14,1.69e-10,SAR,FBpp0073803,7227,CG9522
COG2303,31,0.9194,7.524,2.65e-14,1.69e-10,SAR,FBpp0073804,7227,CG12539
COG2303,31,0.9194,7.524,2.65e-14,1.69e-10,SAR,FBpp0081114,7227,Gld
COG2303,31,0.9194,7.524,2.65e-14,1.69e-10,SAR,FBpp0081880,7227,ninaG
COG2303,31,0.9194,7.524,2.65e-14,1.69e-10,SAR,FBpp0084360,7227,CG6142
COG5097,31,0.9011,7.524,2.65e-14,1.69e-10,SAR,FBpp0081639,7227,MED6
KOG0498,31,0.9266,7.523,2.67e-14,1.7e-10,SAR,FBpp0072078,7227,sei
KOG0498,31,0.9266,7.523,2.67e-14,1.7e-10,SAR,FBpp0085981,7227,Elk
KOG0498,31,0.9266,7.523,2.67e-14,1.7e-10,SAR,FBpp0099780,7227,Ih
KOG0998,31,0.9506,7.522,2.7e-14,1.72e-10,SAR,FBpp0072340,7227,Eps-15
COG0458,31,0.8805,7.521,2.71e-14,1.73e-10,SAR,FBpp0088675,7227,r
COG0223,31,0.8828,7.521,2.72e-14,1.73e-10,SAR,FBpp0085129,7227,CG1750
COG1874,31,0.884,7.519,2.76e-14,1.75e-10,SAR,FBpp0078861,7227,Gal
COG1874,31,0.884,7.519,2.76e-14,1.75e-10,SAR,FBpp0081961,7227,Ect3
COG2084,31,0.8879,7.517,2.79e-14,1.78e-10,SAR,FBpp0085821,7227,CG15093
COG2084,31,0.8879,7.517,2.79e-14,1.78e-10,SAR,FBpp0292905,7227,CG4747
KOG2577,31,0.8754,7.517,2.81e-14,1.79e-10,SAR,FBpp0081029,7227,E2f2
KOG2577,31,0.8754,7.517,2.81e-14,1.79e-10,SAR,FBpp0083516,7227,E2f1
COG2443,31,0.8567,7.517,2.81e-14,1.79e-10,SAR,FBpp0074514,7227,Sec61gamma
COG2443,31,0.8567,7.517,2.81e-14,1.79e-10,SAR,FBpp0085607,7227,CG13426
COG2443,31,0.8567,7.517,2.81e-14,1.79e-10,SAR,FBpp0087119,7227,CG8860
KOG2656,31,0.9546,7.515,2.84e-14,1.81e-10,SAR,FBpp0085546,7227,DMAP1
KOG2734,31,0.8487,7.515,2.85e-14,1.82e-10,SAR,FBpp0081493,7227,CG11964
KOG3322,31,0.9308,7.514,2.86e-14,1.82e-10,SAR,FBpp0070748,7227,l(1)G0045
COG1062,31,0.8974,7.513,2.89e-14,1.84e-10,SAR,FBpp0081767,7227,Fdh
COG0014,31,0.7923,7.513,2.9e-14,1.85e-10,SAR,FBpp0301603,7227,CG7470
COG5648,31,0.9306,7.51,2.96e-14,1.88e-10,SAR,FBpp0071501,7227,Hmg-2
COG5648,31,0.9306,7.51,2.96e-14,1.88e-10,SAR,FBpp0071590,7227,HmgZ
COG5648,31,0.9306,7.51,2.96e-14,1.88e-10,SAR,FBpp0071625,7227,HmgD
COG5648,31,0.9306,7.51,2.96e-14,1.88e-10,SAR,FBpp0074818,7227,CG32202
COG5648,31,0.9306,7.51,2.96e-14,1.88e-10,SAR,FBpp0083356,7227,TFAM
COG5648,31,0.9306,7.51,2.96e-14,1.88e-10,SAR,FBpp0083651,7227,CG7045
COG5648,31,0.9306,7.51,2.96e-14,1.88e-10,SAR,FBpp0084260,7227,jigr1
COG5648,31,0.9306,7.51,2.96e-14,1.88e-10,SAR,FBpp0288398,7227,Dsp1
COG5648,31,0.9306,7.51,2.96e-14,1.88e-10,SAR,FBpp0290698,7227,CG7046
COG5648,31,0.9306,7.51,2.96e-14,1.88e-10,SAR,FBpp0305552,7227,CG12104
KOG1151,31,0.8748,7.505,3.07e-14,1.96e-10,SAR,FBpp0288856,7227,tlk
KOG0761,31,0.9243,7.503,3.12e-14,1.99e-10,SAR,FBpp0074505,7227,Tyler
KOG0761,31,0.9243,7.503,3.12e-14,1.99e-10,SAR,FBpp0074506,7227,Shawn
KOG0761,31,0.9243,7.503,3.12e-14,1.99e-10,SAR,FBpp0081235,7227,CG2616
COG5541,31,0.9927,7.503,3.12e-14,1.99e-10,SAR,FBpp0075111,7227,zetaCOP
COG0228,31,0.8515,7.502,3.14e-14,2e-10,SAR,FBpp0302048,7227,mRpS16
COG4775,31,0.9149,7.502,3.14e-14,2e-10,SAR,FBpp0086555,7227,CG7639
COG1341,31,0.8541,7.502,3.15e-14,2.01e-10,SAR,FBpp0086393,7227,CG8414
COG5537,31,0.9314,7.499,3.21e-14,2.05e-10,SAR,FBpp0078977,7227,SA
COG5537,31,0.9314,7.499,3.21e-14,2.05e-10,SAR,FBpp0291002,7227,SA-2
KOG2327,31,0.8587,7.498,3.23e-14,2.06e-10,SAR,FBpp0081861,7227,Irbp
COG5109,31,0.9295,7.497,3.27e-14,2.08e-10,SAR,FBpp0071476,7227,CG3295
KOG2515,31,0.8594,7.497,3.27e-14,2.08e-10,SAR,FBpp0084183,7227,CG11851
KOG3081,31,0.8852,7.496,3.28e-14,2.09e-10,SAR,FBpp0078891,7227,epsilonCOP
KOG2491,31,0.8847,7.494,3.34e-14,2.13e-10,SAR,FBpp0078316,7227,Hpr1
COG5535,31,0.9612,7.494,3.35e-14,2.13e-10,SAR,FBpp0086505,7227,mus210
COG5219,31,0.9707,7.493,3.37e-14,2.15e-10,SAR,FBpp0074742,7227,l(3)76BDr
KOG3117,31,0.9018,7.491,3.42e-14,2.18e-10,SAR,FBpp0304812,7227,CG11030
KOG2625,31,0.8365,7.49,3.45e-14,2.2e-10,SAR,FBpp0079574,7227,CG4953
KOG1007,31,0.8764,7.487,3.51e-14,2.24e-10,SAR,FBpp0075704,7227,CG10646
COG0203,31,0.8536,7.484,3.61e-14,2.3e-10,SAR,FBpp0302563,7227,mRpL17
COG0120,31,0.9198,7.484,3.61e-14,2.3e-10,SAR,FBpp0071913,7227,CG30409
COG0120,31,0.9198,7.484,3.61e-14,2.3e-10,SAR,FBpp0296955,7227,Rpi
KOG2050,31,0.8906,7.484,3.61e-14,2.3e-10,SAR,FBpp0076918,7227,pen
COG2086,31,0.8931,7.484,3.62e-14,2.3e-10,SAR,FBpp0084901,7227,CG7834
COG5624,31,0.8626,7.481,3.67e-14,2.34e-10,SAR,FBpp0077111,7227,Taf12L
COG5624,31,0.8626,7.481,3.67e-14,2.34e-10,SAR,FBpp0081916,7227,Taf12
COG5531,31,0.8769,7.48,3.72e-14,2.37e-10,SAR,FBpp0072839,7227,Non2
COG5531,31,0.8769,7.48,3.72e-14,2.37e-10,SAR,FBpp0073572,7227,Bap60
KOG2184,31,0.9064,7.479,3.74e-14,2.38e-10,SAR,FBpp0078765,7227,sip1
KOG2397,31,0.9169,7.475,3.85e-14,2.46e-10,SAR,FBpp0080551,7227,CG6453
KOG2397,31,0.9169,7.475,3.85e-14,2.46e-10,SAR,FBpp0083050,7227,CG7685
COG0302,31,0.9026,7.47,4.02e-14,2.56e-10,SAR,FBpp0071507,7227,Pu
COG3338,31,0.8502,7.469,4.05e-14,2.58e-10,SAR,FBpp0071167,7227,CG11284
COG3338,31,0.8502,7.469,4.05e-14,2.58e-10,SAR,FBpp0071443,7227,CG15227
COG3338,31,0.8502,7.469,4.05e-14,2.58e-10,SAR,FBpp0071446,7227,CG9235
COG3338,31,0.8502,7.469,4.05e-14,2.58e-10,SAR,FBpp0075733,7227,CAH2
COG3338,31,0.8502,7.469,4.05e-14,2.58e-10,SAR,FBpp0080116,7227,CAH1
COG3338,31,0.8502,7.469,4.05e-14,2.58e-10,SAR,FBpp0081657,7227,CG3940
COG3338,31,0.8502,7.469,4.05e-14,2.58e-10,SAR,FBpp0083628,7227,CG5379
COG3338,31,0.8502,7.469,4.05e-14,2.58e-10,SAR,FBpp0084107,7227,CG10899
COG3338,31,0.8502,7.469,4.05e-14,2.58e-10,SAR,FBpp0084503,7227,CG6074
COG3338,31,0.8502,7.469,4.05e-14,2.58e-10,SAR,FBpp0087310,7227,CG12309
COG3338,31,0.8502,7.469,4.05e-14,2.58e-10,SAR,FBpp0112225,7227,CG3669
COG3338,31,0.8502,7.469,4.05e-14,2.58e-10,SAR,FBpp0289296,7227,CG1402
COG3338,31,0.8502,7.469,4.05e-14,2.58e-10,SAR,FBpp0293878,7227,CG18672
COG3338,31,0.8502,7.469,4.05e-14,2.58e-10,SAR,FBpp0293879,7227,CG18673
COG3338,31,0.8502,7.469,4.05e-14,2.58e-10,SAR,FBpp0298824,7227,CG32698
KOG1881,31,0.8581,7.468,4.06e-14,2.58e-10,SAR,FBpp0083082,7227,CG7706
COG2896,31,0.8298,7.467,4.09e-14,2.61e-10,SAR,FBpp0075935,7227,Mocs1
KOG3999,31,0.8443,7.467,4.1e-14,2.61e-10,SAR,FBpp0078516,7227,Hus1-like
KOG3357,31,0.8573,7.466,4.15e-14,2.64e-10,SAR,FBpp0086402,7227,CG8386
COG3897,31,0.9297,7.465,4.17e-14,2.66e-10,SAR,FBpp0077335,7227,CG17219
KOG3914,31,0.8073,7.464,4.2e-14,2.68e-10,SAR,FBpp0070862,7227,wuho
COG0670,31,0.8786,7.464,4.21e-14,2.68e-10,SAR,FBpp0082367,7227,CG9722
COG0670,31,0.8786,7.464,4.21e-14,2.68e-10,SAR,FBpp0086926,7227,CG3814
COG0670,31,0.8786,7.464,4.21e-14,2.68e-10,SAR,FBpp0088816,7227,Nmda1
COG0670,31,0.8786,7.464,4.21e-14,2.68e-10,SAR,FBpp0111643,7227,CG34430
COG0670,31,0.8786,7.464,4.21e-14,2.68e-10,SAR,FBpp0293655,7227,CG30379
COG0670,31,0.8786,7.464,4.21e-14,2.68e-10,SAR,FBpp0300171,7227,CG33673
COG5575,31,0.9314,7.462,4.27e-14,2.72e-10,SAR,FBpp0082329,7227,Orc2
COG5118,31,0.8865,7.461,4.28e-14,2.73e-10,SAR,FBpp0080050,7227,CG9305
KOG2488,31,0.8588,7.458,4.38e-14,2.79e-10,SAR,FBpp0084827,7227,CG7593
COG5094,31,0.913,7.457,4.43e-14,2.82e-10,SAR,FBpp0074237,7227,e(y)1
COG0405,31,0.8712,7.454,4.51e-14,2.88e-10,SAR,FBpp0073423,7227,CG1492
COG0405,31,0.8712,7.454,4.51e-14,2.88e-10,SAR,FBpp0074110,7227,CG4829
COG0405,31,0.8712,7.454,4.51e-14,2.88e-10,SAR,FBpp0074393,7227,Ggt-1
COG0405,31,0.8712,7.454,4.51e-14,2.88e-10,SAR,FBpp0297938,7227,CG17636
KOG1824,31,0.8634,7.454,4.52e-14,2.88e-10,SAR,FBpp0304507,7227,Cand1
KOG2736,31,0.8937,7.452,4.59e-14,2.92e-10,SAR,FBpp0077850,7227,Psn
COG0113,31,0.8178,7.451,4.64e-14,2.96e-10,SAR,FBpp0305549,7227,Pbgs
KOG0973,31,0.8797,7.45,4.66e-14,2.97e-10,SAR,FBpp0071028,7227,Hira
KOG2401,31,0.853,7.447,4.76e-14,3.03e-10,SAR,FBpp0078139,7227,CG7139
COG5100,31,0.8638,7.445,4.84e-14,3.08e-10,SAR,FBpp0084267,7227,Npl4
COG1482,31,0.9371,7.443,4.93e-14,3.14e-10,SAR,FBpp0081609,7227,CG8417
COG0119,31,0.8635,7.441,4.99e-14,3.18e-10,SAR,FBpp0078979,7227,CG10399
KOG3886,31,0.9131,7.441,5e-14,3.19e-10,SAR,FBpp0081491,7227,RagA-B
COG3000,31,0.8962,7.441,5.01e-14,3.19e-10,SAR,FBpp0073618,7227,CG1998
COG3000,31,0.8962,7.441,5.01e-14,3.19e-10,SAR,FBpp0073642,7227,CG11162
COG3000,31,0.8962,7.441,5.01e-14,3.19e-10,SAR,FBpp0290181,7227,fa2h
COG1398,31,0.81,7.437,5.14e-14,3.27e-10,SAR,FBpp0075926,7227,Fad2
COG1398,31,0.81,7.437,5.14e-14,3.27e-10,SAR,FBpp0082064,7227,Desat2
COG1398,31,0.81,7.437,5.14e-14,3.27e-10,SAR,FBpp0082095,7227,Desat1
COG1398,31,0.81,7.437,5.14e-14,3.27e-10,SAR,FBpp0082205,7227,CG8630
COG1398,31,0.81,7.437,5.14e-14,3.27e-10,SAR,FBpp0084937,7227,CG9743
COG1398,31,0.81,7.437,5.14e-14,3.27e-10,SAR,FBpp0084938,7227,CG15531
COG1398,31,0.81,7.437,5.14e-14,3.27e-10,SAR,FBpp0084939,7227,CG9747
KOG2635,31,0.9361,7.429,5.46e-14,3.48e-10,SAR,FBpp0070355,7227,deltaCOP
KOG2847,31,0.8437,7.429,5.47e-14,3.48e-10,SAR,FBpp0086975,7227,Taz
COG5459,31,0.8332,7.425,5.64e-14,3.59e-10,SAR,FBpp0079488,7227,CG13126
KOG3445,31,0.8515,7.424,5.67e-14,3.61e-10,SAR,FBpp0071993,7227,mRpL43
KOG2138,31,0.8169,7.423,5.72e-14,3.64e-10,SAR,FBpp0075534,7227,CG8833
COG5068,31,0.9262,7.423,5.73e-14,3.65e-10,SAR,FBpp0072178,7227,bs
COG5068,31,0.9262,7.423,5.73e-14,3.65e-10,SAR,FBpp0087529,7227,Mef2
KOG3446,31,0.7877,7.422,5.77e-14,3.67e-10,SAR,FBpp0077130,7227,ND-B8
COG5218,31,0.851,7.421,5.81e-14,3.7e-10,SAR,FBpp0288780,7227,Cap-G
KOG3060,31,0.9484,7.421,5.83e-14,3.71e-10,SAR,FBpp0082818,7227,CG17556
KOG3060,31,0.9484,7.421,5.83e-14,3.71e-10,SAR,FBpp0082819,7227,CG3678
COG0103,31,0.7832,7.416,6.03e-14,3.84e-10,SAR,FBpp0081263,7227,mRpS9
KOG3208,31,0.8805,7.414,6.14e-14,3.91e-10,SAR,FBpp0083076,7227,Gos28
COG5211,31,0.8345,7.412,6.23e-14,3.97e-10,SAR,FBpp0074516,7227,Ssu72
COG5214,31,0.9252,7.411,6.27e-14,3.99e-10,SAR,FBpp0113035,7227,CG5923
KOG3056,31,0.8388,7.407,6.48e-14,4.13e-10,SAR,FBpp0081004,7227,Mcm10
KOG3038,31,0.8827,7.403,6.64e-14,4.23e-10,SAR,FBpp0071543,7227,Sgf29
KOG3493,31,0.8182,7.402,6.68e-14,4.26e-10,SAR,FBpp0085529,7227,ubl
KOG3250,31,0.8498,7.402,6.72e-14,4.28e-10,SAR,FBpp0087821,7227,CSN7
KOG0080,31,0.9157,7.401,6.74e-14,4.29e-10,SAR,FBpp0070814,7227,Rab18
KOG2580,31,0.8832,7.399,6.84e-14,4.36e-10,SAR,FBpp0083163,7227,CG11779
COG5221,31,0.8298,7.399,6.86e-14,4.37e-10,SAR,FBpp0085810,7227,CG15099
KOG3389,31,0.8281,7.396,7.01e-14,4.46e-10,SAR,FBpp0074481,7227,ND-18
COG3175,31,0.8132,7.396,7.04e-14,4.48e-10,SAR,FBpp0078731,7227,CG31648
COG3175,31,0.8132,7.396,7.04e-14,4.48e-10,SAR,FBpp0078732,7227,CG31915
KOG4249,31,0.92,7.395,7.05e-14,4.49e-10,SAR,FBpp0080646,7227,CG10338
KOG3331,31,0.8741,7.395,7.06e-14,4.5e-10,SAR,FBpp0081599,7227,mRpL47
COG2041,31,0.8489,7.394,7.15e-14,4.55e-10,SAR,FBpp0074426,7227,CG7280
KOG0275,31,0.841,7.394,7.15e-14,4.55e-10,SAR,FBpp0293232,7227,Smu1
COG1690,31,0.864,7.393,7.17e-14,4.57e-10,SAR,FBpp0080746,7227,CG9987
COG5046,31,0.8688,7.392,7.21e-14,4.59e-10,SAR,FBpp0112554,7227,Maf1
COG0695,31,0.9109,7.391,7.26e-14,4.62e-10,SAR,FBpp0071631,7227,Grx-1
COG0695,31,0.9109,7.391,7.26e-14,4.62e-10,SAR,FBpp0300970,7227,CG6852
KOG1334,31,0.8923,7.389,7.39e-14,4.71e-10,SAR,FBpp0072657,7227,CG8001
KOG1334,31,0.8923,7.389,7.39e-14,4.71e-10,SAR,FBpp0085923,7227,adp
COG0642,31,0.9038,7.386,7.54e-14,4.8e-10,SAR,FBpp0111805,7227,Pdk
KOG4547,31,0.8484,7.386,7.54e-14,4.8e-10,SAR,FBpp0087731,7227,CG30349
COG3217,31,0.7802,7.385,7.63e-14,4.86e-10,SAR,FBpp0087562,7227,CG1665
COG1052,31,0.8362,7.384,7.69e-14,4.9e-10,SAR,FBpp0078370,7227,CG1236
COG1052,31,0.8362,7.384,7.69e-14,4.9e-10,SAR,FBpp0080950,7227,CG9331
COG1052,31,0.8362,7.384,7.69e-14,4.9e-10,SAR,FBpp0080951,7227,CG31673
COG1052,31,0.8362,7.384,7.69e-14,4.9e-10,SAR,FBpp0080952,7227,CG31674
COG0388,31,0.9247,7.383,7.72e-14,4.92e-10,SAR,FBpp0070843,7227,Btd
COG0388,31,0.9247,7.383,7.72e-14,4.92e-10,SAR,FBpp0070844,7227,vanin-like
COG0388,31,0.9247,7.383,7.72e-14,4.92e-10,SAR,FBpp0070845,7227,CG32751
COG0388,31,0.9247,7.383,7.72e-14,4.92e-10,SAR,FBpp0070846,7227,CG32750
COG0388,31,0.9247,7.383,7.72e-14,4.92e-10,SAR,FBpp0072385,7227,NitFhit
COG0388,31,0.9247,7.383,7.72e-14,4.92e-10,SAR,FBpp0081276,7227,pyd3
COG0388,31,0.9247,7.383,7.72e-14,4.92e-10,SAR,FBpp0081507,7227,CG8132
COG1678,31,0.9121,7.383,7.73e-14,4.93e-10,SAR,FBpp0087152,7227,RnrS
KOG1273,31,0.9165,7.38,7.89e-14,5.03e-10,SAR,FBpp0074613,7227,CG6434
KOG1273,31,0.9165,7.38,7.89e-14,5.03e-10,SAR,FBpp0077900,7227,Rbbp5
KOG0269,31,0.8596,7.379,7.97e-14,5.08e-10,SAR,FBpp0303329,7227,CG7609
COG0509,31,0.8818,7.379,7.97e-14,5.08e-10,SAR,FBpp0078066,7227,ppl
COG1723,31,0.8321,7.379,7.98e-14,5.08e-10,SAR,FBpp0073982,7227,CG11679
KOG1961,31,0.91,7.375,8.19e-14,5.21e-10,SAR,FBpp0078760,7227,CG7371
KOG2524,31,0.8427,7.372,8.39e-14,5.34e-10,SAR,FBpp0071542,7227,CG9752
KOG2587,31,0.86240000000000006,7.372,8.4e-14,5.35e-10,SAR,FBpp0292147,7227,CG12267
COG5371,31,0.8167,7.371,8.47e-14,5.39e-10,SAR,FBpp0304733,7227,NTPase
COG0170,31,0.9076,7.37,8.52e-14,5.43e-10,SAR,FBpp0086267,7227,CG8311
COG1250,31,0.8712,7.367,8.73e-14,5.56e-10,SAR,FBpp0074019,7227,CG9914
COG1250,31,0.8712,7.367,8.73e-14,5.56e-10,SAR,FBpp0086628,7227,CG10131
COG5216,31,0.8353,7.359,9.27e-14,5.91e-10,SAR,FBpp0081829,7227,CG14701
COG2039,31,0.8147,7.358,9.34e-14,5.95e-10,SAR,FBpp0075400,7227,CG32147
KOG3870,31,0.861,7.352,9.74e-14,6.2e-10,SAR,FBpp0071713,7227,CG2921
KOG3870,31,0.861,7.352,9.74e-14,6.2e-10,SAR,FBpp0071716,7227,CG11475
KOG3870,31,0.861,7.352,9.74e-14,6.2e-10,SAR,FBpp0080294,7227,CG4161
KOG3870,31,0.861,7.352,9.74e-14,6.2e-10,SAR,FBpp0292778,7227,CG11474
COG0740,31,0.8475,7.348,1.01e-13,6.42e-10,SAR,FBpp0304498,7227,CG5045
COG0145,31,0.8353,7.346,1.02e-13,6.52e-10,SAR,FBpp0071743,7227,CG4752
COG1063,31,0.7843,7.345,1.03e-13,6.54e-10,SAR,FBpp0081141,7227,Sodh-1
COG1063,31,0.7843,7.345,1.03e-13,6.54e-10,SAR,FBpp0081800,7227,Sodh-2
COG1063,31,0.7843,7.345,1.03e-13,6.54e-10,SAR,FBpp0271767,7227,CG4836
KOG3173,31,0.8458,7.343,1.04e-13,6.65e-10,SAR,FBpp0071243,7227,CG15368
KOG3173,31,0.8458,7.343,1.04e-13,6.65e-10,SAR,FBpp0072557,7227,Rabex-5
KOG3173,31,0.8458,7.343,1.04e-13,6.65e-10,SAR,FBpp0088780,7227,CG33937
KOG3173,31,0.8458,7.343,1.04e-13,6.65e-10,SAR,FBpp0302548,7227,CG43674
COG5248,31,0.8754,7.342,1.05e-13,6.68e-10,SAR,FBpp0080872,7227,Taf13
KOG2551,31,0.8172,7.339,1.07e-13,6.83e-10,SAR,FBpp0083317,7227,CG5412
COG1413,31,0.897,7.338,1.09e-13,6.92e-10,SAR,FBpp0085222,7227,nero
KOG3190,31,0.8159,7.331,1.14e-13,7.27e-10,SAR,FBpp0082445,7227,CG8461
COG2828,31,0.8135,7.33,1.15e-13,7.33e-10,SAR,FBpp0076952,7227,CG1503
COG2828,31,0.8135,7.33,1.15e-13,7.33e-10,SAR,FBpp0291088,7227,Den1
COG1143,31,0.8355,7.328,1.17e-13,7.45e-10,SAR,FBpp0082645,7227,ND-23
KOG2773,31,0.8392,7.325,1.19e-13,7.58e-10,SAR,FBpp0078929,7227,Aatf
COG5056,31,0.8538,7.322,1.22e-13,7.79e-10,SAR,FBpp0081387,7227,CG8112
COG5056,31,0.8538,7.322,1.22e-13,7.79e-10,SAR,FBpp0089387,7227,mdy
KOG2477,31,0.8686,7.322,1.23e-13,7.81e-10,SAR,FBpp0073887,7227,CG9213
KOG4401,31,0.8345,7.321,1.23e-13,7.86e-10,SAR,FBpp0073458,7227,CG15735
KOG4401,31,0.8345,7.321,1.23e-13,7.86e-10,SAR,FBpp0112070,7227,CG14164
COG1587,31,0.7578,7.32,1.24e-13,7.89e-10,SAR,FBpp0082627,7227,CG9589
COG1587,31,0.7578,7.32,1.24e-13,7.89e-10,SAR,FBpp0305783,7227,CG1885
COG0386,31,0.8497,7.314,1.3e-13,8.26e-10,SAR,FBpp0072932,7227,PHGPx
COG0386,31,0.8497,7.314,1.3e-13,8.26e-10,SAR,FBpp0085780,7227,CG15116
COG0199,31,0.8802,7.313,1.3e-13,8.3e-10,SAR,FBpp0074554,7227,mRpS14
COG0199,31,0.8802,7.313,1.3e-13,8.3e-10,SAR,FBpp0074555,7227,CG32533
COG0199,31,0.8802,7.313,1.3e-13,8.3e-10,SAR,FBpp0081614,7227,RpS29
COG0004,31,0.7786,7.311,1.33e-13,8.45e-10,SAR,FBpp0112150,7227,CG6499
KOG0281,31,0.8824,7.308,1.36e-13,8.63e-10,SAR,FBpp0083434,7227,slmb
KOG2469,31,0.8462,7.308,1.36e-13,8.64e-10,SAR,FBpp0074345,7227,CG32549
KOG2469,31,0.8462,7.308,1.36e-13,8.64e-10,SAR,FBpp0087605,7227,CG1814
KOG2469,31,0.8462,7.308,1.36e-13,8.64e-10,SAR,FBpp0304251,7227,CG2277
COG1603,31,0.8114,7.306,1.37e-13,8.73e-10,SAR,FBpp0077802,7227,Rpp30
KOG3096,31,0.828,7.305,1.39e-13,8.83e-10,SAR,FBpp0084638,7227,BCAS2
KOG2787,31,0.7833,7.302,1.42e-13,9.02e-10,SAR,FBpp0073286,7227,CG2061
KOG2604,31,0.9571,7.297,1.47e-13,9.34e-10,SAR,FBpp0077262,7227,Cog3
COG0673,31,0.819,7.295,1.49e-13,9.5e-10,SAR,FBpp0077468,7227,CG3609
COG0673,31,0.819,7.295,1.49e-13,9.5e-10,SAR,FBpp0077569,7227,CG17712
COG0673,31,0.819,7.295,1.49e-13,9.5e-10,SAR,FBpp0080485,7227,CG13280
COG0673,31,0.819,7.295,1.49e-13,9.5e-10,SAR,FBpp0303517,7227,CG3597
COG0659,31,0.9691,7.286,1.6e-13,1.02e-9,SAR,FBpp0074919,7227,Prestin
COG0659,31,0.9691,7.286,1.6e-13,1.02e-9,SAR,FBpp0075781,7227,CG6928
COG0659,31,0.9691,7.286,1.6e-13,1.02e-9,SAR,FBpp0082560,7227,CG6125
COG0659,31,0.9691,7.286,1.6e-13,1.02e-9,SAR,FBpp0082619,7227,CG5404
COG0659,31,0.9691,7.286,1.6e-13,1.02e-9,SAR,FBpp0084970,7227,CG7912
COG0659,31,0.9691,7.286,1.6e-13,1.02e-9,SAR,FBpp0085026,7227,CG9702
COG0659,31,0.9691,7.286,1.6e-13,1.02e-9,SAR,FBpp0085041,7227,CG9717
COG0659,31,0.9691,7.286,1.6e-13,1.02e-9,SAR,FBpp0088515,7227,CG5002
COG0659,31,0.9691,7.286,1.6e-13,1.02e-9,SAR,FBpp0293017,7227,Esp
KOG1420,31,0.8019,7.285,1.61e-13,1.02e-9,SAR,FBpp0303318,7227,slo
COG1748,31,0.7935,7.284,1.62e-13,1.03e-9,SAR,FBpp0079118,7227,LKR
KOG2687,31,0.8064,7.284,1.62e-13,1.03e-9,SAR,FBpp0079852,7227,spag4
KOG2687,31,0.8064,7.284,1.62e-13,1.03e-9,SAR,FBpp0292403,7227,koi
KOG1010,31,0.8353,7.277,1.71e-13,1.09e-9,SAR,FBpp0070141,7227,Rbf
KOG1010,31,0.8353,7.277,1.71e-13,1.09e-9,SAR,FBpp0082667,7227,Rbf2
KOG0788,31,0.8422,7.277,1.71e-13,1.09e-9,SAR,FBpp0079584,7227,SamDC
COG0421,31,0.8797,7.276,1.72e-13,1.09e-9,SAR,FBpp0075741,7227,CG4300
COG0421,31,0.8797,7.276,1.72e-13,1.09e-9,SAR,FBpp0081556,7227,SpdS
KOG1171,31,0.8405,7.275,1.73e-13,1.1e-9,SAR,FBpp0078758,7227,tomb
KOG1171,31,0.8405,7.275,1.73e-13,1.1e-9,SAR,FBpp0290602,7227,mip120
KOG3100,31,0.7981,7.273,1.76e-13,1.12e-9,SAR,FBpp0081082,7227,CG1142
KOG4197,31,0.7895,7.267,1.83e-13,1.17e-9,SAR,FBpp0076868,7227,CG4611
COG0207,31,0.9291,7.263,1.9e-13,1.21e-9,SAR,FBpp0077363,7227,Ts
KOG2576,31,0.8387,7.262,1.91e-13,1.22e-9,SAR,FBpp0070931,7227,xit
KOG0978,31,0.8739,7.259,1.96e-13,1.25e-9,SAR,FBpp0076822,7227,Bre1
KOG3293,31,0.906,7.255,2.01e-13,1.28e-9,SAR,FBpp0099642,7227,CG17768
KOG2412,31,0.8191,7.252,2.05e-13,1.31e-9,SAR,FBpp0087775,7227,CG14749
KOG2432,31,0.8222,7.248,2.11e-13,1.34e-9,SAR,FBpp0070764,7227,CG3309
KOG1871,31,0.8503,7.246,2.15e-13,1.37e-9,SAR,FBpp0072486,7227,Usp10
COG2967,31,0.8505,7.244,2.17e-13,1.38e-9,SAR,FBpp0078330,7227,CG12162
COG1071,31,0.8983,7.244,2.17e-13,1.38e-9,SAR,FBpp0081545,7227,CG8199
COG2072,31,0.8917,7.24,2.25e-13,1.43e-9,SAR,FBpp0072059,7227,Fmo-1
COG2072,31,0.8917,7.24,2.25e-13,1.43e-9,SAR,FBpp0085481,7227,Fmo-2
COG0263,31,0.7864,7.235,2.33e-13,1.48e-9,SAR,FBpp0301603,7227,CG7470
COG5169,31,0.9321,7.235,2.33e-13,1.49e-9,SAR,FBpp0110266,7227,Hsf
COG0355,31,0.8881,7.234,2.34e-13,1.49e-9,SAR,FBpp0305117,7227,l(1)G0230
COG0292,31,0.8119,7.232,2.39e-13,1.52e-9,SAR,FBpp0075631,7227,mRpL20
KOG4362,31,0.8476,7.231,2.39e-13,1.52e-9,SAR,FBpp0290646,7227,MCPH1
COG5238,31,0.8884,7.229,2.43e-13,1.55e-9,SAR,FBpp0080775,7227,RanGAP
KOG2513,31,0.7487,7.229,2.44e-13,1.55e-9,SAR,FBpp0074146,7227,Axs
KOG2513,31,0.7487,7.229,2.44e-13,1.55e-9,SAR,FBpp0080263,7227,CG15270
KOG2864,31,0.8807,7.228,2.45e-13,1.56e-9,SAR,FBpp0070811,7227,CG3149
COG3104,31,0.8548,7.225,2.5e-13,1.59e-9,SAR,FBpp0070582,7227,CG2930
COG3104,31,0.8548,7.225,2.5e-13,1.59e-9,SAR,FBpp0070601,7227,yin
COG3104,31,0.8548,7.225,2.5e-13,1.59e-9,SAR,FBpp0305396,7227,CG9444
COG0519,31,0.8463,7.215,2.7e-13,1.72e-9,SAR,FBpp0290556,7227,bur
KOG0826,31,0.8452,7.214,2.72e-13,1.73e-9,SAR,FBpp0305188,7227,Pex12
KOG2609,31,0.8162,7.213,2.75e-13,1.75e-9,SAR,FBpp0087342,7227,CG12343
KOG3372,31,0.8288,7.21,2.8e-13,1.78e-9,SAR,FBpp0293581,7227,Spase22-23
COG1185,31,0.8271,7.204,2.91e-13,1.86e-9,SAR,FBpp0084534,7227,Hmu
COG1185,31,0.8271,7.204,2.91e-13,1.86e-9,SAR,FBpp0084712,7227,Ssl2
COG1185,31,0.8271,7.204,2.91e-13,1.86e-9,SAR,FBpp0290103,7227,CG11337
KOG2829,31,0.8111,7.198,3.05e-13,1.94e-9,SAR,FBpp0086853,7227,Dp
KOG2827,31,0.7895,7.194,3.1400000000000003e-13,2e-9,SAR,FBpp0083920,7227,CG5986
COG1070,31,0.8018,7.19,3.24e-13,2.06e-9,SAR,FBpp0082813,7227,CG3534
COG1070,31,0.8018,7.19,3.24e-13,2.06e-9,SAR,FBpp0304042,7227,CG3544
KOG3312,31,0.8188,7.186,3.33e-13,2.12e-9,SAR,FBpp0080690,7227,CG10470
COG0627,31,0.8559,7.186,3.34e-13,2.13e-9,SAR,FBpp0083245,7227,CG4390
KOG1396,31,0.7936,7.171,3.71e-13,2.36e-9,SAR,FBpp0288498,7227,CG31678
KOG1893,31,0.8207,7.171,3.73e-13,2.38e-9,SAR,FBpp0289561,7227,Piezo
KOG1893,31,0.8207,7.171,3.73e-13,2.38e-9,SAR,FBpp0291425,7227,CG42617
KOG1893,31,0.8207,7.171,3.73e-13,2.38e-9,SAR,FBpp0291426,7227,CG40249
KOG1893,31,0.8207,7.171,3.73e-13,2.38e-9,SAR,FBpp0291427,7227,CG40188
KOG1893,31,0.8207,7.171,3.73e-13,2.38e-9,SAR,FBpp0291429,7227,CG42618
KOG1893,31,0.8207,7.171,3.73e-13,2.38e-9,SAR,FBpp0291430,7227,CG41056
KOG2753,31,0.8374,7.17,3.74e-13,2.38e-9,SAR,FBpp0086705,7227,Tango7
KOG0953,31,0.8175,7.161,4e-13,2.55e-9,SAR,FBpp0271517,7227,CG9791
KOG3869,31,0.8367,7.159,4.08e-13,2.6e-9,SAR,FBpp0077396,7227,Cwc25
KOG3480,31,0.8047,7.157,4.12e-13,2.62e-9,SAR,FBpp0071593,7227,Tim10
COG0335,31,0.7926,7.157,4.13e-13,2.63e-9,SAR,FBpp0081384,7227,mRpL19
KOG1034,31,0.8322,7.156,4.15e-13,2.64e-9,SAR,FBpp0079870,7227,escl
KOG1034,31,0.8322,7.156,4.15e-13,2.64e-9,SAR,FBpp0079907,7227,esc
COG3588,31,0.8307,7.154,4.23e-13,2.69e-9,SAR,FBpp0084378,7227,CG5432
COG3588,31,0.8307,7.154,4.23e-13,2.69e-9,SAR,FBpp0302781,7227,Ald
KOG2836,31,0.8531,7.153,4.24e-13,2.7e-9,SAR,FBpp0080413,7227,PRL-1
KOG1806,31,0.8101,7.15,4.32e-13,2.75e-9,SAR,FBpp0290264,7227,CG31368
KOG1623,31,0.8328,7.15,4.35e-13,2.77e-9,SAR,FBpp0075303,7227,CG7272
KOG1623,31,0.8328,7.15,4.35e-13,2.77e-9,SAR,FBpp0302050,7227,slv
COG5285,31,0.8202,7.135,4.84e-13,3.08e-9,SAR,FBpp0112127,7227,CG14688
KOG3224,31,0.8259,7.133,4.91e-13,3.13e-9,SAR,FBpp0070007,7227,CG9578
KOG2048,31,0.8508,7.13,5.03e-13,3.2e-9,SAR,FBpp0305742,7227,l(3)72Dn
COG0709,31,0.7306,7.124,5.26e-13,3.35e-9,SAR,FBpp0079588,7227,Sps2
COG0709,31,0.7306,7.124,5.26e-13,3.35e-9,SAR,FBpp0086691,7227,SelD
KOG2417,31,0.824,7.123,5.27e-13,3.35e-9,SAR,FBpp0086535,7227,GPHR
COG1159,31,0.8505,7.12,5.39e-13,3.44e-9,SAR,FBpp0082163,7227,CG7488
KOG3316,31,0.7848,7.118,5.49e-13,3.49e-9,SAR,FBpp0082570,7227,Trs33
KOG2325,31,0.7765,7.113,5.67e-13,3.61e-9,SAR,FBpp0076591,7227,CG8596
COG0122,31,0.8074,7.109,5.83e-13,3.71e-9,SAR,FBpp0071168,7227,Ogg1
COG0482,31,0.7996,7.108,5.87e-13,3.74e-9,SAR,FBpp0070168,7227,CG3021
COG1957,31,0.787,7.108,5.91e-13,3.76e-9,SAR,FBpp0073643,7227,CG11158
COG1957,31,0.787,7.108,5.91e-13,3.76e-9,SAR,FBpp0073677,7227,CG12177
COG1957,31,0.787,7.108,5.91e-13,3.76e-9,SAR,FBpp0079964,7227,CG5418
KOG2449,31,0.7598,7.107,5.92e-13,3.77e-9,SAR,FBpp0070087,7227,CG17896
KOG1127,31,0.8061,7.104,6.04e-13,3.85e-9,SAR,FBpp0087646,7227,CG8777
KOG0153,31,0.814,7.103,6.1e-13,3.88e-9,SAR,FBpp0078624,7227,CG14641
KOG1987,31,0.7605,7.099,6.29e-13,4e-9,SAR,FBpp0099767,7227,rdx
KOG1987,31,0.7605,7.099,6.29e-13,4e-9,SAR,FBpp0290376,7227,CG7058
COG1304,31,0.7575,7.093,6.55e-13,4.17e-9,SAR,FBpp0099608,7227,CG18003
KOG0831,31,0.8029,7.093,6.57e-13,4.19e-9,SAR,FBpp0088001,7227,CG1941
KOG0831,31,0.8029,7.093,6.57e-13,4.19e-9,SAR,FBpp0088002,7227,CG1942
KOG0831,31,0.8029,7.093,6.57e-13,4.19e-9,SAR,FBpp0088003,7227,CG1946
KOG2986,31,0.7857,7.08,7.23e-13,4.61e-9,SAR,FBpp0082457,7227,CG33331
KOG2986,31,0.7857,7.08,7.23e-13,4.61e-9,SAR,FBpp0082458,7227,CG33332
KOG3496,31,0.7087,7.078,7.34e-13,4.67e-9,SAR,FBpp0073783,7227,CG9065
COG0181,31,0.7819,7.075,7.48e-13,4.76e-9,SAR,FBpp0072572,7227,l(3)02640
COG5185,31,0.7807,7.068,7.87e-13,5.02e-9,SAR,FBpp0073681,7227,Ndc80
KOG2712,31,0.7168,7.061,8.25e-13,5.26e-9,SAR,FBpp0079211,7227,Ssb-c31a
COG2802,31,0.7968,7.052,8.81e-13,5.61e-9,SAR,FBpp0293529,7227,CG32369
KOG1337,31,0.8481,7.052,8.85e-13,5.64e-9,SAR,FBpp0070998,7227,CG32732
KOG1337,31,0.8481,7.052,8.85e-13,5.64e-9,SAR,FBpp0072640,7227,CG33230
COG5131,31,0.7563,7.051,8.86e-13,5.65e-9,SAR,FBpp0113022,7227,CG33276
COG1004,31,0.8049,7.047,9.11e-13,5.8e-9,SAR,FBpp0076647,7227,sgl
COG0217,31,0.7744,7.043,9.41e-13,5.99e-9,SAR,FBpp0079575,7227,CG4957
KOG2188,31,0.7531,7.035,9.97e-13,6.35e-9,SAR,FBpp0088044,7227,CG11123
KOG0637,31,0.7221,7.026,1.06e-12,6.78e-9,SAR,FBpp0076231,7227,Slc45-1
KOG0637,31,0.7221,7.026,1.06e-12,6.78e-9,SAR,FBpp0290340,7227,CG40467
KOG0637,31,0.7221,7.026,1.06e-12,6.78e-9,SAR,FBpp0290341,7227,CG41087
KOG0637,31,0.7221,7.026,1.06e-12,6.78e-9,SAR,FBpp0290342,7227,CG41343
COG2106,31,0.7742,7.023,1.08e-12,6.9e-9,SAR,FBpp0087481,7227,CG12128
COG0284,31,0.8256,7.017,1.13e-12,7.22e-9,SAR,FBpp0100008,7227,CG32576
KOG3133,31,0.7473,7.016,1.14e-12,7.29e-9,SAR,FBpp0079908,7227,Pex19
COG0182,31,0.7925,7.01,1.19e-12,7.58e-9,SAR,FBpp0085169,7227,CG11334
KOG4550,31,0.7558,6.992,1.35e-12,8.61e-9,SAR,FBpp0075349,7227,CG7739
COG0753,31,0.7719,6.99,1.37e-12,8.75e-9,SAR,FBpp0074825,7227,Cat
COG0753,31,0.7719,6.99,1.37e-12,8.75e-9,SAR,FBpp0079333,7227,CG9314
KOG1508,31,0.7829,6.989,1.39e-12,8.83e-9,SAR,FBpp0082521,7227,Set
KOG3294,31,0.7521,6.983,1.44e-12,9.18e-9,SAR,FBpp0304356,7227,Wbp2
COG0415,31,0.804,6.983,1.44e-12,9.18e-9,SAR,FBpp0080934,7227,phr6-4
COG0415,31,0.804,6.983,1.44e-12,9.18e-9,SAR,FBpp0083150,7227,cry
COG0415,31,0.804,6.983,1.44e-12,9.18e-9,SAR,FBpp0087914,7227,phr
COG0415,31,0.804,6.983,1.44e-12,9.18e-9,SAR,FBpp0088442,7227,CG18853
KOG1649,31,0.7696,6.969,1.6e-12,1.02e-8,SAR,FBpp0078331,7227,Snr1
COG0591,31,0.7189,6.968,1.6e-12,1.02e-8,SAR,FBpp0071015,7227,CG9657
COG0591,31,0.7189,6.968,1.6e-12,1.02e-8,SAR,FBpp0072737,7227,CG5687
COG0591,31,0.7189,6.968,1.6e-12,1.02e-8,SAR,FBpp0073268,7227,CG32669
COG0591,31,0.7189,6.968,1.6e-12,1.02e-8,SAR,FBpp0079253,7227,SLC5A11
COG0591,31,0.7189,6.968,1.6e-12,1.02e-8,SAR,FBpp0081881,7227,CG6723
COG0591,31,0.7189,6.968,1.6e-12,1.02e-8,SAR,FBpp0083083,7227,CG7708
COG0591,31,0.7189,6.968,1.6e-12,1.02e-8,SAR,FBpp0083093,7227,CG7720
COG0591,31,0.7189,6.968,1.6e-12,1.02e-8,SAR,FBpp0085219,7227,Smvt
COG0591,31,0.7189,6.968,1.6e-12,1.02e-8,SAR,FBpp0085220,7227,CG2187
COG0591,31,0.7189,6.968,1.6e-12,1.02e-8,SAR,FBpp0085617,7227,CG10444
COG0591,31,0.7189,6.968,1.6e-12,1.02e-8,SAR,FBpp0111451,7227,CG34337
COG0591,31,0.7189,6.968,1.6e-12,1.02e-8,SAR,FBpp0288579,7227,CG42235
COG0591,31,0.7189,6.968,1.6e-12,1.02e-8,SAR,FBpp0289330,7227,CG31262
COG0591,31,0.7189,6.968,1.6e-12,1.02e-8,SAR,FBpp0290137,7227,salt
COG0591,31,0.7189,6.968,1.6e-12,1.02e-8,SAR,FBpp0300177,7227,CG33124
COG0591,31,0.7189,6.968,1.6e-12,1.02e-8,SAR,FBpp0300178,7227,CG31668
COG3239,31,0.7857,6.963,1.67e-12,1.06e-8,SAR,FBpp0080465,7227,CG17928
COG3239,31,0.7857,6.963,1.67e-12,1.06e-8,SAR,FBpp0304264,7227,Cyt-b5-r
COG5173,31,0.7927,6.951,1.82e-12,1.16e-8,SAR,FBpp0085888,7227,Sec6
KOG3442,31,0.762,6.95,1.83e-12,1.16e-8,SAR,FBpp0082657,7227,blp
KOG3442,31,0.762,6.95,1.83e-12,1.16e-8,SAR,FBpp0271880,7227,CG1409
KOG3268,31,0.6577,6.938,1.99e-12,1.27e-8,SAR,FBpp0081681,7227,Fancl
COG1914,31,0.741,6.928,2.13e-12,1.36e-8,SAR,FBpp0297444,7227,Mvl
KOG1848,31,0.806,6.919,2.27e-12,1.44e-8,SAR,FBpp0290447,7227,mon2
KOG1916,31,0.7623,6.919,2.28e-12,1.45e-8,SAR,FBpp0079818,7227,Ge-1
KOG2103,31,0.7758,6.905,2.52e-12,1.6e-8,SAR,FBpp0081262,7227,CG2943
KOG0909,31,0.7145,6.885,2.9e-12,1.85e-8,SAR,FBpp0085324,7227,Pngl
COG0064,31,0.7677,6.882,2.94e-12,1.87e-8,SAR,FBpp0083969,7227,CG5463
COG0138,31,0.7097,6.873,3.14e-12,2e-8,SAR,FBpp0292529,7227,CG11089
COG0486,31,0.7584,6.872,3.17e-12,2.02e-8,SAR,FBpp0084012,7227,CG18528
COG5233,31,0.7515,6.868,3.26e-12,2.08e-8,SAR,FBpp0074664,7227,Grasp65
KOG3058,31,0.767,6.861,3.42e-12,2.18e-8,SAR,FBpp0076580,7227,SMSr
COG2132,31,0.7186,6.85,3.69e-12,2.35e-8,SAR,FBpp0074240,7227,CG32557
COG2132,31,0.7186,6.85,3.69e-12,2.35e-8,SAR,FBpp0074241,7227,CG32554
COG2132,31,0.7186,6.85,3.69e-12,2.35e-8,SAR,FBpp0079407,7227,Mco1
COG2132,31,0.7186,6.85,3.69e-12,2.35e-8,SAR,FBpp0084314,7227,MCO3
COG2132,31,0.7186,6.85,3.69e-12,2.35e-8,SAR,FBpp0289199,7227,laccase2
COG0046,31,0.6922,6.848,3.74e-12,2.38e-8,SAR,FBpp0078850,7227,ade2
KOG3281,31,0.7229,6.836,4.06e-12,2.59e-8,SAR,FBpp0082803,7227,CG10340
KOG4697,31,0.6765,6.834,4.12e-12,2.63e-8,SAR,FBpp0081368,7227,CG11753
KOG0974,31,0.6938,6.83,4.25e-12,2.71e-8,SAR,FBpp0300435,7227,CG33172
KOG2490,31,0.7079,6.829,4.27e-12,2.72e-8,SAR,FBpp0083043,7227,CG7218
COG0233,31,0.7099,6.828,4.32e-12,2.75e-8,SAR,FBpp0076172,7227,CG4447
COG5125,31,0.7108,6.824,4.43e-12,2.82e-8,SAR,FBpp0271847,7227,Nse4
KOG3200,31,0.7787,6.822,4.49e-12,2.86e-8,SAR,FBpp0100020,7227,CG6144
KOG3029,31,0.7625,6.821,4.51e-12,2.87e-8,SAR,FBpp0075118,7227,Su(P)
KOG4628,31,0.7859,6.804,5.09e-12,3.24e-8,SAR,FBpp0081218,7227,godzilla
KOG2997,31,0.7301,6.803,5.14e-12,3.27e-8,SAR,FBpp0292148,7227,CG5961
COG2135,31,0.7238,6.802,5.15e-12,3.28e-8,SAR,FBpp0081447,7227,CG11986
COG4631,31,0.7308,6.786,5.77e-12,3.68e-8,SAR,FBpp0082172,7227,ry
COG4631,31,0.7308,6.786,5.77e-12,3.68e-8,SAR,FBpp0082604,7227,AOX4
COG4631,31,0.7308,6.786,5.77e-12,3.68e-8,SAR,FBpp0082605,7227,AOX3
COG4631,31,0.7308,6.786,5.77e-12,3.68e-8,SAR,FBpp0082607,7227,CG18519
COG4631,31,0.7308,6.786,5.77e-12,3.68e-8,SAR,FBpp0082608,7227,AOX1
COG0211,31,0.7031,6.781,5.95e-12,3.79e-8,SAR,FBpp0077141,7227,mRpL27
KOG2065,31,0.733,6.761,6.85e-12,4.36e-8,SAR,FBpp0079623,7227,Grip75
COG0685,31,0.7406,6.755,7.14e-12,4.55e-8,SAR,FBpp0075903,7227,CG7560
COG4725,31,0.7179,6.717,9.27e-12,5.9e-8,SAR,FBpp0079219,7227,CG7818
COG4725,31,0.7179,6.717,9.27e-12,5.9e-8,SAR,FBpp0083917,7227,Ime4
KOG2545,31,0.7299,6.716,9.31e-12,5.93e-8,SAR,FBpp0078978,7227,CG3430
KOG1589,31,0.766,6.715,9.41e-12,5.99e-8,SAR,FBpp0080513,7227,CG32832
KOG1589,31,0.766,6.715,9.41e-12,5.99e-8,SAR,FBpp0081589,7227,CG9396
KOG1589,31,0.766,6.715,9.41e-12,5.99e-8,SAR,FBpp0291537,7227,CG9399
KOG2888,31,0.7861,6.709,9.79e-12,6.23e-8,SAR,FBpp0073588,7227,CG1622
KOG2458,31,0.7126,6.68,1.19e-11,7.6e-8,SAR,FBpp0083713,7227,rumi
KOG2458,31,0.7126,6.68,1.19e-11,7.6e-8,SAR,FBpp0083714,7227,CG31139
COG0306,31,0.6923,6.658,1.39e-11,8.83e-8,SAR,FBpp0290653,7227,CG42575
KOG2762,31,0.755,6.656,1.4e-11,8.95e-8,SAR,FBpp0072004,7227,l(2)not
KOG0413,31,0.6791,6.632,1.66e-11,1.05e-7,SAR,FBpp0078730,7227,Cap-D3
KOG1364,31,0.6667,6.579,2.36e-11,1.51e-7,SAR,FBpp0078681,7227,CG8892
COG0141,31,0.7121,6.558,2.73e-11,1.74e-7,SAR,FBpp0081255,7227,lds
COG0141,31,0.7121,6.558,2.73e-11,1.74e-7,SAR,FBpp0293247,7227,CG10445
KOG2560,31,0.684,6.54,3.08e-11,1.96e-7,SAR,FBpp0084787,7227,Slu7
KOG1139,31,0.6729,6.51,3.77e-11,2.4e-7,SAR,FBpp0290962,7227,CG42593
COG0712,31,0.7628,6.509,3.78e-11,2.41e-7,SAR,FBpp0082522,7227,ATPsynO
COG5239,31,0.7014,6.508,3.81e-11,2.43e-7,SAR,FBpp0071992,7227,angel
COG5239,31,0.7014,6.508,3.81e-11,2.43e-7,SAR,FBpp0083954,7227,twin
COG5239,31,0.7014,6.508,3.81e-11,2.43e-7,SAR,FBpp0112131,7227,cu
COG5239,31,0.7014,6.508,3.81e-11,2.43e-7,SAR,FBpp0288679,7227,CG31759
KOG4751,31,0.7035,6.504,3.92e-11,2.49e-7,SAR,FBpp0072209,7227,Brca2
KOG4281,31,0.6715,6.478,4.65e-11,2.96e-7,SAR,FBpp0076459,7227,CG7550
KOG3479,31,0.6958,6.444,5.8199999999999997e-11,3.7e-7,SAR,FBpp0073606,7227,Tim9a
KOG3479,31,0.6958,6.444,5.8199999999999997e-11,3.7e-7,SAR,FBpp0074536,7227,Tim9b
KOG4763,31,0.6947,6.43,6.38e-11,4.07e-7,SAR,FBpp0087782,7227,UQCR-11L
KOG4763,31,0.6947,6.43,6.38e-11,4.07e-7,SAR,FBpp0290998,7227,UQCR-11
KOG3466,31,0.7065,6.421,6.79e-11,4.32e-7,SAR,FBpp0080051,7227,ND-B22
KOG3499,31,0.6907,6.378,8.98e-11,5.72e-7,SAR,FBpp0110412,7227,RpL38
COG0676,31,0.6731,6.358,1.02e-10,6.52e-7,SAR,FBpp0080153,7227,CG9008
KOG4317,31,0.6536,6.327,1.25e-10,7.97e-7,SAR,FBpp0083372,7227,CG31223
KOG2567,31,0.635,6.262,1.89e-10,1.21e-6,SAR,FBpp0085455,7227,CG9422
COG5081,31,0.6288,6.249,2.07e-10,1.32e-6,SAR,FBpp0078077,7227,ORMDL
COG0152,31,0.7007,6.205,2.73e-10,1.74e-6,SAR,FBpp0073538,7227,ade5
COG0152,31,0.7007,6.205,2.73e-10,1.74e-6,SAR,FBpp0112656,7227,CG40801
KOG3483,31,0.5977,6.19,3e-10,1.91e-6,SAR,FBpp0111299,7227,CG34191
COG0275,31,0.6152,6.164,3.54e-10,2.26e-6,SAR,FBpp0081744,7227,CG14683
COG0137,31,0.5922,6.085,5.83e-10,3.71e-6,SAR,FBpp0081197,7227,CG1315
COG0151,31,0.6403,6.082,5.95e-10,3.79e-6,SAR,FBpp0079059,7227,ade3
COG3386,31,0.5588,6.069,6.44e-10,4.1e-6,SAR,FBpp0070070,7227,y
COG3386,31,0.5588,6.069,6.44e-10,4.1e-6,SAR,FBpp0071920,7227,yellow-d
COG3386,31,0.5588,6.069,6.44e-10,4.1e-6,SAR,FBpp0071921,7227,yellow-d2
COG3386,31,0.5588,6.069,6.44e-10,4.1e-6,SAR,FBpp0072761,7227,yellow-g2
COG3386,31,0.5588,6.069,6.44e-10,4.1e-6,SAR,FBpp0072780,7227,yellow-g
COG3386,31,0.5588,6.069,6.44e-10,4.1e-6,SAR,FBpp0073422,7227,regucalcin
COG3386,31,0.5588,6.069,6.44e-10,4.1e-6,SAR,FBpp0080260,7227,yellow-c
COG3386,31,0.5588,6.069,6.44e-10,4.1e-6,SAR,FBpp0080451,7227,yellow-b
COG3386,31,0.5588,6.069,6.44e-10,4.1e-6,SAR,FBpp0082190,7227,yellow-f2
COG3386,31,0.5588,6.069,6.44e-10,4.1e-6,SAR,FBpp0082191,7227,yellow-f
COG3386,31,0.5588,6.069,6.44e-10,4.1e-6,SAR,FBpp0082225,7227,yellow-e
COG3386,31,0.5588,6.069,6.44e-10,4.1e-6,SAR,FBpp0082227,7227,yellow-e3
COG3386,31,0.5588,6.069,6.44e-10,4.1e-6,SAR,FBpp0082476,7227,smp-30
COG3386,31,0.5588,6.069,6.44e-10,4.1e-6,SAR,FBpp0088184,7227,yellow-h
COG3386,31,0.5588,6.069,6.44e-10,4.1e-6,SAR,FBpp0291732,7227,yellow-e2
COG0034,31,0.6351,6.054,7.07e-10,4.51e-6,SAR,FBpp0076654,7227,Prat2
COG0034,31,0.6351,6.054,7.07e-10,4.51e-6,SAR,FBpp0081261,7227,Prat
COG0678,31,0.6079,6.01,9.3e-10,5.92e-6,SAR,FBpp0100079,7227,Prx5
KOG2868,31,0.5651,5.921,1.6e-9,1.02e-5,SAR,FBpp0072132,7227,DCP1
KOG2879,31,0.5867,5.921,1.6e-9,1.02e-5,SAR,FBpp0076329,7227,Pex2
COG0190,31,0.5756,5.912,1.69e-9,1.08e-5,SAR,FBpp0081476,7227,Nmdmc
KOG0341,31,0.5653,5.866,2.24e-9,1.43e-5,SAR,FBpp0078606,7227,abs
COG1626,31,0.5827,5.861,2.3e-9,1.47e-5,SAR,FBpp0071468,7227,Treh
COG1626,31,0.5827,5.861,2.3e-9,1.47e-5,SAR,FBpp0086296,7227,CG6262
COG3752,31,0.5699,5.731,4.98e-9,3.17e-5,SAR,FBpp0076360,7227,CG6282
KOG3477,31,0.5234,5.702,5.92e-9,3.77e-5,SAR,FBpp0289852,7227,CG42496
COG1607,31,0.5297,5.499,1.91e-8,1.21e-4,SAR,FBpp0078952,7227,CG13771
COG1607,31,0.5297,5.499,1.91e-8,1.21e-4,SAR,FBpp0085157,7227,CG1635
COG1607,31,0.5297,5.499,1.91e-8,1.21e-4,SAR,FBpp0085159,7227,CG1774
COG1607,31,0.5297,5.499,1.91e-8,1.21e-4,SAR,FBpp0112227,7227,CG1638
COG0165,31,0.5132,5.375,3.82e-8,2.43e-4,SAR,FBpp0289058,7227,CG9510
COG3491,31,0.5109,5.356,4.25e-8,2.71e-4,SAR,FBpp0083680,7227,CG33093
COG3491,31,0.5109,5.356,4.25e-8,2.71e-4,SAR,FBpp0083681,7227,CG33099
COG3491,31,0.5109,5.356,4.25e-8,2.71e-4,SAR,FBpp0083682,7227,CG5346
COG0488,32,1,8.369,2.91e-17,1.86e-13,Metamonada,FBpp0073367,7227,CG1703
COG0488,32,1,8.369,2.91e-17,1.86e-13,Metamonada,FBpp0073872,7227,CG9281
COG0488,32,1,8.369,2.91e-17,1.86e-13,Metamonada,FBpp0074708,7227,CG9330
COG2123,32,0.9963,8.337,3.81e-17,2.43e-13,Metamonada,FBpp0074129,7227,Rrp45
COG2123,32,0.9963,8.337,3.81e-17,2.43e-13,Metamonada,FBpp0086348,7227,Rrp42
COG5141,32,0.9673,8.305,5.01e-17,3.19e-13,Metamonada,FBpp0072431,7227,rno
COG5141,32,0.9673,8.305,5.01e-17,3.19e-13,Metamonada,FBpp0077145,7227,CG15439
COG5141,32,0.9673,8.305,5.01e-17,3.19e-13,Metamonada,FBpp0087961,7227,Kdm4A
COG5141,32,0.9673,8.305,5.01e-17,3.19e-13,Metamonada,FBpp0088092,7227,Br140
COG5141,32,0.9673,8.305,5.01e-17,3.19e-13,Metamonada,FBpp0099939,7227,seq
COG5141,32,0.9673,8.305,5.01e-17,3.19e-13,Metamonada,FBpp0112111,7227,Alh
COG5141,32,0.9673,8.305,5.01e-17,3.19e-13,Metamonada,FBpp0302636,7227,Kdm4B
COG0081,32,0.9989,8.285,5.93e-17,3.78e-13,Metamonada,FBpp0075764,7227,RpL10Ab
COG0081,32,0.9989,8.285,5.93e-17,3.78e-13,Metamonada,FBpp0081322,7227,mRpL1
COG0081,32,0.9989,8.285,5.93e-17,3.78e-13,Metamonada,FBpp0082483,7227,RpL10Aa
COG0089,32,0.9986,8.274,6.45e-17,4.11e-13,Metamonada,FBpp0072687,7227,RpL23A
COG0539,32,0.9869,8.271,6.67e-17,4.25e-13,Metamonada,FBpp0084016,7227,CG5728
KOG0310,32,0.9889,8.261,7.24e-17,4.61e-13,Metamonada,FBpp0070382,7227,CG3071
KOG3484,32,0.9621,8.257,7.48e-17,4.77e-13,Metamonada,FBpp0079399,7227,Cks30A
KOG3484,32,0.9621,8.257,7.48e-17,4.77e-13,Metamonada,FBpp0293882,7227,Cks85A
KOG0937,32,1,8.238,8.74e-17,5.57e-13,Metamonada,FBpp0081592,7227,AP-1mu
COG2036,32,1,8.238,8.77e-17,5.59e-13,Metamonada,FBpp0078649,7227,His3.3A
COG2036,32,1,8.238,8.77e-17,5.59e-13,Metamonada,FBpp0080827,7227,Nf-YB
COG2036,32,1,8.238,8.77e-17,5.59e-13,Metamonada,FBpp0082421,7227,His4r
COG2036,32,1,8.238,8.77e-17,5.59e-13,Metamonada,FBpp0085250,7227,FBpp0085250
COG2036,32,1,8.238,8.77e-17,5.59e-13,Metamonada,FBpp0085280,7227,FBpp0085280
COG2036,32,1,8.238,8.77e-17,5.59e-13,Metamonada,FBpp0086787,7227,cid
COG2036,32,1,8.238,8.77e-17,5.59e-13,Metamonada,FBpp0091051,7227,His3
COG2036,32,1,8.238,8.77e-17,5.59e-13,Metamonada,FBpp0091053,7227,FBpp0091053
COG2036,32,1,8.238,8.77e-17,5.59e-13,Metamonada,FBpp0091056,7227,FBpp0091056
COG2036,32,1,8.238,8.77e-17,5.59e-13,Metamonada,FBpp0091058,7227,FBpp0091058
COG2036,32,1,8.238,8.77e-17,5.59e-13,Metamonada,FBpp0091061,7227,FBpp0091061
COG2036,32,1,8.238,8.77e-17,5.59e-13,Metamonada,FBpp0091064,7227,FBpp0091064
COG2036,32,1,8.238,8.77e-17,5.59e-13,Metamonada,FBpp0091067,7227,FBpp0091067
COG2036,32,1,8.238,8.77e-17,5.59e-13,Metamonada,FBpp0091070,7227,FBpp0091070
COG2036,32,1,8.238,8.77e-17,5.59e-13,Metamonada,FBpp0091073,7227,FBpp0091073
COG2036,32,1,8.238,8.77e-17,5.59e-13,Metamonada,FBpp0091076,7227,FBpp0091076
COG2036,32,1,8.238,8.77e-17,5.59e-13,Metamonada,FBpp0091079,7227,FBpp0091079
COG2036,32,1,8.238,8.77e-17,5.59e-13,Metamonada,FBpp0091082,7227,FBpp0091082
COG2036,32,1,8.238,8.77e-17,5.59e-13,Metamonada,FBpp0091085,7227,FBpp0091085
COG2036,32,1,8.238,8.77e-17,5.59e-13,Metamonada,FBpp0091088,7227,FBpp0091088
COG2036,32,1,8.238,8.77e-17,5.59e-13,Metamonada,FBpp0091091,7227,FBpp0091091
COG2036,32,1,8.238,8.77e-17,5.59e-13,Metamonada,FBpp0091094,7227,FBpp0091094
COG2036,32,1,8.238,8.77e-17,5.59e-13,Metamonada,FBpp0091097,7227,FBpp0091097
COG2036,32,1,8.238,8.77e-17,5.59e-13,Metamonada,FBpp0091100,7227,FBpp0091100
COG2036,32,1,8.238,8.77e-17,5.59e-13,Metamonada,FBpp0091103,7227,FBpp0091103
COG2036,32,1,8.238,8.77e-17,5.59e-13,Metamonada,FBpp0091106,7227,FBpp0091106
COG2036,32,1,8.238,8.77e-17,5.59e-13,Metamonada,FBpp0091109,7227,FBpp0091109
COG2036,32,1,8.238,8.77e-17,5.59e-13,Metamonada,FBpp0091112,7227,CG31613
COG2036,32,1,8.238,8.77e-17,5.59e-13,Metamonada,FBpp0091114,7227,FBpp0091114
COG2036,32,1,8.238,8.77e-17,5.59e-13,Metamonada,FBpp0091116,7227,FBpp0091116
COG2036,32,1,8.238,8.77e-17,5.59e-13,Metamonada,FBpp0091118,7227,FBpp0091118
COG2036,32,1,8.238,8.77e-17,5.59e-13,Metamonada,FBpp0091120,7227,FBpp0091120
COG2036,32,1,8.238,8.77e-17,5.59e-13,Metamonada,FBpp0091122,7227,FBpp0091122
COG2036,32,1,8.238,8.77e-17,5.59e-13,Metamonada,FBpp0091124,7227,FBpp0091124
COG2036,32,1,8.238,8.77e-17,5.59e-13,Metamonada,FBpp0091126,7227,FBpp0091126
COG2036,32,1,8.238,8.77e-17,5.59e-13,Metamonada,FBpp0091128,7227,FBpp0091128
COG2036,32,1,8.238,8.77e-17,5.59e-13,Metamonada,FBpp0091130,7227,FBpp0091130
COG2036,32,1,8.238,8.77e-17,5.59e-13,Metamonada,FBpp0091132,7227,FBpp0091132
COG2036,32,1,8.238,8.77e-17,5.59e-13,Metamonada,FBpp0091134,7227,FBpp0091134
COG2036,32,1,8.238,8.77e-17,5.59e-13,Metamonada,FBpp0091136,7227,FBpp0091136
COG2036,32,1,8.238,8.77e-17,5.59e-13,Metamonada,FBpp0091138,7227,FBpp0091138
COG2036,32,1,8.238,8.77e-17,5.59e-13,Metamonada,FBpp0091140,7227,FBpp0091140
COG2036,32,1,8.238,8.77e-17,5.59e-13,Metamonada,FBpp0091142,7227,FBpp0091142
COG2036,32,1,8.238,8.77e-17,5.59e-13,Metamonada,FBpp0091144,7227,FBpp0091144
COG2036,32,1,8.238,8.77e-17,5.59e-13,Metamonada,FBpp0091146,7227,FBpp0091146
COG2036,32,1,8.238,8.77e-17,5.59e-13,Metamonada,FBpp0091148,7227,FBpp0091148
COG2036,32,1,8.238,8.77e-17,5.59e-13,Metamonada,FBpp0091150,7227,FBpp0091150
COG2036,32,1,8.238,8.77e-17,5.59e-13,Metamonada,FBpp0091152,7227,FBpp0091152
COG2036,32,1,8.238,8.77e-17,5.59e-13,Metamonada,FBpp0091154,7227,His4
COG2036,32,1,8.238,8.77e-17,5.59e-13,Metamonada,FBpp0305663,7227,His3.3B
COG0048,32,0.9988,8.23,9.35e-17,5.96e-13,Metamonada,FBpp0086701,7227,RpS23
COG0048,32,0.9988,8.23,9.35e-17,5.96e-13,Metamonada,FBpp0300988,7227,tko
COG2519,32,0.9906,8.198,1.23e-16,7.8e-13,Metamonada,FBpp0084342,7227,CG14544
COG1100,32,1,8.195,1.26e-16,8e-13,Metamonada,FBpp0070098,7227,CG13375
COG1100,32,1,8.195,1.26e-16,8e-13,Metamonada,FBpp0070558,7227,Rala
COG1100,32,1,8.195,1.26e-16,8e-13,Metamonada,FBpp0072086,7227,Rap2l
COG1100,32,1,8.195,1.26e-16,8e-13,Metamonada,FBpp0072476,7227,RabX6
COG1100,32,1,8.195,1.26e-16,8e-13,Metamonada,FBpp0072746,7227,R
COG1100,32,1,8.195,1.26e-16,8e-13,Metamonada,FBpp0073068,7227,Ras64B
COG1100,32,1,8.195,1.26e-16,8e-13,Metamonada,FBpp0075272,7227,Arl1
COG1100,32,1,8.195,1.26e-16,8e-13,Metamonada,FBpp0075595,7227,CG10222
COG1100,32,1,8.195,1.26e-16,8e-13,Metamonada,FBpp0076438,7227,CG7197
COG1100,32,1,8.195,1.26e-16,8e-13,Metamonada,FBpp0076651,7227,CG8519
COG1100,32,1,8.195,1.26e-16,8e-13,Metamonada,FBpp0077717,7227,CG13692
COG1100,32,1,8.195,1.26e-16,8e-13,Metamonada,FBpp0077843,7227,RhoBTB
COG1100,32,1,8.195,1.26e-16,8e-13,Metamonada,FBpp0078328,7227,CG14669
COG1100,32,1,8.195,1.26e-16,8e-13,Metamonada,FBpp0078342,7227,Rheb
COG1100,32,1,8.195,1.26e-16,8e-13,Metamonada,FBpp0079092,7227,CG5160
COG1100,32,1,8.195,1.26e-16,8e-13,Metamonada,FBpp0080200,7227,Rab14
COG1100,32,1,8.195,1.26e-16,8e-13,Metamonada,FBpp0081290,7227,Gie
COG1100,32,1,8.195,1.26e-16,8e-13,Metamonada,FBpp0081600,7227,Ras85D
COG1100,32,1,8.195,1.26e-16,8e-13,Metamonada,FBpp0081617,7227,CG8500
COG1100,32,1,8.195,1.26e-16,8e-13,Metamonada,FBpp0083413,7227,Rab11
COG1100,32,1,8.195,1.26e-16,8e-13,Metamonada,FBpp0083549,7227,dnd
COG1100,32,1,8.195,1.26e-16,8e-13,Metamonada,FBpp0083550,7227,CG17819
COG1100,32,1,8.195,1.26e-16,8e-13,Metamonada,FBpp0084561,7227,Mtl
COG1100,32,1,8.195,1.26e-16,8e-13,Metamonada,FBpp0085458,7227,Rab2
COG1100,32,1,8.195,1.26e-16,8e-13,Metamonada,FBpp0085498,7227,CG30158
COG1100,32,1,8.195,1.26e-16,8e-13,Metamonada,FBpp0085718,7227,Arl6
COG1100,32,1,8.195,1.26e-16,8e-13,Metamonada,FBpp0086008,7227,Rab4
COG1100,32,1,8.195,1.26e-16,8e-13,Metamonada,FBpp0086354,7227,Rho1
COG1100,32,1,8.195,1.26e-16,8e-13,Metamonada,FBpp0086392,7227,Ric
COG1100,32,1,8.195,1.26e-16,8e-13,Metamonada,FBpp0086507,7227,Arf51F
COG1100,32,1,8.195,1.26e-16,8e-13,Metamonada,FBpp0088256,7227,Arf102F
COG1100,32,1,8.195,1.26e-16,8e-13,Metamonada,FBpp0091047,7227,CG33797
COG1100,32,1,8.195,1.26e-16,8e-13,Metamonada,FBpp0110080,7227,RhoU
COG1100,32,1,8.195,1.26e-16,8e-13,Metamonada,FBpp0111545,7227,Rgk2
COG1100,32,1,8.195,1.26e-16,8e-13,Metamonada,FBpp0111558,7227,Rgk3
COG1100,32,1,8.195,1.26e-16,8e-13,Metamonada,FBpp0289184,7227,Arf79F
COG1100,32,1,8.195,1.26e-16,8e-13,Metamonada,FBpp0290321,7227,CG42541
COG1100,32,1,8.195,1.26e-16,8e-13,Metamonada,FBpp0290746,7227,Rgk1
COG1100,32,1,8.195,1.26e-16,8e-13,Metamonada,FBpp0293883,7227,RhoL
COG1100,32,1,8.195,1.26e-16,8e-13,Metamonada,FBpp0298273,7227,Rab39
COG1100,32,1,8.195,1.26e-16,8e-13,Metamonada,FBpp0300568,7227,Arl4
COG1100,32,1,8.195,1.26e-16,8e-13,Metamonada,FBpp0301153,7227,Cdc42
COG1100,32,1,8.195,1.26e-16,8e-13,Metamonada,FBpp0302814,7227,Miro
COG1100,32,1,8.195,1.26e-16,8e-13,Metamonada,FBpp0304252,7227,Rac1
COG1100,32,1,8.195,1.26e-16,8e-13,Metamonada,FBpp0305023,7227,Rac2
COG1100,32,1,8.195,1.26e-16,8e-13,Metamonada,FBpp0305568,7227,CG8641
COG5253,32,1,8.193,1.27e-16,8.12e-13,Metamonada,FBpp0071491,7227,sktl
COG5253,32,1,8.193,1.27e-16,8.12e-13,Metamonada,FBpp0088523,7227,fab1
COG5253,32,1,8.193,1.27e-16,8.12e-13,Metamonada,FBpp0099992,7227,PIP4K
COG5253,32,1,8.193,1.27e-16,8.12e-13,Metamonada,FBpp0293461,7227,PIP5K59B
COG1335,32,0.9718,8.184,1.37e-16,8.71e-13,Metamonada,FBpp0072230,7227,CG3663
COG1335,32,0.9718,8.184,1.37e-16,8.71e-13,Metamonada,FBpp0083200,7227,Naam
COG1335,32,0.9718,8.184,1.37e-16,8.71e-13,Metamonada,FBpp0085150,7227,CG11333
COG5272,32,1,8.182,1.4e-16,8.89e-13,Metamonada,FBpp0070894,7227,Ubi-p5E
COG5272,32,1,8.182,1.4e-16,8.89e-13,Metamonada,FBpp0073035,7227,Ubi-p63E
COG5272,32,1,8.182,1.4e-16,8.89e-13,Metamonada,FBpp0074519,7227,Ubqn
COG5272,32,1,8.182,1.4e-16,8.89e-13,Metamonada,FBpp0078563,7227,CG31528
COG5272,32,1,8.182,1.4e-16,8.89e-13,Metamonada,FBpp0079606,7227,RpS27A
COG5272,32,1,8.182,1.4e-16,8.89e-13,Metamonada,FBpp0080733,7227,Nedd8
COG5272,32,1,8.182,1.4e-16,8.89e-13,Metamonada,FBpp0081281,7227,CG3223
COG5272,32,1,8.182,1.4e-16,8.89e-13,Metamonada,FBpp0083927,7227,CG10694
COG5272,32,1,8.182,1.4e-16,8.89e-13,Metamonada,FBpp0099676,7227,CG7215
COG5272,32,1,8.182,1.4e-16,8.89e-13,Metamonada,FBpp0305700,7227,CG11700
COG5272,32,1,8.182,1.4e-16,8.89e-13,Metamonada,FBpp0305835,7227,Rad23
COG0495,32,0.9998,8.181,1.41e-16,8.95e-13,Metamonada,FBpp0073204,7227,Aats-leu
COG0495,32,0.9998,8.181,1.41e-16,8.95e-13,Metamonada,FBpp0077251,7227,CG33123
KOG0276,32,0.9994,8.177,1.45e-16,9.25e-13,Metamonada,FBpp0080048,7227,beta'COP
COG0696,32,0.9957,8.175,1.48e-16,9.4e-13,Metamonada,FBpp0112455,7227,su(f)
COG5047,32,0.9998,8.175,1.48e-16,9.45e-13,Metamonada,FBpp0301099,7227,Sec23
COG0622,32,0.9679,8.164,1.62e-16,1.03e-12,Metamonada,FBpp0077625,7227,Vps29
COG5665,32,0.9878,8.162,1.65e-16,1.05e-12,Metamonada,FBpp0304299,7227,Not3
COG1224,32,1,8.159,1.69e-16,1.08e-12,Metamonada,FBpp0074756,7227,rept
COG1224,32,1,8.159,1.69e-16,1.08e-12,Metamonada,FBpp0081704,7227,pont
COG0572,32,0.9889,8.157,1.72e-16,1.1e-12,Metamonada,FBpp0072927,7227,CG12016
COG0572,32,0.9889,8.157,1.72e-16,1.1e-12,Metamonada,FBpp0086069,7227,l(2)k01209
COG0572,32,0.9889,8.157,1.72e-16,1.1e-12,Metamonada,FBpp0089035,7227,arm
COG0572,32,0.9889,8.157,1.72e-16,1.1e-12,Metamonada,FBpp0113001,7227,CG11593
COG0572,32,0.9889,8.157,1.72e-16,1.1e-12,Metamonada,FBpp0288805,7227,CG6364
COG1467,32,0.9845,8.155,1.75e-16,1.11e-12,Metamonada,FBpp0076330,7227,Pri50
COG5122,32,0.9829,8.154,1.76e-16,1.12e-12,Metamonada,FBpp0079332,7227,Trs23
COG5536,32,0.9992,8.152,1.78e-16,1.14e-12,Metamonada,FBpp0070398,7227,temp
COG5536,32,0.9992,8.152,1.78e-16,1.14e-12,Metamonada,FBpp0077106,7227,Fnta
COG5536,32,0.9992,8.152,1.78e-16,1.14e-12,Metamonada,FBpp0078483,7227,CG12007
COG5158,32,1,8.152,1.79e-16,1.14e-12,Metamonada,FBpp0074496,7227,car
COG5158,32,1,8.152,1.79e-16,1.14e-12,Metamonada,FBpp0081548,7227,Vps45
COG5158,32,1,8.152,1.79e-16,1.14e-12,Metamonada,FBpp0084210,7227,Vps33B
COG5158,32,1,8.152,1.79e-16,1.14e-12,Metamonada,FBpp0089084,7227,Slh
COG5158,32,1,8.152,1.79e-16,1.14e-12,Metamonada,FBpp0302752,7227,Rop
COG5027,32,0.9992,8.152,1.79e-16,1.14e-12,Metamonada,FBpp0070636,7227,Tip60
COG5027,32,0.9992,8.152,1.79e-16,1.14e-12,Metamonada,FBpp0070794,7227,mof
COG5027,32,0.9992,8.152,1.79e-16,1.14e-12,Metamonada,FBpp0072159,7227,enok
COG5027,32,0.9992,8.152,1.79e-16,1.14e-12,Metamonada,FBpp0084659,7227,CG1894
COG5027,32,0.9992,8.152,1.79e-16,1.14e-12,Metamonada,FBpp0304793,7227,chm
COG1756,32,0.9795,8.146,1.88e-16,1.2e-12,Metamonada,FBpp0070646,7227,CG3527
COG0470,32,1,8.146,1.89e-16,1.2e-12,Metamonada,FBpp0073120,7227,RfC4
COG0470,32,1,8.146,1.89e-16,1.2e-12,Metamonada,FBpp0074246,7227,CG8142
COG0470,32,1,8.146,1.89e-16,1.2e-12,Metamonada,FBpp0079609,7227,RfC3
COG0470,32,1,8.146,1.89e-16,1.2e-12,Metamonada,FBpp0079812,7227,RfC38
COG0470,32,1,8.146,1.89e-16,1.2e-12,Metamonada,FBpp0082433,7227,Rad17
COG0072,32,0.9996,8.142,1.95e-16,1.24e-12,Metamonada,FBpp0084021,7227,CG5706
COG5058,32,0.9963,8.14,1.97e-16,1.26e-12,Metamonada,FBpp0070899,7227,schlank
COG1444,32,0.9983,8.135,2.06e-16,1.31e-12,Metamonada,FBpp0071217,7227,l(1)G0020
COG0013,32,1,8.132,2.1e-16,1.34e-12,Metamonada,FBpp0076871,7227,Aats-ala-m
COG0013,32,1,8.132,2.1e-16,1.34e-12,Metamonada,FBpp0079326,7227,Aats-ala
COG0013,32,1,8.132,2.1e-16,1.34e-12,Metamonada,FBpp0080894,7227,Cdc23
COG0013,32,1,8.132,2.1e-16,1.34e-12,Metamonada,FBpp0305184,7227,CG31687
COG0202,32,1,8.131,2.13e-16,1.35e-12,Metamonada,FBpp0078633,7227,CG3756
COG0202,32,1,8.131,2.13e-16,1.35e-12,Metamonada,FBpp0080121,7227,RpII33
COG0364,32,0.9553,8.128,2.18e-16,1.39e-12,Metamonada,FBpp0074517,7227,Zw
COG0364,32,0.9553,8.128,2.18e-16,1.39e-12,Metamonada,FBpp0113038,7227,CG7140
COG0537,32,0.9931,8.126,2.21e-16,1.41e-12,Metamonada,FBpp0072385,7227,NitFhit
COG0537,32,0.9931,8.126,2.21e-16,1.41e-12,Metamonada,FBpp0077402,7227,CG2862
COG0537,32,0.9931,8.126,2.21e-16,1.41e-12,Metamonada,FBpp0077490,7227,CG15362
COG0537,32,0.9931,8.126,2.21e-16,1.41e-12,Metamonada,FBpp0099426,7227,CG34015
COG5273,32,1,8.119,2.35e-16,1.49e-12,Metamonada,FBpp0071752,7227,CG10344
COG5273,32,1,8.119,2.35e-16,1.49e-12,Metamonada,FBpp0075095,7227,CG13029
COG5273,32,1,8.119,2.35e-16,1.49e-12,Metamonada,FBpp0076230,7227,CG4483
COG5273,32,1,8.119,2.35e-16,1.49e-12,Metamonada,FBpp0077337,7227,GABPI
COG5273,32,1,8.119,2.35e-16,1.49e-12,Metamonada,FBpp0079770,7227,Dnz1
COG5273,32,1,8.119,2.35e-16,1.49e-12,Metamonada,FBpp0079944,7227,Patsas
COG5273,32,1,8.119,2.35e-16,1.49e-12,Metamonada,FBpp0080916,7227,CG18810
COG5273,32,1,8.119,2.35e-16,1.49e-12,Metamonada,FBpp0080917,7227,CG2611
COG5273,32,1,8.119,2.35e-16,1.49e-12,Metamonada,FBpp0082056,7227,CG5196
COG5273,32,1,8.119,2.35e-16,1.49e-12,Metamonada,FBpp0084294,7227,CG4956
COG5273,32,1,8.119,2.35e-16,1.49e-12,Metamonada,FBpp0084295,7227,CG17195
COG5273,32,1,8.119,2.35e-16,1.49e-12,Metamonada,FBpp0084296,7227,CG17196
COG5273,32,1,8.119,2.35e-16,1.49e-12,Metamonada,FBpp0084298,7227,CG17198
COG5273,32,1,8.119,2.35e-16,1.49e-12,Metamonada,FBpp0084478,7227,CG5880
COG5273,32,1,8.119,2.35e-16,1.49e-12,Metamonada,FBpp0086152,7227,CG17287
COG5273,32,1,8.119,2.35e-16,1.49e-12,Metamonada,FBpp0086406,7227,CG8314
COG5273,32,1,8.119,2.35e-16,1.49e-12,Metamonada,FBpp0086856,7227,CG4676
COG5273,32,1,8.119,2.35e-16,1.49e-12,Metamonada,FBpp0087522,7227,CG1407
COG5273,32,1,8.119,2.35e-16,1.49e-12,Metamonada,FBpp0111665,7227,CG34449
COG5273,32,1,8.119,2.35e-16,1.49e-12,Metamonada,FBpp0288643,7227,CG17197
COG5273,32,1,8.119,2.35e-16,1.49e-12,Metamonada,FBpp0290276,7227,app
COG5273,32,1,8.119,2.35e-16,1.49e-12,Metamonada,FBpp0300572,7227,CG17075
COG5273,32,1,8.119,2.35e-16,1.49e-12,Metamonada,FBpp0305754,7227,Hip14
KOG1820,32,0.982,8.118,2.37e-16,1.51e-12,Metamonada,FBpp0293341,7227,msps
COG0450,32,0.9719,8.118,2.37e-16,1.51e-12,Metamonada,FBpp0072852,7227,Jafrac2
COG0450,32,0.9719,8.118,2.37e-16,1.51e-12,Metamonada,FBpp0073594,7227,Jafrac1
COG0450,32,0.9719,8.118,2.37e-16,1.51e-12,Metamonada,FBpp0075397,7227,CG6888
COG0450,32,0.9719,8.118,2.37e-16,1.51e-12,Metamonada,FBpp0077368,7227,Prx6005
COG0450,32,0.9719,8.118,2.37e-16,1.51e-12,Metamonada,FBpp0082927,7227,Prx3
COG0450,32,0.9719,8.118,2.37e-16,1.51e-12,Metamonada,FBpp0087354,7227,Prx2540-2
COG0450,32,0.9719,8.118,2.37e-16,1.51e-12,Metamonada,FBpp0087356,7227,Prx2540-1
COG0450,32,0.9719,8.118,2.37e-16,1.51e-12,Metamonada,FBpp0087406,7227,CG12896
KOG2114,32,0.9654,8.117,2.4e-16,1.53e-12,Metamonada,FBpp0070045,7227,CG32350
COG0484,32,1,8.114,2.44e-16,1.55e-12,Metamonada,FBpp0071393,7227,CG2887
COG0484,32,1,8.114,2.44e-16,1.55e-12,Metamonada,FBpp0072661,7227,CG12020
COG0484,32,1,8.114,2.44e-16,1.55e-12,Metamonada,FBpp0073559,7227,CG32640
COG0484,32,1,8.114,2.44e-16,1.55e-12,Metamonada,FBpp0073560,7227,CG32641
COG0484,32,1,8.114,2.44e-16,1.55e-12,Metamonada,FBpp0073862,7227,CG7872
COG0484,32,1,8.114,2.44e-16,1.55e-12,Metamonada,FBpp0074192,7227,wus
COG0484,32,1,8.114,2.44e-16,1.55e-12,Metamonada,FBpp0076446,7227,CG7387
COG0484,32,1,8.114,2.44e-16,1.55e-12,Metamonada,FBpp0076829,7227,DnaJ-1
COG0484,32,1,8.114,2.44e-16,1.55e-12,Metamonada,FBpp0077720,7227,CG4164
COG0484,32,1,8.114,2.44e-16,1.55e-12,Metamonada,FBpp0078137,7227,CG7130
COG0484,32,1,8.114,2.44e-16,1.55e-12,Metamonada,FBpp0078138,7227,CG7133
COG0484,32,1,8.114,2.44e-16,1.55e-12,Metamonada,FBpp0078146,7227,Csp
COG0484,32,1,8.114,2.44e-16,1.55e-12,Metamonada,FBpp0080071,7227,DnaJ-H
COG0484,32,1,8.114,2.44e-16,1.55e-12,Metamonada,FBpp0081306,7227,CG11035
COG0484,32,1,8.114,2.44e-16,1.55e-12,Metamonada,FBpp0081552,7227,P58IPK
COG0484,32,1,8.114,2.44e-16,1.55e-12,Metamonada,FBpp0082219,7227,Droj2
COG0484,32,1,8.114,2.44e-16,1.55e-12,Metamonada,FBpp0082249,7227,CG8476
COG0484,32,1,8.114,2.44e-16,1.55e-12,Metamonada,FBpp0082332,7227,CG3061
COG0484,32,1,8.114,2.44e-16,1.55e-12,Metamonada,FBpp0085515,7227,CG30156
COG0484,32,1,8.114,2.44e-16,1.55e-12,Metamonada,FBpp0086667,7227,CG8531
COG0484,32,1,8.114,2.44e-16,1.55e-12,Metamonada,FBpp0088955,7227,l(2)tid
COG0484,32,1,8.114,2.44e-16,1.55e-12,Metamonada,FBpp0112106,7227,CG2911
COG0484,32,1,8.114,2.44e-16,1.55e-12,Metamonada,FBpp0112541,7227,CG40178
COG0484,32,1,8.114,2.44e-16,1.55e-12,Metamonada,FBpp0290487,7227,DnaJ-60
COG0484,32,1,8.114,2.44e-16,1.55e-12,Metamonada,FBpp0297899,7227,CG5001
COG0484,32,1,8.114,2.44e-16,1.55e-12,Metamonada,FBpp0305077,7227,mrj
COG0484,32,1,8.114,2.44e-16,1.55e-12,Metamonada,FBpp0305671,7227,Tpr2
COG1439,32,0.9751,8.109,2.55e-16,1.62e-12,Metamonada,FBpp0071365,7227,CG2972
KOG3871,32,0.9981,8.109,2.55e-16,1.62e-12,Metamonada,FBpp0071046,7227,bys
COG1889,32,0.9757,8.107,2.6e-16,1.65e-12,Metamonada,FBpp0071892,7227,Fib
COG1889,32,0.9757,8.107,2.6e-16,1.65e-12,Metamonada,FBpp0082153,7227,CG10909
KOG1872,32,0.9758,8.105,2.63e-16,1.68e-12,Metamonada,FBpp0083740,7227,Ublcp1
KOG1872,32,0.9758,8.105,2.63e-16,1.68e-12,Metamonada,FBpp0304059,7227,Usp14
COG1374,32,0.9846,8.103,2.67e-16,1.7e-12,Metamonada,FBpp0084082,7227,CG7006
COG5194,32,0.9894,8.103,2.68e-16,1.71e-12,Metamonada,FBpp0072446,7227,Roc1b
COG5194,32,0.9894,8.103,2.68e-16,1.71e-12,Metamonada,FBpp0087189,7227,Roc2
COG5194,32,0.9894,8.103,2.68e-16,1.71e-12,Metamonada,FBpp0300874,7227,Roc1a
COG5194,32,0.9894,8.103,2.68e-16,1.71e-12,Metamonada,FBpp0305611,7227,lmgA
COG5194,32,0.9894,8.103,2.68e-16,1.71e-12,Metamonada,FBpp0305612,7227,lmgB
COG5084,32,0.9978,8.102,2.71e-16,1.72e-12,Metamonada,FBpp0070115,7227,su(s)
COG5084,32,0.9978,8.102,2.71e-16,1.72e-12,Metamonada,FBpp0076380,7227,ZC3H3
COG5084,32,0.9978,8.102,2.71e-16,1.72e-12,Metamonada,FBpp0077676,7227,Clp
COG0256,32,0.9902,8.101,2.72e-16,1.74e-12,Metamonada,FBpp0291581,7227,CG17490
COG0256,32,0.9902,8.101,2.72e-16,1.74e-12,Metamonada,FBpp0304879,7227,RpL5
COG0123,32,1,8.1,2.76e-16,1.76e-12,Metamonada,FBpp0073173,7227,Rpd3
COG0123,32,1,8.1,2.76e-16,1.76e-12,Metamonada,FBpp0073826,7227,HDAC6
COG0123,32,1,8.1,2.76e-16,1.76e-12,Metamonada,FBpp0078414,7227,Hdac3
COG0123,32,1,8.1,2.76e-16,1.76e-12,Metamonada,FBpp0293582,7227,HdacX
COG0123,32,1,8.1,2.76e-16,1.76e-12,Metamonada,FBpp0305523,7227,HDAC4
KOG2361,32,0.9909,8.099,2.77e-16,1.77e-12,Metamonada,FBpp0072696,7227,metl
KOG2361,32,0.9909,8.099,2.77e-16,1.77e-12,Metamonada,FBpp0111303,7227,CG34195
COG5231,32,0.9987,8.099,2.78e-16,1.77e-12,Metamonada,FBpp0080495,7227,VhaSFD
COG0148,32,0.9929,8.098,2.8e-16,1.78e-12,Metamonada,FBpp0077572,7227,Eno
COG0590,32,1,8.097,2.82e-16,1.8e-12,Metamonada,FBpp0082851,7227,CG5292
COG0590,32,1,8.097,2.82e-16,1.8e-12,Metamonada,FBpp0085884,7227,CG10927
COG0443,32,1,8.097,2.82e-16,1.8e-12,Metamonada,FBpp0070395,7227,CG2918
COG0443,32,1,8.097,2.82e-16,1.8e-12,Metamonada,FBpp0073445,7227,Hsc70-3
COG0443,32,1,8.097,2.82e-16,1.8e-12,Metamonada,FBpp0075504,7227,Hsc70-1
COG0443,32,1,8.097,2.82e-16,1.8e-12,Metamonada,FBpp0076400,7227,CG7182
COG0443,32,1,8.097,2.82e-16,1.8e-12,Metamonada,FBpp0081956,7227,Hsp70Ab
COG0443,32,1,8.097,2.82e-16,1.8e-12,Metamonada,FBpp0081986,7227,Hsp70Aa
COG0443,32,1,8.097,2.82e-16,1.8e-12,Metamonada,FBpp0082105,7227,Hsp70Bbb
COG0443,32,1,8.097,2.82e-16,1.8e-12,Metamonada,FBpp0082106,7227,Hsp70Bb
COG0443,32,1,8.097,2.82e-16,1.8e-12,Metamonada,FBpp0082107,7227,Hsp70Bc
COG0443,32,1,8.097,2.82e-16,1.8e-12,Metamonada,FBpp0082147,7227,Hsp70Ba
COG0443,32,1,8.097,2.82e-16,1.8e-12,Metamonada,FBpp0082175,7227,Hsc70-2
COG0443,32,1,8.097,2.82e-16,1.8e-12,Metamonada,FBpp0082516,7227,Hsc70-4
COG0443,32,1,8.097,2.82e-16,1.8e-12,Metamonada,FBpp0083974,7227,Hsp68
COG0443,32,1,8.097,2.82e-16,1.8e-12,Metamonada,FBpp0086694,7227,Hsc70-5
COG0443,32,1,8.097,2.82e-16,1.8e-12,Metamonada,FBpp0292999,7227,Hsc70Cb
COG0016,32,1,8.096,2.84e-16,1.81e-12,Metamonada,FBpp0071138,7227,CG2263
COG0016,32,1,8.096,2.84e-16,1.81e-12,Metamonada,FBpp0086720,7227,Aats-phe
COG0249,32,1,8.092,2.93e-16,1.86e-12,Metamonada,FBpp0075399,7227,Msh6
COG0249,32,1,8.092,2.93e-16,1.86e-12,Metamonada,FBpp0301208,7227,spel1
COG2092,32,0.9532,8.091,2.96e-16,1.88e-12,Metamonada,FBpp0079542,7227,eEF1delta
COG2092,32,0.9532,8.091,2.96e-16,1.88e-12,Metamonada,FBpp0305165,7227,Ef1beta
COG0126,32,0.9955,8.091,2.97e-16,1.89e-12,Metamonada,FBpp0077420,7227,CG9961
COG0126,32,0.9955,8.091,2.97e-16,1.89e-12,Metamonada,FBpp0303562,7227,Pgk
COG0526,32,1,8.088,3.03e-16,1.93e-12,Metamonada,FBpp0070224,7227,CG3719
COG0526,32,1,8.088,3.03e-16,1.93e-12,Metamonada,FBpp0070717,7227,dhd
COG0526,32,1,8.088,3.03e-16,1.93e-12,Metamonada,FBpp0070722,7227,TrxT
COG0526,32,1,8.088,3.03e-16,1.93e-12,Metamonada,FBpp0072035,7227,CG5554
COG0526,32,1,8.088,3.03e-16,1.93e-12,Metamonada,FBpp0072767,7227,CG8993
COG0526,32,1,8.088,3.03e-16,1.93e-12,Metamonada,FBpp0073425,7227,CG18130
COG0526,32,1,8.088,3.03e-16,1.93e-12,Metamonada,FBpp0074020,7227,CG9911
COG0526,32,1,8.088,3.03e-16,1.93e-12,Metamonada,FBpp0075212,7227,CG5027
COG0526,32,1,8.088,3.03e-16,1.93e-12,Metamonada,FBpp0075401,7227,Pdi
COG0526,32,1,8.088,3.03e-16,1.93e-12,Metamonada,FBpp0075439,7227,CG13473
COG0526,32,1,8.088,3.03e-16,1.93e-12,Metamonada,FBpp0076429,7227,CG13671
COG0526,32,1,8.088,3.03e-16,1.93e-12,Metamonada,FBpp0077585,7227,CG18132
COG0526,32,1,8.088,3.03e-16,1.93e-12,Metamonada,FBpp0079436,7227,Trx-2
COG0526,32,1,8.088,3.03e-16,1.93e-12,Metamonada,FBpp0080049,7227,CG9302
COG0526,32,1,8.088,3.03e-16,1.93e-12,Metamonada,FBpp0080395,7227,CaBP1
COG0526,32,1,8.088,3.03e-16,1.93e-12,Metamonada,FBpp0081110,7227,CG10029
COG0526,32,1,8.088,3.03e-16,1.93e-12,Metamonada,FBpp0081763,7227,CG4511
COG0526,32,1,8.088,3.03e-16,1.93e-12,Metamonada,FBpp0081811,7227,CG14695
COG0526,32,1,8.088,3.03e-16,1.93e-12,Metamonada,FBpp0084135,7227,CG11790
COG0526,32,1,8.088,3.03e-16,1.93e-12,Metamonada,FBpp0085636,7227,CG8517
COG0526,32,1,8.088,3.03e-16,1.93e-12,Metamonada,FBpp0087164,7227,ERp60
COG0526,32,1,8.088,3.03e-16,1.93e-12,Metamonada,FBpp0290637,7227,l(2)01289
COG0526,32,1,8.088,3.03e-16,1.93e-12,Metamonada,FBpp0292397,7227,prtp
COG0526,32,1,8.088,3.03e-16,1.93e-12,Metamonada,FBpp0304379,7227,CG11588
COG0526,32,1,8.088,3.03e-16,1.93e-12,Metamonada,FBpp0304761,7227,CG14221
COG5059,32,1,8.088,3.03e-16,1.93e-12,Metamonada,FBpp0070432,7227,Klp3A
COG5059,32,1,8.088,3.03e-16,1.93e-12,Metamonada,FBpp0071878,7227,Klp59D
COG5059,32,1,8.088,3.03e-16,1.93e-12,Metamonada,FBpp0071885,7227,Klp59C
COG5059,32,1,8.088,3.03e-16,1.93e-12,Metamonada,FBpp0072616,7227,Klp61F
COG5059,32,1,8.088,3.03e-16,1.93e-12,Metamonada,FBpp0073083,7227,pav
COG5059,32,1,8.088,3.03e-16,1.93e-12,Metamonada,FBpp0073333,7227,Klp10A
COG5059,32,1,8.088,3.03e-16,1.93e-12,Metamonada,FBpp0073363,7227,nod
COG5059,32,1,8.088,3.03e-16,1.93e-12,Metamonada,FBpp0075762,7227,Klp68D
COG5059,32,1,8.088,3.03e-16,1.93e-12,Metamonada,FBpp0076227,7227,Klp67A
COG5059,32,1,8.088,3.03e-16,1.93e-12,Metamonada,FBpp0076861,7227,Klp64D
COG5059,32,1,8.088,3.03e-16,1.93e-12,Metamonada,FBpp0079186,7227,CG14535
COG5059,32,1,8.088,3.03e-16,1.93e-12,Metamonada,FBpp0079608,7227,Klp31E
COG5059,32,1,8.088,3.03e-16,1.93e-12,Metamonada,FBpp0079795,7227,cana
COG5059,32,1,8.088,3.03e-16,1.93e-12,Metamonada,FBpp0080864,7227,neb
COG5059,32,1,8.088,3.03e-16,1.93e-12,Metamonada,FBpp0084090,7227,CG10845
COG5059,32,1,8.088,3.03e-16,1.93e-12,Metamonada,FBpp0084581,7227,Klp98A
COG5059,32,1,8.088,3.03e-16,1.93e-12,Metamonada,FBpp0084900,7227,ncd
COG5059,32,1,8.088,3.03e-16,1.93e-12,Metamonada,FBpp0086041,7227,sub
COG5059,32,1,8.088,3.03e-16,1.93e-12,Metamonada,FBpp0086227,7227,unc-104
COG5059,32,1,8.088,3.03e-16,1.93e-12,Metamonada,FBpp0086328,7227,Khc
COG5059,32,1,8.088,3.03e-16,1.93e-12,Metamonada,FBpp0086490,7227,Khc-73
COG5059,32,1,8.088,3.03e-16,1.93e-12,Metamonada,FBpp0087728,7227,Ggamma1
COG5059,32,1,8.088,3.03e-16,1.93e-12,Metamonada,FBpp0088087,7227,cos
COG5059,32,1,8.088,3.03e-16,1.93e-12,Metamonada,FBpp0088260,7227,Kif3C
COG5059,32,1,8.088,3.03e-16,1.93e-12,Metamonada,FBpp0088995,7227,CG32318
COG5059,32,1,8.088,3.03e-16,1.93e-12,Metamonada,FBpp0089282,7227,Kif19A
COG5059,32,1,8.088,3.03e-16,1.93e-12,Metamonada,FBpp0297760,7227,Klp54D
COG5059,32,1,8.088,3.03e-16,1.93e-12,Metamonada,FBpp0304511,7227,cmet
COG0231,32,0.995,8.086,3.1e-16,1.97e-12,Metamonada,FBpp0072081,7227,eIF-5A
COG0251,32,0.9736,8.085,3.11e-16,1.98e-12,Metamonada,FBpp0073444,7227,CG1578
COG0251,32,0.9736,8.085,3.11e-16,1.98e-12,Metamonada,FBpp0304650,7227,UK114
COG5196,32,0.9629,8.084,3.12e-16,1.99e-12,Metamonada,FBpp0079613,7227,KdelR
KOG0845,32,0.9958,8.084,3.13e-16,1.99e-12,Metamonada,FBpp0076546,7227,Neos
KOG0845,32,0.9958,8.084,3.13e-16,1.99e-12,Metamonada,FBpp0080763,7227,fon
KOG0845,32,0.9958,8.084,3.13e-16,1.99e-12,Metamonada,FBpp0083195,7227,Nup58
KOG0845,32,0.9958,8.084,3.13e-16,1.99e-12,Metamonada,FBpp0083851,7227,Nup98-96
COG5187,32,0.9991,8.084,3.14e-16,2e-12,Metamonada,FBpp0083687,7227,Rpn7
COG0024,32,1,8.08,3.23e-16,2.06e-12,Metamonada,FBpp0076827,7227,CG10576
COG0024,32,1,8.08,3.23e-16,2.06e-12,Metamonada,FBpp0079462,7227,und
COG0024,32,1,8.08,3.23e-16,2.06e-12,Metamonada,FBpp0079614,7227,CG5188
COG0024,32,1,8.08,3.23e-16,2.06e-12,Metamonada,FBpp0084120,7227,CG13630
COG2453,32,1,8.076,3.35e-16,2.13e-12,Metamonada,FBpp0074510,7227,MKP-4
COG2453,32,1,8.076,3.35e-16,2.13e-12,Metamonada,FBpp0078604,7227,aux
COG2453,32,1,8.076,3.35e-16,2.13e-12,Metamonada,FBpp0079115,7227,cdc14
COG2453,32,1,8.076,3.35e-16,2.13e-12,Metamonada,FBpp0081288,7227,puc
COG2453,32,1,8.076,3.35e-16,2.13e-12,Metamonada,FBpp0081597,7227,by
COG2453,32,1,8.076,3.35e-16,2.13e-12,Metamonada,FBpp0084175,7227,ssh
COG2453,32,1,8.076,3.35e-16,2.13e-12,Metamonada,FBpp0088843,7227,Pten
COG2453,32,1,8.076,3.35e-16,2.13e-12,Metamonada,FBpp0110276,7227,Mkp
COG2453,32,1,8.076,3.35e-16,2.13e-12,Metamonada,FBpp0111917,7227,CG7378
COG2453,32,1,8.076,3.35e-16,2.13e-12,Metamonada,FBpp0292332,7227,CG15528
COG2453,32,1,8.076,3.35e-16,2.13e-12,Metamonada,FBpp0303925,7227,CG10089
COG2453,32,1,8.076,3.35e-16,2.13e-12,Metamonada,FBpp0305422,7227,Mkp3
COG0472,32,0.9829,8.074,3.4e-16,2.16e-12,Metamonada,FBpp0080017,7227,CG5287
COG1199,32,1,8.072,3.45e-16,2.19e-12,Metamonada,FBpp0070235,7227,CG11403
COG1199,32,1,8.072,3.45e-16,2.19e-12,Metamonada,FBpp0071503,7227,Xpd
COG1199,32,1,8.072,3.45e-16,2.19e-12,Metamonada,FBpp0304672,7227,CG4078
KOG2785,32,0.9939,8.072,3.47e-16,2.21e-12,Metamonada,FBpp0306150,7227,CG6769
COG0617,32,0.9985,8.069,3.53e-16,2.25e-12,Metamonada,FBpp0290789,7227,CG2100
COG5159,32,1,8.069,3.54e-16,2.25e-12,Metamonada,FBpp0086603,7227,Rpn6
COG5159,32,1,8.069,3.54e-16,2.25e-12,Metamonada,FBpp0303869,7227,alien
KOG2340,32,0.9668,8.068,3.58e-16,2.28e-12,Metamonada,FBpp0072119,7227,CG3735
COG0504,32,0.9687,8.067,3.61e-16,2.3e-12,Metamonada,FBpp0075387,7227,CTPsyn
COG0198,32,0.9993,8.064,3.68e-16,2.35e-12,Metamonada,FBpp0078694,7227,mRpL24
COG0198,32,0.9993,8.064,3.68e-16,2.35e-12,Metamonada,FBpp0305858,7227,RpL26
KOG3313,32,0.9851,8.064,3.71e-16,2.36e-12,Metamonada,FBpp0071585,7227,CG15676
KOG3313,32,0.9851,8.064,3.71e-16,2.36e-12,Metamonada,FBpp0081882,7227,mgr
COG5154,32,0.9991,8.062,3.76e-16,2.39e-12,Metamonada,FBpp0073098,7227,CG11583
COG0183,32,0.9718,8.061,3.78e-16,2.41e-12,Metamonada,FBpp0071095,7227,CG10932
COG0183,32,0.9718,8.061,3.78e-16,2.41e-12,Metamonada,FBpp0072135,7227,Thiolase
COG0183,32,0.9718,8.061,3.78e-16,2.41e-12,Metamonada,FBpp0072560,7227,CG9149
COG0183,32,0.9718,8.061,3.78e-16,2.41e-12,Metamonada,FBpp0079472,7227,yip2
COG0171,32,0.9451,8.058,3.87e-16,2.47e-12,Metamonada,FBpp0073675,7227,CG9940
COG5143,32,1,8.057,3.91e-16,2.49e-12,Metamonada,FBpp0071049,7227,Ykt6
COG5143,32,1,8.057,3.91e-16,2.49e-12,Metamonada,FBpp0088416,7227,Vamp7
COG5143,32,1,8.057,3.91e-16,2.49e-12,Metamonada,FBpp0271782,7227,Syb
COG5143,32,1,8.057,3.91e-16,2.49e-12,Metamonada,FBpp0301847,7227,Sec22
COG5143,32,1,8.057,3.91e-16,2.49e-12,Metamonada,FBpp0303878,7227,nSyb
COG0585,32,0.9983,8.057,3.92e-16,2.5e-12,Metamonada,FBpp0076346,7227,CG6745
COG1404,32,0.9768,8.056,3.95e-16,2.51e-12,Metamonada,FBpp0074038,7227,Fur2
COG1404,32,0.9768,8.056,3.95e-16,2.51e-12,Metamonada,FBpp0078120,7227,S1P
COG1404,32,0.9768,8.056,3.95e-16,2.51e-12,Metamonada,FBpp0084420,7227,amon
COG1404,32,0.9768,8.056,3.95e-16,2.51e-12,Metamonada,FBpp0086887,7227,TppII
COG1404,32,0.9768,8.056,3.95e-16,2.51e-12,Metamonada,FBpp0089026,7227,Fur1
KOG0580,32,0.9967,8.053,4.03e-16,2.57e-12,Metamonada,FBpp0079769,7227,aurB
KOG0580,32,0.9967,8.053,4.03e-16,2.57e-12,Metamonada,FBpp0081957,7227,aurA
COG2110,32,0.9756,8.053,4.05e-16,2.58e-12,Metamonada,FBpp0088009,7227,CG18812
COG1499,32,0.9981,8.045,4.31e-16,2.74e-12,Metamonada,FBpp0070409,7227,Nmd3
KOG3430,32,0.9636,8.041,4.46e-16,2.84e-12,Metamonada,FBpp0070672,7227,ctp
KOG3430,32,0.9636,8.041,4.46e-16,2.84e-12,Metamonada,FBpp0077590,7227,Cdlc2
KOG3430,32,0.9636,8.041,4.46e-16,2.84e-12,Metamonada,FBpp0290349,7227,CG8407
KOG0643,32,0.9988,8.039,4.52e-16,2.88e-12,Metamonada,FBpp0078689,7227,Trip1
COG0200,32,1,8.039,4.52e-16,2.88e-12,Metamonada,FBpp0077142,7227,RpL27A
COG0200,32,1,8.039,4.52e-16,2.88e-12,Metamonada,FBpp0077885,7227,mRpL15
COG4284,32,1,8.039,4.55e-16,2.89e-12,Metamonada,FBpp0078898,7227,mmy
COG4284,32,1,8.039,4.55e-16,2.89e-12,Metamonada,FBpp0099884,7227,UGP
COG2078,32,0.972,8.036,4.64e-16,2.95e-12,Metamonada,FBpp0083889,7227,CG5902
KOG0292,32,0.9923,8.034,4.72e-16,3e-12,Metamonada,FBpp0072693,7227,alphaCOP
COG0057,32,0.9832,8.032,4.78e-16,3.04e-12,Metamonada,FBpp0073922,7227,Gapdh2
COG0057,32,0.9832,8.032,4.78e-16,3.04e-12,Metamonada,FBpp0086215,7227,CG9010
COG0057,32,0.9832,8.032,4.78e-16,3.04e-12,Metamonada,FBpp0087977,7227,Gapdh1
COG0062,32,0.9687,8.031,4.85e-16,3.09e-12,Metamonada,FBpp0074970,7227,Edc3
COG0062,32,0.9687,8.031,4.85e-16,3.09e-12,Metamonada,FBpp0288673,7227,CG2974
KOG2202,32,0.9695,8.03,4.88e-16,3.11e-12,Metamonada,FBpp0077073,7227,CG3294
KOG2202,32,0.9695,8.03,4.88e-16,3.11e-12,Metamonada,FBpp0305600,7227,U2af38
COG4830,32,0.9926,8.027,5.01e-16,3.19e-12,Metamonada,FBpp0080641,7227,RpS26
KOG0127,32,0.9875,8.026,5.04e-16,3.21e-12,Metamonada,FBpp0072239,7227,CG4806
KOG0127,32,0.9875,8.026,5.04e-16,3.21e-12,Metamonada,FBpp0111322,7227,CG34214
KOG0127,32,0.9875,8.026,5.04e-16,3.21e-12,Metamonada,FBpp0290259,7227,CG33228
KOG0127,32,0.9875,8.026,5.04e-16,3.21e-12,Metamonada,FBpp0297159,7227,Dap160
COG0061,32,0.939,8.026,5.05e-16,3.22e-12,Metamonada,FBpp0086803,7227,CG33156
COG0061,32,0.939,8.026,5.05e-16,3.22e-12,Metamonada,FBpp0086806,7227,CG6145
COG0130,32,0.9985,8.025,5.08e-16,3.24e-12,Metamonada,FBpp0085330,7227,CG7849
COG0130,32,0.9985,8.025,5.08e-16,3.24e-12,Metamonada,FBpp0099583,7227,Nop60B
COG0009,32,0.9956,8.023,5.14e-16,3.27e-12,Metamonada,FBpp0085562,7227,CG33786
KOG0290,32,0.9609,8.023,5.14e-16,3.28e-12,Metamonada,FBpp0077060,7227,wap
COG0316,32,0.9784,8.023,5.16e-16,3.29e-12,Metamonada,FBpp0084059,7227,CG13623
COG0316,32,0.9784,8.023,5.16e-16,3.29e-12,Metamonada,FBpp0304862,7227,l(1)G0136
COG1057,32,0.9849,8.02,5.29e-16,3.37e-12,Metamonada,FBpp0084124,7227,Nmnat
COG0584,32,0.9888,8.02,5.29e-16,3.37e-12,Metamonada,FBpp0071495,7227,CG9394
COG0584,32,0.9888,8.02,5.29e-16,3.37e-12,Metamonada,FBpp0074812,7227,CG18135
COG0584,32,0.9888,8.02,5.29e-16,3.37e-12,Metamonada,FBpp0074813,7227,CG11619
COG0584,32,0.9888,8.02,5.29e-16,3.37e-12,Metamonada,FBpp0077226,7227,CG2818
COG0584,32,0.9888,8.02,5.29e-16,3.37e-12,Metamonada,FBpp0082033,7227,CG3942
COG0584,32,0.9888,8.02,5.29e-16,3.37e-12,Metamonada,FBpp0082742,7227,CG14883
KOG2056,32,0.9925,8.02,5.3e-16,3.38e-12,Metamonada,FBpp0089151,7227,lqf
COG0417,32,0.9992,8.018,5.37e-16,3.42e-12,Metamonada,FBpp0075277,7227,POLD
COG0417,32,0.9992,8.018,5.37e-16,3.42e-12,Metamonada,FBpp0083514,7227,POLA
COG0417,32,0.9992,8.018,5.37e-16,3.42e-12,Metamonada,FBpp0083800,7227,6768
COG0417,32,0.9992,8.018,5.37e-16,3.42e-12,Metamonada,FBpp0087907,7227,mus205
COG0424,32,0.9844,8.018,5.39e-16,3.43e-12,Metamonada,FBpp0079391,7227,CG9515
KOG0440,32,0.9863,8.016,5.46e-16,3.48e-12,Metamonada,FBpp0079573,7227,Mob3
KOG0440,32,0.9863,8.016,5.46e-16,3.48e-12,Metamonada,FBpp0083624,7227,mats
KOG0440,32,0.9863,8.016,5.46e-16,3.48e-12,Metamonada,FBpp0088371,7227,Mob2
COG0697,32,1,8.015,5.49e-16,3.5e-12,Metamonada,FBpp0073002,7227,CG14971
COG0697,32,1,8.015,5.49e-16,3.5e-12,Metamonada,FBpp0075039,7227,Papst2
COG0697,32,1,8.015,5.49e-16,3.5e-12,Metamonada,FBpp0078648,7227,CG14040
COG0697,32,1,8.015,5.49e-16,3.5e-12,Metamonada,FBpp0081867,7227,CG5281
COG0697,32,1,8.015,5.49e-16,3.5e-12,Metamonada,FBpp0081982,7227,Tango9
COG0697,32,1,8.015,5.49e-16,3.5e-12,Metamonada,FBpp0082903,7227,sll
COG0697,32,1,8.015,5.49e-16,3.5e-12,Metamonada,FBpp0086486,7227,CG8195
COG0697,32,1,8.015,5.49e-16,3.5e-12,Metamonada,FBpp0112171,7227,meigo
COG0697,32,1,8.015,5.49e-16,3.5e-12,Metamonada,FBpp0271784,7227,Csat
KOG2967,32,0.9938,8.014,5.57e-16,3.55e-12,Metamonada,FBpp0077043,7227,CG14618
KOG2967,32,0.9938,8.014,5.57e-16,3.55e-12,Metamonada,FBpp0085875,7227,CG5190
COG0098,32,0.9998,8.01,5.72e-16,3.64e-12,Metamonada,FBpp0079500,7227,RpS2
COG0098,32,0.9998,8.01,5.72e-16,3.64e-12,Metamonada,FBpp0110439,7227,mRpS5
COG0060,32,1,8.01,5.73e-16,3.65e-12,Metamonada,FBpp0078150,7227,Aats-ile
COG0060,32,1,8.01,5.73e-16,3.65e-12,Metamonada,FBpp0291534,7227,CG5414
COG0494,32,1,8.008,5.85e-16,3.72e-12,Metamonada,FBpp0073658,7227,CG11095
COG0494,32,1,8.008,5.85e-16,3.72e-12,Metamonada,FBpp0075979,7227,Aps
COG0494,32,1,8.008,5.85e-16,3.72e-12,Metamonada,FBpp0079490,7227,Apf
COG0494,32,1,8.008,5.85e-16,3.72e-12,Metamonada,FBpp0080823,7227,CG10194
COG0494,32,1,8.008,5.85e-16,3.72e-12,Metamonada,FBpp0112427,7227,CG12567
COG0494,32,1,8.008,5.85e-16,3.72e-12,Metamonada,FBpp0292831,7227,CG42814
COG0494,32,1,8.008,5.85e-16,3.72e-12,Metamonada,FBpp0292832,7227,CG42813
COG0494,32,1,8.008,5.85e-16,3.72e-12,Metamonada,FBpp0293514,7227,DCP2
COG0494,32,1,8.008,5.85e-16,3.72e-12,Metamonada,FBpp0303742,7227,CG18094
COG0494,32,1,8.008,5.85e-16,3.72e-12,Metamonada,FBpp0304597,7227,CG10195
COG0575,32,0.9941,8.006,5.93e-16,3.78e-12,Metamonada,FBpp0076411,7227,CdsA
COG2004,32,0.9859,8.006,5.94e-16,3.79e-12,Metamonada,FBpp0071846,7227,RpS24
COG1012,32,0.9889,8.005,5.98e-16,3.81e-12,Metamonada,FBpp0073554,7227,CG15717
COG1012,32,0.9889,8.005,5.98e-16,3.81e-12,Metamonada,FBpp0074784,7227,CG9629
COG1012,32,0.9889,8.005,5.98e-16,3.81e-12,Metamonada,FBpp0075512,7227,CG6661
COG1012,32,0.9889,8.005,5.98e-16,3.81e-12,Metamonada,FBpp0078099,7227,P5CDh1
COG1012,32,0.9889,8.005,5.98e-16,3.81e-12,Metamonada,FBpp0079406,7227,Aldh
COG1012,32,0.9889,8.005,5.98e-16,3.81e-12,Metamonada,FBpp0081045,7227,CG8665
COG1012,32,0.9889,8.005,5.98e-16,3.81e-12,Metamonada,FBpp0082810,7227,MESK4
COG1012,32,0.9889,8.005,5.98e-16,3.81e-12,Metamonada,FBpp0082812,7227,CG31274
COG1012,32,0.9889,8.005,5.98e-16,3.81e-12,Metamonada,FBpp0083538,7227,P5CDh2
COG1012,32,0.9889,8.005,5.98e-16,3.81e-12,Metamonada,FBpp0083545,7227,CG31465
COG1012,32,0.9889,8.005,5.98e-16,3.81e-12,Metamonada,FBpp0084265,7227,Ssadh
COG1012,32,0.9889,8.005,5.98e-16,3.81e-12,Metamonada,FBpp0085284,7227,CG11634
COG1012,32,0.9889,8.005,5.98e-16,3.81e-12,Metamonada,FBpp0088689,7227,CG2336
COG1012,32,0.9889,8.005,5.98e-16,3.81e-12,Metamonada,FBpp0290886,7227,CG12516
COG1012,32,0.9889,8.005,5.98e-16,3.81e-12,Metamonada,FBpp0300160,7227,CG31076
COG1012,32,0.9889,8.005,5.98e-16,3.81e-12,Metamonada,FBpp0300161,7227,CG31075
COG1012,32,0.9889,8.005,5.98e-16,3.81e-12,Metamonada,FBpp0300518,7227,Aldh-III
COG0085,32,1,8.004,6.02e-16,3.84e-12,Metamonada,FBpp0077714,7227,RpI135
COG0085,32,1,8.004,6.02e-16,3.84e-12,Metamonada,FBpp0082353,7227,RpII140
COG0085,32,1,8.004,6.02e-16,3.84e-12,Metamonada,FBpp0087085,7227,RpIII128
COG1161,32,1,8.003,6.07e-16,3.87e-12,Metamonada,FBpp0070284,7227,Ns3
COG1161,32,1,8.003,6.07e-16,3.87e-12,Metamonada,FBpp0080939,7227,Ns4
COG1161,32,1,8.003,6.07e-16,3.87e-12,Metamonada,FBpp0082867,7227,Ns1
COG1161,32,1,8.003,6.07e-16,3.87e-12,Metamonada,FBpp0083715,7227,CG17141
COG1161,32,1,8.003,6.07e-16,3.87e-12,Metamonada,FBpp0085924,7227,CG10914
COG1161,32,1,8.003,6.07e-16,3.87e-12,Metamonada,FBpp0086063,7227,Ns2
COG2451,32,0.9892,8.002,6.13e-16,3.9e-12,Metamonada,FBpp0078416,7227,RpL35A
COG5491,32,0.9992,8.002,6.13e-16,3.9e-12,Metamonada,FBpp0074859,7227,Chmp1
COG5491,32,0.9992,8.002,6.13e-16,3.9e-12,Metamonada,FBpp0076869,7227,CHMP2B
COG5491,32,0.9992,8.002,6.13e-16,3.9e-12,Metamonada,FBpp0078598,7227,Vps24
COG5491,32,0.9992,8.002,6.13e-16,3.9e-12,Metamonada,FBpp0084340,7227,Vps2
COG0323,32,1,8.002,6.13e-16,3.91e-12,Metamonada,FBpp0086520,7227,Pms2
COG0323,32,1,8.002,6.13e-16,3.91e-12,Metamonada,FBpp0087867,7227,Mlh1
KOG0131,32,0.9885,8.001,6.18e-16,3.94e-12,Metamonada,FBpp0070859,7227,Spx
COG0156,32,0.9951,8,6.2e-16,3.95e-12,Metamonada,FBpp0072060,7227,Alas
COG0156,32,0.9951,8,6.2e-16,3.95e-12,Metamonada,FBpp0075815,7227,CG10361
COG0156,32,0.9951,8,6.2e-16,3.95e-12,Metamonada,FBpp0080297,7227,lace
COG0156,32,0.9951,8,6.2e-16,3.95e-12,Metamonada,FBpp0086842,7227,Spt-I
COG4286,32,0.9929,7.999,6.26e-16,3.99e-12,Metamonada,FBpp0081443,7227,CG11980
COG5049,32,0.9979,7.999,6.28e-16,4e-12,Metamonada,FBpp0078973,7227,Rat1
COG5049,32,0.9979,7.999,6.28e-16,4e-12,Metamonada,FBpp0291292,7227,pcm
COG2116,32,0.9905,7.997,6.39e-16,4.07e-12,Metamonada,FBpp0077502,7227,CG7261
COG5599,32,0.9646,7.996,6.4e-16,4.08e-12,Metamonada,FBpp0070363,7227,csw
COG5599,32,0.9646,7.996,6.4e-16,4.08e-12,Metamonada,FBpp0070692,7227,Ptp4E
COG5599,32,0.9646,7.996,6.4e-16,4.08e-12,Metamonada,FBpp0070830,7227,Grip
COG5599,32,0.9646,7.996,6.4e-16,4.08e-12,Metamonada,FBpp0071603,7227,PTP-ER
COG5599,32,0.9646,7.996,6.4e-16,4.08e-12,Metamonada,FBpp0072602,7227,Ptp61F
COG5599,32,0.9646,7.996,6.4e-16,4.08e-12,Metamonada,FBpp0075450,7227,mop
COG5599,32,0.9646,7.996,6.4e-16,4.08e-12,Metamonada,FBpp0075645,7227,Ptp69D
COG5599,32,0.9646,7.996,6.4e-16,4.08e-12,Metamonada,FBpp0080614,7227,Ptp36E
COG5599,32,0.9646,7.996,6.4e-16,4.08e-12,Metamonada,FBpp0084049,7227,Wsck
COG5599,32,0.9646,7.996,6.4e-16,4.08e-12,Metamonada,FBpp0099554,7227,l(1)G0232
COG5599,32,0.9646,7.996,6.4e-16,4.08e-12,Metamonada,FBpp0288423,7227,Ptp52F
COG5599,32,0.9646,7.996,6.4e-16,4.08e-12,Metamonada,FBpp0289067,7227,CG42327
COG5599,32,0.9646,7.996,6.4e-16,4.08e-12,Metamonada,FBpp0290630,7227,IA-2
COG5599,32,0.9646,7.996,6.4e-16,4.08e-12,Metamonada,FBpp0292247,7227,Ptp99A
COG5599,32,0.9646,7.996,6.4e-16,4.08e-12,Metamonada,FBpp0297515,7227,Ptpmeg
COG5599,32,0.9646,7.996,6.4e-16,4.08e-12,Metamonada,FBpp0303420,7227,Ptp10D
COG5599,32,0.9646,7.996,6.4e-16,4.08e-12,Metamonada,FBpp0303668,7227,Pez
COG5599,32,0.9646,7.996,6.4e-16,4.08e-12,Metamonada,FBpp0303681,7227,Lar
COG5192,32,0.9986,7.996,6.44e-16,4.1e-12,Metamonada,FBpp0075034,7227,CG7728
COG0258,32,1,7.993,6.56e-16,4.18e-12,Metamonada,FBpp0076879,7227,Gen
COG0258,32,1,7.993,6.56e-16,4.18e-12,Metamonada,FBpp0080675,7227,tos
COG0258,32,1,7.993,6.56e-16,4.18e-12,Metamonada,FBpp0086223,7227,Fen1
COG0258,32,1,7.993,6.56e-16,4.18e-12,Metamonada,FBpp0099904,7227,mus201
COG0192,32,0.998,7.993,6.58e-16,4.19e-12,Metamonada,FBpp0088926,7227,Sam-S
COG0197,32,1,7.993,6.59e-16,4.2e-12,Metamonada,FBpp0084244,7227,CG10420
COG0197,32,1,7.993,6.59e-16,4.2e-12,Metamonada,FBpp0099759,7227,CG10973
COG0197,32,1,7.993,6.59e-16,4.2e-12,Metamonada,FBpp0304831,7227,mRpL16
COG0197,32,1,7.993,6.59e-16,4.2e-12,Metamonada,FBpp0306039,7227,RpL10
COG5223,32,0.9855,7.993,6.6e-16,4.2e-12,Metamonada,FBpp0071194,7227,CG1789
COG0030,32,0.9998,7.992,6.65e-16,4.23e-12,Metamonada,FBpp0084729,7227,CG11837
COG0030,32,0.9998,7.992,6.65e-16,4.23e-12,Metamonada,FBpp0291478,7227,mtTFB1
COG2136,32,1,7.991,6.69e-16,4.26e-12,Metamonada,FBpp0079946,7227,CG6712
COG2136,32,1,7.991,6.69e-16,4.26e-12,Metamonada,FBpp0084144,7227,CG11920
KOG2889,32,0.9488,7.99,6.75e-16,4.3e-12,Metamonada,FBpp0087663,7227,Prp38
COG5080,32,0.9963,7.99,6.75e-16,4.3e-12,Metamonada,FBpp0077149,7227,CG3652
COG5080,32,0.9963,7.99,6.75e-16,4.3e-12,Metamonada,FBpp0080011,7227,CG12404
COG1564,32,0.941,7.989,6.78e-16,4.32e-12,Metamonada,FBpp0081906,7227,CG14721
COG0656,32,0.9871,7.987,6.9e-16,4.39e-12,Metamonada,FBpp0073028,7227,CG10863
COG0656,32,0.9871,7.987,6.9e-16,4.39e-12,Metamonada,FBpp0073029,7227,CG12766
COG0656,32,0.9871,7.987,6.9e-16,4.39e-12,Metamonada,FBpp0075868,7227,CG6083
COG0656,32,0.9871,7.987,6.9e-16,4.39e-12,Metamonada,FBpp0075869,7227,CG6084
COG0656,32,0.9871,7.987,6.9e-16,4.39e-12,Metamonada,FBpp0083729,7227,Gclm
COG0656,32,0.9871,7.987,6.9e-16,4.39e-12,Metamonada,FBpp0085467,7227,CG9436
COG0656,32,0.9871,7.987,6.9e-16,4.39e-12,Metamonada,FBpp0088362,7227,CG10638
COG0656,32,0.9871,7.987,6.9e-16,4.39e-12,Metamonada,FBpp0288764,7227,CG2767
COG0656,32,0.9871,7.987,6.9e-16,4.39e-12,Metamonada,FBpp0291022,7227,ARY
KOG0201,32,0.9576,7.987,6.9e-16,4.4e-12,Metamonada,FBpp0082840,7227,GckIII
COG5347,32,1,7.984,7.1e-16,4.52e-12,Metamonada,FBpp0075713,7227,ArfGAP1
COG5347,32,1,7.984,7.1e-16,4.52e-12,Metamonada,FBpp0080123,7227,CenG1A
COG5347,32,1,7.984,7.1e-16,4.52e-12,Metamonada,FBpp0083761,7227,CenB1A
COG5347,32,1,7.984,7.1e-16,4.52e-12,Metamonada,FBpp0087353,7227,Git
COG5347,32,1,7.984,7.1e-16,4.52e-12,Metamonada,FBpp0087733,7227,CG8243
COG5347,32,1,7.984,7.1e-16,4.52e-12,Metamonada,FBpp0099488,7227,Asap
COG5347,32,1,7.984,7.1e-16,4.52e-12,Metamonada,FBpp0288535,7227,RhoGAP15B
COG5347,32,1,7.984,7.1e-16,4.52e-12,Metamonada,FBpp0291330,7227,drongo
COG5347,32,1,7.984,7.1e-16,4.52e-12,Metamonada,FBpp0304160,7227,ArfGAP3
COG1498,32,1,7.983,7.12e-16,4.54e-12,Metamonada,FBpp0075395,7227,Prp31
COG1498,32,1,7.983,7.12e-16,4.54e-12,Metamonada,FBpp0078997,7227,nop5
COG1498,32,1,7.983,7.12e-16,4.54e-12,Metamonada,FBpp0083625,7227,Nop56
COG5277,32,1,7.983,7.13e-16,4.54e-12,Metamonada,FBpp0071448,7227,Act57B
COG5277,32,1,7.983,7.13e-16,4.54e-12,Metamonada,FBpp0074318,7227,Arp8
COG5277,32,1,7.983,7.13e-16,4.54e-12,Metamonada,FBpp0074529,7227,Arp10
COG5277,32,1,7.983,7.13e-16,4.54e-12,Metamonada,FBpp0076460,7227,Arp3
COG5277,32,1,7.983,7.13e-16,4.54e-12,Metamonada,FBpp0078131,7227,Act79B
COG5277,32,1,7.983,7.13e-16,4.54e-12,Metamonada,FBpp0082121,7227,Arp1
COG5277,32,1,7.983,7.13e-16,4.54e-12,Metamonada,FBpp0082253,7227,Act87E
COG5277,32,1,7.983,7.13e-16,4.54e-12,Metamonada,FBpp0082597,7227,Act88F
COG5277,32,1,7.983,7.13e-16,4.54e-12,Metamonada,FBpp0085365,7227,Act42A
COG5277,32,1,7.983,7.13e-16,4.54e-12,Metamonada,FBpp0086115,7227,Bap55
COG5277,32,1,7.983,7.13e-16,4.54e-12,Metamonada,FBpp0086174,7227,Arp53D
COG5277,32,1,7.983,7.13e-16,4.54e-12,Metamonada,FBpp0100124,7227,Act5C
COG5277,32,1,7.983,7.13e-16,4.54e-12,Metamonada,FBpp0302793,7227,Arp2
KOG0319,32,0.9952,7.982,7.18e-16,4.58e-12,Metamonada,FBpp0087461,7227,CG1671
COG0194,32,0.9991,7.98,7.31e-16,4.66e-12,Metamonada,FBpp0075994,7227,CG11811
COG0194,32,0.9991,7.98,7.31e-16,4.66e-12,Metamonada,FBpp0079831,7227,CG6509
COG0194,32,0.9991,7.98,7.31e-16,4.66e-12,Metamonada,FBpp0087292,7227,metro
COG0194,32,0.9991,7.98,7.31e-16,4.66e-12,Metamonada,FBpp0088886,7227,vari
COG0194,32,0.9991,7.98,7.31e-16,4.66e-12,Metamonada,FBpp0111740,7227,sdt
COG0194,32,0.9991,7.98,7.31e-16,4.66e-12,Metamonada,FBpp0290503,7227,dlg1
COG0194,32,0.9991,7.98,7.31e-16,4.66e-12,Metamonada,FBpp0290542,7227,CASK
KOG1627,32,0.9515,7.98,7.32e-16,4.66e-12,Metamonada,FBpp0084761,7227,Ef1gamma
COG2265,32,0.993,7.979,7.35e-16,4.68e-12,Metamonada,FBpp0074808,7227,CG3808
COG0436,32,0.988,7.978,7.43e-16,4.73e-12,Metamonada,FBpp0073600,7227,CG1640
COG0436,32,0.988,7.978,7.43e-16,4.73e-12,Metamonada,FBpp0073725,7227,CG1461
COG0436,32,0.988,7.978,7.43e-16,4.73e-12,Metamonada,FBpp0081993,7227,CG6950
COG0166,32,0.9989,7.978,7.44e-16,4.74e-12,Metamonada,FBpp0087760,7227,Pgi
KOG1539,32,0.9767,7.977,7.49e-16,4.77e-12,Metamonada,FBpp0082231,7227,CG9799
COG5127,32,0.9994,7.976,7.54e-16,4.8e-12,Metamonada,FBpp0288471,7227,Vha44
COG0552,32,0.9991,7.975,7.61e-16,4.84e-12,Metamonada,FBpp0073336,7227,Gtp-bp
COG5177,32,0.995,7.973,7.71e-16,4.91e-12,Metamonada,FBpp0077998,7227,CG7338
COG5275,32,0.9996,7.971,7.85e-16,5e-12,Metamonada,FBpp0088654,7227,elg1
COG5275,32,0.9996,7.971,7.85e-16,5e-12,Metamonada,FBpp0099511,7227,Gnf1
COG0592,32,0.9775,7.971,7.86e-16,5e-12,Metamonada,FBpp0080803,7227,CG10262
COG0592,32,0.9775,7.971,7.86e-16,5e-12,Metamonada,FBpp0085619,7227,PCNA
COG2058,32,0.9968,7.969,7.98e-16,5.08e-12,Metamonada,FBpp0089424,7227,RpLP2
COG2058,32,0.9968,7.969,7.98e-16,5.08e-12,Metamonada,FBpp0304265,7227,RpLP1
COG1236,32,1,7.969,7.99e-16,5.09e-12,Metamonada,FBpp0075250,7227,IntS9
COG1236,32,1,7.969,7.99e-16,5.09e-12,Metamonada,FBpp0078337,7227,Snm1
COG1236,32,1,7.969,7.99e-16,5.09e-12,Metamonada,FBpp0083105,7227,Cpsf73
COG1236,32,1,7.969,7.99e-16,5.09e-12,Metamonada,FBpp0084726,7227,Cpsf100
COG1236,32,1,7.969,7.99e-16,5.09e-12,Metamonada,FBpp0084842,7227,IntS11
KOG3434,32,0.997,7.968,8.08e-16,5.15e-12,Metamonada,FBpp0070143,7227,RpL22
KOG3434,32,0.997,7.968,8.08e-16,5.15e-12,Metamonada,FBpp0071958,7227,RpL22-like
COG1697,32,0.9555,7.967,8.1e-16,5.16e-12,Metamonada,FBpp0085657,7227,mei-W68
COG0533,32,1,7.967,8.12e-16,5.17e-12,Metamonada,FBpp0075139,7227,CG4933
COG0533,32,1,7.967,8.12e-16,5.17e-12,Metamonada,FBpp0301156,7227,CG14231
COG0019,32,0.928,7.967,8.12e-16,5.17e-12,Metamonada,FBpp0087939,7227,Odc1
COG0019,32,0.928,7.967,8.12e-16,5.17e-12,Metamonada,FBpp0087940,7227,Odc2
COG0464,32,1,7.966,8.18e-16,5.21e-12,Metamonada,FBpp0072937,7227,CG12010
COG0464,32,1,7.966,8.18e-16,5.21e-12,Metamonada,FBpp0074676,7227,CG14183
COG0464,32,1,7.966,8.18e-16,5.21e-12,Metamonada,FBpp0075519,7227,Pex1
COG0464,32,1,7.966,8.18e-16,5.21e-12,Metamonada,FBpp0079654,7227,nmd
COG0464,32,1,7.966,8.18e-16,5.21e-12,Metamonada,FBpp0080234,7227,CG4701
COG0464,32,1,7.966,8.18e-16,5.21e-12,Metamonada,FBpp0081381,7227,pch2
COG0464,32,1,7.966,8.18e-16,5.21e-12,Metamonada,FBpp0081549,7227,CG16789
COG0464,32,1,7.966,8.18e-16,5.21e-12,Metamonada,FBpp0082345,7227,CG31495
COG0464,32,1,7.966,8.18e-16,5.21e-12,Metamonada,FBpp0082346,7227,Nsf2
COG0464,32,1,7.966,8.18e-16,5.21e-12,Metamonada,FBpp0083918,7227,spas
COG0464,32,1,7.966,8.18e-16,5.21e-12,Metamonada,FBpp0089153,7227,smid
COG0464,32,1,7.966,8.18e-16,5.21e-12,Metamonada,FBpp0099935,7227,Pex6
COG0464,32,1,7.966,8.18e-16,5.21e-12,Metamonada,FBpp0111818,7227,TER94
COG0464,32,1,7.966,8.18e-16,5.21e-12,Metamonada,FBpp0302957,7227,CG5776
COG0464,32,1,7.966,8.18e-16,5.21e-12,Metamonada,FBpp0303790,7227,CG3326
COG0464,32,1,7.966,8.18e-16,5.21e-12,Metamonada,FBpp0305521,7227,comt
COG1601,32,0.9996,7.964,8.32e-16,5.3e-12,Metamonada,FBpp0073947,7227,eIF5
COG1601,32,0.9996,7.964,8.32e-16,5.3e-12,Metamonada,FBpp0075700,7227,eIF-2beta
COG0456,32,1,7.964,8.33e-16,5.3e-12,Metamonada,FBpp0070203,7227,CG11412
COG0456,32,1,7.964,8.33e-16,5.3e-12,Metamonada,FBpp0072598,7227,CG32319
COG0456,32,1,7.964,8.33e-16,5.3e-12,Metamonada,FBpp0076077,7227,vnc
COG0456,32,1,7.964,8.33e-16,5.3e-12,Metamonada,FBpp0080033,7227,CG31851
COG0456,32,1,7.964,8.33e-16,5.3e-12,Metamonada,FBpp0080059,7227,CG31730
COG0456,32,1,7.964,8.33e-16,5.3e-12,Metamonada,FBpp0080629,7227,Atac2
COG0456,32,1,7.964,8.33e-16,5.3e-12,Metamonada,FBpp0087227,7227,san
COG0456,32,1,7.964,8.33e-16,5.3e-12,Metamonada,FBpp0089006,7227,Naa60
COG0456,32,1,7.964,8.33e-16,5.3e-12,Metamonada,FBpp0304758,7227,NAA20
COG1358,32,1,7.964,8.35e-16,5.32e-12,Metamonada,FBpp0070877,7227,RpL7A
COG1358,32,1,7.964,8.35e-16,5.32e-12,Metamonada,FBpp0075612,7227,RpS12
COG1358,32,1,7.964,8.35e-16,5.32e-12,Metamonada,FBpp0079443,7227,hoip
COG1358,32,1,7.964,8.35e-16,5.32e-12,Metamonada,FBpp0086498,7227,CG11808
COG1358,32,1,7.964,8.35e-16,5.32e-12,Metamonada,FBpp0305289,7227,NHP2
COG0162,32,1,7.964,8.35e-16,5.32e-12,Metamonada,FBpp0072334,7227,Aats-tyr-m
COG0162,32,1,7.964,8.35e-16,5.32e-12,Metamonada,FBpp0075168,7227,Aats-tyr
COG5030,32,1,7.963,8.4e-16,5.35e-12,Metamonada,FBpp0072061,7227,or
COG5030,32,1,7.963,8.4e-16,5.35e-12,Metamonada,FBpp0083502,7227,AP-2sigma
COG5030,32,1,7.963,8.4e-16,5.35e-12,Metamonada,FBpp0083884,7227,AP-1sigma
COG2007,32,1,7.963,8.42e-16,5.36e-12,Metamonada,FBpp0079607,7227,Ip259
COG2007,32,1,7.963,8.42e-16,5.36e-12,Metamonada,FBpp0099686,7227,RpS8
COG4352,32,0.9891,7.962,8.48e-16,5.4e-12,Metamonada,FBpp0079484,7227,RpL13
KOG2626,32,0.9126,7.962,8.48e-16,5.4e-12,Metamonada,FBpp0084040,7227,ash2
COG1718,32,0.9981,7.959,8.68e-16,5.53e-12,Metamonada,FBpp0075865,7227,RIOK1
COG1718,32,0.9981,7.959,8.68e-16,5.53e-12,Metamonada,FBpp0077081,7227,CG3008
COG0637,32,0.9034,7.959,8.7e-16,5.54e-12,Metamonada,FBpp0077143,7227,Gs1l
COG0637,32,0.9034,7.959,8.7e-16,5.54e-12,Metamonada,FBpp0077609,7227,CG5565
COG0637,32,0.9034,7.959,8.7e-16,5.54e-12,Metamonada,FBpp0077611,7227,CG31924
COG0637,32,0.9034,7.959,8.7e-16,5.54e-12,Metamonada,FBpp0077612,7227,CG5561
COG0637,32,0.9034,7.959,8.7e-16,5.54e-12,Metamonada,FBpp0077613,7227,CG5556
KOG0084,32,0.9982,7.958,8.72e-16,5.56e-12,Metamonada,FBpp0071383,7227,RabX2
KOG0084,32,0.9982,7.958,8.72e-16,5.56e-12,Metamonada,FBpp0071419,7227,Rab9D
KOG0084,32,0.9982,7.958,8.72e-16,5.56e-12,Metamonada,FBpp0071434,7227,Rab9E
KOG0084,32,0.9982,7.958,8.72e-16,5.56e-12,Metamonada,FBpp0071436,7227,Rab9Db
KOG0084,32,0.9982,7.958,8.72e-16,5.56e-12,Metamonada,FBpp0073257,7227,Rab9Fb
KOG0084,32,0.9982,7.958,8.72e-16,5.56e-12,Metamonada,FBpp0073258,7227,Rab9Fa
KOG0084,32,0.9982,7.958,8.72e-16,5.56e-12,Metamonada,FBpp0083503,7227,Rab1
KOG0084,32,0.9982,7.958,8.72e-16,5.56e-12,Metamonada,FBpp0304216,7227,Rab19
KOG3158,32,0.9518,7.958,8.73e-16,5.56e-12,Metamonada,FBpp0081560,7227,CG16817
COG0080,32,1,7.958,8.77e-16,5.58e-12,Metamonada,FBpp0072083,7227,RpL12
COG0080,32,1,7.958,8.77e-16,5.58e-12,Metamonada,FBpp0082412,7227,mRpL11
COG0185,32,0.9997,7.957,8.8e-16,5.61e-12,Metamonada,FBpp0086269,7227,RpS15
KOG2000,32,0.9635,7.957,8.83e-16,5.62e-12,Metamonada,FBpp0073672,7227,Grip91
KOG2000,32,0.9635,7.957,8.83e-16,5.62e-12,Metamonada,FBpp0075793,7227,Grip163
KOG2000,32,0.9635,7.957,8.83e-16,5.62e-12,Metamonada,FBpp0080344,7227,CG18109
COG5256,32,0.9996,7.954,9.04e-16,5.76e-12,Metamonada,FBpp0072745,7227,HBS1
COG5256,32,0.9996,7.954,9.04e-16,5.76e-12,Metamonada,FBpp0085193,7227,F2
COG5256,32,0.9996,7.954,9.04e-16,5.76e-12,Metamonada,FBpp0304260,7227,F1
COG5256,32,0.9996,7.954,9.04e-16,5.76e-12,Metamonada,FBpp0305302,7227,Elf
COG0525,32,0.9993,7.953,9.12e-16,5.81e-12,Metamonada,FBpp0076287,7227,CG5660
COG0525,32,0.9993,7.953,9.12e-16,5.81e-12,Metamonada,FBpp0305353,7227,Aats-val
COG5574,32,0.9868,7.95,9.36e-16,5.96e-12,Metamonada,FBpp0072626,7227,Pex10
COG5574,32,0.9868,7.95,9.36e-16,5.96e-12,Metamonada,FBpp0073969,7227,CG32581
COG5574,32,0.9868,7.95,9.36e-16,5.96e-12,Metamonada,FBpp0073970,7227,CG8974
COG5574,32,0.9868,7.95,9.36e-16,5.96e-12,Metamonada,FBpp0075392,7227,CG32847
COG5574,32,0.9868,7.95,9.36e-16,5.96e-12,Metamonada,FBpp0082202,7227,CG8141
COG0457,32,1,7.949,9.39e-16,5.98e-12,Metamonada,FBpp0070906,7227,Pat1
COG0457,32,1,7.949,9.39e-16,5.98e-12,Metamonada,FBpp0071560,7227,CG4050
COG0457,32,1,7.949,9.39e-16,5.98e-12,Metamonada,FBpp0071879,7227,CG9899
COG0457,32,1,7.949,9.39e-16,5.98e-12,Metamonada,FBpp0072164,7227,spag
COG0457,32,1,7.949,9.39e-16,5.98e-12,Metamonada,FBpp0072561,7227,CG2469
COG0457,32,1,7.949,9.39e-16,5.98e-12,Metamonada,FBpp0075683,7227,Klc
COG0457,32,1,7.949,9.39e-16,5.98e-12,Metamonada,FBpp0077614,7227,CG4341
COG0457,32,1,7.949,9.39e-16,5.98e-12,Metamonada,FBpp0077718,7227,BBS8
COG0457,32,1,7.949,9.39e-16,5.98e-12,Metamonada,FBpp0077790,7227,Hop
COG0457,32,1,7.949,9.39e-16,5.98e-12,Metamonada,FBpp0079664,7227,Utx
COG0457,32,1,7.949,9.39e-16,5.98e-12,Metamonada,FBpp0079814,7227,CG14921
COG0457,32,1,7.949,9.39e-16,5.98e-12,Metamonada,FBpp0080720,7227,Ttc19
COG0457,32,1,7.949,9.39e-16,5.98e-12,Metamonada,FBpp0082545,7227,CG5038
COG0457,32,1,7.949,9.39e-16,5.98e-12,Metamonada,FBpp0082652,7227,CG31294
COG0457,32,1,7.949,9.39e-16,5.98e-12,Metamonada,FBpp0084076,7227,CG6980
COG0457,32,1,7.949,9.39e-16,5.98e-12,Metamonada,FBpp0084440,7227,CG18472
COG0457,32,1,7.949,9.39e-16,5.98e-12,Metamonada,FBpp0085279,7227,nompB
COG0457,32,1,7.949,9.39e-16,5.98e-12,Metamonada,FBpp0085479,7227,Dpit47
COG0457,32,1,7.949,9.39e-16,5.98e-12,Metamonada,FBpp0087297,7227,BBS4
COG0457,32,1,7.949,9.39e-16,5.98e-12,Metamonada,FBpp0111383,7227,CG34274
COG0457,32,1,7.949,9.39e-16,5.98e-12,Metamonada,FBpp0111406,7227,CG34297
COG0457,32,1,7.949,9.39e-16,5.98e-12,Metamonada,FBpp0112016,7227,CG13502
COG0457,32,1,7.949,9.39e-16,5.98e-12,Metamonada,FBpp0290896,7227,CG31690
COG0457,32,1,7.949,9.39e-16,5.98e-12,Metamonada,FBpp0296963,7227,Sgt
COG0457,32,1,7.949,9.39e-16,5.98e-12,Metamonada,FBpp0296980,7227,CG43163
COG0457,32,1,7.949,9.39e-16,5.98e-12,Metamonada,FBpp0302581,7227,Tango13
COG0457,32,1,7.949,9.39e-16,5.98e-12,Metamonada,FBpp0305561,7227,Cdc27
COG0545,32,1,7.949,9.43e-16,6.01e-12,Metamonada,FBpp0072146,7227,shu
COG0545,32,1,7.949,9.43e-16,6.01e-12,Metamonada,FBpp0079468,7227,FKBP59
COG0545,32,1,7.949,9.43e-16,6.01e-12,Metamonada,FBpp0081899,7227,CG14715
COG0545,32,1,7.949,9.43e-16,6.01e-12,Metamonada,FBpp0082574,7227,FK506-bp1
COG0545,32,1,7.949,9.43e-16,6.01e-12,Metamonada,FBpp0085703,7227,FK506-bp2
COG0545,32,1,7.949,9.43e-16,6.01e-12,Metamonada,FBpp0085842,7227,CG5482
COG0545,32,1,7.949,9.43e-16,6.01e-12,Metamonada,FBpp0086683,7227,CG30075
COG0545,32,1,7.949,9.43e-16,6.01e-12,Metamonada,FBpp0297155,7227,Fkbp14
COG4354,32,0.9998,7.948,9.48e-16,6.04e-12,Metamonada,FBpp0071232,7227,AP-1gamma
COG4354,32,0.9998,7.948,9.48e-16,6.04e-12,Metamonada,FBpp0073673,7227,g
COG4354,32,0.9998,7.948,9.48e-16,6.04e-12,Metamonada,FBpp0080197,7227,CG33090
COG4354,32,0.9998,7.948,9.48e-16,6.04e-12,Metamonada,FBpp0088945,7227,AP-2alpha
KOG0302,32,0.9964,7.948,9.5e-16,6.05e-12,Metamonada,FBpp0085379,7227,l(2)09851
COG5271,32,0.9928,7.947,9.53e-16,6.07e-12,Metamonada,FBpp0071256,7227,c12.2
COG5271,32,0.9928,7.947,9.53e-16,6.07e-12,Metamonada,FBpp0302006,7227,CG13185
COG1287,32,0.9976,7.947,9.56e-16,6.09e-12,Metamonada,FBpp0076956,7227,CG1518
COG1287,32,0.9976,7.947,9.56e-16,6.09e-12,Metamonada,FBpp0084161,7227,OstStt3
COG0021,32,0.9981,7.945,9.68e-16,6.17e-12,Metamonada,FBpp0074898,7227,CG5103
COG0021,32,0.9981,7.945,9.68e-16,6.17e-12,Metamonada,FBpp0081370,7227,CG8036
COG5045,32,0.9986,7.944,9.78e-16,6.23e-12,Metamonada,FBpp0074500,7227,RpS10b
COG5045,32,0.9986,7.944,9.78e-16,6.23e-12,Metamonada,FBpp0084564,7227,RpS10a
KOG0667,32,1,7.942,9.97e-16,6.35e-12,Metamonada,FBpp0072450,7227,hipk
KOG0667,32,1,7.942,9.97e-16,6.35e-12,Metamonada,FBpp0088344,7227,Dyrk2
KOG0667,32,1,7.942,9.97e-16,6.35e-12,Metamonada,FBpp0099820,7227,Dyrk3
KOG0667,32,1,7.942,9.97e-16,6.35e-12,Metamonada,FBpp0289029,7227,Doa
KOG0667,32,1,7.942,9.97e-16,6.35e-12,Metamonada,FBpp0289737,7227,mnb
KOG0667,32,1,7.942,9.97e-16,6.35e-12,Metamonada,FBpp0303824,7227,CG7028
COG0441,32,1,7.94,1.01e-15,6.44e-12,Metamonada,FBpp0075425,7227,mRpL39
COG0441,32,1,7.94,1.01e-15,6.44e-12,Metamonada,FBpp0079914,7227,Aats-thr
COG5044,32,1,7.94,1.01e-15,6.46e-12,Metamonada,FBpp0085658,7227,Rep
COG5044,32,1,7.94,1.01e-15,6.46e-12,Metamonada,FBpp0297299,7227,Gdi
COG0204,32,1,7.939,1.02e-15,6.47e-12,Metamonada,FBpp0073522,7227,CG3812
COG0204,32,1,7.939,1.02e-15,6.47e-12,Metamonada,FBpp0075179,7227,CG4753
COG0204,32,1,7.939,1.02e-15,6.47e-12,Metamonada,FBpp0076972,7227,CG15450
COG0204,32,1,7.939,1.02e-15,6.47e-12,Metamonada,FBpp0079310,7227,fu12
COG0204,32,1,7.939,1.02e-15,6.47e-12,Metamonada,FBpp0110147,7227,CG32699
COG0204,32,1,7.939,1.02e-15,6.47e-12,Metamonada,FBpp0111469,7227,CG34348
COG0204,32,1,7.939,1.02e-15,6.47e-12,Metamonada,FBpp0291375,7227,CG3209
COG0204,32,1,7.939,1.02e-15,6.47e-12,Metamonada,FBpp0300976,7227,CG4729
KOG1272,32,0.9959,7.939,1.02e-15,6.48e-12,Metamonada,FBpp0071142,7227,CG2260
COG0105,32,0.9996,7.939,1.02e-15,6.51e-12,Metamonada,FBpp0073750,7227,nmdyn-D6
COG0105,32,0.9996,7.939,1.02e-15,6.51e-12,Metamonada,FBpp0081561,7227,nmdyn-D7
COG0105,32,0.9996,7.939,1.02e-15,6.51e-12,Metamonada,FBpp0085077,7227,CG15547
COG0105,32,0.9996,7.939,1.02e-15,6.51e-12,Metamonada,FBpp0085223,7227,awd
COG0814,32,0.9951,7.939,1.02e-15,6.51e-12,Metamonada,FBpp0071539,7227,CG30394
COG0814,32,0.9951,7.939,1.02e-15,6.51e-12,Metamonada,FBpp0072724,7227,CG1139
COG0814,32,0.9951,7.939,1.02e-15,6.51e-12,Metamonada,FBpp0074157,7227,CG16700
COG0814,32,0.9951,7.939,1.02e-15,6.51e-12,Metamonada,FBpp0075928,7227,CG32081
COG0814,32,0.9951,7.939,1.02e-15,6.51e-12,Metamonada,FBpp0075931,7227,CG7888
COG0814,32,0.9951,7.939,1.02e-15,6.51e-12,Metamonada,FBpp0076156,7227,path
COG0814,32,0.9951,7.939,1.02e-15,6.51e-12,Metamonada,FBpp0079271,7227,CG13384
COG0814,32,0.9951,7.939,1.02e-15,6.51e-12,Metamonada,FBpp0084126,7227,CG13646
COG0814,32,0.9951,7.939,1.02e-15,6.51e-12,Metamonada,FBpp0086703,7227,VGAT
COG0814,32,0.9951,7.939,1.02e-15,6.51e-12,Metamonada,FBpp0086994,7227,CG8785
COG0814,32,0.9951,7.939,1.02e-15,6.51e-12,Metamonada,FBpp0087294,7227,polyph
COG0814,32,0.9951,7.939,1.02e-15,6.51e-12,Metamonada,FBpp0087743,7227,CG13743
COG0814,32,0.9951,7.939,1.02e-15,6.51e-12,Metamonada,FBpp0288459,7227,CG4991
COG0814,32,0.9951,7.939,1.02e-15,6.51e-12,Metamonada,FBpp0289425,7227,CG32079
COG0814,32,0.9951,7.939,1.02e-15,6.51e-12,Metamonada,FBpp0302706,7227,CG43693
COG0420,32,0.9881,7.938,1.03e-15,6.56e-12,Metamonada,FBpp0300931,7227,mre11
COG0558,32,0.9992,7.937,1.03e-15,6.59e-12,Metamonada,FBpp0073874,7227,Pis
COG0558,32,0.9992,7.937,1.03e-15,6.59e-12,Metamonada,FBpp0084303,7227,CLS
KOG0291,32,0.9854,7.936,1.04e-15,6.65e-12,Metamonada,FBpp0087322,7227,CG12325
COG0172,32,1,7.935,1.05e-15,6.68e-12,Metamonada,FBpp0077351,7227,CG17259
COG0172,32,1,7.935,1.05e-15,6.68e-12,Metamonada,FBpp0082542,7227,Aats-ser
COG0172,32,1,7.935,1.05e-15,6.68e-12,Metamonada,FBpp0083968,7227,Slimp
KOG0271,32,0.9836,7.935,1.06e-15,6.72e-12,Metamonada,FBpp0077735,7227,Nle
COG1249,32,0.9792,7.933,1.07e-15,6.8e-12,Metamonada,FBpp0071116,7227,Trxr-1
COG1249,32,0.9792,7.933,1.07e-15,6.8e-12,Metamonada,FBpp0074906,7227,CG7430
COG1249,32,0.9792,7.933,1.07e-15,6.8e-12,Metamonada,FBpp0078166,7227,Trxr-2
COG1474,32,0.9986,7.932,1.07e-15,6.84e-12,Metamonada,FBpp0076371,7227,Cdc6
COG1474,32,0.9986,7.932,1.07e-15,6.84e-12,Metamonada,FBpp0088033,7227,Orc1
KOG2793,32,0.9149,7.931,1.08e-15,6.9e-12,Metamonada,FBpp0082677,7227,CG5013
COG1867,32,0.9986,7.929,1.11e-15,7.05e-12,Metamonada,FBpp0079949,7227,CG6388
COG0008,32,1,7.928,1.11e-15,7.08e-12,Metamonada,FBpp0072094,7227,RpL39
COG0008,32,1,7.928,1.11e-15,7.08e-12,Metamonada,FBpp0075169,7227,CG4573
COG0008,32,1,7.928,1.11e-15,7.08e-12,Metamonada,FBpp0083898,7227,CG5394
COG0008,32,1,7.928,1.11e-15,7.08e-12,Metamonada,FBpp0084240,7227,Aats-gln
COG1269,32,0.9998,7.927,1.12e-15,7.13e-12,Metamonada,FBpp0079839,7227,Vha100-5
COG1269,32,0.9998,7.927,1.12e-15,7.13e-12,Metamonada,FBpp0083071,7227,Vha100-2
COG1269,32,0.9998,7.927,1.12e-15,7.13e-12,Metamonada,FBpp0083073,7227,Vha100-4
COG1269,32,0.9998,7.927,1.12e-15,7.13e-12,Metamonada,FBpp0084743,7227,Vha100-1
COG1269,32,0.9998,7.927,1.12e-15,7.13e-12,Metamonada,FBpp0085786,7227,Vha100-3
COG1095,32,1,7.925,1.14e-15,7.25e-12,Metamonada,FBpp0082590,7227,CG31344
COG1095,32,1,7.925,1.14e-15,7.25e-12,Metamonada,FBpp0082591,7227,Rpb7
COG1095,32,1,7.925,1.14e-15,7.25e-12,Metamonada,FBpp0303920,7227,CG7339
COG2125,32,0.9986,7.925,1.14e-15,7.27e-12,Metamonada,FBpp0071087,7227,RpS6
COG5207,32,0.9989,7.923,1.16e-15,7.37e-12,Metamonada,FBpp0072976,7227,Usp5
KOG3206,32,0.9608,7.922,1.17e-15,7.46e-12,Metamonada,FBpp0085690,7227,TBCB
COG0037,32,0.9714,7.92,1.18e-15,7.54e-12,Metamonada,FBpp0087712,7227,CG8078
COG2016,32,0.9965,7.919,1.19e-15,7.6e-12,Metamonada,FBpp0070832,7227,CG5941
COG2016,32,0.9965,7.919,1.19e-15,7.6e-12,Metamonada,FBpp0084779,7227,ligatin
COG0097,32,0.9997,7.919,1.2e-15,7.61e-12,Metamonada,FBpp0079752,7227,RpL9
COG0579,32,0.9503,7.918,1.2e-15,7.67e-12,Metamonada,FBpp0080728,7227,CG10639
COG0201,32,0.9998,7.917,1.21e-15,7.72e-12,Metamonada,FBpp0078896,7227,Sec61alpha
COG0513,32,1,7.917,1.22e-15,7.76e-12,Metamonada,FBpp0070462,7227,fs(1)Yb
COG0513,32,1,7.917,1.22e-15,7.76e-12,Metamonada,FBpp0071084,7227,CG10777
COG0513,32,1,7.917,1.22e-15,7.76e-12,Metamonada,FBpp0072475,7227,CG32344
COG0513,32,1,7.917,1.22e-15,7.76e-12,Metamonada,FBpp0073828,7227,CG6227
COG0513,32,1,7.917,1.22e-15,7.76e-12,Metamonada,FBpp0074214,7227,CG8611
COG0513,32,1,7.917,1.22e-15,7.76e-12,Metamonada,FBpp0074227,7227,CG5800
COG0513,32,1,7.917,1.22e-15,7.76e-12,Metamonada,FBpp0075106,7227,Dbp73D
COG0513,32,1,7.917,1.22e-15,7.76e-12,Metamonada,FBpp0076003,7227,CG6418
COG0513,32,1,7.917,1.22e-15,7.76e-12,Metamonada,FBpp0076649,7227,CG10077
COG0513,32,1,7.917,1.22e-15,7.76e-12,Metamonada,FBpp0076917,7227,Hlc
COG0513,32,1,7.917,1.22e-15,7.76e-12,Metamonada,FBpp0077674,7227,Dbp21E2
COG0513,32,1,7.917,1.22e-15,7.76e-12,Metamonada,FBpp0078144,7227,Ddx1
COG0513,32,1,7.917,1.22e-15,7.76e-12,Metamonada,FBpp0078210,7227,BoYb
COG0513,32,1,7.917,1.22e-15,7.76e-12,Metamonada,FBpp0078301,7227,Rm62
COG0513,32,1,7.917,1.22e-15,7.76e-12,Metamonada,FBpp0078754,7227,Hel25E
COG0513,32,1,7.917,1.22e-15,7.76e-12,Metamonada,FBpp0079565,7227,me31B
COG0513,32,1,7.917,1.22e-15,7.76e-12,Metamonada,FBpp0080622,7227,CG10333
COG0513,32,1,7.917,1.22e-15,7.76e-12,Metamonada,FBpp0080997,7227,CG9253
COG0513,32,1,7.917,1.22e-15,7.76e-12,Metamonada,FBpp0081324,7227,eIF4AIII
COG0513,32,1,7.917,1.22e-15,7.76e-12,Metamonada,FBpp0081355,7227,CG9630
COG0513,32,1,7.917,1.22e-15,7.76e-12,Metamonada,FBpp0081374,7227,bel
COG0513,32,1,7.917,1.22e-15,7.76e-12,Metamonada,FBpp0083572,7227,pit
COG0513,32,1,7.917,1.22e-15,7.76e-12,Metamonada,FBpp0085616,7227,CG9143
COG0513,32,1,7.917,1.22e-15,7.76e-12,Metamonada,FBpp0087645,7227,Dbp45A
COG0513,32,1,7.917,1.22e-15,7.76e-12,Metamonada,FBpp0087865,7227,Rs1
COG0513,32,1,7.917,1.22e-15,7.76e-12,Metamonada,FBpp0112117,7227,CG7878
COG0513,32,1,7.917,1.22e-15,7.76e-12,Metamonada,FBpp0292885,7227,SoYb
COG0513,32,1,7.917,1.22e-15,7.76e-12,Metamonada,FBpp0292886,7227,CG31875
COG0513,32,1,7.917,1.22e-15,7.76e-12,Metamonada,FBpp0293395,7227,vas
COG0513,32,1,7.917,1.22e-15,7.76e-12,Metamonada,FBpp0297911,7227,eIF-4a
COG0513,32,1,7.917,1.22e-15,7.76e-12,Metamonada,FBpp0300877,7227,CG14443
COG0513,32,1,7.917,1.22e-15,7.76e-12,Metamonada,FBpp0301175,7227,Atac3
COG0513,32,1,7.917,1.22e-15,7.76e-12,Metamonada,FBpp0306223,7227,Gem3
COG0180,32,1,7.917,1.22e-15,7.76e-12,Metamonada,FBpp0074907,7227,CG7441
COG0180,32,1,7.917,1.22e-15,7.76e-12,Metamonada,FBpp0081460,7227,Aats-trp
COG0478,32,0.9948,7.917,1.22e-15,7.77e-12,Metamonada,FBpp0084191,7227,RIOK2
COG1525,32,0.9951,7.915,1.23e-15,7.84e-12,Metamonada,FBpp0071508,7227,tud
COG1525,32,0.9951,7.915,1.23e-15,7.84e-12,Metamonada,FBpp0074390,7227,CG15042
COG1525,32,0.9951,7.915,1.23e-15,7.84e-12,Metamonada,FBpp0083716,7227,vret
COG1525,32,0.9951,7.915,1.23e-15,7.84e-12,Metamonada,FBpp0085592,7227,CG8920
COG1525,32,0.9951,7.915,1.23e-15,7.84e-12,Metamonada,FBpp0086333,7227,krimp
COG1525,32,0.9951,7.915,1.23e-15,7.84e-12,Metamonada,FBpp0086689,7227,tej
COG1525,32,0.9951,7.915,1.23e-15,7.84e-12,Metamonada,FBpp0302955,7227,qin
COG1525,32,0.9951,7.915,1.23e-15,7.84e-12,Metamonada,FBpp0304417,7227,Tudor-SN
COG1109,32,0.9998,7.915,1.23e-15,7.85e-12,Metamonada,FBpp0075699,7227,nst
COG1109,32,0.9998,7.915,1.23e-15,7.85e-12,Metamonada,FBpp0086594,7227,CG10202
COG1109,32,0.9998,7.915,1.23e-15,7.85e-12,Metamonada,FBpp0087711,7227,Pmm45A
KOG2171,32,0.997,7.915,1.23e-15,7.86e-12,Metamonada,FBpp0075072,7227,CG32165
KOG2171,32,0.997,7.915,1.23e-15,7.86e-12,Metamonada,FBpp0078500,7227,Karybeta3
KOG2171,32,0.997,7.915,1.23e-15,7.86e-12,Metamonada,FBpp0303949,7227,CG32164
COG1028,32,1,7.915,1.24e-15,7.9e-12,Metamonada,FBpp0070179,7227,CG3699
COG1028,32,1,7.915,1.24e-15,7.9e-12,Metamonada,FBpp0071071,7227,CG2254
COG1028,32,1,7.915,1.24e-15,7.9e-12,Metamonada,FBpp0071131,7227,sni
COG1028,32,1,7.915,1.24e-15,7.9e-12,Metamonada,FBpp0071183,7227,CG12116
COG1028,32,1,7.915,1.24e-15,7.9e-12,Metamonada,FBpp0071184,7227,Sptr
COG1028,32,1,7.915,1.24e-15,7.9e-12,Metamonada,FBpp0071206,7227,CG10962
COG1028,32,1,7.915,1.24e-15,7.9e-12,Metamonada,FBpp0073324,7227,antdh
COG1028,32,1,7.915,1.24e-15,7.9e-12,Metamonada,FBpp0073450,7227,CG9360
COG1028,32,1,7.915,1.24e-15,7.9e-12,Metamonada,FBpp0075142,7227,CG4842
COG1028,32,1,7.915,1.24e-15,7.9e-12,Metamonada,FBpp0075184,7227,Pdh
COG1028,32,1,7.915,1.24e-15,7.9e-12,Metamonada,FBpp0076882,7227,CG10672
COG1028,32,1,7.915,1.24e-15,7.9e-12,Metamonada,FBpp0077075,7227,CG15629
COG1028,32,1,7.915,1.24e-15,7.9e-12,Metamonada,FBpp0077552,7227,CG31937
COG1028,32,1,7.915,1.24e-15,7.9e-12,Metamonada,FBpp0078356,7227,CG31549
COG1028,32,1,7.915,1.24e-15,7.9e-12,Metamonada,FBpp0078357,7227,CG12171
COG1028,32,1,7.915,1.24e-15,7.9e-12,Metamonada,FBpp0078385,7227,CG31548
COG1028,32,1,7.915,1.24e-15,7.9e-12,Metamonada,FBpp0078386,7227,CG31546
COG1028,32,1,7.915,1.24e-15,7.9e-12,Metamonada,FBpp0079172,7227,Wwox
COG1028,32,1,7.915,1.24e-15,7.9e-12,Metamonada,FBpp0079408,7227,Fbp2
COG1028,32,1,7.915,1.24e-15,7.9e-12,Metamonada,FBpp0083003,7227,CG7675
COG1028,32,1,7.915,1.24e-15,7.9e-12,Metamonada,FBpp0083009,7227,CG31235
COG1028,32,1,7.915,1.24e-15,7.9e-12,Metamonada,FBpp0083500,7227,CG3301
COG1028,32,1,7.915,1.24e-15,7.9e-12,Metamonada,FBpp0083754,7227,CG17121
COG1028,32,1,7.915,1.24e-15,7.9e-12,Metamonada,FBpp0083755,7227,CG13833
COG1028,32,1,7.915,1.24e-15,7.9e-12,Metamonada,FBpp0084585,7227,CG5590
COG1028,32,1,7.915,1.24e-15,7.9e-12,Metamonada,FBpp0084910,7227,CG7601
COG1028,32,1,7.915,1.24e-15,7.9e-12,Metamonada,FBpp0085611,7227,CG11200
COG1028,32,1,7.915,1.24e-15,7.9e-12,Metamonada,FBpp0087993,7227,CG30491
COG1028,32,1,7.915,1.24e-15,7.9e-12,Metamonada,FBpp0087994,7227,CG30495
COG1028,32,1,7.915,1.24e-15,7.9e-12,Metamonada,FBpp0087995,7227,CG2070
COG1028,32,1,7.915,1.24e-15,7.9e-12,Metamonada,FBpp0087996,7227,CG2065
COG1028,32,1,7.915,1.24e-15,7.9e-12,Metamonada,FBpp0087997,7227,CG2064
COG1028,32,1,7.915,1.24e-15,7.9e-12,Metamonada,FBpp0099544,7227,Adhr
COG1028,32,1,7.915,1.24e-15,7.9e-12,Metamonada,FBpp0099973,7227,Dhpr
COG1028,32,1,7.915,1.24e-15,7.9e-12,Metamonada,FBpp0100048,7227,Adh
COG1028,32,1,7.915,1.24e-15,7.9e-12,Metamonada,FBpp0110508,7227,CG40486
COG1028,32,1,7.915,1.24e-15,7.9e-12,Metamonada,FBpp0110515,7227,CG40485
COG1028,32,1,7.915,1.24e-15,7.9e-12,Metamonada,FBpp0291239,7227,CG14946
COG1028,32,1,7.915,1.24e-15,7.9e-12,Metamonada,FBpp0291423,7227,CG9150
COG1028,32,1,7.915,1.24e-15,7.9e-12,Metamonada,FBpp0297622,7227,CG8757
COG1028,32,1,7.915,1.24e-15,7.9e-12,Metamonada,FBpp0300159,7227,CG18814
COG1028,32,1,7.915,1.24e-15,7.9e-12,Metamonada,FBpp0302621,7227,rdhB
COG1028,32,1,7.915,1.24e-15,7.9e-12,Metamonada,FBpp0303794,7227,CG9265
COG1028,32,1,7.915,1.24e-15,7.9e-12,Metamonada,FBpp0303812,7227,CG3842
COG1028,32,1,7.915,1.24e-15,7.9e-12,Metamonada,FBpp0304769,7227,CG3603
COG0454,32,0.9603,7.913,1.26e-15,8e-12,Metamonada,FBpp0082508,7227,CG4210
COG0454,32,0.9603,7.913,1.26e-15,8e-12,Metamonada,FBpp0297241,7227,CG1969
COG1073,32,1,7.912,1.27e-15,8.06e-12,Metamonada,FBpp0077328,7227,Bem46
COG1073,32,1,7.912,1.27e-15,8.06e-12,Metamonada,FBpp0085764,7227,CG15111
COG1073,32,1,7.912,1.27e-15,8.06e-12,Metamonada,FBpp0112956,7227,CG33096
KOG1240,32,0.9204,7.912,1.27e-15,8.07e-12,Metamonada,FBpp0081466,7227,ird1
COG5210,32,1,7.912,1.27e-15,8.07e-12,Metamonada,FBpp0076372,7227,GAPsec
COG5210,32,1,7.912,1.27e-15,8.07e-12,Metamonada,FBpp0078058,7227,CG7324
COG5210,32,1,7.912,1.27e-15,8.07e-12,Metamonada,FBpp0079633,7227,CG5337
COG5210,32,1,7.912,1.27e-15,8.07e-12,Metamonada,FBpp0081889,7227,wkd
COG5210,32,1,7.912,1.27e-15,8.07e-12,Metamonada,FBpp0082246,7227,CG8449
COG5210,32,1,7.912,1.27e-15,8.07e-12,Metamonada,FBpp0082510,7227,CG12241
COG5210,32,1,7.912,1.27e-15,8.07e-12,Metamonada,FBpp0082705,7227,CG5916
COG5210,32,1,7.912,1.27e-15,8.07e-12,Metamonada,FBpp0086523,7227,CG8155
COG5210,32,1,7.912,1.27e-15,8.07e-12,Metamonada,FBpp0086731,7227,RN-tre
COG5210,32,1,7.912,1.27e-15,8.07e-12,Metamonada,FBpp0112066,7227,GAPcenA
COG5210,32,1,7.912,1.27e-15,8.07e-12,Metamonada,FBpp0289447,7227,GstT3
COG5210,32,1,7.912,1.27e-15,8.07e-12,Metamonada,FBpp0292634,7227,CG42795
COG5210,32,1,7.912,1.27e-15,8.07e-12,Metamonada,FBpp0300194,7227,CG32506
COG5210,32,1,7.912,1.27e-15,8.07e-12,Metamonada,FBpp0304615,7227,Tbc1d15-17
COG5210,32,1,7.912,1.27e-15,8.07e-12,Metamonada,FBpp0305155,7227,CG1695
COG0631,32,1,7.912,1.27e-15,8.08e-12,Metamonada,FBpp0070653,7227,Pp2C1
COG0631,32,1,7.912,1.27e-15,8.08e-12,Metamonada,FBpp0071021,7227,CG15035
COG0631,32,1,7.912,1.27e-15,8.08e-12,Metamonada,FBpp0072452,7227,Ppm1
COG0631,32,1,7.912,1.27e-15,8.08e-12,Metamonada,FBpp0072956,7227,CG17746
COG0631,32,1,7.912,1.27e-15,8.08e-12,Metamonada,FBpp0079146,7227,CG7115
COG0631,32,1,7.912,1.27e-15,8.08e-12,Metamonada,FBpp0080672,7227,CG10376
COG0631,32,1,7.912,1.27e-15,8.08e-12,Metamonada,FBpp0084399,7227,CG6036
COG0631,32,1,7.912,1.27e-15,8.08e-12,Metamonada,FBpp0084810,7227,alph
COG0631,32,1,7.912,1.27e-15,8.08e-12,Metamonada,FBpp0084904,7227,fig
COG0631,32,1,7.912,1.27e-15,8.08e-12,Metamonada,FBpp0085427,7227,CG10417
COG0631,32,1,7.912,1.27e-15,8.08e-12,Metamonada,FBpp0298274,7227,Pdp
COG0631,32,1,7.912,1.27e-15,8.08e-12,Metamonada,FBpp0305592,7227,CG12091
COG0474,32,1,7.912,1.27e-15,8.1e-12,Metamonada,FBpp0071750,7227,CG3701
COG0474,32,1,7.912,1.27e-15,8.1e-12,Metamonada,FBpp0072125,7227,Ca-P60A
COG0474,32,1,7.912,1.27e-15,8.1e-12,Metamonada,FBpp0074048,7227,CG4301
COG0474,32,1,7.912,1.27e-15,8.1e-12,Metamonada,FBpp0079815,7227,CG6230
COG0474,32,1,7.912,1.27e-15,8.1e-12,Metamonada,FBpp0086831,7227,CG30060
COG0474,32,1,7.912,1.27e-15,8.1e-12,Metamonada,FBpp0088502,7227,Atpalpha
COG0474,32,1,7.912,1.27e-15,8.1e-12,Metamonada,FBpp0088794,7227,CG33298
COG0474,32,1,7.912,1.27e-15,8.1e-12,Metamonada,FBpp0112329,7227,CG32000
COG0474,32,1,7.912,1.27e-15,8.1e-12,Metamonada,FBpp0288804,7227,JYalpha
COG0474,32,1,7.912,1.27e-15,8.1e-12,Metamonada,FBpp0289035,7227,CG42321
COG0474,32,1,7.912,1.27e-15,8.1e-12,Metamonada,FBpp0289580,7227,ATP8B
COG0474,32,1,7.912,1.27e-15,8.1e-12,Metamonada,FBpp0289782,7227,PMCA
COG0474,32,1,7.912,1.27e-15,8.1e-12,Metamonada,FBpp0291443,7227,CG40625
COG0474,32,1,7.912,1.27e-15,8.1e-12,Metamonada,FBpp0304415,7227,SPoCk
COG0474,32,1,7.912,1.27e-15,8.1e-12,Metamonada,FBpp0306159,7227,CG9981
COG1436,32,0.9646,7.911,1.27e-15,8.11e-12,Metamonada,FBpp0078234,7227,Vha14-2
COG1436,32,0.9646,7.911,1.27e-15,8.11e-12,Metamonada,FBpp0086474,7227,Vha14-1
COG1436,32,0.9646,7.911,1.27e-15,8.11e-12,Metamonada,FBpp0302669,7227,CG15719
KOG0717,32,0.989,7.911,1.28e-15,8.13e-12,Metamonada,FBpp0072315,7227,CG2790
COG1911,32,0.989,7.909,1.3e-15,8.25e-12,Metamonada,FBpp0291653,7227,RpL30
KOG2177,32,0.9818,7.908,1.3e-15,8.31e-12,Metamonada,FBpp0079210,7227,CG8419
KOG2177,32,0.9818,7.908,1.3e-15,8.31e-12,Metamonada,FBpp0083320,7227,bon
KOG2177,32,0.9818,7.908,1.3e-15,8.31e-12,Metamonada,FBpp0086007,7227,POSH
KOG2177,32,0.9818,7.908,1.3e-15,8.31e-12,Metamonada,FBpp0113114,7227,tn
KOG2177,32,0.9818,7.908,1.3e-15,8.31e-12,Metamonada,FBpp0289359,7227,wech
KOG2177,32,0.9818,7.908,1.3e-15,8.31e-12,Metamonada,FBpp0291638,7227,CG17048
KOG2177,32,0.9818,7.908,1.3e-15,8.31e-12,Metamonada,FBpp0293081,7227,brat
KOG2177,32,0.9818,7.908,1.3e-15,8.31e-12,Metamonada,FBpp0302877,7227,CG12547
KOG2177,32,0.9818,7.908,1.3e-15,8.31e-12,Metamonada,FBpp0302955,7227,qin
KOG2177,32,0.9818,7.908,1.3e-15,8.31e-12,Metamonada,FBpp0305661,7227,mei-P26
KOG1837,32,0.9689,7.908,1.31e-15,8.34e-12,Metamonada,FBpp0078971,7227,l(2)k09022
KOG0096,32,0.9982,7.906,1.33e-15,8.47e-12,Metamonada,FBpp0073328,7227,Ran
KOG0096,32,0.9982,7.906,1.33e-15,8.47e-12,Metamonada,FBpp0075369,7227,Ran-like
COG5083,32,0.9774,7.905,1.34e-15,8.52e-12,Metamonada,FBpp0086048,7227,rdgBbeta
COG5083,32,0.9774,7.905,1.34e-15,8.52e-12,Metamonada,FBpp0292618,7227,Lpin
COG5083,32,0.9774,7.905,1.34e-15,8.52e-12,Metamonada,FBpp0301765,7227,vib
COG5083,32,0.9774,7.905,1.34e-15,8.52e-12,Metamonada,FBpp0304106,7227,rdgB
COG2126,32,0.9856,7.904,1.35e-15,8.57e-12,Metamonada,FBpp0071888,7227,RpL37b
COG2126,32,0.9856,7.904,1.35e-15,8.57e-12,Metamonada,FBpp0073844,7227,RpL37a
COG2126,32,0.9856,7.904,1.35e-15,8.57e-12,Metamonada,FBpp0088599,7227,Sh
COG2126,32,0.9856,7.904,1.35e-15,8.57e-12,Metamonada,FBpp0111766,7227,Shal
COG2126,32,0.9856,7.904,1.35e-15,8.57e-12,Metamonada,FBpp0288427,7227,Shaw
COG2126,32,0.9856,7.904,1.35e-15,8.57e-12,Metamonada,FBpp0290659,7227,KCNQ
COG2126,32,0.9856,7.904,1.35e-15,8.57e-12,Metamonada,FBpp0300390,7227,Shawl
COG2126,32,0.9856,7.904,1.35e-15,8.57e-12,Metamonada,FBpp0306030,7227,Shab
COG0324,32,0.9911,7.904,1.35e-15,8.59e-12,Metamonada,FBpp0292533,7227,CG31381
COG0553,32,1,7.903,1.36e-15,8.67e-12,Metamonada,FBpp0071529,7227,dom
COG0553,32,1,7.903,1.36e-15,8.67e-12,Metamonada,FBpp0072192,7227,CG4049
COG0553,32,1,7.903,1.36e-15,8.67e-12,Metamonada,FBpp0073296,7227,Lint-1
COG0553,32,1,7.903,1.36e-15,8.67e-12,Metamonada,FBpp0074766,7227,Chd3
COG0553,32,1,7.903,1.36e-15,8.67e-12,Metamonada,FBpp0077357,7227,okr
COG0553,32,1,7.903,1.36e-15,8.67e-12,Metamonada,FBpp0078631,7227,Marcal1
COG0553,32,1,7.903,1.36e-15,8.67e-12,Metamonada,FBpp0083185,7227,Ino80
COG0553,32,1,7.903,1.36e-15,8.67e-12,Metamonada,FBpp0083186,7227,CG31244
COG0553,32,1,7.903,1.36e-15,8.67e-12,Metamonada,FBpp0083701,7227,CG6985
COG0553,32,1,7.903,1.36e-15,8.67e-12,Metamonada,FBpp0084212,7227,XNP
COG0553,32,1,7.903,1.36e-15,8.67e-12,Metamonada,FBpp0086954,7227,Iswi
COG0553,32,1,7.903,1.36e-15,8.67e-12,Metamonada,FBpp0087148,7227,ADD1
COG0553,32,1,7.903,1.36e-15,8.67e-12,Metamonada,FBpp0099808,7227,Mi-2
COG0553,32,1,7.903,1.36e-15,8.67e-12,Metamonada,FBpp0111979,7227,tou
COG0553,32,1,7.903,1.36e-15,8.67e-12,Metamonada,FBpp0289115,7227,kis
COG0553,32,1,7.903,1.36e-15,8.67e-12,Metamonada,FBpp0297122,7227,Chd1
COG0553,32,1,7.903,1.36e-15,8.67e-12,Metamonada,FBpp0304173,7227,CG7376
COG0553,32,1,7.903,1.36e-15,8.67e-12,Metamonada,FBpp0305757,7227,brm
COG0362,32,0.9537,7.903,1.36e-15,8.67e-12,Metamonada,FBpp0070368,7227,Pgd
COG1899,32,0.9756,7.901,1.38e-15,8.8e-12,Metamonada,FBpp0076418,7227,CG8005
COG5236,32,0.9561,7.901,1.39e-15,8.82e-12,Metamonada,FBpp0072214,7227,CG11414
COG5147,32,1,7.901,1.39e-15,8.84e-12,Metamonada,FBpp0072468,7227,Cdc5
COG5147,32,1,7.901,1.39e-15,8.84e-12,Metamonada,FBpp0081282,7227,Pbp95
COG5147,32,1,7.901,1.39e-15,8.84e-12,Metamonada,FBpp0089402,7227,Myb
COG1084,32,0.9997,7.898,1.42e-15,9.05e-12,Metamonada,FBpp0087637,7227,Non1
COG2940,32,1,7.896,1.44e-15,9.16e-12,Metamonada,FBpp0070347,7227,trr
COG2940,32,1,7.896,1.44e-15,9.16e-12,Metamonada,FBpp0070406,7227,msta
COG2940,32,1,7.896,1.44e-15,9.16e-12,Metamonada,FBpp0070431,7227,Bzd
COG2940,32,1,7.896,1.44e-15,9.16e-12,Metamonada,FBpp0071271,7227,CG12119
COG2940,32,1,7.896,1.44e-15,9.16e-12,Metamonada,FBpp0072043,7227,Lpt
COG2940,32,1,7.896,1.44e-15,9.16e-12,Metamonada,FBpp0073246,7227,CG11160
COG2940,32,1,7.896,1.44e-15,9.16e-12,Metamonada,FBpp0073610,7227,Set2
COG2940,32,1,7.896,1.44e-15,9.16e-12,Metamonada,FBpp0074807,7227,CG18136
COG2940,32,1,7.896,1.44e-15,9.16e-12,Metamonada,FBpp0075717,7227,Smyd4
COG2940,32,1,7.896,1.44e-15,9.16e-12,Metamonada,FBpp0080267,7227,dao
COG2940,32,1,7.896,1.44e-15,9.16e-12,Metamonada,FBpp0082387,7227,pr-set7
COG2940,32,1,7.896,1.44e-15,9.16e-12,Metamonada,FBpp0082406,7227,trx
COG2940,32,1,7.896,1.44e-15,9.16e-12,Metamonada,FBpp0083507,7227,CG3353
COG2940,32,1,7.896,1.44e-15,9.16e-12,Metamonada,FBpp0084165,7227,CG31111
COG2940,32,1,7.896,1.44e-15,9.16e-12,Metamonada,FBpp0084166,7227,CG31109
COG2940,32,1,7.896,1.44e-15,9.16e-12,Metamonada,FBpp0084636,7227,Mes-4
COG2940,32,1,7.896,1.44e-15,9.16e-12,Metamonada,FBpp0085358,7227,CG14590
COG2940,32,1,7.896,1.44e-15,9.16e-12,Metamonada,FBpp0086127,7227,CG9642
COG2940,32,1,7.896,1.44e-15,9.16e-12,Metamonada,FBpp0086665,7227,CG8503
COG2940,32,1,7.896,1.44e-15,9.16e-12,Metamonada,FBpp0087091,7227,CG8378
COG2940,32,1,7.896,1.44e-15,9.16e-12,Metamonada,FBpp0087232,7227,CG7759
COG2940,32,1,7.896,1.44e-15,9.16e-12,Metamonada,FBpp0087625,7227,CG1868
COG2940,32,1,7.896,1.44e-15,9.16e-12,Metamonada,FBpp0111689,7227,egg
COG2940,32,1,7.896,1.44e-15,9.16e-12,Metamonada,FBpp0112005,7227,CG5098
COG2940,32,1,7.896,1.44e-15,9.16e-12,Metamonada,FBpp0112128,7227,CG4565
COG2940,32,1,7.896,1.44e-15,9.16e-12,Metamonada,FBpp0291454,7227,Set1
COG2940,32,1,7.896,1.44e-15,9.16e-12,Metamonada,FBpp0297151,7227,ash1
COG2940,32,1,7.896,1.44e-15,9.16e-12,Metamonada,FBpp0302536,7227,Su(var)3-9
COG2940,32,1,7.896,1.44e-15,9.16e-12,Metamonada,FBpp0304309,7227,CG9640
COG2940,32,1,7.896,1.44e-15,9.16e-12,Metamonada,FBpp0304342,7227,CG43129
COG2940,32,1,7.896,1.44e-15,9.16e-12,Metamonada,FBpp0305207,7227,G9a
COG2940,32,1,7.896,1.44e-15,9.16e-12,Metamonada,FBpp0305674,7227,pie
COG2940,32,1,7.896,1.44e-15,9.16e-12,Metamonada,FBpp0305727,7227,Phf7
COG2940,32,1,7.896,1.44e-15,9.16e-12,Metamonada,FBpp0306192,7227,E(z)
COG2042,32,0.9894,7.892,1.49e-15,9.5e-12,Metamonada,FBpp0082525,7227,CG4338
KOG1721,32,0.9654,7.891,1.5e-15,9.54e-12,Metamonada,FBpp0070240,7227,CG11398
KOG1721,32,0.9654,7.891,1.5e-15,9.54e-12,Metamonada,FBpp0070465,7227,dwg
KOG1721,32,0.9654,7.891,1.5e-15,9.54e-12,Metamonada,FBpp0070466,7227,CG2712
KOG1721,32,0.9654,7.891,1.5e-15,9.54e-12,Metamonada,FBpp0070648,7227,peb
KOG1721,32,0.9654,7.891,1.5e-15,9.54e-12,Metamonada,FBpp0070703,7227,Bteb2
KOG1721,32,0.9654,7.891,1.5e-15,9.54e-12,Metamonada,FBpp0070790,7227,CG12236
KOG1721,32,0.9654,7.891,1.5e-15,9.54e-12,Metamonada,FBpp0070870,7227,CG3847
KOG1721,32,0.9654,7.891,1.5e-15,9.54e-12,Metamonada,FBpp0070886,7227,CG12219
KOG1721,32,0.9654,7.891,1.5e-15,9.54e-12,Metamonada,FBpp0070920,7227,CG14441
KOG1721,32,0.9654,7.891,1.5e-15,9.54e-12,Metamonada,FBpp0070922,7227,CG14438
KOG1721,32,0.9654,7.891,1.5e-15,9.54e-12,Metamonada,FBpp0070947,7227,CG14440
KOG1721,32,0.9654,7.891,1.5e-15,9.54e-12,Metamonada,FBpp0070991,7227,CG3032
KOG1721,32,0.9654,7.891,1.5e-15,9.54e-12,Metamonada,FBpp0071103,7227,CG2116
KOG1721,32,0.9654,7.891,1.5e-15,9.54e-12,Metamonada,FBpp0071106,7227,CG2129
KOG1721,32,0.9654,7.891,1.5e-15,9.54e-12,Metamonada,FBpp0071108,7227,CG10959
KOG1721,32,0.9654,7.891,1.5e-15,9.54e-12,Metamonada,FBpp0071109,7227,CG18262
KOG1721,32,0.9654,7.891,1.5e-15,9.54e-12,Metamonada,FBpp0071314,7227,btd
KOG1721,32,0.9654,7.891,1.5e-15,9.54e-12,Metamonada,FBpp0071385,7227,CG2889
KOG1721,32,0.9654,7.891,1.5e-15,9.54e-12,Metamonada,FBpp0071477,7227,grau
KOG1721,32,0.9654,7.891,1.5e-15,9.54e-12,Metamonada,FBpp0071577,7227,CG10321
KOG1721,32,0.9654,7.891,1.5e-15,9.54e-12,Metamonada,FBpp0072021,7227,pita
KOG1721,32,0.9654,7.891,1.5e-15,9.54e-12,Metamonada,FBpp0072038,7227,ken
KOG1721,32,0.9654,7.891,1.5e-15,9.54e-12,Metamonada,FBpp0072063,7227,CG3065
KOG1721,32,0.9654,7.891,1.5e-15,9.54e-12,Metamonada,FBpp0072245,7227,CG4707
KOG1721,32,0.9654,7.891,1.5e-15,9.54e-12,Metamonada,FBpp0072447,7227,CG1233
KOG1721,32,0.9654,7.891,1.5e-15,9.54e-12,Metamonada,FBpp0072605,7227,CG2199
KOG1721,32,0.9654,7.891,1.5e-15,9.54e-12,Metamonada,FBpp0073236,7227,CG2202
KOG1721,32,0.9654,7.891,1.5e-15,9.54e-12,Metamonada,FBpp0073361,7227,CG11696
KOG1721,32,0.9654,7.891,1.5e-15,9.54e-12,Metamonada,FBpp0073362,7227,CG11695
KOG1721,32,0.9654,7.891,1.5e-15,9.54e-12,Metamonada,FBpp0073660,7227,CG11071
KOG1721,32,0.9654,7.891,1.5e-15,9.54e-12,Metamonada,FBpp0073882,7227,CG9215
KOG1721,32,0.9654,7.891,1.5e-15,9.54e-12,Metamonada,FBpp0073981,7227,CG8944
KOG1721,32,0.9654,7.891,1.5e-15,9.54e-12,Metamonada,FBpp0074130,7227,CG9609
KOG1721,32,0.9654,7.891,1.5e-15,9.54e-12,Metamonada,FBpp0074410,7227,CG7101
KOG1721,32,0.9654,7.891,1.5e-15,9.54e-12,Metamonada,FBpp0074576,7227,vfl
KOG1721,32,0.9654,7.891,1.5e-15,9.54e-12,Metamonada,FBpp0075259,7227,DmA35
KOG1721,32,0.9654,7.891,1.5e-15,9.54e-12,Metamonada,FBpp0075323,7227,CG7372
KOG1721,32,0.9654,7.891,1.5e-15,9.54e-12,Metamonada,FBpp0075509,7227,CG17361
KOG1721,32,0.9654,7.891,1.5e-15,9.54e-12,Metamonada,FBpp0075529,7227,CG17359
KOG1721,32,0.9654,7.891,1.5e-15,9.54e-12,Metamonada,FBpp0075533,7227,Meics
KOG1721,32,0.9654,7.891,1.5e-15,9.54e-12,Metamonada,FBpp0075596,7227,sens
KOG1721,32,0.9654,7.891,1.5e-15,9.54e-12,Metamonada,FBpp0076203,7227,phol
KOG1721,32,0.9654,7.891,1.5e-15,9.54e-12,Metamonada,FBpp0076588,7227,CTCF
KOG1721,32,0.9654,7.891,1.5e-15,9.54e-12,Metamonada,FBpp0076705,7227,CG13296
KOG1721,32,0.9654,7.891,1.5e-15,9.54e-12,Metamonada,FBpp0076707,7227,CG7386
KOG1721,32,0.9654,7.891,1.5e-15,9.54e-12,Metamonada,FBpp0076724,7227,D19A
KOG1721,32,0.9654,7.891,1.5e-15,9.54e-12,Metamonada,FBpp0076725,7227,D19B
KOG1721,32,0.9654,7.891,1.5e-15,9.54e-12,Metamonada,FBpp0076735,7227,CG13287
KOG1721,32,0.9654,7.891,1.5e-15,9.54e-12,Metamonada,FBpp0077132,7227,CG15436
KOG1721,32,0.9654,7.891,1.5e-15,9.54e-12,Metamonada,FBpp0077152,7227,CG17612
KOG1721,32,0.9654,7.891,1.5e-15,9.54e-12,Metamonada,FBpp0077204,7227,CG3407
KOG1721,32,0.9654,7.891,1.5e-15,9.54e-12,Metamonada,FBpp0077219,7227,drm
KOG1721,32,0.9654,7.891,1.5e-15,9.54e-12,Metamonada,FBpp0077246,7227,odd
KOG1721,32,0.9654,7.891,1.5e-15,9.54e-12,Metamonada,FBpp0077247,7227,sob
KOG1721,32,0.9654,7.891,1.5e-15,9.54e-12,Metamonada,FBpp0077539,7227,erm
KOG1721,32,0.9654,7.891,1.5e-15,9.54e-12,Metamonada,FBpp0077743,7227,cbt
KOG1721,32,0.9654,7.891,1.5e-15,9.54e-12,Metamonada,FBpp0077922,7227,CG11456
KOG1721,32,0.9654,7.891,1.5e-15,9.54e-12,Metamonada,FBpp0077992,7227,pzg
KOG1721,32,0.9654,7.891,1.5e-15,9.54e-12,Metamonada,FBpp0078005,7227,Aef1
KOG1721,32,0.9654,7.891,1.5e-15,9.54e-12,Metamonada,FBpp0078048,7227,Neu2
KOG1721,32,0.9654,7.891,1.5e-15,9.54e-12,Metamonada,FBpp0078113,7227,CG11247
KOG1721,32,0.9654,7.891,1.5e-15,9.54e-12,Metamonada,FBpp0078190,7227,CG14451
KOG1721,32,0.9654,7.891,1.5e-15,9.54e-12,Metamonada,FBpp0078280,7227,CG10979
KOG1721,32,0.9654,7.891,1.5e-15,9.54e-12,Metamonada,FBpp0078477,7227,opa
KOG1721,32,0.9654,7.891,1.5e-15,9.54e-12,Metamonada,FBpp0078521,7227,CG14655
KOG1721,32,0.9654,7.891,1.5e-15,9.54e-12,Metamonada,FBpp0078591,7227,hkb
KOG1721,32,0.9654,7.891,1.5e-15,9.54e-12,Metamonada,FBpp0078969,7227,sens-2
KOG1721,32,0.9654,7.891,1.5e-15,9.54e-12,Metamonada,FBpp0079047,7227,CG4496
KOG1721,32,0.9654,7.891,1.5e-15,9.54e-12,Metamonada,FBpp0079461,7227,zf30C
KOG1721,32,0.9654,7.891,1.5e-15,9.54e-12,Metamonada,FBpp0079507,7227,CG13123
KOG1721,32,0.9654,7.891,1.5e-15,9.54e-12,Metamonada,FBpp0079702,7227,CG12299
KOG1721,32,0.9654,7.891,1.5e-15,9.54e-12,Metamonada,FBpp0079845,7227,crol
KOG1721,32,0.9654,7.891,1.5e-15,9.54e-12,Metamonada,FBpp0079889,7227,Plzf
KOG1721,32,0.9654,7.891,1.5e-15,9.54e-12,Metamonada,FBpp0080014,7227,CG5204
KOG1721,32,0.9654,7.891,1.5e-15,9.54e-12,Metamonada,FBpp0080134,7227,CG16884
KOG1721,32,0.9654,7.891,1.5e-15,9.54e-12,Metamonada,FBpp0080264,7227,CG15269
KOG1721,32,0.9654,7.891,1.5e-15,9.54e-12,Metamonada,FBpp0080387,7227,CG17328
KOG1721,32,0.9654,7.891,1.5e-15,9.54e-12,Metamonada,FBpp0080440,7227,her
KOG1721,32,0.9654,7.891,1.5e-15,9.54e-12,Metamonada,FBpp0080678,7227,CG10431
KOG1721,32,0.9654,7.891,1.5e-15,9.54e-12,Metamonada,FBpp0080774,7227,CG17568
KOG1721,32,0.9654,7.891,1.5e-15,9.54e-12,Metamonada,FBpp0080800,7227,CG10366
KOG1721,32,0.9654,7.891,1.5e-15,9.54e-12,Metamonada,FBpp0080856,7227,CG10631
KOG1721,32,0.9654,7.891,1.5e-15,9.54e-12,Metamonada,FBpp0080857,7227,CG10462
KOG1721,32,0.9654,7.891,1.5e-15,9.54e-12,Metamonada,FBpp0081254,7227,CG2678
KOG1721,32,0.9654,7.891,1.5e-15,9.54e-12,Metamonada,FBpp0081394,7227,CG8145
KOG1721,32,0.9654,7.891,1.5e-15,9.54e-12,Metamonada,FBpp0081395,7227,CG11762
KOG1721,32,0.9654,7.891,1.5e-15,9.54e-12,Metamonada,FBpp0081428,7227,M1BP
KOG1721,32,0.9654,7.891,1.5e-15,9.54e-12,Metamonada,FBpp0081429,7227,ranshi
KOG1721,32,0.9654,7.891,1.5e-15,9.54e-12,Metamonada,FBpp0081431,7227,hb
KOG1721,32,0.9654,7.891,1.5e-15,9.54e-12,Metamonada,FBpp0081490,7227,E(var)3-9
KOG1721,32,0.9654,7.891,1.5e-15,9.54e-12,Metamonada,FBpp0081492,7227,CG11966
KOG1721,32,0.9654,7.891,1.5e-15,9.54e-12,Metamonada,FBpp0081551,7227,CG8301
KOG1721,32,0.9654,7.891,1.5e-15,9.54e-12,Metamonada,FBpp0081555,7227,CG8319
KOG1721,32,0.9654,7.891,1.5e-15,9.54e-12,Metamonada,FBpp0081603,7227,CG16779
KOG1721,32,0.9654,7.891,1.5e-15,9.54e-12,Metamonada,FBpp0081613,7227,topi
KOG1721,32,0.9654,7.891,1.5e-15,9.54e-12,Metamonada,FBpp0081662,7227,CG6254
KOG1721,32,0.9654,7.891,1.5e-15,9.54e-12,Metamonada,FBpp0081831,7227,CG31441
KOG1721,32,0.9654,7.891,1.5e-15,9.54e-12,Metamonada,FBpp0081832,7227,CG31388
KOG1721,32,0.9654,7.891,1.5e-15,9.54e-12,Metamonada,FBpp0081844,7227,CG6689
KOG1721,32,0.9654,7.891,1.5e-15,9.54e-12,Metamonada,FBpp0081892,7227,CG14711
KOG1721,32,0.9654,7.891,1.5e-15,9.54e-12,Metamonada,FBpp0081893,7227,CG18764
KOG1721,32,0.9654,7.891,1.5e-15,9.54e-12,Metamonada,FBpp0081894,7227,CG14712
KOG1721,32,0.9654,7.891,1.5e-15,9.54e-12,Metamonada,FBpp0081919,7227,CG18476
KOG1721,32,0.9654,7.891,1.5e-15,9.54e-12,Metamonada,FBpp0081927,7227,CG6808
KOG1721,32,0.9654,7.891,1.5e-15,9.54e-12,Metamonada,FBpp0081934,7227,CG6791
KOG1721,32,0.9654,7.891,1.5e-15,9.54e-12,Metamonada,FBpp0081985,7227,CG3281
KOG1721,32,0.9654,7.891,1.5e-15,9.54e-12,Metamonada,FBpp0082061,7227,CG5245
KOG1721,32,0.9654,7.891,1.5e-15,9.54e-12,Metamonada,FBpp0082404,7227,su(Hw)
KOG1721,32,0.9654,7.891,1.5e-15,9.54e-12,Metamonada,FBpp0082437,7227,CG7987
KOG1721,32,0.9654,7.891,1.5e-15,9.54e-12,Metamonada,FBpp0082543,7227,CG31301
KOG1721,32,0.9654,7.891,1.5e-15,9.54e-12,Metamonada,FBpp0082593,7227,CG6654
KOG1721,32,0.9654,7.891,1.5e-15,9.54e-12,Metamonada,FBpp0082948,7227,CG7357
KOG1721,32,0.9654,7.891,1.5e-15,9.54e-12,Metamonada,FBpp0082950,7227,CG17802
KOG1721,32,0.9654,7.891,1.5e-15,9.54e-12,Metamonada,FBpp0082951,7227,CG17806
KOG1721,32,0.9654,7.891,1.5e-15,9.54e-12,Metamonada,FBpp0082952,7227,CG17803
KOG1721,32,0.9654,7.891,1.5e-15,9.54e-12,Metamonada,FBpp0082966,7227,sr
KOG1721,32,0.9654,7.891,1.5e-15,9.54e-12,Metamonada,FBpp0083005,7227,gl
KOG1721,32,0.9654,7.891,1.5e-15,9.54e-12,Metamonada,FBpp0083106,7227,CG31224
KOG1721,32,0.9654,7.891,1.5e-15,9.54e-12,Metamonada,FBpp0083147,7227,sqz
KOG1721,32,0.9654,7.891,1.5e-15,9.54e-12,Metamonada,FBpp0083239,7227,CG4854
KOG1721,32,0.9654,7.891,1.5e-15,9.54e-12,Metamonada,FBpp0083240,7227,CG4936
KOG1721,32,0.9654,7.891,1.5e-15,9.54e-12,Metamonada,FBpp0083249,7227,trem
KOG1721,32,0.9654,7.891,1.5e-15,9.54e-12,Metamonada,FBpp0083250,7227,CG4424
KOG1721,32,0.9654,7.891,1.5e-15,9.54e-12,Metamonada,FBpp0083307,7227,CG4360
KOG1721,32,0.9654,7.891,1.5e-15,9.54e-12,Metamonada,FBpp0083757,7227,lmd
KOG1721,32,0.9654,7.891,1.5e-15,9.54e-12,Metamonada,FBpp0083797,7227,CG31457
KOG1721,32,0.9654,7.891,1.5e-15,9.54e-12,Metamonada,FBpp0083798,7227,CG31365
KOG1721,32,0.9654,7.891,1.5e-15,9.54e-12,Metamonada,FBpp0083950,7227,Spps
KOG1721,32,0.9654,7.891,1.5e-15,9.54e-12,Metamonada,FBpp0084308,7227,CG4730
KOG1721,32,0.9654,7.891,1.5e-15,9.54e-12,Metamonada,FBpp0084640,7227,CG33213
KOG1721,32,0.9654,7.891,1.5e-15,9.54e-12,Metamonada,FBpp0084695,7227,CG1647
KOG1721,32,0.9654,7.891,1.5e-15,9.54e-12,Metamonada,FBpp0084725,7227,wdn
KOG1721,32,0.9654,7.891,1.5e-15,9.54e-12,Metamonada,FBpp0084922,7227,Sry-beta
KOG1721,32,0.9654,7.891,1.5e-15,9.54e-12,Metamonada,FBpp0084924,7227,Sry-delta
KOG1721,32,0.9654,7.891,1.5e-15,9.54e-12,Metamonada,FBpp0084965,7227,CG7928
KOG1721,32,0.9654,7.891,1.5e-15,9.54e-12,Metamonada,FBpp0085079,7227,CG12071
KOG1721,32,0.9654,7.891,1.5e-15,9.54e-12,Metamonada,FBpp0085180,7227,CG1792
KOG1721,32,0.9654,7.891,1.5e-15,9.54e-12,Metamonada,FBpp0085262,7227,CG31612
KOG1721,32,0.9654,7.891,1.5e-15,9.54e-12,Metamonada,FBpp0085335,7227,CG30431
KOG1721,32,0.9654,7.891,1.5e-15,9.54e-12,Metamonada,FBpp0085444,7227,Opbp
KOG1721,32,0.9654,7.891,1.5e-15,9.54e-12,Metamonada,FBpp0085790,7227,CG15073
KOG1721,32,0.9654,7.891,1.5e-15,9.54e-12,Metamonada,FBpp0086288,7227,CG4282
KOG1721,32,0.9654,7.891,1.5e-15,9.54e-12,Metamonada,FBpp0086313,7227,CG15710
KOG1721,32,0.9654,7.891,1.5e-15,9.54e-12,Metamonada,FBpp0086401,7227,CG8388
KOG1721,32,0.9654,7.891,1.5e-15,9.54e-12,Metamonada,FBpp0086533,7227,row
KOG1721,32,0.9654,7.891,1.5e-15,9.54e-12,Metamonada,FBpp0086549,7227,CG8089
KOG1721,32,0.9654,7.891,1.5e-15,9.54e-12,Metamonada,FBpp0086646,7227,CG17385
KOG1721,32,0.9654,7.891,1.5e-15,9.54e-12,Metamonada,FBpp0086902,7227,sug
KOG1721,32,0.9654,7.891,1.5e-15,9.54e-12,Metamonada,FBpp0087300,7227,CG12391
KOG1721,32,0.9654,7.891,1.5e-15,9.54e-12,Metamonada,FBpp0087330,7227,CG30020
KOG1721,32,0.9654,7.891,1.5e-15,9.54e-12,Metamonada,FBpp0087331,7227,CG12942
KOG1721,32,0.9654,7.891,1.5e-15,9.54e-12,Metamonada,FBpp0087421,7227,CG18011
KOG1721,32,0.9654,7.891,1.5e-15,9.54e-12,Metamonada,FBpp0087465,7227,CG12744
KOG1721,32,0.9654,7.891,1.5e-15,9.54e-12,Metamonada,FBpp0087561,7227,CG1663
KOG1721,32,0.9654,7.891,1.5e-15,9.54e-12,Metamonada,FBpp0087772,7227,rgr
KOG1721,32,0.9654,7.891,1.5e-15,9.54e-12,Metamonada,FBpp0087904,7227,CG12769
KOG1721,32,0.9654,7.891,1.5e-15,9.54e-12,Metamonada,FBpp0088034,7227,CG1602
KOG1721,32,0.9654,7.891,1.5e-15,9.54e-12,Metamonada,FBpp0088052,7227,CG1603
KOG1721,32,0.9654,7.891,1.5e-15,9.54e-12,Metamonada,FBpp0088053,7227,az2
KOG1721,32,0.9654,7.891,1.5e-15,9.54e-12,Metamonada,FBpp0088245,7227,ci
KOG1721,32,0.9654,7.891,1.5e-15,9.54e-12,Metamonada,FBpp0088268,7227,pho
KOG1721,32,0.9654,7.891,1.5e-15,9.54e-12,Metamonada,FBpp0088592,7227,Cf2
KOG1721,32,0.9654,7.891,1.5e-15,9.54e-12,Metamonada,FBpp0088895,7227,CG9932
KOG1721,32,0.9654,7.891,1.5e-15,9.54e-12,Metamonada,FBpp0089118,7227,shn
KOG1721,32,0.9654,7.891,1.5e-15,9.54e-12,Metamonada,FBpp0099821,7227,Clamp
KOG1721,32,0.9654,7.891,1.5e-15,9.54e-12,Metamonada,FBpp0099852,7227,CG14667
KOG1721,32,0.9654,7.891,1.5e-15,9.54e-12,Metamonada,FBpp0110176,7227,l(3)neo38
KOG1721,32,0.9654,7.891,1.5e-15,9.54e-12,Metamonada,FBpp0110184,7227,CG7368
KOG1721,32,0.9654,7.891,1.5e-15,9.54e-12,Metamonada,FBpp0111583,7227,CG34406
KOG1721,32,0.9654,7.891,1.5e-15,9.54e-12,Metamonada,FBpp0112003,7227,MESR4
KOG1721,32,0.9654,7.891,1.5e-15,9.54e-12,Metamonada,FBpp0112047,7227,dar1
KOG1721,32,0.9654,7.891,1.5e-15,9.54e-12,Metamonada,FBpp0112062,7227,CG10274
KOG1721,32,0.9654,7.891,1.5e-15,9.54e-12,Metamonada,FBpp0112133,7227,CG4820
KOG1721,32,0.9654,7.891,1.5e-15,9.54e-12,Metamonada,FBpp0112234,7227,MTF-1
KOG1721,32,0.9654,7.891,1.5e-15,9.54e-12,Metamonada,FBpp0112914,7227,jing
KOG1721,32,0.9654,7.891,1.5e-15,9.54e-12,Metamonada,FBpp0113116,7227,CG1529
KOG1721,32,0.9654,7.891,1.5e-15,9.54e-12,Metamonada,FBpp0288474,7227,cg
KOG1721,32,0.9654,7.891,1.5e-15,9.54e-12,Metamonada,FBpp0288508,7227,hang
KOG1721,32,0.9654,7.891,1.5e-15,9.54e-12,Metamonada,FBpp0288736,7227,Kr-h1
KOG1721,32,0.9654,7.891,1.5e-15,9.54e-12,Metamonada,FBpp0288841,7227,CG14710
KOG1721,32,0.9654,7.891,1.5e-15,9.54e-12,Metamonada,FBpp0289745,7227,rn
KOG1721,32,0.9654,7.891,1.5e-15,9.54e-12,Metamonada,FBpp0289808,7227,CG6813
KOG1721,32,0.9654,7.891,1.5e-15,9.54e-12,Metamonada,FBpp0289911,7227,CG10669
KOG1721,32,0.9654,7.891,1.5e-15,9.54e-12,Metamonada,FBpp0289959,7227,CG11902
KOG1721,32,0.9654,7.891,1.5e-15,9.54e-12,Metamonada,FBpp0290136,7227,CG2120
KOG1721,32,0.9654,7.891,1.5e-15,9.54e-12,Metamonada,FBpp0290219,7227,CG32772
KOG1721,32,0.9654,7.891,1.5e-15,9.54e-12,Metamonada,FBpp0290412,7227,CG8159
KOG1721,32,0.9654,7.891,1.5e-15,9.54e-12,Metamonada,FBpp0290458,7227,CG9650
KOG1721,32,0.9654,7.891,1.5e-15,9.54e-12,Metamonada,FBpp0290499,7227,fru
KOG1721,32,0.9654,7.891,1.5e-15,9.54e-12,Metamonada,FBpp0290729,7227,pad
KOG1721,32,0.9654,7.891,1.5e-15,9.54e-12,Metamonada,FBpp0290861,7227,CG10348
KOG1721,32,0.9654,7.891,1.5e-15,9.54e-12,Metamonada,FBpp0290904,7227,CG4318
KOG1721,32,0.9654,7.891,1.5e-15,9.54e-12,Metamonada,FBpp0290973,7227,CG7963
KOG1721,32,0.9654,7.891,1.5e-15,9.54e-12,Metamonada,FBpp0291188,7227,ATbp
KOG1721,32,0.9654,7.891,1.5e-15,9.54e-12,Metamonada,FBpp0291578,7227,Zif
KOG1721,32,0.9654,7.891,1.5e-15,9.54e-12,Metamonada,FBpp0292053,7227,Oaz
KOG1721,32,0.9654,7.891,1.5e-15,9.54e-12,Metamonada,FBpp0292193,7227,CG42726
KOG1721,32,0.9654,7.891,1.5e-15,9.54e-12,Metamonada,FBpp0292194,7227,CG42727
KOG1721,32,0.9654,7.891,1.5e-15,9.54e-12,Metamonada,FBpp0292301,7227,CG42741
KOG1721,32,0.9654,7.891,1.5e-15,9.54e-12,Metamonada,FBpp0292405,7227,CG4374
KOG1721,32,0.9654,7.891,1.5e-15,9.54e-12,Metamonada,FBpp0292791,7227,CG10165
KOG1721,32,0.9654,7.891,1.5e-15,9.54e-12,Metamonada,FBpp0293452,7227,mld
KOG1721,32,0.9654,7.891,1.5e-15,9.54e-12,Metamonada,FBpp0293522,7227,jim
KOG1721,32,0.9654,7.891,1.5e-15,9.54e-12,Metamonada,FBpp0293744,7227,chn
KOG1721,32,0.9654,7.891,1.5e-15,9.54e-12,Metamonada,FBpp0297228,7227,CG14117
KOG1721,32,0.9654,7.891,1.5e-15,9.54e-12,Metamonada,FBpp0297865,7227,CG43347
KOG1721,32,0.9654,7.891,1.5e-15,9.54e-12,Metamonada,FBpp0297869,7227,bowl
KOG1721,32,0.9654,7.891,1.5e-15,9.54e-12,Metamonada,FBpp0297886,7227,Lin29
KOG1721,32,0.9654,7.891,1.5e-15,9.54e-12,Metamonada,FBpp0298300,7227,mamo
KOG1721,32,0.9654,7.891,1.5e-15,9.54e-12,Metamonada,FBpp0301973,7227,Sp1
KOG1721,32,0.9654,7.891,1.5e-15,9.54e-12,Metamonada,FBpp0303025,7227,Asciz
KOG1721,32,0.9654,7.891,1.5e-15,9.54e-12,Metamonada,FBpp0303719,7227,wek
KOG1721,32,0.9654,7.891,1.5e-15,9.54e-12,Metamonada,FBpp0303764,7227,CG14322
KOG1721,32,0.9654,7.891,1.5e-15,9.54e-12,Metamonada,FBpp0304003,7227,CG15336
KOG1721,32,0.9654,7.891,1.5e-15,9.54e-12,Metamonada,FBpp0304078,7227,CG17801
KOG1721,32,0.9654,7.891,1.5e-15,9.54e-12,Metamonada,FBpp0304146,7227,CG32767
KOG1721,32,0.9654,7.891,1.5e-15,9.54e-12,Metamonada,FBpp0304330,7227,fu2
KOG1721,32,0.9654,7.891,1.5e-15,9.54e-12,Metamonada,FBpp0304333,7227,ham
KOG1721,32,0.9654,7.891,1.5e-15,9.54e-12,Metamonada,FBpp0304845,7227,CG10543
KOG1721,32,0.9654,7.891,1.5e-15,9.54e-12,Metamonada,FBpp0304890,7227,CG10654
KOG1721,32,0.9654,7.891,1.5e-15,9.54e-12,Metamonada,FBpp0305001,7227,CG14135
KOG1721,32,0.9654,7.891,1.5e-15,9.54e-12,Metamonada,FBpp0305268,7227,CG6765
KOG1721,32,0.9654,7.891,1.5e-15,9.54e-12,Metamonada,FBpp0305274,7227,CG10147
KOG1721,32,0.9654,7.891,1.5e-15,9.54e-12,Metamonada,FBpp0305280,7227,luna
KOG1721,32,0.9654,7.891,1.5e-15,9.54e-12,Metamonada,FBpp0305365,7227,Kr
KOG1721,32,0.9654,7.891,1.5e-15,9.54e-12,Metamonada,FBpp0305553,7227,klu
COG0025,32,0.9889,7.888,1.53e-15,9.75e-12,Metamonada,FBpp0079002,7227,Nha1
COG0025,32,0.9889,7.888,1.53e-15,9.75e-12,Metamonada,FBpp0271755,7227,Nhe3
COG0025,32,0.9889,7.888,1.53e-15,9.75e-12,Metamonada,FBpp0289190,7227,Nhe2
COG0025,32,0.9889,7.888,1.53e-15,9.75e-12,Metamonada,FBpp0290667,7227,Nhe1
COG0025,32,0.9889,7.888,1.53e-15,9.75e-12,Metamonada,FBpp0301109,7227,Nha2
COG5029,32,1,7.887,1.55e-15,9.86e-12,Metamonada,FBpp0077316,7227,betaggt-II
COG5029,32,1,7.887,1.55e-15,9.86e-12,Metamonada,FBpp0078630,7227,betaggt-I
COG5029,32,1,7.887,1.55e-15,9.86e-12,Metamonada,FBpp0082737,7227,CG17565
COG2219,32,0.9955,7.886,1.56e-15,9.91e-12,Metamonada,FBpp0077899,7227,S(faf)240
COG5225,32,0.9692,7.885,1.57e-15,1e-11,Metamonada,FBpp0076738,7227,CG32409
KOG2963,32,0.9784,7.885,1.57e-15,1e-11,Metamonada,FBpp0083415,7227,ppan
KOG1586,32,0.9993,7.885,1.58e-15,1e-11,Metamonada,FBpp0074609,7227,alphaSnap
COG1448,32,0.9784,7.884,1.58e-15,1.01e-11,Metamonada,FBpp0077537,7227,Got2
COG1448,32,0.9784,7.884,1.58e-15,1.01e-11,Metamonada,FBpp0086370,7227,Got1
COG5076,32,0.9856,7.88,1.64e-15,1.04e-11,Metamonada,FBpp0071950,7227,CG30417
COG5076,32,0.9856,7.88,1.64e-15,1.04e-11,Metamonada,FBpp0072043,7227,Lpt
COG5076,32,0.9856,7.88,1.64e-15,1.04e-11,Metamonada,FBpp0075701,7227,Gcn5
COG5076,32,0.9856,7.88,1.64e-15,1.04e-11,Metamonada,FBpp0083911,7227,tbrd-1
COG5076,32,0.9856,7.88,1.64e-15,1.04e-11,Metamonada,FBpp0084115,7227,polybromo
COG5076,32,0.9856,7.88,1.64e-15,1.04e-11,Metamonada,FBpp0084763,7227,Brd8
COG5076,32,0.9856,7.88,1.64e-15,1.04e-11,Metamonada,FBpp0085204,7227,Acf1
COG5076,32,0.9856,7.88,1.64e-15,1.04e-11,Metamonada,FBpp0085699,7227,CG7229
COG5076,32,0.9856,7.88,1.64e-15,1.04e-11,Metamonada,FBpp0111979,7227,tou
COG5076,32,0.9856,7.88,1.64e-15,1.04e-11,Metamonada,FBpp0291862,7227,nej
COG5076,32,0.9856,7.88,1.64e-15,1.04e-11,Metamonada,FBpp0292763,7227,dikar
COG5076,32,0.9856,7.88,1.64e-15,1.04e-11,Metamonada,FBpp0305499,7227,fs(1)h
COG5133,32,0.9737,7.88,1.64e-15,1.04e-11,Metamonada,FBpp0075999,7227,CG7949
COG5133,32,0.9737,7.88,1.64e-15,1.04e-11,Metamonada,FBpp0085549,7227,CG30152
COG0278,32,0.9787,7.88,1.64e-15,1.05e-11,Metamonada,FBpp0073806,7227,CG14407
COG0278,32,0.9787,7.88,1.64e-15,1.05e-11,Metamonada,FBpp0080044,7227,CG6523
COG0300,32,0.9959,7.879,1.65e-15,1.05e-11,Metamonada,FBpp0071047,7227,CG1444
COG0300,32,0.9959,7.879,1.65e-15,1.05e-11,Metamonada,FBpp0080477,7227,CG6012
COG0300,32,0.9959,7.879,1.65e-15,1.05e-11,Metamonada,FBpp0080479,7227,CG31810
COG0300,32,0.9959,7.879,1.65e-15,1.05e-11,Metamonada,FBpp0112326,7227,CG31809
COG0300,32,0.9959,7.879,1.65e-15,1.05e-11,Metamonada,FBpp0304611,7227,CG13284
KOG0601,32,0.9796,7.879,1.65e-15,1.05e-11,Metamonada,FBpp0076824,7227,Myt1
KOG0601,32,0.9796,7.879,1.65e-15,1.05e-11,Metamonada,FBpp0076825,7227,vito
KOG0601,32,0.9796,7.879,1.65e-15,1.05e-11,Metamonada,FBpp0304607,7227,Wee1
COG1022,32,1,7.878,1.66e-15,1.06e-11,Metamonada,FBpp0074844,7227,CG3961
COG1022,32,1,7.878,1.66e-15,1.06e-11,Metamonada,FBpp0080167,7227,bgm
COG1022,32,1,7.878,1.66e-15,1.06e-11,Metamonada,FBpp0080168,7227,CG4500
COG1022,32,1,7.878,1.66e-15,1.06e-11,Metamonada,FBpp0305216,7227,Acsl
COG5146,32,0.9991,7.878,1.67e-15,1.06e-11,Metamonada,FBpp0077845,7227,fbl
COG5146,32,0.9991,7.878,1.67e-15,1.06e-11,Metamonada,FBpp0303016,7227,CG5828
COG4581,32,1,7.877,1.68e-15,1.07e-11,Metamonada,FBpp0076408,7227,msk
COG4581,32,1,7.877,1.68e-15,1.07e-11,Metamonada,FBpp0080319,7227,l(2)35Df
COG4581,32,1,7.877,1.68e-15,1.07e-11,Metamonada,FBpp0083853,7227,tst
COG1506,32,0.9958,7.876,1.69e-15,1.07e-11,Metamonada,FBpp0084101,7227,CG3744
COG1506,32,0.9958,7.876,1.69e-15,1.07e-11,Metamonada,FBpp0088584,7227,CG11319
COG1506,32,0.9958,7.876,1.69e-15,1.07e-11,Metamonada,FBpp0288860,7227,CG9059
COG1506,32,0.9958,7.876,1.69e-15,1.07e-11,Metamonada,FBpp0288926,7227,ome
COG1506,32,0.9958,7.876,1.69e-15,1.07e-11,Metamonada,FBpp0289380,7227,CG17684
COG1506,32,0.9958,7.876,1.69e-15,1.07e-11,Metamonada,FBpp0297739,7227,CG11034
COG1163,32,0.9997,7.876,1.69e-15,1.08e-11,Metamonada,FBpp0083213,7227,CG6195
COG1163,32,0.9997,7.876,1.69e-15,1.08e-11,Metamonada,FBpp0087084,7227,128up
KOG0583,32,1,7.876,1.7e-15,1.08e-11,Metamonada,FBpp0070208,7227,AMPKalpha
KOG0583,32,1,7.876,1.7e-15,1.08e-11,Metamonada,FBpp0070225,7227,png
KOG0583,32,1,7.876,1.7e-15,1.08e-11,Metamonada,FBpp0077893,7227,trbl
KOG0583,32,1,7.876,1.7e-15,1.08e-11,Metamonada,FBpp0078832,7227,CG9222
KOG0583,32,1,7.876,1.7e-15,1.08e-11,Metamonada,FBpp0082276,7227,lkb1
KOG0583,32,1,7.876,1.7e-15,1.08e-11,Metamonada,FBpp0083054,7227,CG14305
KOG0583,32,1,7.876,1.7e-15,1.08e-11,Metamonada,FBpp0304825,7227,CG4629
COG1948,32,0.9958,7.875,1.7e-15,1.08e-11,Metamonada,FBpp0070165,7227,mus81
COG1948,32,0.9958,7.875,1.7e-15,1.08e-11,Metamonada,FBpp0070624,7227,mei-9
COG5406,32,0.9976,7.875,1.71e-15,1.09e-11,Metamonada,FBpp0072743,7227,dre4
COG1537,32,0.917,7.875,1.71e-15,1.09e-11,Metamonada,FBpp0079444,7227,pelo
COG5260,32,1,7.874,1.71e-15,1.09e-11,Metamonada,FBpp0070227,7227,CG11418
COG5260,32,1,7.874,1.71e-15,1.09e-11,Metamonada,FBpp0071159,7227,Trf4-1
COG5260,32,1,7.874,1.71e-15,1.09e-11,Metamonada,FBpp0073417,7227,wisp
COG5260,32,1,7.874,1.71e-15,1.09e-11,Metamonada,FBpp0076387,7227,mkg-p
COG5260,32,1,7.874,1.71e-15,1.09e-11,Metamonada,FBpp0084094,7227,Trf4-2
COG5260,32,1,7.874,1.71e-15,1.09e-11,Metamonada,FBpp0301888,7227,Gld2
COG5260,32,1,7.874,1.71e-15,1.09e-11,Metamonada,FBpp0305518,7227,CG1091
COG0184,32,1,7.874,1.72e-15,1.1e-11,Metamonada,FBpp0071771,7227,bonsai
COG0184,32,1,7.874,1.72e-15,1.1e-11,Metamonada,FBpp0079328,7227,RpS13
COG5053,32,0.9994,7.873,1.73e-15,1.1e-11,Metamonada,FBpp0070242,7227,eIF4E-7
COG5053,32,0.9994,7.873,1.73e-15,1.1e-11,Metamonada,FBpp0076215,7227,eIF-4E
COG5053,32,0.9994,7.873,1.73e-15,1.1e-11,Metamonada,FBpp0076424,7227,eIF4E-3
COG5053,32,0.9994,7.873,1.73e-15,1.1e-11,Metamonada,FBpp0076464,7227,eIF4E-5
COG5053,32,0.9994,7.873,1.73e-15,1.1e-11,Metamonada,FBpp0076672,7227,eIF4E-4
COG5053,32,0.9994,7.873,1.73e-15,1.1e-11,Metamonada,FBpp0084713,7227,eIF4E-6
COG5053,32,0.9994,7.873,1.73e-15,1.1e-11,Metamonada,FBpp0289702,7227,4EHP
KOG0985,32,0.9903,7.873,1.73e-15,1.1e-11,Metamonada,FBpp0073966,7227,Chc
KOG1566,32,0.9311,7.873,1.73e-15,1.1e-11,Metamonada,FBpp0075117,7227,Mo25
COG1405,32,0.9992,7.872,1.74e-15,1.11e-11,Metamonada,FBpp0082893,7227,Brf
COG1405,32,0.9992,7.872,1.74e-15,1.11e-11,Metamonada,FBpp0305673,7227,TfIIB
COG0459,32,1,7.872,1.74e-15,1.11e-11,Metamonada,FBpp0071226,7227,CG7033
COG0459,32,1,7.872,1.74e-15,1.11e-11,Metamonada,FBpp0073290,7227,Hsp60
COG0459,32,1,7.872,1.74e-15,1.11e-11,Metamonada,FBpp0073902,7227,Tcp-1zeta
COG0459,32,1,7.872,1.74e-15,1.11e-11,Metamonada,FBpp0077665,7227,Hsp60B
COG0459,32,1,7.872,1.74e-15,1.11e-11,Metamonada,FBpp0078742,7227,Hsp60C
COG0459,32,1,7.872,1.74e-15,1.11e-11,Metamonada,FBpp0079992,7227,CG5525
COG0459,32,1,7.872,1.74e-15,1.11e-11,Metamonada,FBpp0080095,7227,Hsp60D
COG0459,32,1,7.872,1.74e-15,1.11e-11,Metamonada,FBpp0081401,7227,Tcp-1eta
COG0459,32,1,7.872,1.74e-15,1.11e-11,Metamonada,FBpp0082787,7227,Cctgamma
COG0459,32,1,7.872,1.74e-15,1.11e-11,Metamonada,FBpp0083683,7227,T-cp1
COG0459,32,1,7.872,1.74e-15,1.11e-11,Metamonada,FBpp0087095,7227,Cct5
KOG2460,32,0.9702,7.872,1.75e-15,1.11e-11,Metamonada,FBpp0076244,7227,Srp68
COG0051,32,0.994,7.872,1.75e-15,1.11e-11,Metamonada,FBpp0082513,7227,mRpS10
COG0051,32,0.994,7.872,1.75e-15,1.11e-11,Metamonada,FBpp0083371,7227,RpS20
KOG0660,32,1,7.872,1.75e-15,1.12e-11,Metamonada,FBpp0071264,7227,Erk7
KOG0660,32,1,7.872,1.75e-15,1.12e-11,Metamonada,FBpp0080111,7227,p38b
KOG0660,32,1,7.872,1.75e-15,1.12e-11,Metamonada,FBpp0083966,7227,p38a
KOG0660,32,1,7.872,1.75e-15,1.12e-11,Metamonada,FBpp0083967,7227,p38c
KOG0660,32,1,7.872,1.75e-15,1.12e-11,Metamonada,FBpp0112426,7227,rl
KOG0585,32,0.9237,7.871,1.76e-15,1.12e-11,Metamonada,FBpp0306043,7227,CG17698
COG5057,32,0.996,7.87,1.77e-15,1.12e-11,Metamonada,FBpp0073913,7227,CG8509
COG5057,32,0.996,7.87,1.77e-15,1.12e-11,Metamonada,FBpp0077277,7227,Ptpa
COG5057,32,0.996,7.87,1.77e-15,1.12e-11,Metamonada,FBpp0078375,7227,CG2104
COG5028,32,1,7.869,1.79e-15,1.14e-11,Metamonada,FBpp0087536,7227,Sec24AB
COG5028,32,1,7.869,1.79e-15,1.14e-11,Metamonada,FBpp0302999,7227,Sec24CD
KOG2086,32,0.9856,7.868,1.8e-15,1.14e-11,Metamonada,FBpp0088069,7227,p47
KOG2086,32,0.9856,7.868,1.8e-15,1.14e-11,Metamonada,FBpp0288978,7227,prom
KOG2086,32,0.9856,7.868,1.8e-15,1.14e-11,Metamonada,FBpp0289272,7227,CG42383
COG1230,32,0.9942,7.868,1.81e-15,1.15e-11,Metamonada,FBpp0072919,7227,ZnT63C
COG1230,32,0.9942,7.868,1.81e-15,1.15e-11,Metamonada,FBpp0077878,7227,ZnT77C
COG1230,32,0.9942,7.868,1.81e-15,1.15e-11,Metamonada,FBpp0080274,7227,ZnT35C
COG1230,32,0.9942,7.868,1.81e-15,1.15e-11,Metamonada,FBpp0081847,7227,ZnT86D
COG1230,32,0.9942,7.868,1.81e-15,1.15e-11,Metamonada,FBpp0085389,7227,ZnT41F
COG1230,32,0.9942,7.868,1.81e-15,1.15e-11,Metamonada,FBpp0292109,7227,ZnT33D
COG5171,32,0.9998,7.867,1.81e-15,1.15e-11,Metamonada,FBpp0112136,7227,GCC185
COG5171,32,0.9998,7.867,1.81e-15,1.15e-11,Metamonada,FBpp0293235,7227,Nup358
KOG1532,32,0.9763,7.867,1.82e-15,1.16e-11,Metamonada,FBpp0070181,7227,CG3704
KOG0938,32,0.9671,7.866,1.83e-15,1.16e-11,Metamonada,FBpp0083646,7227,AP-2mu
COG0229,32,0.9583,7.866,1.83e-15,1.16e-11,Metamonada,FBpp0081772,7227,SelR
COG0361,32,0.9992,7.866,1.83e-15,1.16e-11,Metamonada,FBpp0082994,7227,eIF-1A
COG2319,32,1,7.864,1.87e-15,1.19e-11,Metamonada,FBpp0070299,7227,CG14805
COG2319,32,1,7.864,1.87e-15,1.19e-11,Metamonada,FBpp0070654,7227,rap
COG2319,32,1,7.864,1.87e-15,1.19e-11,Metamonada,FBpp0072055,7227,fzr2
COG2319,32,1,7.864,1.87e-15,1.19e-11,Metamonada,FBpp0076028,7227,can
COG2319,32,1,7.864,1.87e-15,1.19e-11,Metamonada,FBpp0076386,7227,Oseg1
COG2319,32,1,7.864,1.87e-15,1.19e-11,Metamonada,FBpp0077715,7227,ebi
COG2319,32,1,7.864,1.87e-15,1.19e-11,Metamonada,FBpp0078362,7227,CG1109
COG2319,32,1,7.864,1.87e-15,1.19e-11,Metamonada,FBpp0078949,7227,cort
COG2319,32,1,7.864,1.87e-15,1.19e-11,Metamonada,FBpp0079785,7227,CG4705
COG2319,32,1,7.864,1.87e-15,1.19e-11,Metamonada,FBpp0080391,7227,fzy
COG2319,32,1,7.864,1.87e-15,1.19e-11,Metamonada,FBpp0080788,7227,CG10132
COG2319,32,1,7.864,1.87e-15,1.19e-11,Metamonada,FBpp0080879,7227,vls
COG2319,32,1,7.864,1.87e-15,1.19e-11,Metamonada,FBpp0082689,7227,CG10185
COG2319,32,1,7.864,1.87e-15,1.19e-11,Metamonada,FBpp0083070,7227,CG12333
COG2319,32,1,7.864,1.87e-15,1.19e-11,Metamonada,FBpp0083988,7227,BRWD3
COG2319,32,1,7.864,1.87e-15,1.19e-11,Metamonada,FBpp0084418,7227,CG6420
COG2319,32,1,7.864,1.87e-15,1.19e-11,Metamonada,FBpp0087138,7227,CG13192
COG2319,32,1,7.864,1.87e-15,1.19e-11,Metamonada,FBpp0087335,7227,Taf5
COG2319,32,1,7.864,1.87e-15,1.19e-11,Metamonada,FBpp0110135,7227,CG34124
COG2319,32,1,7.864,1.87e-15,1.19e-11,Metamonada,FBpp0288481,7227,Oseg5
COG2319,32,1,7.864,1.87e-15,1.19e-11,Metamonada,FBpp0288783,7227,DCX-EMAP
COG2319,32,1,7.864,1.87e-15,1.19e-11,Metamonada,FBpp0293060,7227,CG5168
KOG2088,32,0.9484,7.864,1.87e-15,1.19e-11,Metamonada,FBpp0288741,7227,inaE
COG0647,32,0.9921,7.864,1.87e-15,1.19e-11,Metamonada,FBpp0071687,7227,CG11291
COG0647,32,0.9921,7.864,1.87e-15,1.19e-11,Metamonada,FBpp0072877,7227,CG32487
COG0647,32,0.9921,7.864,1.87e-15,1.19e-11,Metamonada,FBpp0072878,7227,CG32488
COG0647,32,0.9921,7.864,1.87e-15,1.19e-11,Metamonada,FBpp0073413,7227,CG15739
COG0647,32,0.9921,7.864,1.87e-15,1.19e-11,Metamonada,FBpp0073436,7227,CG10352
COG0647,32,0.9921,7.864,1.87e-15,1.19e-11,Metamonada,FBpp0074927,7227,CG5567
COG0647,32,0.9921,7.864,1.87e-15,1.19e-11,Metamonada,FBpp0074928,7227,CG5577
COG0647,32,0.9921,7.864,1.87e-15,1.19e-11,Metamonada,FBpp0079267,7227,CG17294
COG0647,32,0.9921,7.864,1.87e-15,1.19e-11,Metamonada,FBpp0271787,7227,CG2680
COG1222,32,0.9998,7.863,1.88e-15,1.2e-11,Metamonada,FBpp0073292,7227,Rpt3
COG1222,32,0.9998,7.863,1.88e-15,1.2e-11,Metamonada,FBpp0075772,7227,Rpt4R
COG1222,32,0.9998,7.863,1.88e-15,1.2e-11,Metamonada,FBpp0083843,7227,Rpt5
COG1222,32,0.9998,7.863,1.88e-15,1.2e-11,Metamonada,FBpp0293948,7227,Rpt4
COG1222,32,0.9998,7.863,1.88e-15,1.2e-11,Metamonada,FBpp0304481,7227,Rpt3R
COG5043,32,0.9996,7.862,1.9e-15,1.21e-11,Metamonada,FBpp0084871,7227,CG15523
COG5043,32,0.9996,7.862,1.9e-15,1.21e-11,Metamonada,FBpp0087984,7227,Vps13
COG1736,32,0.9869,7.861,1.9e-15,1.21e-11,Metamonada,FBpp0075861,7227,CG11652
COG1736,32,0.9869,7.861,1.9e-15,1.21e-11,Metamonada,FBpp0082468,7227,CG7265
COG0369,32,0.9792,7.859,1.93e-15,1.23e-11,Metamonada,FBpp0076338,7227,CG13667
COG0369,32,0.9792,7.859,1.93e-15,1.23e-11,Metamonada,FBpp0078880,7227,Cpr
COG0369,32,0.9792,7.859,1.93e-15,1.23e-11,Metamonada,FBpp0082740,7227,CG14882
COG0369,32,0.9792,7.859,1.93e-15,1.23e-11,Metamonada,FBpp0099922,7227,Nos
COG5186,32,0.9996,7.859,1.93e-15,1.23e-11,Metamonada,FBpp0085678,7227,hrg
COG1061,32,0.998,7.859,1.94e-15,1.24e-11,Metamonada,FBpp0075982,7227,hay
COG1527,32,0.9725,7.857,1.96e-15,1.25e-11,Metamonada,FBpp0070584,7227,VhaAC39-1
COG1527,32,0.9725,7.857,1.96e-15,1.25e-11,Metamonada,FBpp0083793,7227,VhaAC39-2
KOG2744,32,0.8806,7.857,1.97e-15,1.26e-11,Metamonada,FBpp0071982,7227,retn
KOG2744,32,0.8806,7.857,1.97e-15,1.26e-11,Metamonada,FBpp0297123,7227,CG42337
KOG2744,32,0.8806,7.857,1.97e-15,1.26e-11,Metamonada,FBpp0302588,7227,CG34422
COG1594,32,1,7.855,2e-15,1.27e-11,Metamonada,FBpp0073866,7227,CG8117
COG1594,32,1,7.855,2e-15,1.27e-11,Metamonada,FBpp0082384,7227,RpII15
COG1594,32,1,7.855,2e-15,1.27e-11,Metamonada,FBpp0083564,7227,RpI12
COG1594,32,1,7.855,2e-15,1.27e-11,Metamonada,FBpp0085563,7227,CG33785
COG1594,32,1,7.855,2e-15,1.27e-11,Metamonada,FBpp0304751,7227,TfIIS
KOG0362,32,0.9991,7.855,2.01e-15,1.28e-11,Metamonada,FBpp0087764,7227,CG8258
COG0462,32,0.9992,7.854,2.01e-15,1.28e-11,Metamonada,FBpp0070679,7227,l(1)G0334
COG0462,32,0.9992,7.854,2.01e-15,1.28e-11,Metamonada,FBpp0070680,7227,CG7024
COG0462,32,0.9992,7.854,2.01e-15,1.28e-11,Metamonada,FBpp0076145,7227,CG6767
COG0462,32,0.9992,7.854,2.01e-15,1.28e-11,Metamonada,FBpp0291761,7227,CG2246
KOG0420,32,0.9983,7.853,2.02e-15,1.29e-11,Metamonada,FBpp0304449,7227,UbcE2M
COG0507,32,0.8983,7.853,2.03e-15,1.29e-11,Metamonada,FBpp0077258,7227,CG3238
COG0124,32,1,7.853,2.04e-15,1.3e-11,Metamonada,FBpp0085148,7227,Gcn2
COG0124,32,1,7.853,2.04e-15,1.3e-11,Metamonada,FBpp0305939,7227,Aats-his
KOG0594,32,1,7.85,2.08e-15,1.32e-11,Metamonada,FBpp0072990,7227,Eip63E
KOG0594,32,1,7.85,2.08e-15,1.32e-11,Metamonada,FBpp0079641,7227,Cdk1
KOG0594,32,1,7.85,2.08e-15,1.32e-11,Metamonada,FBpp0086249,7227,Cdk4
KOG0594,32,1,7.85,2.08e-15,1.32e-11,Metamonada,FBpp0289675,7227,Cdk2
COG1310,32,1,7.849,2.1e-15,1.33e-11,Metamonada,FBpp0078532,7227,CG9769
COG1310,32,1,7.849,2.1e-15,1.33e-11,Metamonada,FBpp0078664,7227,Rpn11
COG1310,32,1,7.849,2.1e-15,1.33e-11,Metamonada,FBpp0079789,7227,CG4751
COG1310,32,1,7.849,2.1e-15,1.33e-11,Metamonada,FBpp0082743,7227,CSN5
COG1310,32,1,7.849,2.1e-15,1.33e-11,Metamonada,FBpp0083658,7227,CSN6
COG1310,32,1,7.849,2.1e-15,1.33e-11,Metamonada,FBpp0085334,7227,CG8335
COG1310,32,1,7.849,2.1e-15,1.33e-11,Metamonada,FBpp0303776,7227,CG2224
COG1310,32,1,7.849,2.1e-15,1.33e-11,Metamonada,FBpp0305141,7227,Rpn8
COG0237,32,0.9951,7.846,2.15e-15,1.37e-11,Metamonada,FBpp0076826,7227,Ppat-Dpck
COG0237,32,0.9951,7.846,2.15e-15,1.37e-11,Metamonada,FBpp0081152,7227,Dpck
KOG1969,32,0.9631,7.845,2.16e-15,1.38e-11,Metamonada,FBpp0077229,7227,CG31955
KOG1969,32,0.9631,7.845,2.16e-15,1.38e-11,Metamonada,FBpp0077230,7227,cutlet
KOG1969,32,0.9631,7.845,2.16e-15,1.38e-11,Metamonada,FBpp0077232,7227,CG31778
COG4799,32,0.9566,7.845,2.17e-15,1.38e-11,Metamonada,FBpp0085460,7227,CG3267
COG5227,32,0.9912,7.841,2.23e-15,1.42e-11,Metamonada,FBpp0078984,7227,smt3
COG5227,32,0.9912,7.841,2.23e-15,1.42e-11,Metamonada,FBpp0083780,7227,CG4449
COG5193,32,0.9676,7.84,2.24e-15,1.43e-11,Metamonada,FBpp0080905,7227,La
COG5193,32,0.9676,7.84,2.24e-15,1.43e-11,Metamonada,FBpp0086617,7227,CG17386
COG5193,32,0.9676,7.84,2.24e-15,1.43e-11,Metamonada,FBpp0290398,7227,larp
COG0514,32,1,7.84,2.26e-15,1.44e-11,Metamonada,FBpp0075458,7227,RecQ5
COG0514,32,1,7.84,2.26e-15,1.44e-11,Metamonada,FBpp0076452,7227,RecQ4
COG0514,32,1,7.84,2.26e-15,1.44e-11,Metamonada,FBpp0081910,7227,Blm
COG5032,32,1,7.839,2.27e-15,1.45e-11,Metamonada,FBpp0070933,7227,nonC
COG5032,32,1,7.839,2.27e-15,1.45e-11,Metamonada,FBpp0071973,7227,Pi3K59F
COG5032,32,1,7.839,2.27e-15,1.45e-11,Metamonada,FBpp0071974,7227,CG30184
COG5032,32,1,7.839,2.27e-15,1.45e-11,Metamonada,FBpp0072416,7227,fwd
COG5032,32,1,7.839,2.27e-15,1.45e-11,Metamonada,FBpp0074047,7227,mei-41
COG5032,32,1,7.839,2.27e-15,1.45e-11,Metamonada,FBpp0075818,7227,Pi3K68D
COG5032,32,1,7.839,2.27e-15,1.45e-11,Metamonada,FBpp0080003,7227,Tor
COG5032,32,1,7.839,2.27e-15,1.45e-11,Metamonada,FBpp0083348,7227,Pi3K92E
COG5032,32,1,7.839,2.27e-15,1.45e-11,Metamonada,FBpp0085431,7227,Nipped-A
COG5032,32,1,7.839,2.27e-15,1.45e-11,Metamonada,FBpp0303977,7227,zw2
KOG3152,32,0.9188,7.838,2.28e-15,1.45e-11,Metamonada,FBpp0071223,7227,CG32708
KOG3152,32,0.9188,7.838,2.28e-15,1.45e-11,Metamonada,FBpp0071224,7227,CG32706
KOG3152,32,0.9188,7.838,2.28e-15,1.45e-11,Metamonada,FBpp0071225,7227,CG6999
KOG3152,32,0.9188,7.838,2.28e-15,1.45e-11,Metamonada,FBpp0073668,7227,CG10993
KOG3152,32,0.9188,7.838,2.28e-15,1.45e-11,Metamonada,FBpp0112657,7227,CG40813
KOG3152,32,0.9188,7.838,2.28e-15,1.45e-11,Metamonada,FBpp0112865,7227,CG41562
COG5140,32,0.9778,7.836,2.32e-15,1.48e-11,Metamonada,FBpp0075952,7227,Ufd1-like
COG0522,32,0.9991,7.836,2.33e-15,1.49e-11,Metamonada,FBpp0076152,7227,RpS9
COG0522,32,0.9991,7.836,2.33e-15,1.49e-11,Metamonada,FBpp0086096,7227,CG4866
KOG0645,32,0.9945,7.836,2.33e-15,1.49e-11,Metamonada,FBpp0086590,7227,Ciao1
KOG0645,32,0.9945,7.836,2.33e-15,1.49e-11,Metamonada,FBpp0087307,7227,Elp2
COG5188,32,0.9779,7.834,2.36e-15,1.5e-11,Metamonada,FBpp0078400,7227,noi
COG0419,32,0.9179,7.832,2.39e-15,1.52e-11,Metamonada,FBpp0290882,7227,rad50
COG1204,32,1,7.831,2.41e-15,1.54e-11,Metamonada,FBpp0075282,7227,l(3)72Ab
COG1204,32,1,7.831,2.41e-15,1.54e-11,Metamonada,FBpp0082601,7227,CG5205
COG0018,32,0.9998,7.831,2.42e-15,1.54e-11,Metamonada,FBpp0073863,7227,CG8097
COG0018,32,0.9998,7.831,2.42e-15,1.54e-11,Metamonada,FBpp0073965,7227,Aats-arg
COG0018,32,0.9998,7.831,2.42e-15,1.54e-11,Metamonada,FBpp0305960,7227,CG10092
COG0846,32,0.9992,7.83,2.44e-15,1.55e-11,Metamonada,FBpp0070817,7227,Sirt4
COG0846,32,0.9992,7.83,2.44e-15,1.55e-11,Metamonada,FBpp0080015,7227,Sir2
COG0846,32,0.9992,7.83,2.44e-15,1.55e-11,Metamonada,FBpp0083290,7227,Sirt2
COG0846,32,0.9992,7.83,2.44e-15,1.55e-11,Metamonada,FBpp0084733,7227,Sirt7
COG0846,32,0.9992,7.83,2.44e-15,1.55e-11,Metamonada,FBpp0293897,7227,Sirt6
KOG0077,32,0.9995,7.829,2.46e-15,1.57e-11,Metamonada,FBpp0083604,7227,Sar1
COG1155,32,0.9987,7.826,2.52e-15,1.61e-11,Metamonada,FBpp0079999,7227,Vha68-2
COG1155,32,0.9987,7.826,2.52e-15,1.61e-11,Metamonada,FBpp0080002,7227,Vha68-3
COG1155,32,0.9987,7.826,2.52e-15,1.61e-11,Metamonada,FBpp0080010,7227,Vha68-1
KOG1534,32,0.9924,7.825,2.53e-15,1.61e-11,Metamonada,FBpp0081087,7227,CG2656
COG0326,32,0.9996,7.825,2.53e-15,1.61e-11,Metamonada,FBpp0084623,7227,Gp93
COG0326,32,0.9996,7.825,2.53e-15,1.61e-11,Metamonada,FBpp0085482,7227,Trap1
COG0326,32,0.9996,7.825,2.53e-15,1.61e-11,Metamonada,FBpp0305095,7227,Hsp83
COG1471,32,0.9909,7.825,2.54e-15,1.62e-11,Metamonada,FBpp0075618,7227,RpS4
COG0087,32,1,7.825,2.54e-15,1.62e-11,Metamonada,FBpp0073906,7227,mRpL3
COG0087,32,1,7.825,2.54e-15,1.62e-11,Metamonada,FBpp0081822,7227,RpL3
COG0102,32,0.9998,7.824,2.56e-15,1.63e-11,Metamonada,FBpp0078354,7227,RpL13A
COG0102,32,0.9998,7.824,2.56e-15,1.63e-11,Metamonada,FBpp0088360,7227,mRpL13
COG2012,32,0.9953,7.823,2.59e-15,1.65e-11,Metamonada,FBpp0304268,7227,Rpb5
COG5021,32,1,7.822,2.61e-15,1.66e-11,Metamonada,FBpp0071559,7227,Magi
COG5021,32,1,7.822,2.61e-15,1.66e-11,Metamonada,FBpp0072169,7227,CG3356
COG5021,32,1,7.822,2.61e-15,1.66e-11,Metamonada,FBpp0073898,7227,CG8184
COG5021,32,1,7.822,2.61e-15,1.66e-11,Metamonada,FBpp0075916,7227,Ube3a
COG5021,32,1,7.822,2.61e-15,1.66e-11,Metamonada,FBpp0076247,7227,CG5087
COG5021,32,1,7.822,2.61e-15,1.66e-11,Metamonada,FBpp0077495,7227,Su(dx)
COG5021,32,1,7.822,2.61e-15,1.66e-11,Metamonada,FBpp0079663,7227,CG5604
COG5021,32,1,7.822,2.61e-15,1.66e-11,Metamonada,FBpp0081568,7227,hyd
COG5021,32,1,7.822,2.61e-15,1.66e-11,Metamonada,FBpp0099467,7227,kibra
COG5021,32,1,7.822,2.61e-15,1.66e-11,Metamonada,FBpp0288697,7227,yki
COG5021,32,1,7.822,2.61e-15,1.66e-11,Metamonada,FBpp0289746,7227,Nedd4
COG5021,32,1,7.822,2.61e-15,1.66e-11,Metamonada,FBpp0290288,7227,CG4238
COG5021,32,1,7.822,2.61e-15,1.66e-11,Metamonada,FBpp0290558,7227,HERC2
COG5021,32,1,7.822,2.61e-15,1.66e-11,Metamonada,FBpp0292725,7227,CG42797
COG5021,32,1,7.822,2.61e-15,1.66e-11,Metamonada,FBpp0292914,7227,ctrip
COG5021,32,1,7.822,2.61e-15,1.66e-11,Metamonada,FBpp0302692,7227,CG9153
COG5021,32,1,7.822,2.61e-15,1.66e-11,Metamonada,FBpp0305371,7227,Smurf
COG0093,32,0.9911,7.821,2.62e-15,1.67e-11,Metamonada,FBpp0071808,7227,RpL23
COG0094,32,0.9662,7.818,2.67e-15,1.7e-11,Metamonada,FBpp0085717,7227,RpL11
COG0099,32,0.9978,7.818,2.69e-15,1.71e-11,Metamonada,FBpp0085585,7227,RpS18
COG1758,32,0.9903,7.817,2.7e-15,1.72e-11,Metamonada,FBpp0078433,7227,RpII18
COG1243,32,0.9907,7.817,2.7e-15,1.72e-11,Metamonada,FBpp0077129,7227,Elp3
COG3914,32,0.8647,7.816,2.72e-15,1.73e-11,Metamonada,FBpp0085420,7227,sxc
KOG3414,32,0.9875,7.816,2.73e-15,1.74e-11,Metamonada,FBpp0077125,7227,Dim1
COG5206,32,0.9229,7.815,2.74e-15,1.75e-11,Metamonada,FBpp0070333,7227,CG4406
COG0049,32,1,7.813,2.78e-15,1.77e-11,Metamonada,FBpp0074180,7227,RpS5a
COG0049,32,1,7.813,2.78e-15,1.77e-11,Metamonada,FBpp0082465,7227,RpS5b
COG0049,32,1,7.813,2.78e-15,1.77e-11,Metamonada,FBpp0304503,7227,mRpS7
KOG0266,32,0.9992,7.812,2.81e-15,1.79e-11,Metamonada,FBpp0076646,7227,CG10064
KOG0266,32,0.9992,7.812,2.81e-15,1.79e-11,Metamonada,FBpp0085539,7227,CG9945
KOG0266,32,0.9992,7.812,2.81e-15,1.79e-11,Metamonada,FBpp0088514,7227,CG10931
KOG0266,32,0.9992,7.812,2.81e-15,1.79e-11,Metamonada,FBpp0291682,7227,CG40245
KOG0266,32,0.9992,7.812,2.81e-15,1.79e-11,Metamonada,FBpp0291685,7227,CG40551
KOG0266,32,0.9992,7.812,2.81e-15,1.79e-11,Metamonada,FBpp0300790,7227,wds
KOG0266,32,0.9992,7.812,2.81e-15,1.79e-11,Metamonada,FBpp0304467,7227,Nup37
COG0039,32,1,7.812,2.81e-15,1.79e-11,Metamonada,FBpp0075605,7227,CG10749
COG0039,32,1,7.812,2.81e-15,1.79e-11,Metamonada,FBpp0075634,7227,CG10748
COG0039,32,1,7.812,2.81e-15,1.79e-11,Metamonada,FBpp0079640,7227,Mdh1
COG0039,32,1,7.812,2.81e-15,1.79e-11,Metamonada,FBpp0082985,7227,Mdh2
COG0039,32,1,7.812,2.81e-15,1.79e-11,Metamonada,FBpp0297097,7227,CG13334
COG0039,32,1,7.812,2.81e-15,1.79e-11,Metamonada,FBpp0304375,7227,ImpL3
KOG0299,32,0.9704,7.81,2.86e-15,1.82e-11,Metamonada,FBpp0090943,7227,U3-55K
KOG0299,32,0.9704,7.81,2.86e-15,1.82e-11,Metamonada,FBpp0090944,7227,CG33506
COG5163,32,0.9232,7.809,2.87e-15,1.83e-11,Metamonada,FBpp0079445,7227,CG4364
KOG0661,32,0.917,7.808,2.9e-15,1.84e-11,Metamonada,FBpp0289242,7227,CG42366
KOG0661,32,0.917,7.808,2.9e-15,1.84e-11,Metamonada,FBpp0304024,7227,CG42367
COG0664,32,0.9771,7.807,2.93e-15,1.87e-11,Metamonada,FBpp0071077,7227,sws
COG0664,32,0.9771,7.807,2.93e-15,1.87e-11,Metamonada,FBpp0077706,7227,Pkg21D
COG0664,32,0.9771,7.807,2.93e-15,1.87e-11,Metamonada,FBpp0079533,7227,CG4839
COG0664,32,0.9771,7.807,2.93e-15,1.87e-11,Metamonada,FBpp0087524,7227,Pka-R2
COG0664,32,0.9771,7.807,2.93e-15,1.87e-11,Metamonada,FBpp0088350,7227,for
COG0664,32,0.9771,7.807,2.93e-15,1.87e-11,Metamonada,FBpp0289355,7227,CG14693
COG0664,32,0.9771,7.807,2.93e-15,1.87e-11,Metamonada,FBpp0291777,7227,Pka-R1
COG0101,32,0.9996,7.806,2.95e-15,1.88e-11,Metamonada,FBpp0071700,7227,CG3045
COG0101,32,0.9996,7.806,2.95e-15,1.88e-11,Metamonada,FBpp0110275,7227,CG34140
COG0101,32,0.9996,7.806,2.95e-15,1.88e-11,Metamonada,FBpp0291529,7227,CG4159
COG5560,32,0.9992,7.805,2.97e-15,1.89e-11,Metamonada,FBpp0070738,7227,Usp16-45
COG5560,32,0.9992,7.805,2.97e-15,1.89e-11,Metamonada,FBpp0072276,7227,Usp15-31
COG5560,32,0.9992,7.805,2.97e-15,1.89e-11,Metamonada,FBpp0074659,7227,CG8334
COG5560,32,0.9992,7.805,2.97e-15,1.89e-11,Metamonada,FBpp0086664,7227,Usp20-33
COG0367,32,0.9967,7.802,3.04e-15,1.94e-11,Metamonada,FBpp0089009,7227,AsnS
COG0367,32,0.9967,7.802,3.04e-15,1.94e-11,Metamonada,FBpp0289202,7227,CG17486
KOG0595,32,0.9254,7.802,3.05e-15,1.95e-11,Metamonada,FBpp0081533,7227,CG8866
KOG0595,32,0.9254,7.802,3.05e-15,1.95e-11,Metamonada,FBpp0289788,7227,Atg1
COG5051,32,0.9845,7.801,3.06e-15,1.95e-11,Metamonada,FBpp0070150,7227,RpL36
COG1394,32,0.9772,7.8,3.09e-15,1.97e-11,Metamonada,FBpp0070434,7227,Vha36-3
COG1394,32,0.9772,7.8,3.09e-15,1.97e-11,Metamonada,FBpp0086468,7227,Vha36-1
COG1394,32,0.9772,7.8,3.09e-15,1.97e-11,Metamonada,FBpp0087108,7227,Vha36-2
KOG2918,32,0.9724,7.8,3.1e-15,1.97e-11,Metamonada,FBpp0294011,7227,CG3793
COG0003,32,0.9943,7.799,3.11e-15,1.98e-11,Metamonada,FBpp0088029,7227,CG1598
KOG0294,32,0.9054,7.799,3.12e-15,1.99e-11,Metamonada,FBpp0073835,7227,CG12608
KOG0294,32,0.9054,7.799,3.12e-15,1.99e-11,Metamonada,FBpp0073836,7227,CG9123
COG5384,32,0.9941,7.799,3.12e-15,1.99e-11,Metamonada,FBpp0079305,7227,CG13097
KOG0605,32,0.9923,7.797,3.17e-15,2.02e-11,Metamonada,FBpp0304464,7227,trc
KOG2369,32,0.9072,7.797,3.18e-15,2.03e-11,Metamonada,FBpp0080897,7227,CG31683
KOG2369,32,0.9072,7.797,3.18e-15,2.03e-11,Metamonada,FBpp0305187,7227,CG18858
COG0215,32,0.9998,7.794,3.24e-15,2.06e-11,Metamonada,FBpp0086373,7227,Aats-cys
COG0215,32,0.9998,7.794,3.24e-15,2.06e-11,Metamonada,FBpp0086706,7227,CG8257
COG0389,32,0.9964,7.794,3.26e-15,2.08e-11,Metamonada,FBpp0072456,7227,Rev1
COG0389,32,0.9964,7.794,3.26e-15,2.08e-11,Metamonada,FBpp0078142,7227,DNApol-eta
COG0389,32,0.9964,7.794,3.26e-15,2.08e-11,Metamonada,FBpp0081293,7227,CG7602
COG1841,32,0.9996,7.792,3.3e-15,2.1e-11,Metamonada,FBpp0079536,7227,RpL7
COG1841,32,0.9996,7.792,3.3e-15,2.1e-11,Metamonada,FBpp0079880,7227,RpL7-like
COG1841,32,0.9996,7.792,3.3e-15,2.1e-11,Metamonada,FBpp0111270,7227,CG34164
COG1841,32,0.9996,7.792,3.3e-15,2.1e-11,Metamonada,FBpp0291687,7227,CG41020
COG1793,32,0.9998,7.79,3.36e-15,2.14e-11,Metamonada,FBpp0072041,7227,DNA-ligI
COG1793,32,0.9998,7.79,3.36e-15,2.14e-11,Metamonada,FBpp0073678,7227,Lig4
COG1793,32,0.9998,7.79,3.36e-15,2.14e-11,Metamonada,FBpp0082071,7227,lig3
KOG0123,32,1,7.788,3.39e-15,2.16e-11,Metamonada,FBpp0085915,7227,pAbp
KOG1164,32,1,7.788,3.42e-15,2.18e-11,Metamonada,FBpp0073476,7227,CG2577
KOG1164,32,1,7.788,3.42e-15,2.18e-11,Metamonada,FBpp0073513,7227,CkIalpha
KOG1164,32,1,7.788,3.42e-15,2.18e-11,Metamonada,FBpp0077423,7227,CG9962
KOG1164,32,1,7.788,3.42e-15,2.18e-11,Metamonada,FBpp0078437,7227,CG12147
KOG1164,32,1,7.788,3.42e-15,2.18e-11,Metamonada,FBpp0080543,7227,CG7094
KOG1164,32,1,7.788,3.42e-15,2.18e-11,Metamonada,FBpp0084465,7227,ball
KOG1164,32,1,7.788,3.42e-15,2.18e-11,Metamonada,FBpp0085104,7227,dco
KOG1164,32,1,7.788,3.42e-15,2.18e-11,Metamonada,FBpp0087125,7227,CG8878
KOG1164,32,1,7.788,3.42e-15,2.18e-11,Metamonada,FBpp0289571,7227,Asator
KOG1164,32,1,7.788,3.42e-15,2.18e-11,Metamonada,FBpp0293608,7227,gish
COG1132,32,1,7.787,3.44e-15,2.19e-11,Metamonada,FBpp0070078,7227,CG3156
COG1132,32,1,7.787,3.44e-15,2.19e-11,Metamonada,FBpp0071545,7227,CG10505
COG1132,32,1,7.787,3.44e-15,2.19e-11,Metamonada,FBpp0073491,7227,CG1824
COG1132,32,1,7.787,3.44e-15,2.19e-11,Metamonada,FBpp0076719,7227,Mdr65
COG1132,32,1,7.787,3.44e-15,2.19e-11,Metamonada,FBpp0076720,7227,CG10226
COG1132,32,1,7.787,3.44e-15,2.19e-11,Metamonada,FBpp0079220,7227,CG7806
COG1132,32,1,7.787,3.44e-15,2.19e-11,Metamonada,FBpp0080682,7227,CG31793
COG1132,32,1,7.787,3.44e-15,2.19e-11,Metamonada,FBpp0084755,7227,CG11897
COG1132,32,1,7.787,3.44e-15,2.19e-11,Metamonada,FBpp0086666,7227,Mdr50
COG1132,32,1,7.787,3.44e-15,2.19e-11,Metamonada,FBpp0086914,7227,Mdr49
COG1132,32,1,7.787,3.44e-15,2.19e-11,Metamonada,FBpp0088845,7227,CG5789
COG1132,32,1,7.787,3.44e-15,2.19e-11,Metamonada,FBpp0089070,7227,MRP
COG1132,32,1,7.787,3.44e-15,2.19e-11,Metamonada,FBpp0271768,7227,CG11898
COG1132,32,1,7.787,3.44e-15,2.19e-11,Metamonada,FBpp0288707,7227,Sur
COG1132,32,1,7.787,3.44e-15,2.19e-11,Metamonada,FBpp0291237,7227,Mrp4
COG1132,32,1,7.787,3.44e-15,2.19e-11,Metamonada,FBpp0291666,7227,l(2)03659
COG1132,32,1,7.787,3.44e-15,2.19e-11,Metamonada,FBpp0297173,7227,CG9270
COG1132,32,1,7.787,3.44e-15,2.19e-11,Metamonada,FBpp0297935,7227,CG7627
COG1132,32,1,7.787,3.44e-15,2.19e-11,Metamonada,FBpp0302855,7227,CG31792
COG1132,32,1,7.787,3.44e-15,2.19e-11,Metamonada,FBpp0303067,7227,CG4562
COG0017,32,1,7.786,3.45e-15,2.19e-11,Metamonada,FBpp0086205,7227,CG6796
COG0017,32,1,7.786,3.45e-15,2.19e-11,Metamonada,FBpp0304830,7227,Aats-asn
COG0017,32,1,7.786,3.45e-15,2.19e-11,Metamonada,FBpp0305104,7227,Aats-asp
COG1503,32,0.9941,7.785,3.48e-15,2.22e-11,Metamonada,FBpp0304202,7227,eRF1
COG5114,32,0.9671,7.785,3.48e-15,2.22e-11,Metamonada,FBpp0099776,7227,Ada2b
COG5114,32,0.9671,7.785,3.48e-15,2.22e-11,Metamonada,FBpp0302532,7227,Ada2a
COG0468,32,0.9983,7.785,3.49e-15,2.22e-11,Metamonada,FBpp0082392,7227,spn-B
COG0468,32,0.9983,7.785,3.49e-15,2.22e-11,Metamonada,FBpp0084486,7227,spn-D
COG0468,32,0.9983,7.785,3.49e-15,2.22e-11,Metamonada,FBpp0084955,7227,spn-A
COG0468,32,0.9983,7.785,3.49e-15,2.22e-11,Metamonada,FBpp0290742,7227,Rad51C
KOG3114,32,0.9769,7.785,3.5e-15,2.23e-11,Metamonada,FBpp0073525,7227,CG4645
COG0084,32,0.9996,7.783,3.54e-15,2.25e-11,Metamonada,FBpp0083501,7227,CG3308
COG0084,32,0.9996,7.783,3.54e-15,2.25e-11,Metamonada,FBpp0297568,7227,CG3358
COG0143,32,1,7.783,3.55e-15,2.26e-11,Metamonada,FBpp0075168,7227,Aats-tyr
COG0143,32,1,7.783,3.55e-15,2.26e-11,Metamonada,FBpp0082356,7227,Aats-met
COG0143,32,1,7.783,3.55e-15,2.26e-11,Metamonada,FBpp0085809,7227,CG15100
COG0143,32,1,7.783,3.55e-15,2.26e-11,Metamonada,FBpp0087757,7227,CG8235
KOG0659,32,0.9978,7.781,3.59e-15,2.29e-11,Metamonada,FBpp0070723,7227,Cdk7
KOG0659,32,0.9978,7.781,3.59e-15,2.29e-11,Metamonada,FBpp0083530,7227,CG6800
COG1196,32,1,7.78,3.63e-15,2.31e-11,Metamonada,FBpp0074065,7227,SMC3
COG1196,32,1,7.78,3.63e-15,2.31e-11,Metamonada,FBpp0080489,7227,glu
COG1196,32,1,7.78,3.63e-15,2.31e-11,Metamonada,FBpp0083926,7227,SMC1
COG1196,32,1,7.78,3.63e-15,2.31e-11,Metamonada,FBpp0083958,7227,jnj
COG1196,32,1,7.78,3.63e-15,2.31e-11,Metamonada,FBpp0086591,7227,SMC2
COG1196,32,1,7.78,3.63e-15,2.31e-11,Metamonada,FBpp0289334,7227,CG32441
COG1196,32,1,7.78,3.63e-15,2.31e-11,Metamonada,FBpp0290815,7227,SMC5
COG0541,32,0.9995,7.778,3.68e-15,2.34e-11,Metamonada,FBpp0076872,7227,Srp54k
KOG2085,32,0.9348,7.776,3.73e-15,2.38e-11,Metamonada,FBpp0074103,7227,Twdlalpha
KOG2085,32,0.9348,7.776,3.73e-15,2.38e-11,Metamonada,FBpp0082978,7227,PP2A-B
KOG2085,32,0.9348,7.776,3.73e-15,2.38e-11,Metamonada,FBpp0084574,7227,wdb
KOG2085,32,0.9348,7.776,3.73e-15,2.38e-11,Metamonada,FBpp0290265,7227,CG32568
KOG4234,32,0.935,7.774,3.79e-15,2.41e-11,Metamonada,FBpp0082765,7227,CG14894
COG3276,32,0.9994,7.774,3.79e-15,2.41e-11,Metamonada,FBpp0071534,7227,EfSec
COG3276,32,0.9994,7.774,3.79e-15,2.41e-11,Metamonada,FBpp0302537,7227,eIF-2gamma
COG0699,32,1,7.774,3.8e-15,2.42e-11,Metamonada,FBpp0070873,7227,Marf
COG0699,32,1,7.774,3.8e-15,2.42e-11,Metamonada,FBpp0077424,7227,Drp1
COG0699,32,1,7.774,3.8e-15,2.42e-11,Metamonada,FBpp0083791,7227,fzo
COG0699,32,1,7.774,3.8e-15,2.42e-11,Metamonada,FBpp0086700,7227,Opa1
COG0699,32,1,7.774,3.8e-15,2.42e-11,Metamonada,FBpp0305866,7227,shi
KOG2730,32,0.9541,7.774,3.81e-15,2.43e-11,Metamonada,FBpp0289216,7227,tatl
COG5129,32,0.971,7.774,3.82e-15,2.43e-11,Metamonada,FBpp0071198,7227,Rbm13
KOG1989,32,0.9821,7.773,3.83e-15,2.44e-11,Metamonada,FBpp0078604,7227,aux
KOG1989,32,0.9821,7.773,3.83e-15,2.44e-11,Metamonada,FBpp0080729,7227,Nak
COG2020,32,0.9627,7.772,3.86e-15,2.46e-11,Metamonada,FBpp0075610,7227,ste14
COG1779,32,0.9479,7.771,3.88e-15,2.47e-11,Metamonada,FBpp0071277,7227,Zpr1
KOG0021,32,0.9695,7.77,3.93e-15,2.5e-11,Metamonada,FBpp0290195,7227,GS
KOG0021,32,0.9695,7.77,3.93e-15,2.5e-11,Metamonada,FBpp0290197,7227,CG32495
KOG1587,32,0.8621,7.77,3.93e-15,2.5e-11,Metamonada,FBpp0071062,7227,CG1571
KOG1587,32,0.8621,7.77,3.93e-15,2.5e-11,Metamonada,FBpp0071450,7227,CG9313
KOG1587,32,0.8621,7.77,3.93e-15,2.5e-11,Metamonada,FBpp0072438,7227,Dic61B
KOG1587,32,0.8621,7.77,3.93e-15,2.5e-11,Metamonada,FBpp0072685,7227,CG13930
KOG1587,32,0.8621,7.77,3.93e-15,2.5e-11,Metamonada,FBpp0076513,7227,CG14838
KOG1587,32,0.8621,7.77,3.93e-15,2.5e-11,Metamonada,FBpp0080100,7227,CG10859
KOG1587,32,0.8621,7.77,3.93e-15,2.5e-11,Metamonada,FBpp0086275,7227,CG15701
KOG1587,32,0.8621,7.77,3.93e-15,2.5e-11,Metamonada,FBpp0088428,7227,sw
KOG1587,32,0.8621,7.77,3.93e-15,2.5e-11,Metamonada,FBpp0088472,7227,Sdic3
KOG1587,32,0.8621,7.77,3.93e-15,2.5e-11,Metamonada,FBpp0088559,7227,Sdic1
KOG1587,32,0.8621,7.77,3.93e-15,2.5e-11,Metamonada,FBpp0089014,7227,Sdic4
KOG1587,32,0.8621,7.77,3.93e-15,2.5e-11,Metamonada,FBpp0089016,7227,Sdic2
KOG1587,32,0.8621,7.77,3.93e-15,2.5e-11,Metamonada,FBpp0305003,7227,CG6053
COG0491,32,0.9991,7.769,3.95e-15,2.51e-11,Metamonada,FBpp0077912,7227,CG4365
COG0491,32,0.9991,7.769,3.95e-15,2.51e-11,Metamonada,FBpp0079258,7227,CG12375
COG0491,32,0.9991,7.769,3.95e-15,2.51e-11,Metamonada,FBpp0288428,7227,CG30022
COG0554,32,1,7.769,3.95e-15,2.52e-11,Metamonada,FBpp0070511,7227,CG10793
COG0554,32,1,7.769,3.95e-15,2.52e-11,Metamonada,FBpp0072428,7227,Gyk
COG0554,32,1,7.769,3.95e-15,2.52e-11,Metamonada,FBpp0072650,7227,Gk
COG0554,32,1,7.769,3.95e-15,2.52e-11,Metamonada,FBpp0072857,7227,CG1271
COG0554,32,1,7.769,3.95e-15,2.52e-11,Metamonada,FBpp0073139,7227,CG11594
COG0554,32,1,7.769,3.95e-15,2.52e-11,Metamonada,FBpp0076890,7227,Rpt6
COG0554,32,1,7.769,3.95e-15,2.52e-11,Metamonada,FBpp0078469,7227,Kat60
COG0554,32,1,7.769,3.95e-15,2.52e-11,Metamonada,FBpp0083906,7227,Rpt2
COG0554,32,1,7.769,3.95e-15,2.52e-11,Metamonada,FBpp0085042,7227,Rpt6R
COG0554,32,1,7.769,3.95e-15,2.52e-11,Metamonada,FBpp0088021,7227,Rpt1
COG0554,32,1,7.769,3.95e-15,2.52e-11,Metamonada,FBpp0289964,7227,kat-60L1
COG0554,32,1,7.769,3.95e-15,2.52e-11,Metamonada,FBpp0297145,7227,CG8298
COG0430,32,0.9949,7.769,3.96e-15,2.52e-11,Metamonada,FBpp0070316,7227,CG4061
COG0430,32,0.9949,7.769,3.96e-15,2.52e-11,Metamonada,FBpp0073651,7227,Rtc1
COG0688,32,0.9351,7.769,3.97e-15,2.53e-11,Metamonada,FBpp0083921,7227,CG5991
KOG2562,32,0.8917,7.767,4.01e-15,2.55e-11,Metamonada,FBpp0300985,7227,CG4733
COG4624,32,0.9961,7.766,4.05e-15,2.58e-11,Metamonada,FBpp0110523,7227,CG17683
COG0588,32,0.9078,7.765,4.07e-15,2.59e-11,Metamonada,FBpp0082089,7227,Pglym87
COG0588,32,0.9078,7.765,4.07e-15,2.59e-11,Metamonada,FBpp0083616,7227,CG7059
COG0588,32,0.9078,7.765,4.07e-15,2.59e-11,Metamonada,FBpp0084753,7227,Pglym78
KOG0332,32,0.9423,7.765,4.08e-15,2.6e-11,Metamonada,FBpp0304166,7227,Dbp80
COG0091,32,1,7.76,4.25e-15,2.7e-11,Metamonada,FBpp0070940,7227,RpL17
COG0091,32,1,7.76,4.25e-15,2.7e-11,Metamonada,FBpp0074104,7227,mRpL22
COG0476,32,1,7.76,4.25e-15,2.71e-11,Metamonada,FBpp0073354,7227,CG1749
COG0476,32,1,7.76,4.25e-15,2.71e-11,Metamonada,FBpp0075938,7227,APP-BP1
COG0476,32,1,7.76,4.25e-15,2.71e-11,Metamonada,FBpp0076457,7227,Uba2
COG0476,32,1,7.76,4.25e-15,2.71e-11,Metamonada,FBpp0076458,7227,mRpL36
COG0476,32,1,7.76,4.25e-15,2.71e-11,Metamonada,FBpp0079295,7227,CG13090
COG0476,32,1,7.76,4.25e-15,2.71e-11,Metamonada,FBpp0082065,7227,Aos1
COG0476,32,1,7.76,4.25e-15,2.71e-11,Metamonada,FBpp0085891,7227,Atg7
COG0476,32,1,7.76,4.25e-15,2.71e-11,Metamonada,FBpp0086711,7227,Uba3
COG0476,32,1,7.76,4.25e-15,2.71e-11,Metamonada,FBpp0087583,7227,Uba1
COG4088,32,0.9403,7.76,4.26e-15,2.71e-11,Metamonada,FBpp0070308,7227,CG3587
COG4088,32,0.9403,7.76,4.26e-15,2.71e-11,Metamonada,FBpp0099685,7227,CG12788
COG1131,32,0.9956,7.76,4.26e-15,2.72e-11,Metamonada,FBpp0070468,7227,w
COG1131,32,0.9956,7.76,4.26e-15,2.72e-11,Metamonada,FBpp0072026,7227,bw
COG1131,32,0.9956,7.76,4.26e-15,2.72e-11,Metamonada,FBpp0074959,7227,CG6052
COG1131,32,0.9956,7.76,4.26e-15,2.72e-11,Metamonada,FBpp0075149,7227,st
COG1131,32,0.9956,7.76,4.26e-15,2.72e-11,Metamonada,FBpp0075837,7227,CG32091
COG1131,32,0.9956,7.76,4.26e-15,2.72e-11,Metamonada,FBpp0077291,7227,CG9663
COG1131,32,0.9956,7.76,4.26e-15,2.72e-11,Metamonada,FBpp0077292,7227,CG9664
COG1131,32,0.9956,7.76,4.26e-15,2.72e-11,Metamonada,FBpp0077389,7227,CG31689
COG1131,32,0.9956,7.76,4.26e-15,2.72e-11,Metamonada,FBpp0077553,7227,CG17646
COG1131,32,0.9956,7.76,4.26e-15,2.72e-11,Metamonada,FBpp0077812,7227,CG3164
COG1131,32,0.9956,7.76,4.26e-15,2.72e-11,Metamonada,FBpp0077817,7227,CG4822
COG1131,32,0.9956,7.76,4.26e-15,2.72e-11,Metamonada,FBpp0078796,7227,CG11147
COG1131,32,0.9956,7.76,4.26e-15,2.72e-11,Metamonada,FBpp0079489,7227,CG5853
COG1131,32,0.9956,7.76,4.26e-15,2.72e-11,Metamonada,FBpp0083233,7227,CG31213
COG1131,32,0.9956,7.76,4.26e-15,2.72e-11,Metamonada,FBpp0084089,7227,CG11069
COG1131,32,0.9956,7.76,4.26e-15,2.72e-11,Metamonada,FBpp0084098,7227,CG31121
COG1131,32,0.9956,7.76,4.26e-15,2.72e-11,Metamonada,FBpp0084677,7227,CG9990
COG1131,32,0.9956,7.76,4.26e-15,2.72e-11,Metamonada,FBpp0088917,7227,E23
COG1131,32,0.9956,7.76,4.26e-15,2.72e-11,Metamonada,FBpp0099384,7227,CG33970
COG1131,32,0.9956,7.76,4.26e-15,2.72e-11,Metamonada,FBpp0110124,7227,CG34120
COG1131,32,0.9956,7.76,4.26e-15,2.72e-11,Metamonada,FBpp0110241,7227,CG31731
COG1131,32,0.9956,7.76,4.26e-15,2.72e-11,Metamonada,FBpp0111812,7227,Atet
COG1131,32,0.9956,7.76,4.26e-15,2.72e-11,Metamonada,FBpp0290160,7227,CG1801
COG1131,32,0.9956,7.76,4.26e-15,2.72e-11,Metamonada,FBpp0292834,7227,CG42815
COG1131,32,0.9956,7.76,4.26e-15,2.72e-11,Metamonada,FBpp0297618,7227,CG1718
COG1131,32,0.9956,7.76,4.26e-15,2.72e-11,Metamonada,FBpp0300324,7227,CG42816
COG1131,32,0.9956,7.76,4.26e-15,2.72e-11,Metamonada,FBpp0302542,7227,CG43672
COG1131,32,0.9956,7.76,4.26e-15,2.72e-11,Metamonada,FBpp0304548,7227,CG8908
COG1131,32,0.9956,7.76,4.26e-15,2.72e-11,Metamonada,FBpp0304586,7227,CG1494
COG5110,32,0.9996,7.759,4.28e-15,2.72e-11,Metamonada,FBpp0074662,7227,Rpn1
COG0442,32,1,7.757,4.35e-15,2.77e-11,Metamonada,FBpp0072825,7227,Aats-pro
COG0442,32,1,7.757,4.35e-15,2.77e-11,Metamonada,FBpp0083898,7227,CG5394
COG0566,32,0.9682,7.757,4.35e-15,2.77e-11,Metamonada,FBpp0074739,7227,CG14100
COG0566,32,0.9682,7.757,4.35e-15,2.77e-11,Metamonada,FBpp0083613,7227,CG18596
KOG0185,32,0.9969,7.756,4.37e-15,2.79e-11,Metamonada,FBpp0078448,7227,Prosbeta7
KOG1332,32,0.9824,7.755,4.41e-15,2.81e-11,Metamonada,FBpp0083801,7227,Sec13
COG5096,32,1,7.755,4.41e-15,2.81e-11,Metamonada,FBpp0074348,7227,betaCOP
COG5096,32,1,7.755,4.41e-15,2.81e-11,Metamonada,FBpp0074558,7227,AP-1-2beta
COG5096,32,1,7.755,4.41e-15,2.81e-11,Metamonada,FBpp0290745,7227,rb
KOG1107,32,0.9992,7.755,4.42e-15,2.81e-11,Metamonada,FBpp0071685,7227,Vps35
COG5274,32,0.9768,7.754,4.44e-15,2.83e-11,Metamonada,FBpp0075245,7227,CG5157
COG5274,32,0.9768,7.754,4.44e-15,2.83e-11,Metamonada,FBpp0077118,7227,CG15429
COG5274,32,0.9768,7.754,4.44e-15,2.83e-11,Metamonada,FBpp0080542,7227,CG6870
COG5274,32,0.9768,7.754,4.44e-15,2.83e-11,Metamonada,FBpp0085713,7227,CG11257
COG5274,32,0.9768,7.754,4.44e-15,2.83e-11,Metamonada,FBpp0087979,7227,Cyt-b5
COG5274,32,0.9768,7.754,4.44e-15,2.83e-11,Metamonada,FBpp0088809,7227,CG3566
COG0036,32,0.9796,7.754,4.45e-15,2.83e-11,Metamonada,FBpp0301729,7227,CG30499
COG5078,32,1,7.754,4.45e-15,2.84e-11,Metamonada,FBpp0072998,7227,CG10862
COG5078,32,1,7.754,4.45e-15,2.84e-11,Metamonada,FBpp0073230,7227,CG17030
COG5078,32,1,7.754,4.45e-15,2.84e-11,Metamonada,FBpp0073477,7227,CG2574
COG5078,32,1,7.754,4.45e-15,2.84e-11,Metamonada,FBpp0073686,7227,ben
COG5078,32,1,7.754,4.45e-15,2.84e-11,Metamonada,FBpp0075690,7227,vih
COG5078,32,1,7.754,4.45e-15,2.84e-11,Metamonada,FBpp0076124,7227,Ubc4
COG5078,32,1,7.754,4.45e-15,2.84e-11,Metamonada,FBpp0077147,7227,morgue
COG5078,32,1,7.754,4.45e-15,2.84e-11,Metamonada,FBpp0078490,7227,Ubc6
COG5078,32,1,7.754,4.45e-15,2.84e-11,Metamonada,FBpp0080227,7227,CG3473
COG5078,32,1,7.754,4.45e-15,2.84e-11,Metamonada,FBpp0081076,7227,Ubc84D
COG5078,32,1,7.754,4.45e-15,2.84e-11,Metamonada,FBpp0082303,7227,Ubc87F
COG5078,32,1,7.754,4.45e-15,2.84e-11,Metamonada,FBpp0082477,7227,eff
COG5078,32,1,7.754,4.45e-15,2.84e-11,Metamonada,FBpp0083867,7227,CG10254
COG5078,32,1,7.754,4.45e-15,2.84e-11,Metamonada,FBpp0088522,7227,Ubc10
COG5078,32,1,7.754,4.45e-15,2.84e-11,Metamonada,FBpp0099891,7227,CG8188
COG5078,32,1,7.754,4.45e-15,2.84e-11,Metamonada,FBpp0110481,7227,CG40045
COG5078,32,1,7.754,4.45e-15,2.84e-11,Metamonada,FBpp0111977,7227,CG7220
COG5078,32,1,7.754,4.45e-15,2.84e-11,Metamonada,FBpp0289558,7227,CG7656
COG5078,32,1,7.754,4.45e-15,2.84e-11,Metamonada,FBpp0294003,7227,CG5440
COG5078,32,1,7.754,4.45e-15,2.84e-11,Metamonada,FBpp0301731,7227,lwr
COG5078,32,1,7.754,4.45e-15,2.84e-11,Metamonada,FBpp0304070,7227,Bruce
COG5078,32,1,7.754,4.45e-15,2.84e-11,Metamonada,FBpp0305676,7227,Ubc2
COG0639,32,1,7.752,4.52e-15,2.88e-11,Metamonada,FBpp0070883,7227,PpV
COG0639,32,1,7.752,4.52e-15,2.88e-11,Metamonada,FBpp0071381,7227,flw
COG0639,32,1,7.752,4.52e-15,2.88e-11,Metamonada,FBpp0071650,7227,PpN58A
COG0639,32,1,7.752,4.52e-15,2.88e-11,Metamonada,FBpp0071719,7227,PpD5
COG0639,32,1,7.752,4.52e-15,2.88e-11,Metamonada,FBpp0073834,7227,Pp1-13C
COG0639,32,1,7.752,4.52e-15,2.88e-11,Metamonada,FBpp0074602,7227,rdgC
COG0639,32,1,7.752,4.52e-15,2.88e-11,Metamonada,FBpp0077016,7227,Pp4-19C
COG0639,32,1,7.752,4.52e-15,2.88e-11,Metamonada,FBpp0077344,7227,PpD6
COG0639,32,1,7.752,4.52e-15,2.88e-11,Metamonada,FBpp0079148,7227,mts
COG0639,32,1,7.752,4.52e-15,2.88e-11,Metamonada,FBpp0081606,7227,PpD3
COG0639,32,1,7.752,4.52e-15,2.88e-11,Metamonada,FBpp0082067,7227,Pp1-87B
COG0639,32,1,7.752,4.52e-15,2.88e-11,Metamonada,FBpp0084026,7227,Pp1-96A
COG0639,32,1,7.752,4.52e-15,2.88e-11,Metamonada,FBpp0085094,7227,CanA1
COG0639,32,1,7.752,4.52e-15,2.88e-11,Metamonada,FBpp0085996,7227,PpY-55A
COG0639,32,1,7.752,4.52e-15,2.88e-11,Metamonada,FBpp0291347,7227,CG11597
COG0639,32,1,7.752,4.52e-15,2.88e-11,Metamonada,FBpp0291546,7227,Pp1-Y1
COG0639,32,1,7.752,4.52e-15,2.88e-11,Metamonada,FBpp0293728,7227,CanA-14F
COG0639,32,1,7.752,4.52e-15,2.88e-11,Metamonada,FBpp0301546,7227,Pp2B-14D
COG0639,32,1,7.752,4.52e-15,2.88e-11,Metamonada,FBpp0302590,7227,Pp1-Y2
COG5017,32,0.985,7.751,4.56e-15,2.9e-11,Metamonada,FBpp0084782,7227,CG14512
COG1958,32,1,7.751,4.56e-15,2.9099999999999998e-11,Metamonada,FBpp0071449,7227,CG9344
COG1958,32,1,7.751,4.56e-15,2.9099999999999998e-11,Metamonada,FBpp0075684,7227,SmD1
COG1958,32,1,7.751,4.56e-15,2.9099999999999998e-11,Metamonada,FBpp0075686,7227,CG10418
COG1958,32,1,7.751,4.56e-15,2.9099999999999998e-11,Metamonada,FBpp0076756,7227,CG6610
COG1958,32,1,7.751,4.56e-15,2.9099999999999998e-11,Metamonada,FBpp0079182,7227,SmE
COG1958,32,1,7.751,4.56e-15,2.9099999999999998e-11,Metamonada,FBpp0081234,7227,SmD2
COG1958,32,1,7.751,4.56e-15,2.9099999999999998e-11,Metamonada,FBpp0087094,7227,SmD3
COG1958,32,1,7.751,4.56e-15,2.9099999999999998e-11,Metamonada,FBpp0087343,7227,Lsm10
COG1958,32,1,7.751,4.56e-15,2.9099999999999998e-11,Metamonada,FBpp0293061,7227,SmB
COG1958,32,1,7.751,4.56e-15,2.9099999999999998e-11,Metamonada,FBpp0304730,7227,CG31950
COG1990,32,0.936,7.75,4.59e-15,2.92e-11,Metamonada,FBpp0290838,7227,CG1307
COG0469,32,1,7.749,4.62e-15,2.94e-11,Metamonada,FBpp0074988,7227,CG12229
COG0469,32,1,7.749,4.62e-15,2.94e-11,Metamonada,FBpp0077406,7227,CG2964
COG0469,32,1,7.749,4.62e-15,2.94e-11,Metamonada,FBpp0078083,7227,CG11249
COG0469,32,1,7.749,4.62e-15,2.94e-11,Metamonada,FBpp0083611,7227,PyK
COG0469,32,1,7.749,4.62e-15,2.94e-11,Metamonada,FBpp0083612,7227,CG7069
COG0469,32,1,7.749,4.62e-15,2.94e-11,Metamonada,FBpp0304089,7227,CG7362
COG0187,32,0.9302,7.747,4.69e-15,2.99e-11,Metamonada,FBpp0304598,7227,Top2
KOG1975,32,0.9619,7.747,4.71e-15,3e-11,Metamonada,FBpp0080257,7227,l(2)35Bd
COG1412,32,0.9992,7.746,4.73e-15,3.01e-11,Metamonada,FBpp0079470,7227,Bka
COG1412,32,0.9992,7.746,4.73e-15,3.01e-11,Metamonada,FBpp0305723,7227,CG17652
COG1184,32,0.9951,7.746,4.73e-15,3.02e-11,Metamonada,FBpp0070457,7227,eIF2B-beta
COG1184,32,0.9951,7.746,4.73e-15,3.02e-11,Metamonada,FBpp0071923,7227,CG10315
COG1184,32,0.9951,7.746,4.73e-15,3.02e-11,Metamonada,FBpp0084874,7227,Eif2b
KOG1290,32,0.9996,7.746,4.74e-15,3.02e-11,Metamonada,FBpp0073917,7227,CG8565
KOG1290,32,0.9996,7.746,4.74e-15,3.02e-11,Metamonada,FBpp0086515,7227,SRPK
KOG1290,32,0.9996,7.746,4.74e-15,3.02e-11,Metamonada,FBpp0297551,7227,srpk79D
COG0510,32,0.9949,7.744,4.82e-15,3.07e-11,Metamonada,FBpp0073990,7227,eas
COG0510,32,0.9949,7.744,4.82e-15,3.07e-11,Metamonada,FBpp0293955,7227,CG2201
COG1293,32,0.9101,7.743,4.87e-15,3.1e-11,Metamonada,FBpp0290493,7227,Clbn
KOG0650,32,0.997,7.743,4.87e-15,3.1e-11,Metamonada,FBpp0088519,7227,CG5033
COG0438,32,1,7.742,4.89e-15,3.11e-11,Metamonada,FBpp0072887,7227,CG1291
COG0438,32,1,7.742,4.89e-15,3.11e-11,Metamonada,FBpp0082496,7227,GlyS
COG0438,32,1,7.742,4.89e-15,3.11e-11,Metamonada,FBpp0082947,7227,CG18012
COG0438,32,1,7.742,4.89e-15,3.11e-11,Metamonada,FBpp0086042,7227,CG6401
COG0438,32,1,7.742,4.89e-15,3.11e-11,Metamonada,FBpp0305584,7227,CG11306
KOG2169,32,0.9748,7.742,4.89e-15,3.11e-11,Metamonada,FBpp0075997,7227,tna
KOG2169,32,0.9748,7.742,4.89e-15,3.11e-11,Metamonada,FBpp0087651,7227,CG8068
COG0186,32,0.9246,7.742,4.89e-15,3.12e-11,Metamonada,FBpp0087115,7227,RpS11
COG0127,32,0.9951,7.741,4.95e-15,3.15e-11,Metamonada,FBpp0078684,7227,CG8891
KOG0600,32,0.9975,7.74,4.95e-15,3.16e-11,Metamonada,FBpp0078013,7227,Cdk12
KOG0344,32,0.9748,7.74,4.97e-15,3.16e-11,Metamonada,FBpp0074936,7227,CG5589
COG5291,32,0.9996,7.74,4.97e-15,3.17e-11,Metamonada,FBpp0077489,7227,Der-1
COG5291,32,0.9996,7.74,4.97e-15,3.17e-11,Metamonada,FBpp0082758,7227,Der-2
COG0638,32,1,7.74,4.97e-15,3.17e-11,Metamonada,FBpp0070782,7227,CG18341
COG0638,32,1,7.74,4.97e-15,3.17e-11,Metamonada,FBpp0071451,7227,Prosalpha3
COG0638,32,1,7.74,4.97e-15,3.17e-11,Metamonada,FBpp0071954,7227,Prosbeta5R
COG0638,32,1,7.74,4.97e-15,3.17e-11,Metamonada,FBpp0072257,7227,Pros28.1B
COG0638,32,1,7.74,4.97e-15,3.17e-11,Metamonada,FBpp0073989,7227,Prosalpha4
COG0638,32,1,7.74,4.97e-15,3.17e-11,Metamonada,FBpp0075119,7227,Prosbeta6
COG0638,32,1,7.74,4.97e-15,3.17e-11,Metamonada,FBpp0075382,7227,Prosbeta2
COG0638,32,1,7.74,4.97e-15,3.17e-11,Metamonada,FBpp0077381,7227,CG17301
COG0638,32,1,7.74,4.97e-15,3.17e-11,Metamonada,FBpp0078473,7227,CG12161
COG0638,32,1,7.74,4.97e-15,3.17e-11,Metamonada,FBpp0079538,7227,Prosalpha6
COG0638,32,1,7.74,4.97e-15,3.17e-11,Metamonada,FBpp0080028,7227,5648
COG0638,32,1,7.74,4.97e-15,3.17e-11,Metamonada,FBpp0080490,7227,Prosbeta4
COG0638,32,1,7.74,4.97e-15,3.17e-11,Metamonada,FBpp0080578,7227,CG31742
COG0638,32,1,7.74,4.97e-15,3.17e-11,Metamonada,FBpp0081488,7227,Prosbeta3
COG0638,32,1,7.74,4.97e-15,3.17e-11,Metamonada,FBpp0083336,7227,Pros28.1A
COG0638,32,1,7.74,4.97e-15,3.17e-11,Metamonada,FBpp0085100,7227,CG1736
COG0638,32,1,7.74,4.97e-15,3.17e-11,Metamonada,FBpp0086066,7227,Prosalpha5
COG0638,32,1,7.74,4.97e-15,3.17e-11,Metamonada,FBpp0087319,7227,Prosbeta5
COG0638,32,1,7.74,4.97e-15,3.17e-11,Metamonada,FBpp0087969,7227,Prosalpha1
COG0638,32,1,7.74,4.97e-15,3.17e-11,Metamonada,FBpp0089041,7227,Prosalpha7
COG0638,32,1,7.74,4.97e-15,3.17e-11,Metamonada,FBpp0291433,7227,CG30382
COG0638,32,1,7.74,4.97e-15,3.17e-11,Metamonada,FBpp0304788,7227,CG17302
KOG2409,32,0.9028,7.735,5.16e-15,3.28e-11,Metamonada,FBpp0075756,7227,CG5645
COG0012,32,0.9375,7.734,5.2e-15,3.31e-11,Metamonada,FBpp0088408,7227,CG1354
COG1997,32,0.9927,7.733,5.24e-15,3.34e-11,Metamonada,FBpp0291726,7227,RpL37A
COG0088,32,1,7.733,5.26e-15,3.35e-11,Metamonada,FBpp0071766,7227,RpS16
COG0088,32,1,7.733,5.26e-15,3.35e-11,Metamonada,FBpp0080401,7227,mRpL4
COG0088,32,1,7.733,5.26e-15,3.35e-11,Metamonada,FBpp0084617,7227,RpL4
COG5151,32,0.9602,7.732,5.28e-15,3.36e-11,Metamonada,FBpp0078205,7227,Ssl1
COG1156,32,0.9998,7.732,5.3e-15,3.38e-11,Metamonada,FBpp0082139,7227,Vha55
COG0177,32,0.9361,7.732,5.31e-15,3.38e-11,Metamonada,FBpp0088883,7227,CG9272
COG0532,32,1,7.73,5.37e-15,3.42e-11,Metamonada,FBpp0084662,7227,CG12413
COG0532,32,1,7.73,5.37e-15,3.42e-11,Metamonada,FBpp0301570,7227,eIF5B
COG0334,32,0.9968,7.73,5.39e-15,3.43e-11,Metamonada,FBpp0083774,7227,CG4434
COG0334,32,0.9968,7.73,5.39e-15,3.43e-11,Metamonada,FBpp0088988,7227,Gdh
COG1097,32,0.9992,7.73,5.39e-15,3.44e-11,Metamonada,FBpp0072020,7227,Rrp4
COG1097,32,0.9992,7.73,5.39e-15,3.44e-11,Metamonada,FBpp0077551,7227,Rrp40
COG5170,32,0.978,7.729,5.4e-15,3.44e-11,Metamonada,FBpp0081665,7227,tws
COG5064,32,0.9996,7.729,5.44e-15,3.46e-11,Metamonada,FBpp0074650,7227,Kap-alpha1
COG5064,32,0.9996,7.729,5.44e-15,3.46e-11,Metamonada,FBpp0076777,7227,alphaKap4
COG5064,32,0.9996,7.729,5.44e-15,3.46e-11,Metamonada,FBpp0079527,7227,Pen
COG5064,32,0.9996,7.729,5.44e-15,3.46e-11,Metamonada,FBpp0081584,7227,Kap-alpha3
COG1524,32,0.926,7.728,5.45e-15,3.47e-11,Metamonada,FBpp0081936,7227,CG6790
COG1524,32,0.926,7.728,5.45e-15,3.47e-11,Metamonada,FBpp0083723,7227,CG4907
COG1524,32,0.926,7.728,5.45e-15,3.47e-11,Metamonada,FBpp0084552,7227,CG13978
COG1524,32,0.926,7.728,5.45e-15,3.47e-11,Metamonada,FBpp0085870,7227,CG12263
COG1524,32,0.926,7.728,5.45e-15,3.47e-11,Metamonada,FBpp0087517,7227,CG2292
COG1524,32,0.926,7.728,5.45e-15,3.47e-11,Metamonada,FBpp0087978,7227,CG2144
COG1524,32,0.926,7.728,5.45e-15,3.47e-11,Metamonada,FBpp0290382,7227,CG5342
KOG0306,32,0.9766,7.727,5.51e-15,3.51e-11,Metamonada,FBpp0082995,7227,CG8064
COG5074,32,0.9981,7.727,5.52e-15,3.52e-11,Metamonada,FBpp0070471,7227,Syx4
COG5074,32,0.9981,7.727,5.52e-15,3.52e-11,Metamonada,FBpp0292260,7227,Syx1A
COG2163,32,1,7.727,5.52e-15,3.52e-11,Metamonada,FBpp0076359,7227,RpL14
COG2163,32,1,7.727,5.52e-15,3.52e-11,Metamonada,FBpp0085166,7227,RpL6
COG2163,32,1,7.727,5.52e-15,3.52e-11,Metamonada,FBpp0303780,7227,RpL27
COG5106,32,0.9971,7.726,5.55e-15,3.54e-11,Metamonada,FBpp0082984,7227,Non3
KOG2321,32,0.9335,7.725,5.6e-15,3.56e-11,Metamonada,FBpp0080211,7227,l(2)34Fd
KOG0174,32,0.9357,7.724,5.62e-15,3.58e-11,Metamonada,FBpp0086400,7227,Prosbeta1
COG0220,32,0.9709,7.724,5.65e-15,3.6e-11,Metamonada,FBpp0070317,7227,CG4045
KOG1836,32,0.9033,7.723,5.67e-15,3.61e-11,Metamonada,FBpp0076111,7227,LanB2
KOG1836,32,0.9033,7.723,5.67e-15,3.61e-11,Metamonada,FBpp0076722,7227,LanA
KOG1836,32,0.9033,7.723,5.67e-15,3.61e-11,Metamonada,FBpp0291871,7227,wb
KOG0181,32,0.9762,7.723,5.68e-15,3.62e-11,Metamonada,FBpp0082062,7227,Prosalpha2
COG5265,32,0.9742,7.722,5.73e-15,3.65e-11,Metamonada,FBpp0072637,7227,ABCB7
COG5265,32,0.9742,7.722,5.73e-15,3.65e-11,Metamonada,FBpp0082642,7227,Hmt-1
COG0244,32,1,7.722,5.74e-15,3.65e-11,Metamonada,FBpp0087511,7227,RpLP0-like
COG0244,32,1,7.722,5.74e-15,3.65e-11,Metamonada,FBpp0306232,7227,RpLP0
COG0052,32,0.9992,7.722,5.74e-15,3.66e-11,Metamonada,FBpp0070279,7227,sta
COG0052,32,0.9992,7.722,5.74e-15,3.66e-11,Metamonada,FBpp0077099,7227,mRpS2
COG0149,32,0.9369,7.715,6.03e-15,3.84e-11,Metamonada,FBpp0084948,7227,Tpi
KOG0264,32,0.9774,7.713,6.15e-15,3.92e-11,Metamonada,FBpp0082511,7227,Caf1
KOG0094,32,0.9991,7.712,6.17e-15,3.93e-11,Metamonada,FBpp0079943,7227,Rab6
KOG0094,32,0.9991,7.712,6.17e-15,3.93e-11,Metamonada,FBpp0290743,7227,RabX5
KOG0379,32,0.9692,7.712,6.17e-15,3.93e-11,Metamonada,FBpp0071681,7227,CG6758
KOG0379,32,0.9692,7.712,6.17e-15,3.93e-11,Metamonada,FBpp0085872,7227,slim
COG0164,32,0.9312,7.712,6.18e-15,3.94e-11,Metamonada,FBpp0077750,7227,CG13690
COG0524,32,0.9911,7.712,6.2e-15,3.95e-11,Metamonada,FBpp0070110,7227,CG13369
COG0524,32,0.9911,7.712,6.2e-15,3.95e-11,Metamonada,FBpp0075629,7227,AdenoK
COG0524,32,0.9911,7.712,6.2e-15,3.95e-11,Metamonada,FBpp0079936,7227,CG17010
COG0524,32,0.9911,7.712,6.2e-15,3.95e-11,Metamonada,FBpp0082018,7227,CG3809
COG0524,32,0.9911,7.712,6.2e-15,3.95e-11,Metamonada,FBpp0088121,7227,Ady43A
COG1041,32,0.9852,7.711,6.23e-15,3.97e-11,Metamonada,FBpp0078565,7227,CG1074
COG2139,32,0.9364,7.71,6.27e-15,3.99e-11,Metamonada,FBpp0303728,7227,RpL21
COG5091,32,0.8902,7.709,6.34e-15,4.04e-11,Metamonada,FBpp0081351,7227,Sgt1
KOG0268,32,0.9839,7.709,6.34e-15,4.04e-11,Metamonada,FBpp0075302,7227,CG7275
COG0681,32,1,7.708,6.41e-15,4.08e-11,Metamonada,FBpp0073876,7227,CG9240
COG0681,32,1,7.708,6.41e-15,4.08e-11,Metamonada,FBpp0081185,7227,twr
COG0681,32,1,7.708,6.41e-15,4.08e-11,Metamonada,FBpp0085545,7227,CG11110
KOG2229,32,0.9992,7.707,6.42e-15,4.09e-11,Metamonada,FBpp0087709,7227,Mys45A
COG5099,32,0.9367,7.706,6.48e-15,4.13e-11,Metamonada,FBpp0305823,7227,pum
COG5175,32,0.9517,7.705,6.56e-15,4.18e-11,Metamonada,FBpp0304028,7227,Cnot4
KOG0032,32,1,7.704,6.57e-15,4.18e-11,Metamonada,FBpp0073356,7227,Drak
KOG0032,32,1,7.704,6.57e-15,4.18e-11,Metamonada,FBpp0082155,7227,CG10126
KOG0032,32,1,7.704,6.57e-15,4.18e-11,Metamonada,FBpp0082157,7227,CG31345
KOG0032,32,1,7.704,6.57e-15,4.18e-11,Metamonada,FBpp0083816,7227,CG10177
KOG0032,32,1,7.704,6.57e-15,4.18e-11,Metamonada,FBpp0088134,7227,CaMKI
KOG0032,32,1,7.704,6.57e-15,4.18e-11,Metamonada,FBpp0110466,7227,CG17528
KOG0032,32,1,7.704,6.57e-15,4.18e-11,Metamonada,FBpp0112375,7227,Unc-89
KOG0032,32,1,7.704,6.57e-15,4.18e-11,Metamonada,FBpp0302009,7227,sqa
KOG0270,32,0.9202,7.703,6.62e-15,4.22e-11,Metamonada,FBpp0087323,7227,nclb
COG0500,32,1,7.702,6.71e-15,4.27e-11,Metamonada,FBpp0071849,7227,CG17807
COG0500,32,1,7.702,6.71e-15,4.27e-11,Metamonada,FBpp0075244,7227,CG32152
COG0500,32,1,7.702,6.71e-15,4.27e-11,Metamonada,FBpp0077165,7227,Art2
COG0500,32,1,7.702,6.71e-15,4.27e-11,Metamonada,FBpp0079751,7227,Art8
COG0500,32,1,7.702,6.71e-15,4.27e-11,Metamonada,FBpp0080676,7227,CG10428
COG0500,32,1,7.702,6.71e-15,4.27e-11,Metamonada,FBpp0081780,7227,Art1
COG0500,32,1,7.702,6.71e-15,4.27e-11,Metamonada,FBpp0082341,7227,Art6
COG0500,32,1,7.702,6.71e-15,4.27e-11,Metamonada,FBpp0082342,7227,Art9
COG0500,32,1,7.702,6.71e-15,4.27e-11,Metamonada,FBpp0082588,7227,Art3
COG0500,32,1,7.702,6.71e-15,4.27e-11,Metamonada,FBpp0083506,7227,CG3337
COG0500,32,1,7.702,6.71e-15,4.27e-11,Metamonada,FBpp0113056,7227,Art7
COG0500,32,1,7.702,6.71e-15,4.27e-11,Metamonada,FBpp0288850,7227,CG42261
COG0500,32,1,7.702,6.71e-15,4.27e-11,Metamonada,FBpp0302559,7227,CG10903
COG0500,32,1,7.702,6.71e-15,4.27e-11,Metamonada,FBpp0303475,7227,CG8067
COG0500,32,1,7.702,6.71e-15,4.27e-11,Metamonada,FBpp0305840,7227,Art4
KOG3931,32,0.8162,7.702,6.71e-15,4.27e-11,Metamonada,FBpp0073890,7227,CG9203
COG1577,32,0.8636,7.702,6.72e-15,4.28e-11,Metamonada,FBpp0086997,7227,CG33671
COG1026,32,0.9963,7.701,6.75e-15,4.3e-11,Metamonada,FBpp0085413,7227,CG3107
COG2174,32,0.9318,7.7,6.81e-15,4.34e-11,Metamonada,FBpp0081527,7227,RpL34b
COG2174,32,0.9318,7.7,6.81e-15,4.34e-11,Metamonada,FBpp0084345,7227,RpL34a
COG5307,32,1,7.7,6.82e-15,4.34e-11,Metamonada,FBpp0077947,7227,siz
COG5307,32,1,7.7,6.82e-15,4.34e-11,Metamonada,FBpp0080114,7227,Sec71
COG5307,32,1,7.7,6.82e-15,4.34e-11,Metamonada,FBpp0087010,7227,garz
COG5307,32,1,7.7,6.82e-15,4.34e-11,Metamonada,FBpp0112308,7227,Efa6
COG5307,32,1,7.7,6.82e-15,4.34e-11,Metamonada,FBpp0304747,7227,step
COG0042,32,1,7.7,6.83e-15,4.35e-11,Metamonada,FBpp0073720,7227,CG1434
COG0042,32,1,7.7,6.83e-15,4.35e-11,Metamonada,FBpp0077799,7227,CG3645
COG0042,32,1,7.7,6.83e-15,4.35e-11,Metamonada,FBpp0080694,7227,CG10495
COG0042,32,1,7.7,6.83e-15,4.35e-11,Metamonada,FBpp0080828,7227,CG10463
COG0480,32,1,7.698,6.89e-15,4.39e-11,Metamonada,FBpp0075148,7227,CG33158
COG0480,32,1,7.698,6.89e-15,4.39e-11,Metamonada,FBpp0079041,7227,ico
COG0480,32,1,7.698,6.89e-15,4.39e-11,Metamonada,FBpp0084626,7227,CG4849
COG0480,32,1,7.698,6.89e-15,4.39e-11,Metamonada,FBpp0305182,7227,EF2
COG0847,32,0.978,7.698,6.92e-15,4.41e-11,Metamonada,FBpp0075516,7227,CG6833
COG0847,32,0.978,7.698,6.92e-15,4.41e-11,Metamonada,FBpp0076685,7227,CG8368
COG0847,32,0.978,7.698,6.92e-15,4.41e-11,Metamonada,FBpp0077327,7227,CG3165
COG0847,32,0.978,7.698,6.92e-15,4.41e-11,Metamonada,FBpp0087735,7227,PAN2
COG0847,32,0.978,7.698,6.92e-15,4.41e-11,Metamonada,FBpp0099868,7227,CG12877
COG0847,32,0.978,7.698,6.92e-15,4.41e-11,Metamonada,FBpp0301696,7227,CG42666
COG5190,32,1,7.696,7.02e-15,4.47e-11,Metamonada,FBpp0070474,7227,ttm50
COG5190,32,1,7.696,7.02e-15,4.47e-11,Metamonada,FBpp0072249,7227,Fcp1
COG5190,32,1,7.696,7.02e-15,4.47e-11,Metamonada,FBpp0072407,7227,ttm2
COG5190,32,1,7.696,7.02e-15,4.47e-11,Metamonada,FBpp0072954,7227,CG12078
COG5190,32,1,7.696,7.02e-15,4.47e-11,Metamonada,FBpp0076921,7227,Dd
COG5190,32,1,7.696,7.02e-15,4.47e-11,Metamonada,FBpp0083740,7227,Ublcp1
COG5190,32,1,7.696,7.02e-15,4.47e-11,Metamonada,FBpp0085289,7227,ttm3
COG5190,32,1,7.696,7.02e-15,4.47e-11,Metamonada,FBpp0087803,7227,CG8584
COG5190,32,1,7.696,7.02e-15,4.47e-11,Metamonada,FBpp0305756,7227,CG5830
COG1632,32,0.9958,7.695,7.07e-15,4.5e-11,Metamonada,FBpp0300652,7227,RpL15
COG1094,32,1,7.694,7.13e-15,4.54e-11,Metamonada,FBpp0076990,7227,l(1)G0004
COG1094,32,1,7.694,7.13e-15,4.54e-11,Metamonada,FBpp0077694,7227,dbe
KOG1744,32,0.9304,7.692,7.23e-15,4.6e-11,Metamonada,FBpp0085281,7227,FBpp0085281
KOG1744,32,0.9304,7.692,7.23e-15,4.6e-11,Metamonada,FBpp0091113,7227,FBpp0091113
KOG1744,32,0.9304,7.692,7.23e-15,4.6e-11,Metamonada,FBpp0091115,7227,FBpp0091115
KOG1744,32,0.9304,7.692,7.23e-15,4.6e-11,Metamonada,FBpp0091117,7227,FBpp0091117
KOG1744,32,0.9304,7.692,7.23e-15,4.6e-11,Metamonada,FBpp0091119,7227,FBpp0091119
KOG1744,32,0.9304,7.692,7.23e-15,4.6e-11,Metamonada,FBpp0091121,7227,FBpp0091121
KOG1744,32,0.9304,7.692,7.23e-15,4.6e-11,Metamonada,FBpp0091123,7227,FBpp0091123
KOG1744,32,0.9304,7.692,7.23e-15,4.6e-11,Metamonada,FBpp0091125,7227,FBpp0091125
KOG1744,32,0.9304,7.692,7.23e-15,4.6e-11,Metamonada,FBpp0091127,7227,FBpp0091127
KOG1744,32,0.9304,7.692,7.23e-15,4.6e-11,Metamonada,FBpp0091129,7227,FBpp0091129
KOG1744,32,0.9304,7.692,7.23e-15,4.6e-11,Metamonada,FBpp0091131,7227,FBpp0091131
KOG1744,32,0.9304,7.692,7.23e-15,4.6e-11,Metamonada,FBpp0091133,7227,FBpp0091133
KOG1744,32,0.9304,7.692,7.23e-15,4.6e-11,Metamonada,FBpp0091135,7227,FBpp0091135
KOG1744,32,0.9304,7.692,7.23e-15,4.6e-11,Metamonada,FBpp0091137,7227,FBpp0091137
KOG1744,32,0.9304,7.692,7.23e-15,4.6e-11,Metamonada,FBpp0091139,7227,FBpp0091139
KOG1744,32,0.9304,7.692,7.23e-15,4.6e-11,Metamonada,FBpp0091141,7227,FBpp0091141
KOG1744,32,0.9304,7.692,7.23e-15,4.6e-11,Metamonada,FBpp0091143,7227,FBpp0091143
KOG1744,32,0.9304,7.692,7.23e-15,4.6e-11,Metamonada,FBpp0091145,7227,FBpp0091145
KOG1744,32,0.9304,7.692,7.23e-15,4.6e-11,Metamonada,FBpp0091147,7227,FBpp0091147
KOG1744,32,0.9304,7.692,7.23e-15,4.6e-11,Metamonada,FBpp0091149,7227,FBpp0091149
KOG1744,32,0.9304,7.692,7.23e-15,4.6e-11,Metamonada,FBpp0091151,7227,FBpp0091151
KOG1744,32,0.9304,7.692,7.23e-15,4.6e-11,Metamonada,FBpp0091153,7227,FBpp0091153
KOG1744,32,0.9304,7.692,7.23e-15,4.6e-11,Metamonada,FBpp0091155,7227,His2B
COG1019,32,0.8888,7.691,7.32e-15,4.66e-11,Metamonada,FBpp0076826,7227,Ppat-Dpck
KOG0739,32,0.9657,7.69,7.34e-15,4.67e-11,Metamonada,FBpp0074278,7227,Vps4
COG0053,32,0.9518,7.69,7.38e-15,4.7e-11,Metamonada,FBpp0086957,7227,ZnT49B
KOG3911,32,0.9518,7.688,7.46e-15,4.75e-11,Metamonada,FBpp0080052,7227,Nnp-1
KOG0578,32,0.9043,7.688,7.46e-15,4.75e-11,Metamonada,FBpp0074060,7227,mbt
KOG0578,32,0.9043,7.688,7.46e-15,4.75e-11,Metamonada,FBpp0113099,7227,Pak
KOG0578,32,0.9043,7.688,7.46e-15,4.75e-11,Metamonada,FBpp0293540,7227,Pak3
KOG0265,32,0.9089,7.688,7.5e-15,4.77e-11,Metamonada,FBpp0077778,7227,CG3436
COG5041,32,0.9987,7.687,7.52e-15,4.79e-11,Metamonada,FBpp0072258,7227,Ssl
COG5041,32,0.9987,7.687,7.52e-15,4.79e-11,Metamonada,FBpp0085590,7227,CkIIbeta2
COG5041,32,0.9987,7.687,7.52e-15,4.79e-11,Metamonada,FBpp0089135,7227,CkIIbeta
COG5041,32,0.9987,7.687,7.52e-15,4.79e-11,Metamonada,FBpp0289362,7227,FBpp0289362
COG5041,32,0.9987,7.687,7.52e-15,4.79e-11,Metamonada,FBpp0289363,7227,CG33237
COG5041,32,0.9987,7.687,7.52e-15,4.79e-11,Metamonada,FBpp0289364,7227,CG33238
COG5041,32,0.9987,7.687,7.52e-15,4.79e-11,Metamonada,FBpp0289365,7227,FBpp0289365
COG5041,32,0.9987,7.687,7.52e-15,4.79e-11,Metamonada,FBpp0289366,7227,FBpp0289366
COG5041,32,0.9987,7.687,7.52e-15,4.79e-11,Metamonada,FBpp0289367,7227,CG33239
COG5041,32,0.9987,7.687,7.52e-15,4.79e-11,Metamonada,FBpp0289368,7227,CG32605
COG5041,32,0.9987,7.687,7.52e-15,4.79e-11,Metamonada,FBpp0289369,7227,CG33243
COG5041,32,0.9987,7.687,7.52e-15,4.79e-11,Metamonada,FBpp0289370,7227,FBpp0289370
COG5041,32,0.9987,7.687,7.52e-15,4.79e-11,Metamonada,FBpp0289371,7227,CG33236
COG5041,32,0.9987,7.687,7.52e-15,4.79e-11,Metamonada,FBpp0289372,7227,CG33246
COG5041,32,0.9987,7.687,7.52e-15,4.79e-11,Metamonada,FBpp0289373,7227,CG33247
COG5041,32,0.9987,7.687,7.52e-15,4.79e-11,Metamonada,FBpp0289382,7227,FBpp0289382
COG5041,32,0.9987,7.687,7.52e-15,4.79e-11,Metamonada,FBpp0291548,7227,CG40635
COG5041,32,0.9987,7.687,7.52e-15,4.79e-11,Metamonada,FBpp0298298,7227,Ste12DOR
KOG0588,32,0.9283,7.686,7.61e-15,4.85e-11,Metamonada,FBpp0088511,7227,sff
KOG4208,32,0.8869,7.685,7.62e-15,4.85e-11,Metamonada,FBpp0083659,7227,CG6937
COG0325,32,0.9098,7.682,7.81e-15,4.97e-11,Metamonada,FBpp0084940,7227,CG1983
COG1798,32,0.9211,7.68,7.93e-15,5.05e-11,Metamonada,FBpp0083672,7227,CG33107
COG1798,32,0.9211,7.68,7.93e-15,5.05e-11,Metamonada,FBpp0083673,7227,Dph5
COG1890,32,1,7.68,7.95e-15,5.06e-11,Metamonada,FBpp0300615,7227,RpS3A
COG0451,32,0.9958,7.678,8.09e-15,5.16e-11,Metamonada,FBpp0071816,7227,Gmer
COG0451,32,0.9958,7.678,8.09e-15,5.16e-11,Metamonada,FBpp0075044,7227,CG7724
COG0451,32,0.9958,7.678,8.09e-15,5.16e-11,Metamonada,FBpp0076413,7227,CG7979
COG0451,32,0.9958,7.678,8.09e-15,5.16e-11,Metamonada,FBpp0077855,7227,CG5955
COG0451,32,0.9958,7.678,8.09e-15,5.16e-11,Metamonada,FBpp0083882,7227,CG5854
COG0621,32,0.9212,7.678,8.1e-15,5.16e-11,Metamonada,FBpp0081735,7227,CG6345
COG0621,32,0.9212,7.678,8.1e-15,5.16e-11,Metamonada,FBpp0086116,7227,CG6550
COG1171,32,0.9669,7.676,8.24e-15,5.25e-11,Metamonada,FBpp0071669,7227,GlcT-1
COG1171,32,0.9669,7.676,8.24e-15,5.25e-11,Metamonada,FBpp0081504,7227,CG8129
COG5262,32,1,7.674,8.31e-15,5.29e-11,Metamonada,FBpp0084434,7227,His2Av
COG5262,32,1,7.674,8.31e-15,5.29e-11,Metamonada,FBpp0085249,7227,His2A
COG5262,32,1,7.674,8.31e-15,5.29e-11,Metamonada,FBpp0091055,7227,FBpp0091055
COG5262,32,1,7.674,8.31e-15,5.29e-11,Metamonada,FBpp0091060,7227,FBpp0091060
COG5262,32,1,7.674,8.31e-15,5.29e-11,Metamonada,FBpp0091063,7227,FBpp0091063
COG5262,32,1,7.674,8.31e-15,5.29e-11,Metamonada,FBpp0091066,7227,FBpp0091066
COG5262,32,1,7.674,8.31e-15,5.29e-11,Metamonada,FBpp0091069,7227,FBpp0091069
COG5262,32,1,7.674,8.31e-15,5.29e-11,Metamonada,FBpp0091072,7227,FBpp0091072
COG5262,32,1,7.674,8.31e-15,5.29e-11,Metamonada,FBpp0091075,7227,FBpp0091075
COG5262,32,1,7.674,8.31e-15,5.29e-11,Metamonada,FBpp0091078,7227,FBpp0091078
COG5262,32,1,7.674,8.31e-15,5.29e-11,Metamonada,FBpp0091081,7227,FBpp0091081
COG5262,32,1,7.674,8.31e-15,5.29e-11,Metamonada,FBpp0091084,7227,FBpp0091084
COG5262,32,1,7.674,8.31e-15,5.29e-11,Metamonada,FBpp0091087,7227,FBpp0091087
COG5262,32,1,7.674,8.31e-15,5.29e-11,Metamonada,FBpp0091090,7227,FBpp0091090
COG5262,32,1,7.674,8.31e-15,5.29e-11,Metamonada,FBpp0091093,7227,FBpp0091093
COG5262,32,1,7.674,8.31e-15,5.29e-11,Metamonada,FBpp0091096,7227,FBpp0091096
COG5262,32,1,7.674,8.31e-15,5.29e-11,Metamonada,FBpp0091099,7227,CG33853
COG5262,32,1,7.674,8.31e-15,5.29e-11,Metamonada,FBpp0091102,7227,FBpp0091102
COG5262,32,1,7.674,8.31e-15,5.29e-11,Metamonada,FBpp0091105,7227,CG33856
COG5262,32,1,7.674,8.31e-15,5.29e-11,Metamonada,FBpp0091108,7227,FBpp0091108
COG5262,32,1,7.674,8.31e-15,5.29e-11,Metamonada,FBpp0091111,7227,H2a
COG5246,32,0.9975,7.67,8.62e-15,5.49e-11,Metamonada,FBpp0075676,7227,CG10754
KOG1036,32,0.8924,7.67,8.62e-15,5.49e-11,Metamonada,FBpp0084831,7227,Bub3
COG0100,32,0.9998,7.67,8.63e-15,5.5e-11,Metamonada,FBpp0071050,7227,RpS14a
COG0100,32,0.9998,7.67,8.63e-15,5.5e-11,Metamonada,FBpp0071052,7227,RpS14b
COG0100,32,0.9998,7.67,8.63e-15,5.5e-11,Metamonada,FBpp0088833,7227,mRpS11
COG0749,32,0.9991,7.669,8.64e-15,5.5e-11,Metamonada,FBpp0076412,7227,mus301
COG0749,32,0.9991,7.669,8.64e-15,5.5e-11,Metamonada,FBpp0080148,7227,tam
COG0749,32,0.9991,7.669,8.64e-15,5.5e-11,Metamonada,FBpp0082131,7227,mus308
COG1104,32,0.9998,7.669,8.7e-15,5.54e-11,Metamonada,FBpp0079874,7227,CG12264
COG1104,32,0.9998,7.669,8.7e-15,5.54e-11,Metamonada,FBpp0302821,7227,Qtzl
COG0489,32,1,7.666,8.84e-15,5.63e-11,Metamonada,FBpp0077868,7227,CG4858
COG0489,32,1,7.666,8.84e-15,5.63e-11,Metamonada,FBpp0080448,7227,CG17904
COG0489,32,1,7.666,8.84e-15,5.63e-11,Metamonada,FBpp0289153,7227,CG3262
COG5594,32,0.837,7.666,8.86e-15,5.64e-11,Metamonada,FBpp0087859,7227,CG11210
COG5198,32,0.9755,7.664,9.02e-15,5.74e-11,Metamonada,FBpp0079897,7227,CG6746
COG5198,32,0.9755,7.664,9.02e-15,5.74e-11,Metamonada,FBpp0080097,7227,CG9267
COG0205,32,0.9788,7.663,9.1e-15,5.79e-11,Metamonada,FBpp0087506,7227,Pfk
COG0596,32,0.976,7.661,9.2e-15,5.86e-11,Metamonada,FBpp0072791,7227,CG15820
COG0596,32,0.976,7.661,9.2e-15,5.86e-11,Metamonada,FBpp0072792,7227,CG5704
COG0596,32,0.976,7.661,9.2e-15,5.86e-11,Metamonada,FBpp0072793,7227,CG15879
COG0596,32,0.976,7.661,9.2e-15,5.86e-11,Metamonada,FBpp0077205,7227,CG2772
COG0596,32,0.976,7.661,9.2e-15,5.86e-11,Metamonada,FBpp0077681,7227,kraken
COG0596,32,0.976,7.661,9.2e-15,5.86e-11,Metamonada,FBpp0077854,7227,mag
COG0596,32,0.976,7.661,9.2e-15,5.86e-11,Metamonada,FBpp0077995,7227,CG7632
COG0596,32,0.976,7.661,9.2e-15,5.86e-11,Metamonada,FBpp0078061,7227,CG11309
COG0596,32,0.976,7.661,9.2e-15,5.86e-11,Metamonada,FBpp0079683,7227,CG18301
COG0596,32,0.976,7.661,9.2e-15,5.86e-11,Metamonada,FBpp0079684,7227,CG18302
COG0596,32,0.976,7.661,9.2e-15,5.86e-11,Metamonada,FBpp0079688,7227,CG31872
COG0596,32,0.976,7.661,9.2e-15,5.86e-11,Metamonada,FBpp0079693,7227,CG31871
COG0596,32,0.976,7.661,9.2e-15,5.86e-11,Metamonada,FBpp0079712,7227,Lip2
COG0596,32,0.976,7.661,9.2e-15,5.86e-11,Metamonada,FBpp0079713,7227,Lip1
COG0596,32,0.976,7.661,9.2e-15,5.86e-11,Metamonada,FBpp0081901,7227,CG14717
COG0596,32,0.976,7.661,9.2e-15,5.86e-11,Metamonada,FBpp0082113,7227,CG18530
COG0596,32,0.976,7.661,9.2e-15,5.86e-11,Metamonada,FBpp0082239,7227,Lip3
COG0596,32,0.976,7.661,9.2e-15,5.86e-11,Metamonada,FBpp0083686,7227,CG5377
COG0596,32,0.976,7.661,9.2e-15,5.86e-11,Metamonada,FBpp0084315,7227,CG31091
COG0596,32,0.976,7.661,9.2e-15,5.86e-11,Metamonada,FBpp0084316,7227,CG31089
COG0596,32,0.976,7.661,9.2e-15,5.86e-11,Metamonada,FBpp0085804,7227,Jheh3
COG0596,32,0.976,7.661,9.2e-15,5.86e-11,Metamonada,FBpp0085807,7227,Jheh1
COG0596,32,0.976,7.661,9.2e-15,5.86e-11,Metamonada,FBpp0086532,7227,CG8093
COG0596,32,0.976,7.661,9.2e-15,5.86e-11,Metamonada,FBpp0087910,7227,CG1882
COG0596,32,0.976,7.661,9.2e-15,5.86e-11,Metamonada,FBpp0088908,7227,Jheh2
COG0596,32,0.976,7.661,9.2e-15,5.86e-11,Metamonada,FBpp0099523,7227,CG11406
COG0596,32,0.976,7.661,9.2e-15,5.86e-11,Metamonada,FBpp0110078,7227,CG11598
COG0596,32,0.976,7.661,9.2e-15,5.86e-11,Metamonada,FBpp0289157,7227,CG3635
COG0596,32,0.976,7.661,9.2e-15,5.86e-11,Metamonada,FBpp0290029,7227,CG18284
COG0596,32,0.976,7.661,9.2e-15,5.86e-11,Metamonada,FBpp0290352,7227,CG17097
COG0596,32,0.976,7.661,9.2e-15,5.86e-11,Metamonada,FBpp0290373,7227,CG6753
COG0596,32,0.976,7.661,9.2e-15,5.86e-11,Metamonada,FBpp0292475,7227,CG2059
COG0596,32,0.976,7.661,9.2e-15,5.86e-11,Metamonada,FBpp0292848,7227,CG11600
COG0596,32,0.976,7.661,9.2e-15,5.86e-11,Metamonada,FBpp0292849,7227,CG11608
COG0596,32,0.976,7.661,9.2e-15,5.86e-11,Metamonada,FBpp0300551,7227,CG5707
COG0596,32,0.976,7.661,9.2e-15,5.86e-11,Metamonada,FBpp0303791,7227,CG7329
COG0596,32,0.976,7.661,9.2e-15,5.86e-11,Metamonada,FBpp0304062,7227,Lip4
COG0596,32,0.976,7.661,9.2e-15,5.86e-11,Metamonada,FBpp0306036,7227,CG5068
COG5126,32,1,7.661,9.23e-15,5.88e-11,Metamonada,FBpp0070176,7227,CG11638
COG5126,32,1,7.661,9.23e-15,5.88e-11,Metamonada,FBpp0070199,7227,CG32812
COG5126,32,1,7.661,9.23e-15,5.88e-11,Metamonada,FBpp0070842,7227,sqh
COG5126,32,1,7.661,9.23e-15,5.88e-11,Metamonada,FBpp0071498,7227,CG9406
COG5126,32,1,7.661,9.23e-15,5.88e-11,Metamonada,FBpp0071789,7227,CG13526
COG5126,32,1,7.661,9.23e-15,5.88e-11,Metamonada,FBpp0072223,7227,CG3565
COG5126,32,1,7.661,9.23e-15,5.88e-11,Metamonada,FBpp0072496,7227,CG13898
COG5126,32,1,7.661,9.23e-15,5.88e-11,Metamonada,FBpp0073031,7227,Eip63F-1
COG5126,32,1,7.661,9.23e-15,5.88e-11,Metamonada,FBpp0074319,7227,Frq1
COG5126,32,1,7.661,9.23e-15,5.88e-11,Metamonada,FBpp0074669,7227,CG7646
COG5126,32,1,7.661,9.23e-15,5.88e-11,Metamonada,FBpp0074671,7227,Nca
COG5126,32,1,7.661,9.23e-15,5.88e-11,Metamonada,FBpp0077183,7227,CG31960
COG5126,32,1,7.661,9.23e-15,5.88e-11,Metamonada,FBpp0077184,7227,CG31958
COG5126,32,1,7.661,9.23e-15,5.88e-11,Metamonada,FBpp0077478,7227,CG17237
COG5126,32,1,7.661,9.23e-15,5.88e-11,Metamonada,FBpp0078381,7227,elm
COG5126,32,1,7.661,9.23e-15,5.88e-11,Metamonada,FBpp0078699,7227,TpnC25D
COG5126,32,1,7.661,9.23e-15,5.88e-11,Metamonada,FBpp0080611,7227,CG31802
COG5126,32,1,7.661,9.23e-15,5.88e-11,Metamonada,FBpp0081181,7227,sunz
COG5126,32,1,7.661,9.23e-15,5.88e-11,Metamonada,FBpp0081198,7227,CG15177
COG5126,32,1,7.661,9.23e-15,5.88e-11,Metamonada,FBpp0081199,7227,sowi
COG5126,32,1,7.661,9.23e-15,5.88e-11,Metamonada,FBpp0082151,7227,d-cup
COG5126,32,1,7.661,9.23e-15,5.88e-11,Metamonada,FBpp0082344,7227,CG14362
COG5126,32,1,7.661,9.23e-15,5.88e-11,Metamonada,FBpp0083396,7227,CG17272
COG5126,32,1,7.661,9.23e-15,5.88e-11,Metamonada,FBpp0084276,7227,CG5024
COG5126,32,1,7.661,9.23e-15,5.88e-11,Metamonada,FBpp0084277,7227,CG17770
COG5126,32,1,7.661,9.23e-15,5.88e-11,Metamonada,FBpp0084565,7227,Mlc1
COG5126,32,1,7.661,9.23e-15,5.88e-11,Metamonada,FBpp0085411,7227,TpnC4
COG5126,32,1,7.661,9.23e-15,5.88e-11,Metamonada,FBpp0086204,7227,Cbp53E
COG5126,32,1,7.661,9.23e-15,5.88e-11,Metamonada,FBpp0087280,7227,TpnC47D
COG5126,32,1,7.661,9.23e-15,5.88e-11,Metamonada,FBpp0087929,7227,CG11165
COG5126,32,1,7.661,9.23e-15,5.88e-11,Metamonada,FBpp0087930,7227,CG30378
COG5126,32,1,7.661,9.23e-15,5.88e-11,Metamonada,FBpp0088546,7227,TpnC73F
COG5126,32,1,7.661,9.23e-15,5.88e-11,Metamonada,FBpp0088688,7227,Mlc2
COG5126,32,1,7.661,9.23e-15,5.88e-11,Metamonada,FBpp0111566,7227,CG34402
COG5126,32,1,7.661,9.23e-15,5.88e-11,Metamonada,FBpp0111647,7227,CG34434
COG5126,32,1,7.661,9.23e-15,5.88e-11,Metamonada,FBpp0111648,7227,CG34435
COG5126,32,1,7.661,9.23e-15,5.88e-11,Metamonada,FBpp0289916,7227,CG11041
COG5126,32,1,7.661,9.23e-15,5.88e-11,Metamonada,FBpp0290370,7227,CG5890
COG5126,32,1,7.661,9.23e-15,5.88e-11,Metamonada,FBpp0290950,7227,CG2256
COG5126,32,1,7.661,9.23e-15,5.88e-11,Metamonada,FBpp0291175,7227,Acam
COG5126,32,1,7.661,9.23e-15,5.88e-11,Metamonada,FBpp0291978,7227,CG42683
COG5126,32,1,7.661,9.23e-15,5.88e-11,Metamonada,FBpp0292372,7227,CG42750
COG5126,32,1,7.661,9.23e-15,5.88e-11,Metamonada,FBpp0293260,7227,Cib2
COG5126,32,1,7.661,9.23e-15,5.88e-11,Metamonada,FBpp0293502,7227,Cam
COG5126,32,1,7.661,9.23e-15,5.88e-11,Metamonada,FBpp0300667,7227,CanB
COG5126,32,1,7.661,9.23e-15,5.88e-11,Metamonada,FBpp0300803,7227,Mlc-c
COG5126,32,1,7.661,9.23e-15,5.88e-11,Metamonada,FBpp0301600,7227,CanB2
COG5126,32,1,7.661,9.23e-15,5.88e-11,Metamonada,FBpp0301709,7227,TpnC41C
COG5126,32,1,7.661,9.23e-15,5.88e-11,Metamonada,FBpp0304470,7227,CG33098
COG5126,32,1,7.661,9.23e-15,5.88e-11,Metamonada,FBpp0304876,7227,CG17493
COG5126,32,1,7.661,9.23e-15,5.88e-11,Metamonada,FBpp0305513,7227,Frq2
COG1727,32,0.9958,7.661,9.23e-15,5.88e-11,Metamonada,FBpp0076602,7227,RpL18
KOG3330,32,0.9361,7.66,9.29e-15,5.92e-11,Metamonada,FBpp0088818,7227,Bet3
KOG0668,32,0.9288,7.66,9.31e-15,5.93e-11,Metamonada,FBpp0110433,7227,CkIIalpha
COG0020,32,0.9711,7.657,9.51e-15,6.06e-11,Metamonada,FBpp0077626,7227,Tango14
COG0020,32,0.9711,7.657,9.51e-15,6.06e-11,Metamonada,FBpp0303850,7227,CG10778
COG0636,32,1,7.656,9.57e-15,6.1e-11,Metamonada,FBpp0075822,7227,Vha16-2
COG0636,32,1,7.656,9.57e-15,6.1e-11,Metamonada,FBpp0079709,7227,Vha16-5
COG0636,32,1,7.656,9.57e-15,6.1e-11,Metamonada,FBpp0082464,7227,VhaPPA1-1
COG0636,32,1,7.656,9.57e-15,6.1e-11,Metamonada,FBpp0085134,7227,ATPsynC
COG0636,32,1,7.656,9.57e-15,6.1e-11,Metamonada,FBpp0085483,7227,Vha16-1
COG0636,32,1,7.656,9.57e-15,6.1e-11,Metamonada,FBpp0086218,7227,Vha16-4
COG0636,32,1,7.656,9.57e-15,6.1e-11,Metamonada,FBpp0288461,7227,VhaPPA1-2
COG0636,32,1,7.656,9.57e-15,6.1e-11,Metamonada,FBpp0291555,7227,Vha16-3
KOG0598,32,0.9867,7.655,9.64e-15,6.14e-11,Metamonada,FBpp0074405,7227,Pk17E
KOG0598,32,0.9867,7.655,9.64e-15,6.14e-11,Metamonada,FBpp0288689,7227,CG32944
KOG0598,32,0.9867,7.655,9.64e-15,6.14e-11,Metamonada,FBpp0305462,7227,S6k
KOG1009,32,0.9646,7.653,9.81e-15,6.25e-11,Metamonada,FBpp0087402,7227,Caf1-105
COG2157,32,0.9776,7.652,9.87e-15,6.28e-11,Metamonada,FBpp0086103,7227,RpL18A
COG1896,32,0.8929,7.652,9.89e-15,6.3e-11,Metamonada,FBpp0078921,7227,CG11050
COG1112,32,1,7.65,1.01e-14,6.4e-11,Metamonada,FBpp0071350,7227,CG2990
COG1112,32,1,7.65,1.01e-14,6.4e-11,Metamonada,FBpp0073433,7227,Upf1
COG1112,32,1,7.65,1.01e-14,6.4e-11,Metamonada,FBpp0075443,7227,CG9425
COG1112,32,1,7.65,1.01e-14,6.4e-11,Metamonada,FBpp0083940,7227,CG6204
COG1112,32,1,7.65,1.01e-14,6.4e-11,Metamonada,FBpp0100102,7227,armi
COG1112,32,1,7.65,1.01e-14,6.4e-11,Metamonada,FBpp0271875,7227,CG7504
COG1112,32,1,7.65,1.01e-14,6.4e-11,Metamonada,FBpp0289504,7227,CG6967
COG1112,32,1,7.65,1.01e-14,6.4e-11,Metamonada,FBpp0292959,7227,CG6701
COG0005,32,0.8508,7.649,1.01e-14,6.46e-11,Metamonada,FBpp0072003,7227,CG18128
COG0005,32,0.8508,7.649,1.01e-14,6.46e-11,Metamonada,FBpp0086072,7227,Mtap
COG0005,32,0.8508,7.649,1.01e-14,6.46e-11,Metamonada,FBpp0288492,7227,CG31115
COG0005,32,0.8508,7.649,1.01e-14,6.46e-11,Metamonada,FBpp0303831,7227,CG16758
KOG0581,32,0.9595,7.646,1.04e-14,6.61e-11,Metamonada,FBpp0071248,7227,Dsor1
COG5101,32,0.9998,7.645,1.05e-14,6.66e-11,Metamonada,FBpp0070093,7227,ebo
COG5101,32,0.9998,7.645,1.05e-14,6.66e-11,Metamonada,FBpp0074528,7227,Ranbp21
COG5101,32,0.9998,7.645,1.05e-14,6.66e-11,Metamonada,FBpp0079278,7227,emb
COG4886,32,1,7.644,1.05e-14,6.72e-11,Metamonada,FBpp0070997,7227,CG3040
COG4886,32,1,7.644,1.05e-14,6.72e-11,Metamonada,FBpp0071392,7227,CG32687
COG4886,32,1,7.644,1.05e-14,6.72e-11,Metamonada,FBpp0071509,7227,Lapsyn
COG4886,32,1,7.644,1.05e-14,6.72e-11,Metamonada,FBpp0071588,7227,CG10307
COG4886,32,1,7.644,1.05e-14,6.72e-11,Metamonada,FBpp0071729,7227,Gp150
COG4886,32,1,7.644,1.05e-14,6.72e-11,Metamonada,FBpp0071760,7227,wdp
COG4886,32,1,7.644,1.05e-14,6.72e-11,Metamonada,FBpp0072202,7227,CG3494
COG4886,32,1,7.644,1.05e-14,6.72e-11,Metamonada,FBpp0072242,7227,CG4781
COG4886,32,1,7.644,1.05e-14,6.72e-11,Metamonada,FBpp0072828,7227,Pxn
COG4886,32,1,7.644,1.05e-14,6.72e-11,Metamonada,FBpp0073214,7227,CG13708
COG4886,32,1,7.644,1.05e-14,6.72e-11,Metamonada,FBpp0073218,7227,CG7509
COG4886,32,1,7.644,1.05e-14,6.72e-11,Metamonada,FBpp0073587,7227,CG15744
COG4886,32,1,7.644,1.05e-14,6.72e-11,Metamonada,FBpp0074587,7227,CG14185
COG4886,32,1,7.644,1.05e-14,6.72e-11,Metamonada,FBpp0075360,7227,Tollo
COG4886,32,1,7.644,1.05e-14,6.72e-11,Metamonada,FBpp0075570,7227,caps
COG4886,32,1,7.644,1.05e-14,6.72e-11,Metamonada,FBpp0075624,7227,trn
COG4886,32,1,7.644,1.05e-14,6.72e-11,Metamonada,FBpp0076033,7227,CG32055
COG4886,32,1,7.644,1.05e-14,6.72e-11,Metamonada,FBpp0076139,7227,CG6749
COG4886,32,1,7.644,1.05e-14,6.72e-11,Metamonada,FBpp0076155,7227,CG3408
COG4886,32,1,7.644,1.05e-14,6.72e-11,Metamonada,FBpp0076893,7227,fliI
COG4886,32,1,7.644,1.05e-14,6.72e-11,Metamonada,FBpp0077037,7227,tilB
COG4886,32,1,7.644,1.05e-14,6.72e-11,Metamonada,FBpp0077543,7227,haf
COG4886,32,1,7.644,1.05e-14,6.72e-11,Metamonada,FBpp0077898,7227,Toll-9
COG4886,32,1,7.644,1.05e-14,6.72e-11,Metamonada,FBpp0079369,7227,Toll-4
COG4886,32,1,7.644,1.05e-14,6.72e-11,Metamonada,FBpp0079493,7227,TbCMF46
COG4886,32,1,7.644,1.05e-14,6.72e-11,Metamonada,FBpp0079596,7227,CG5096
COG4886,32,1,7.644,1.05e-14,6.72e-11,Metamonada,FBpp0079836,7227,kek2
COG4886,32,1,7.644,1.05e-14,6.72e-11,Metamonada,FBpp0080064,7227,kek4
COG4886,32,1,7.644,1.05e-14,6.72e-11,Metamonada,FBpp0080080,7227,Tehao
COG4886,32,1,7.644,1.05e-14,6.72e-11,Metamonada,FBpp0080089,7227,ics
COG4886,32,1,7.644,1.05e-14,6.72e-11,Metamonada,FBpp0080183,7227,rk
COG4886,32,1,7.644,1.05e-14,6.72e-11,Metamonada,FBpp0080311,7227,kek3
COG4886,32,1,7.644,1.05e-14,6.72e-11,Metamonada,FBpp0080314,7227,CG18480
COG4886,32,1,7.644,1.05e-14,6.72e-11,Metamonada,FBpp0080437,7227,CG5888
COG4886,32,1,7.644,1.05e-14,6.72e-11,Metamonada,FBpp0080522,7227,Lrch
COG4886,32,1,7.644,1.05e-14,6.72e-11,Metamonada,FBpp0080582,7227,rdo
COG4886,32,1,7.644,1.05e-14,6.72e-11,Metamonada,FBpp0081104,7227,MstProx
COG4886,32,1,7.644,1.05e-14,6.72e-11,Metamonada,FBpp0081291,7227,CG7800
COG4886,32,1,7.644,1.05e-14,6.72e-11,Metamonada,FBpp0081991,7227,CG6959
COG4886,32,1,7.644,1.05e-14,6.72e-11,Metamonada,FBpp0082311,7227,f-cup
COG4886,32,1,7.644,1.05e-14,6.72e-11,Metamonada,FBpp0082877,7227,sds22
COG4886,32,1,7.644,1.05e-14,6.72e-11,Metamonada,FBpp0082888,7227,Sur-8
COG4886,32,1,7.644,1.05e-14,6.72e-11,Metamonada,FBpp0083079,7227,CG7702
COG4886,32,1,7.644,1.05e-14,6.72e-11,Metamonada,FBpp0083429,7227,CG5810
COG4886,32,1,7.644,1.05e-14,6.72e-11,Metamonada,FBpp0083431,7227,CG10824
COG4886,32,1,7.644,1.05e-14,6.72e-11,Metamonada,FBpp0084220,7227,alrm
COG4886,32,1,7.644,1.05e-14,6.72e-11,Metamonada,FBpp0084273,7227,Lgr3
COG4886,32,1,7.644,1.05e-14,6.72e-11,Metamonada,FBpp0084431,7227,Tl
COG4886,32,1,7.644,1.05e-14,6.72e-11,Metamonada,FBpp0084911,7227,CG7896
COG4886,32,1,7.644,1.05e-14,6.72e-11,Metamonada,FBpp0085139,7227,chp
COG4886,32,1,7.644,1.05e-14,6.72e-11,Metamonada,FBpp0085182,7227,kek6
COG4886,32,1,7.644,1.05e-14,6.72e-11,Metamonada,FBpp0085620,7227,18w
COG4886,32,1,7.644,1.05e-14,6.72e-11,Metamonada,FBpp0085624,7227,CG11099
COG4886,32,1,7.644,1.05e-14,6.72e-11,Metamonada,FBpp0085638,7227,Toll-7
COG4886,32,1,7.644,1.05e-14,6.72e-11,Metamonada,FBpp0086049,7227,swi2
COG4886,32,1,7.644,1.05e-14,6.72e-11,Metamonada,FBpp0086538,7227,Lap1
COG4886,32,1,7.644,1.05e-14,6.72e-11,Metamonada,FBpp0086669,7227,conv
COG4886,32,1,7.644,1.05e-14,6.72e-11,Metamonada,FBpp0087638,7227,CG8800
COG4886,32,1,7.644,1.05e-14,6.72e-11,Metamonada,FBpp0088015,7227,U2A
COG4886,32,1,7.644,1.05e-14,6.72e-11,Metamonada,FBpp0088876,7227,CG8852
COG4886,32,1,7.644,1.05e-14,6.72e-11,Metamonada,FBpp0111505,7227,Fili
COG4886,32,1,7.644,1.05e-14,6.72e-11,Metamonada,FBpp0111700,7227,Lrrk
COG4886,32,1,7.644,1.05e-14,6.72e-11,Metamonada,FBpp0112612,7227,Ppr-Y
COG4886,32,1,7.644,1.05e-14,6.72e-11,Metamonada,FBpp0288412,7227,CG14325
COG4886,32,1,7.644,1.05e-14,6.72e-11,Metamonada,FBpp0288694,7227,Cep97
COG4886,32,1,7.644,1.05e-14,6.72e-11,Metamonada,FBpp0289593,7227,CG34411
COG4886,32,1,7.644,1.05e-14,6.72e-11,Metamonada,FBpp0290118,7227,CG18249
COG4886,32,1,7.644,1.05e-14,6.72e-11,Metamonada,FBpp0290651,7227,2mit
COG4886,32,1,7.644,1.05e-14,6.72e-11,Metamonada,FBpp0291294,7227,lbk
COG4886,32,1,7.644,1.05e-14,6.72e-11,Metamonada,FBpp0291490,7227,Lrt
COG4886,32,1,7.644,1.05e-14,6.72e-11,Metamonada,FBpp0292105,7227,CG42709
COG4886,32,1,7.644,1.05e-14,6.72e-11,Metamonada,FBpp0292334,7227,CG18095
COG4886,32,1,7.644,1.05e-14,6.72e-11,Metamonada,FBpp0293292,7227,CG14762
COG4886,32,1,7.644,1.05e-14,6.72e-11,Metamonada,FBpp0294006,7227,CG16974
COG4886,32,1,7.644,1.05e-14,6.72e-11,Metamonada,FBpp0294010,7227,CG4168
COG4886,32,1,7.644,1.05e-14,6.72e-11,Metamonada,FBpp0294014,7227,CG10839
COG4886,32,1,7.644,1.05e-14,6.72e-11,Metamonada,FBpp0297411,7227,Toll-6
COG4886,32,1,7.644,1.05e-14,6.72e-11,Metamonada,FBpp0297617,7227,CG1504
COG4886,32,1,7.644,1.05e-14,6.72e-11,Metamonada,FBpp0300852,7227,scrib
COG4886,32,1,7.644,1.05e-14,6.72e-11,Metamonada,FBpp0300937,7227,CG5819
COG4886,32,1,7.644,1.05e-14,6.72e-11,Metamonada,FBpp0301163,7227,kek5
COG4886,32,1,7.644,1.05e-14,6.72e-11,Metamonada,FBpp0301699,7227,Con
COG4886,32,1,7.644,1.05e-14,6.72e-11,Metamonada,FBpp0303575,7227,sli
COG4886,32,1,7.644,1.05e-14,6.72e-11,Metamonada,FBpp0303960,7227,atk
COG4886,32,1,7.644,1.05e-14,6.72e-11,Metamonada,FBpp0304061,7227,Lrr47
COG4886,32,1,7.644,1.05e-14,6.72e-11,Metamonada,FBpp0304137,7227,Sclp
COG4886,32,1,7.644,1.05e-14,6.72e-11,Metamonada,FBpp0304454,7227,ltl
COG4886,32,1,7.644,1.05e-14,6.72e-11,Metamonada,FBpp0304518,7227,kek1
COG4886,32,1,7.644,1.05e-14,6.72e-11,Metamonada,FBpp0305326,7227,hfw
COG4886,32,1,7.644,1.05e-14,6.72e-11,Metamonada,FBpp0305380,7227,CG42346
COG4886,32,1,7.644,1.05e-14,6.72e-11,Metamonada,FBpp0305739,7227,CG4950
COG0564,32,0.9996,7.643,1.06e-14,6.76e-11,Metamonada,FBpp0079629,7227,RluA-1
COG0564,32,0.9996,7.643,1.06e-14,6.76e-11,Metamonada,FBpp0293072,7227,RluA-2
KOG0313,32,0.9657,7.642,1.07e-14,6.83e-11,Metamonada,FBpp0079780,7227,CG6724
COG5329,32,1,7.641,1.08e-14,6.88e-11,Metamonada,FBpp0077133,7227,CG17840
COG5329,32,1,7.641,1.08e-14,6.88e-11,Metamonada,FBpp0110191,7227,CG7956
COG5329,32,1,7.641,1.08e-14,6.88e-11,Metamonada,FBpp0292309,7227,Sac1
KOG0110,32,0.9982,7.64,1.09e-14,6.94e-11,Metamonada,FBpp0072281,7227,Eap
KOG0110,32,0.9982,7.64,1.09e-14,6.94e-11,Metamonada,FBpp0076112,7227,CG3335
KOG4265,32,0.8662,7.637,1.11e-14,7.06e-11,Metamonada,FBpp0073674,7227,CG9941
KOG4265,32,0.8662,7.637,1.11e-14,7.06e-11,Metamonada,FBpp0080921,7227,CG2617
KOG2512,32,0.9312,7.636,1.12e-14,7.14e-11,Metamonada,FBpp0077173,7227,CG31961
COG0666,32,1,7.635,1.13e-14,7.19e-11,Metamonada,FBpp0072323,7227,pain
COG0666,32,1,7.635,1.13e-14,7.19e-11,Metamonada,FBpp0072423,7227,pyx
COG0666,32,1,7.635,1.13e-14,7.19e-11,Metamonada,FBpp0072557,7227,Rabex-5
COG0666,32,1,7.635,1.13e-14,7.19e-11,Metamonada,FBpp0072675,7227,CG13933
COG0666,32,1,7.635,1.13e-14,7.19e-11,Metamonada,FBpp0073304,7227,CG1657
COG0666,32,1,7.635,1.13e-14,7.19e-11,Metamonada,FBpp0074473,7227,CG7423
COG0666,32,1,7.635,1.13e-14,7.19e-11,Metamonada,FBpp0074816,7227,MYPT-75D
COG0666,32,1,7.635,1.13e-14,7.19e-11,Metamonada,FBpp0075275,7227,mib1
COG0666,32,1,7.635,1.13e-14,7.19e-11,Metamonada,FBpp0075785,7227,rols
COG0666,32,1,7.635,1.13e-14,7.19e-11,Metamonada,FBpp0076095,7227,CG10809
COG0666,32,1,7.635,1.13e-14,7.19e-11,Metamonada,FBpp0076526,7227,CG7457
COG0666,32,1,7.635,1.13e-14,7.19e-11,Metamonada,FBpp0077370,7227,CG3104
COG0666,32,1,7.635,1.13e-14,7.19e-11,Metamonada,FBpp0077962,7227,Ilk
COG0666,32,1,7.635,1.13e-14,7.19e-11,Metamonada,FBpp0078645,7227,CG31919
COG0666,32,1,7.635,1.13e-14,7.19e-11,Metamonada,FBpp0078668,7227,CG9121
COG0666,32,1,7.635,1.13e-14,7.19e-11,Metamonada,FBpp0079487,7227,CG5846
COG0666,32,1,7.635,1.13e-14,7.19e-11,Metamonada,FBpp0079586,7227,CG31715
COG0666,32,1,7.635,1.13e-14,7.19e-11,Metamonada,FBpp0080287,7227,l(2)35Be
COG0666,32,1,7.635,1.13e-14,7.19e-11,Metamonada,FBpp0080402,7227,cact
COG0666,32,1,7.635,1.13e-14,7.19e-11,Metamonada,FBpp0080686,7227,mib2
COG0666,32,1,7.635,1.13e-14,7.19e-11,Metamonada,FBpp0081017,7227,CG8679
COG0666,32,1,7.635,1.13e-14,7.19e-11,Metamonada,FBpp0081250,7227,wtrw
COG0666,32,1,7.635,1.13e-14,7.19e-11,Metamonada,FBpp0082855,7227,m-cup
COG0666,32,1,7.635,1.13e-14,7.19e-11,Metamonada,FBpp0084091,7227,CG11168
COG0666,32,1,7.635,1.13e-14,7.19e-11,Metamonada,FBpp0084264,7227,Tnks
COG0666,32,1,7.635,1.13e-14,7.19e-11,Metamonada,FBpp0084688,7227,CG10011
COG0666,32,1,7.635,1.13e-14,7.19e-11,Metamonada,FBpp0085558,7227,Fem-1
COG0666,32,1,7.635,1.13e-14,7.19e-11,Metamonada,FBpp0086903,7227,Sans
COG0666,32,1,7.635,1.13e-14,7.19e-11,Metamonada,FBpp0087345,7227,dgo
COG0666,32,1,7.635,1.13e-14,7.19e-11,Metamonada,FBpp0087866,7227,Gasz
COG0666,32,1,7.635,1.13e-14,7.19e-11,Metamonada,FBpp0088238,7227,Ank
COG0666,32,1,7.635,1.13e-14,7.19e-11,Metamonada,FBpp0088375,7227,Rel
COG0666,32,1,7.635,1.13e-14,7.19e-11,Metamonada,FBpp0111700,7227,Lrrk
COG0666,32,1,7.635,1.13e-14,7.19e-11,Metamonada,FBpp0111842,7227,CG10249
COG0666,32,1,7.635,1.13e-14,7.19e-11,Metamonada,FBpp0112103,7227,CG9766
COG0666,32,1,7.635,1.13e-14,7.19e-11,Metamonada,FBpp0112148,7227,CG6966
COG0666,32,1,7.635,1.13e-14,7.19e-11,Metamonada,FBpp0112713,7227,CG41099
COG0666,32,1,7.635,1.13e-14,7.19e-11,Metamonada,FBpp0288938,7227,CG42284
COG0666,32,1,7.635,1.13e-14,7.19e-11,Metamonada,FBpp0289319,7227,CG42391
COG0666,32,1,7.635,1.13e-14,7.19e-11,Metamonada,FBpp0290110,7227,sowah
COG0666,32,1,7.635,1.13e-14,7.19e-11,Metamonada,FBpp0290120,7227,CG42534
COG0666,32,1,7.635,1.13e-14,7.19e-11,Metamonada,FBpp0290307,7227,CG4393
COG0666,32,1,7.635,1.13e-14,7.19e-11,Metamonada,FBpp0291845,7227,CG42672
COG0666,32,1,7.635,1.13e-14,7.19e-11,Metamonada,FBpp0292244,7227,Ank2
COG0666,32,1,7.635,1.13e-14,7.19e-11,Metamonada,FBpp0292547,7227,CG30271
COG0666,32,1,7.635,1.13e-14,7.19e-11,Metamonada,FBpp0293023,7227,f
COG0666,32,1,7.635,1.13e-14,7.19e-11,Metamonada,FBpp0293383,7227,nompC
COG0666,32,1,7.635,1.13e-14,7.19e-11,Metamonada,FBpp0293495,7227,Prosap
COG0666,32,1,7.635,1.13e-14,7.19e-11,Metamonada,FBpp0293580,7227,mask
COG0666,32,1,7.635,1.13e-14,7.19e-11,Metamonada,FBpp0300535,7227,Mbs
COG0666,32,1,7.635,1.13e-14,7.19e-11,Metamonada,FBpp0301175,7227,Atac3
COG0666,32,1,7.635,1.13e-14,7.19e-11,Metamonada,FBpp0303962,7227,CG8003
COG0666,32,1,7.635,1.13e-14,7.19e-11,Metamonada,FBpp0304207,7227,TrpA1
COG0633,32,0.9751,7.633,1.15e-14,7.31e-11,Metamonada,FBpp0289999,7227,CG1319
COG0633,32,0.9751,7.633,1.15e-14,7.31e-11,Metamonada,FBpp0292527,7227,Fdxh
COG1717,32,0.9353,7.632,1.15e-14,7.34e-11,Metamonada,FBpp0084959,7227,RpL32
COG5063,32,0.8594,7.631,1.16e-14,7.41e-11,Metamonada,FBpp0073516,7227,Tis11
COG5252,32,0.8941,7.628,1.19e-14,7.59e-11,Metamonada,FBpp0087806,7227,CG8635
COG0477,32,0.9792,7.627,1.2e-14,7.64e-11,Metamonada,FBpp0070921,7227,CG14439
COG0477,32,0.9792,7.627,1.2e-14,7.64e-11,Metamonada,FBpp0071516,7227,MFS16
COG0477,32,0.9792,7.627,1.2e-14,7.64e-11,Metamonada,FBpp0075085,7227,CG9706
COG0477,32,0.9792,7.627,1.2e-14,7.64e-11,Metamonada,FBpp0076594,7227,CG8602
COG0477,32,0.9792,7.627,1.2e-14,7.64e-11,Metamonada,FBpp0085319,7227,CG7882
COG0477,32,0.9792,7.627,1.2e-14,7.64e-11,Metamonada,FBpp0087855,7227,sut1
COG0477,32,0.9792,7.627,1.2e-14,7.64e-11,Metamonada,FBpp0087856,7227,sut2
COG0477,32,0.9792,7.627,1.2e-14,7.64e-11,Metamonada,FBpp0087857,7227,sut3
COG0477,32,0.9792,7.627,1.2e-14,7.64e-11,Metamonada,FBpp0088549,7227,spin
COG0477,32,0.9792,7.627,1.2e-14,7.64e-11,Metamonada,FBpp0289980,7227,CG12194
COG0477,32,0.9792,7.627,1.2e-14,7.64e-11,Metamonada,FBpp0305687,7227,Glut1
KOG3770,32,0.9173,7.626,1.21e-14,7.7e-11,Metamonada,FBpp0084990,7227,CG15533
KOG3770,32,0.9173,7.626,1.21e-14,7.7e-11,Metamonada,FBpp0085006,7227,CG15534
KOG3770,32,0.9173,7.626,1.21e-14,7.7e-11,Metamonada,FBpp0300565,7227,CG3376
KOG3770,32,0.9173,7.626,1.21e-14,7.7e-11,Metamonada,FBpp0305041,7227,CG32052
KOG3770,32,0.9173,7.626,1.21e-14,7.7e-11,Metamonada,FBpp0305053,7227,CG43897
KOG3272,32,0.889,7.625,1.22e-14,7.79e-11,Metamonada,FBpp0070969,7227,CG4593
COG0255,32,0.9988,7.624,1.23e-14,7.8e-11,Metamonada,FBpp0070766,7227,RpL35
COG0006,32,1,7.62,1.26e-14,8.05e-11,Metamonada,FBpp0070025,7227,CG9581
COG0006,32,1,7.62,1.26e-14,8.05e-11,Metamonada,FBpp0078180,7227,CG11367
COG0006,32,1,7.62,1.26e-14,8.05e-11,Metamonada,FBpp0078181,7227,CG32454
COG0006,32,1,7.62,1.26e-14,8.05e-11,Metamonada,FBpp0080509,7227,ApepP
COG0006,32,1,7.62,1.26e-14,8.05e-11,Metamonada,FBpp0082069,7227,Dip-C
COG0006,32,1,7.62,1.26e-14,8.05e-11,Metamonada,FBpp0082118,7227,CG6225
COG0125,32,0.9712,7.62,1.27e-14,8.09e-11,Metamonada,FBpp0303030,7227,CG5757
COG0515,32,0.9998,7.618,1.29e-14,8.21e-11,Metamonada,FBpp0072069,7227,Pask
COG0515,32,0.9998,7.618,1.29e-14,8.21e-11,Metamonada,FBpp0072194,7227,gek
COG0515,32,0.9998,7.618,1.29e-14,8.21e-11,Metamonada,FBpp0073135,7227,wit
COG0515,32,0.9998,7.618,1.29e-14,8.21e-11,Metamonada,FBpp0073249,7227,sev
COG0515,32,0.9998,7.618,1.29e-14,8.21e-11,Metamonada,FBpp0073313,7227,hop
COG0515,32,0.9998,7.618,1.29e-14,8.21e-11,Metamonada,FBpp0073493,7227,LIMK1
COG0515,32,0.9998,7.618,1.29e-14,8.21e-11,Metamonada,FBpp0074061,7227,Rok
COG0515,32,0.9998,7.618,1.29e-14,8.21e-11,Metamonada,FBpp0074249,7227,CG8173
COG0515,32,0.9998,7.618,1.29e-14,8.21e-11,Metamonada,FBpp0077011,7227,Tak1
COG0515,32,0.9998,7.618,1.29e-14,8.21e-11,Metamonada,FBpp0078413,7227,ksr
COG0515,32,0.9998,7.618,1.29e-14,8.21e-11,Metamonada,FBpp0078721,7227,tkv
COG0515,32,0.9998,7.618,1.29e-14,8.21e-11,Metamonada,FBpp0079237,7227,Btk29A
COG0515,32,0.9998,7.618,1.29e-14,8.21e-11,Metamonada,FBpp0079568,7227,Ror
COG0515,32,0.9998,7.618,1.29e-14,8.21e-11,Metamonada,FBpp0080013,7227,Pk34A
COG0515,32,0.9998,7.618,1.29e-14,8.21e-11,Metamonada,FBpp0080716,7227,CG10702
COG0515,32,0.9998,7.618,1.29e-14,8.21e-11,Metamonada,FBpp0080920,7227,ik2
COG0515,32,0.9998,7.618,1.29e-14,8.21e-11,Metamonada,FBpp0081530,7227,FER
COG0515,32,0.9998,7.618,1.29e-14,8.21e-11,Metamonada,FBpp0082463,7227,Sdr
COG0515,32,0.9998,7.618,1.29e-14,8.21e-11,Metamonada,FBpp0082682,7227,Akt1
COG0515,32,0.9998,7.618,1.29e-14,8.21e-11,Metamonada,FBpp0083130,7227,cdi
COG0515,32,0.9998,7.618,1.29e-14,8.21e-11,Metamonada,FBpp0083400,7227,Takl1
COG0515,32,0.9998,7.618,1.29e-14,8.21e-11,Metamonada,FBpp0084549,7227,pll
COG0515,32,0.9998,7.618,1.29e-14,8.21e-11,Metamonada,FBpp0085145,7227,gskt
COG0515,32,0.9998,7.618,1.29e-14,8.21e-11,Metamonada,FBpp0085320,7227,Src42A
COG0515,32,0.9998,7.618,1.29e-14,8.21e-11,Metamonada,FBpp0086382,7227,shark
COG0515,32,0.9998,7.618,1.29e-14,8.21e-11,Metamonada,FBpp0086841,7227,Nrk
COG0515,32,0.9998,7.618,1.29e-14,8.21e-11,Metamonada,FBpp0086978,7227,mos
COG0515,32,0.9998,7.618,1.29e-14,8.21e-11,Metamonada,FBpp0087135,7227,otk
COG0515,32,0.9998,7.618,1.29e-14,8.21e-11,Metamonada,FBpp0087739,7227,babo
COG0515,32,0.9998,7.618,1.29e-14,8.21e-11,Metamonada,FBpp0088153,7227,Eph
COG0515,32,0.9998,7.618,1.29e-14,8.21e-11,Metamonada,FBpp0111700,7227,Lrrk
COG0515,32,0.9998,7.618,1.29e-14,8.21e-11,Metamonada,FBpp0112160,7227,Ire1
COG0515,32,0.9998,7.618,1.29e-14,8.21e-11,Metamonada,FBpp0112713,7227,CG41099
COG0515,32,0.9998,7.618,1.29e-14,8.21e-11,Metamonada,FBpp0288669,7227,InR
COG0515,32,0.9998,7.618,1.29e-14,8.21e-11,Metamonada,FBpp0289007,7227,Csk
COG0515,32,0.9998,7.618,1.29e-14,8.21e-11,Metamonada,FBpp0291414,7227,Takl2
COG0515,32,0.9998,7.618,1.29e-14,8.21e-11,Metamonada,FBpp0292850,7227,slpr
COG0515,32,0.9998,7.618,1.29e-14,8.21e-11,Metamonada,FBpp0293344,7227,ird5
COG0515,32,0.9998,7.618,1.29e-14,8.21e-11,Metamonada,FBpp0293527,7227,Src64B
COG0515,32,0.9998,7.618,1.29e-14,8.21e-11,Metamonada,FBpp0300982,7227,sax
COG0515,32,0.9998,7.618,1.29e-14,8.21e-11,Metamonada,FBpp0302921,7227,aPKC
COG0515,32,0.9998,7.618,1.29e-14,8.21e-11,Metamonada,FBpp0303166,7227,Abl
COG0515,32,0.9998,7.618,1.29e-14,8.21e-11,Metamonada,FBpp0304140,7227,sgg
COG0515,32,0.9998,7.618,1.29e-14,8.21e-11,Metamonada,FBpp0304259,7227,Alk
COG0515,32,0.9998,7.618,1.29e-14,8.21e-11,Metamonada,FBpp0304889,7227,sti
COG0515,32,0.9998,7.618,1.29e-14,8.21e-11,Metamonada,FBpp0305946,7227,phl
COG0515,32,0.9998,7.618,1.29e-14,8.21e-11,Metamonada,FBpp0306147,7227,put
COG0196,32,0.9185,7.618,1.29e-14,8.23e-11,Metamonada,FBpp0081260,7227,CG2846
KOG0211,32,0.9931,7.617,1.29e-14,8.25e-11,Metamonada,FBpp0297239,7227,Pp2A-29B
KOG0272,32,0.9786,7.617,1.3e-14,8.28e-11,Metamonada,FBpp0074971,7227,U4-U6-60K
KOG0272,32,0.9786,7.617,1.3e-14,8.28e-11,Metamonada,FBpp0303326,7227,CG7568
KOG1217,32,0.8926,7.616,1.31e-14,8.31e-11,Metamonada,FBpp0070005,7227,CG9572
KOG1217,32,0.8926,7.616,1.31e-14,8.31e-11,Metamonada,FBpp0070483,7227,N
KOG1217,32,0.8926,7.616,1.31e-14,8.31e-11,Metamonada,FBpp0073147,7227,slow
KOG1217,32,0.8926,7.616,1.31e-14,8.31e-11,Metamonada,FBpp0073256,7227,C901
KOG1217,32,0.8926,7.616,1.31e-14,8.31e-11,Metamonada,FBpp0076517,7227,CG32373
KOG1217,32,0.8926,7.616,1.31e-14,8.31e-11,Metamonada,FBpp0083153,7227,Dl
KOG1217,32,0.8926,7.616,1.31e-14,8.31e-11,Metamonada,FBpp0084498,7227,Ser
KOG1217,32,0.8926,7.616,1.31e-14,8.31e-11,Metamonada,FBpp0084572,7227,CG5639
KOG1217,32,0.8926,7.616,1.31e-14,8.31e-11,Metamonada,FBpp0088211,7227,CG31999
KOG1217,32,0.8926,7.616,1.31e-14,8.31e-11,Metamonada,FBpp0088727,7227,wry
KOG1217,32,0.8926,7.616,1.31e-14,8.31e-11,Metamonada,FBpp0112919,7227,eys
KOG1217,32,0.8926,7.616,1.31e-14,8.31e-11,Metamonada,FBpp0288716,7227,frac
KOG1217,32,0.8926,7.616,1.31e-14,8.31e-11,Metamonada,FBpp0291051,7227,Ppn
KOG1217,32,0.8926,7.616,1.31e-14,8.31e-11,Metamonada,FBpp0293268,7227,crb
KOG1217,32,0.8926,7.616,1.31e-14,8.31e-11,Metamonada,FBpp0297915,7227,uif
KOG1217,32,0.8926,7.616,1.31e-14,8.31e-11,Metamonada,FBpp0304622,7227,dp
COG0293,32,1,7.616,1.31e-14,8.36e-11,Metamonada,FBpp0073943,7227,CG8939
COG0293,32,1,7.616,1.31e-14,8.36e-11,Metamonada,FBpp0082832,7227,CG5220
COG0293,32,1,7.616,1.31e-14,8.36e-11,Metamonada,FBpp0083225,7227,CG11447
COG0293,32,1,7.616,1.31e-14,8.36e-11,Metamonada,FBpp0083432,7227,CG7009
KOG2001,32,0.9392,7.615,1.32e-14,8.38e-11,Metamonada,FBpp0074544,7227,Grip84
KOG2001,32,0.9392,7.615,1.32e-14,8.38e-11,Metamonada,FBpp0075793,7227,Grip163
KOG2001,32,0.9392,7.615,1.32e-14,8.38e-11,Metamonada,FBpp0076535,7227,CG7716
KOG0315,32,0.9603,7.615,1.32e-14,8.39e-11,Metamonada,FBpp0071303,7227,Lst8
KOG0324,32,0.9259,7.612,1.35e-14,8.61e-11,Metamonada,FBpp0074548,7227,CG12231
KOG0324,32,0.9259,7.612,1.35e-14,8.61e-11,Metamonada,FBpp0083698,7227,CG6972
KOG0324,32,0.9259,7.612,1.35e-14,8.61e-11,Metamonada,FBpp0087318,7227,CG7222
COG5023,32,1,7.61,1.37e-14,8.74e-11,Metamonada,FBpp0072177,7227,betaTub60D
COG5023,32,1,7.61,1.37e-14,8.74e-11,Metamonada,FBpp0076122,7227,TubA67C
COG5023,32,1,7.61,1.37e-14,8.74e-11,Metamonada,FBpp0076678,7227,CG32396
COG5023,32,1,7.61,1.37e-14,8.74e-11,Metamonada,FBpp0077326,7227,TubG
COG5023,32,1,7.61,1.37e-14,8.74e-11,Metamonada,FBpp0081062,7227,TubA84D
COG5023,32,1,7.61,1.37e-14,8.74e-11,Metamonada,FBpp0081153,7227,tubA84B
COG5023,32,1,7.61,1.37e-14,8.74e-11,Metamonada,FBpp0081524,7227,betaTub85D
COG5023,32,1,7.61,1.37e-14,8.74e-11,Metamonada,FBpp0081565,7227,TUBA85E
COG5023,32,1,7.61,1.37e-14,8.74e-11,Metamonada,FBpp0082964,7227,CG7794
COG5023,32,1,7.61,1.37e-14,8.74e-11,Metamonada,FBpp0084630,7227,T
COG5023,32,1,7.61,1.37e-14,8.74e-11,Metamonada,FBpp0085721,7227,betaTub56D
COG5023,32,1,7.61,1.37e-14,8.74e-11,Metamonada,FBpp0304827,7227,TubG2
COG0517,32,0.9598,7.609,1.38e-14,8.79e-11,Metamonada,FBpp0290803,7227,SNF4Agamma
KOG3045,32,0.9183,7.609,1.38e-14,8.8e-11,Metamonada,FBpp0085693,7227,CG7137
COG0563,32,1,7.609,1.38e-14,8.81e-11,Metamonada,FBpp0072072,7227,Adk2
COG0563,32,1,7.609,1.38e-14,8.81e-11,Metamonada,FBpp0075750,7227,Adk1
COG0563,32,1,7.609,1.38e-14,8.81e-11,Metamonada,FBpp0081807,7227,Adk3
COG0563,32,1,7.609,1.38e-14,8.81e-11,Metamonada,FBpp0084349,7227,Dak1
COG0563,32,1,7.609,1.38e-14,8.81e-11,Metamonada,FBpp0304516,7227,CG9541
COG1241,32,1,7.607,1.4e-14,8.92e-11,Metamonada,FBpp0070729,7227,Mcm3
COG1241,32,1,7.607,1.4e-14,8.92e-11,Metamonada,FBpp0070913,7227,Mcm6
COG1241,32,1,7.607,1.4e-14,8.92e-11,Metamonada,FBpp0076312,7227,Mcm7
COG1241,32,1,7.607,1.4e-14,8.92e-11,Metamonada,FBpp0081317,7227,Mcm2
COG1241,32,1,7.607,1.4e-14,8.92e-11,Metamonada,FBpp0081756,7227,Mcm5
COG1241,32,1,7.607,1.4e-14,8.92e-11,Metamonada,FBpp0082647,7227,rec
COG1241,32,1,7.607,1.4e-14,8.92e-11,Metamonada,FBpp0088055,7227,dpa
COG2114,32,0.8888,7.604,1.43e-14,9.14e-11,Metamonada,FBpp0072753,7227,ACXD
COG2114,32,0.8888,7.604,1.43e-14,9.14e-11,Metamonada,FBpp0073809,7227,rut
COG2114,32,0.8888,7.604,1.43e-14,9.14e-11,Metamonada,FBpp0079994,7227,ACXC
COG2114,32,0.8888,7.604,1.43e-14,9.14e-11,Metamonada,FBpp0079995,7227,ACXB
COG2114,32,0.8888,7.604,1.43e-14,9.14e-11,Metamonada,FBpp0079996,7227,ACXA
COG2114,32,0.8888,7.604,1.43e-14,9.14e-11,Metamonada,FBpp0080693,7227,Phlpp
COG2114,32,0.8888,7.604,1.43e-14,9.14e-11,Metamonada,FBpp0082641,7227,CG31183
COG2114,32,0.8888,7.604,1.43e-14,9.14e-11,Metamonada,FBpp0082703,7227,CG14877
COG2114,32,0.8888,7.604,1.43e-14,9.14e-11,Metamonada,FBpp0082745,7227,Gyc-89Db
COG2114,32,0.8888,7.604,1.43e-14,9.14e-11,Metamonada,FBpp0084819,7227,Gyc99B
COG2114,32,0.8888,7.604,1.43e-14,9.14e-11,Metamonada,FBpp0085115,7227,dgcb1
COG2114,32,0.8888,7.604,1.43e-14,9.14e-11,Metamonada,FBpp0085252,7227,Ac3
COG2114,32,0.8888,7.604,1.43e-14,9.14e-11,Metamonada,FBpp0099611,7227,CG33958
COG2114,32,0.8888,7.604,1.43e-14,9.14e-11,Metamonada,FBpp0110261,7227,Gyc88E
COG2114,32,0.8888,7.604,1.43e-14,9.14e-11,Metamonada,FBpp0110262,7227,Gyc-89Da
COG2114,32,0.8888,7.604,1.43e-14,9.14e-11,Metamonada,FBpp0111769,7227,Gyc32E
COG2114,32,0.8888,7.604,1.43e-14,9.14e-11,Metamonada,FBpp0271904,7227,CG3216
COG2114,32,0.8888,7.604,1.43e-14,9.14e-11,Metamonada,FBpp0290536,7227,CG32301
COG2114,32,0.8888,7.604,1.43e-14,9.14e-11,Metamonada,FBpp0290537,7227,CG32305
COG2114,32,0.8888,7.604,1.43e-14,9.14e-11,Metamonada,FBpp0290915,7227,Ac78C
COG2114,32,0.8888,7.604,1.43e-14,9.14e-11,Metamonada,FBpp0291484,7227,CG42637
COG2114,32,0.8888,7.604,1.43e-14,9.14e-11,Metamonada,FBpp0291487,7227,Gyc76C
COG2114,32,0.8888,7.604,1.43e-14,9.14e-11,Metamonada,FBpp0291650,7227,CG10738
COG2114,32,0.8888,7.604,1.43e-14,9.14e-11,Metamonada,FBpp0292870,7227,CG34357
COG2114,32,0.8888,7.604,1.43e-14,9.14e-11,Metamonada,FBpp0293288,7227,Ac76E
COG2114,32,0.8888,7.604,1.43e-14,9.14e-11,Metamonada,FBpp0298357,7227,CG43373
COG2114,32,0.8888,7.604,1.43e-14,9.14e-11,Metamonada,FBpp0302693,7227,ACXE
COG2114,32,0.8888,7.604,1.43e-14,9.14e-11,Metamonada,FBpp0304773,7227,Ac13E
COG2520,32,0.9879,7.603,1.45e-14,9.2e-11,Metamonada,FBpp0072897,7227,CG32278
COG2520,32,0.9879,7.603,1.45e-14,9.2e-11,Metamonada,FBpp0072898,7227,CG32281
COG5245,32,0.8713,7.602,1.45e-14,9.25e-11,Metamonada,FBpp0074283,7227,Dhc16F
COG5245,32,0.8713,7.602,1.45e-14,9.25e-11,Metamonada,FBpp0086282,7227,CG9068
COG5245,32,0.8713,7.602,1.45e-14,9.25e-11,Metamonada,FBpp0112479,7227,kl-3
COG5245,32,0.8713,7.602,1.45e-14,9.25e-11,Metamonada,FBpp0112614,7227,kl-5
COG5245,32,0.8713,7.602,1.45e-14,9.25e-11,Metamonada,FBpp0112826,7227,CG41497
COG5245,32,0.8713,7.602,1.45e-14,9.25e-11,Metamonada,FBpp0271700,7227,CG3339
COG5245,32,0.8713,7.602,1.45e-14,9.25e-11,Metamonada,FBpp0271744,7227,Dhc93AB
COG5245,32,0.8713,7.602,1.45e-14,9.25e-11,Metamonada,FBpp0271926,7227,btv
COG5245,32,0.8713,7.602,1.45e-14,9.25e-11,Metamonada,FBpp0288420,7227,CG17150
COG5245,32,0.8713,7.602,1.45e-14,9.25e-11,Metamonada,FBpp0289299,7227,kl-2
COG5245,32,0.8713,7.602,1.45e-14,9.25e-11,Metamonada,FBpp0290517,7227,Dhc98D
COG5245,32,0.8713,7.602,1.45e-14,9.25e-11,Metamonada,FBpp0291547,7227,CG40992
COG5245,32,0.8713,7.602,1.45e-14,9.25e-11,Metamonada,FBpp0291549,7227,CG40936
COG5245,32,0.8713,7.602,1.45e-14,9.25e-11,Metamonada,FBpp0292225,7227,Dhc62B
COG5245,32,0.8713,7.602,1.45e-14,9.25e-11,Metamonada,FBpp0293284,7227,Dhc36C
COG5245,32,0.8713,7.602,1.45e-14,9.25e-11,Metamonada,FBpp0301056,7227,CG9492
COG5245,32,0.8713,7.602,1.45e-14,9.25e-11,Metamonada,FBpp0304991,7227,Dhc64C
COG0652,32,1,7.601,1.47e-14,9.39e-11,Metamonada,FBpp0070779,7227,CG15767
COG0652,32,1,7.601,1.47e-14,9.39e-11,Metamonada,FBpp0071844,7227,CG2852
COG0652,32,1,7.601,1.47e-14,9.39e-11,Metamonada,FBpp0072201,7227,CG3492
COG0652,32,1,7.601,1.47e-14,9.39e-11,Metamonada,FBpp0072463,7227,Cypl
COG0652,32,1,7.601,1.47e-14,9.39e-11,Metamonada,FBpp0073225,7227,CG32236
COG0652,32,1,7.601,1.47e-14,9.39e-11,Metamonada,FBpp0074017,7227,Cyp1
COG0652,32,1,7.601,1.47e-14,9.39e-11,Metamonada,FBpp0075479,7227,CG7768
COG0652,32,1,7.601,1.47e-14,9.39e-11,Metamonada,FBpp0075761,7227,CG10907
COG0652,32,1,7.601,1.47e-14,9.39e-11,Metamonada,FBpp0076113,7227,CG8336
COG0652,32,1,7.601,1.47e-14,9.39e-11,Metamonada,FBpp0077688,7227,ninaA
COG0652,32,1,7.601,1.47e-14,9.39e-11,Metamonada,FBpp0084113,7227,CG5808
COG0652,32,1,7.601,1.47e-14,9.39e-11,Metamonada,FBpp0084258,7227,CG5071
COG0652,32,1,7.601,1.47e-14,9.39e-11,Metamonada,FBpp0084655,7227,Moca-cyp
COG0652,32,1,7.601,1.47e-14,9.39e-11,Metamonada,FBpp0085477,7227,CG17266
COG0652,32,1,7.601,1.47e-14,9.39e-11,Metamonada,FBpp0086101,7227,cyp33
COG0652,32,1,7.601,1.47e-14,9.39e-11,Metamonada,FBpp0086323,7227,CG7747
COG0652,32,1,7.601,1.47e-14,9.39e-11,Metamonada,FBpp0087366,7227,CG11777
COG0652,32,1,7.601,1.47e-14,9.39e-11,Metamonada,FBpp0087717,7227,CG30350
COG1643,32,1,7.599,1.49e-14,9.47e-11,Metamonada,FBpp0070403,7227,kz
COG1643,32,1,7.599,1.49e-14,9.47e-11,Metamonada,FBpp0072141,7227,bgcn
COG1643,32,1,7.599,1.49e-14,9.47e-11,Metamonada,FBpp0073259,7227,CG1582
COG1643,32,1,7.599,1.49e-14,9.47e-11,Metamonada,FBpp0073717,7227,l(1)G0007
COG1643,32,1,7.599,1.49e-14,9.47e-11,Metamonada,FBpp0074221,7227,CG8915
COG1643,32,1,7.599,1.49e-14,9.47e-11,Metamonada,FBpp0074555,7227,CG32533
COG1643,32,1,7.599,1.49e-14,9.47e-11,Metamonada,FBpp0077107,7227,CG3225
COG1643,32,1,7.599,1.49e-14,9.47e-11,Metamonada,FBpp0079537,7227,CG4901
COG1643,32,1,7.599,1.49e-14,9.47e-11,Metamonada,FBpp0080706,7227,l(2)37Cb
COG1643,32,1,7.599,1.49e-14,9.47e-11,Metamonada,FBpp0080988,7227,CG9323
COG1643,32,1,7.599,1.49e-14,9.47e-11,Metamonada,FBpp0082637,7227,spn-E
COG1643,32,1,7.599,1.49e-14,9.47e-11,Metamonada,FBpp0085367,7227,mle
COG1643,32,1,7.599,1.49e-14,9.47e-11,Metamonada,FBpp0086647,7227,pea
COG1643,32,1,7.599,1.49e-14,9.47e-11,Metamonada,FBpp0088040,7227,CG11107
KOG3754,32,0.9114,7.596,1.53e-14,9.72e-11,Metamonada,FBpp0071063,7227,Gclc
KOG3005,32,0.8543,7.596,1.53e-14,9.76e-11,Metamonada,FBpp0290511,7227,slx1
KOG3486,32,0.9313,7.591,1.58e-14,1.01e-10,Metamonada,FBpp0077309,7227,RpS21
COG2890,32,0.9245,7.588,1.63e-14,1.04e-10,Metamonada,FBpp0078900,7227,CG9531
COG2890,32,0.9245,7.588,1.63e-14,1.04e-10,Metamonada,FBpp0099795,7227,CG9960
COG5128,32,0.9882,7.588,1.63e-14,1.04e-10,Metamonada,FBpp0086599,7227,Trs31
COG0531,32,0.9812,7.585,1.66e-14,1.06e-10,Metamonada,FBpp0070226,7227,CG12773
COG0531,32,0.9812,7.585,1.66e-14,1.06e-10,Metamonada,FBpp0072046,7227,kcc
COG0531,32,0.9812,7.585,1.66e-14,1.06e-10,Metamonada,FBpp0073761,7227,CG9413
COG0531,32,0.9812,7.585,1.66e-14,1.06e-10,Metamonada,FBpp0074557,7227,CG12531
COG0531,32,0.9812,7.585,1.66e-14,1.06e-10,Metamonada,FBpp0075379,7227,mnd
COG0531,32,0.9812,7.585,1.66e-14,1.06e-10,Metamonada,FBpp0077892,7227,CG13248
COG0531,32,0.9812,7.585,1.66e-14,1.06e-10,Metamonada,FBpp0078206,7227,slif
COG0531,32,0.9812,7.585,1.66e-14,1.06e-10,Metamonada,FBpp0078411,7227,CG31547
COG0531,32,0.9812,7.585,1.66e-14,1.06e-10,Metamonada,FBpp0080630,7227,CG10413
COG0531,32,0.9812,7.585,1.66e-14,1.06e-10,Metamonada,FBpp0084502,7227,gb
COG0531,32,0.9812,7.585,1.66e-14,1.06e-10,Metamonada,FBpp0085146,7227,CG1607
COG0531,32,0.9812,7.585,1.66e-14,1.06e-10,Metamonada,FBpp0088925,7227,JhI-21
COG0531,32,0.9812,7.585,1.66e-14,1.06e-10,Metamonada,FBpp0099766,7227,CG7255
COG0531,32,0.9812,7.585,1.66e-14,1.06e-10,Metamonada,FBpp0271785,7227,CG5535
COG0531,32,0.9812,7.585,1.66e-14,1.06e-10,Metamonada,FBpp0303022,7227,tadr
COG0531,32,0.9812,7.585,1.66e-14,1.06e-10,Metamonada,FBpp0305974,7227,Ncc69
KOG3720,32,0.898,7.585,1.66e-14,1.06e-10,Metamonada,FBpp0074746,7227,CG9452
KOG3720,32,0.898,7.585,1.66e-14,1.06e-10,Metamonada,FBpp0083537,7227,CG6656
KOG3720,32,0.898,7.585,1.66e-14,1.06e-10,Metamonada,FBpp0084975,7227,Acph-1
KOG3720,32,0.898,7.585,1.66e-14,1.06e-10,Metamonada,FBpp0305979,7227,CG9451
KOG3720,32,0.898,7.585,1.66e-14,1.06e-10,Metamonada,FBpp0305981,7227,CG9449
COG2051,32,0.9079,7.581,1.72e-14,1.09e-10,Metamonada,FBpp0084242,7227,RpS27
KOG1868,32,0.9273,7.578,1.76e-14,1.12e-10,Metamonada,FBpp0077041,7227,Usp2
KOG1868,32,0.9273,7.578,1.76e-14,1.12e-10,Metamonada,FBpp0083419,7227,Usp8
COG0822,32,0.986,7.577,1.76e-14,1.12e-10,Metamonada,FBpp0081412,7227,CG9836
COG0086,32,1,7.577,1.77e-14,1.13e-10,Metamonada,FBpp0073387,7227,RpII215
COG0086,32,1,7.577,1.77e-14,1.13e-10,Metamonada,FBpp0086640,7227,RpI1
COG0086,32,1,7.577,1.77e-14,1.13e-10,Metamonada,FBpp0290035,7227,CG17209
COG0423,32,0.9364,7.576,1.78e-14,1.14e-10,Metamonada,FBpp0075386,7227,Aats-gly
KOG2111,32,0.9307,7.576,1.78e-14,1.14e-10,Metamonada,FBpp0081440,7227,CG11975
COG0363,32,0.9907,7.574,1.81e-14,1.15e-10,Metamonada,FBpp0073235,7227,CG17333
COG0363,32,0.9907,7.574,1.81e-14,1.15e-10,Metamonada,FBpp0297903,7227,Oscillin
COG1257,32,0.9247,7.573,1.83e-14,1.16e-10,Metamonada,FBpp0083842,7227,Hmgcr
KOG3063,32,0.9313,7.571,1.86e-14,1.18e-10,Metamonada,FBpp0070298,7227,Vps26
KOG3178,32,0.9868,7.568,1.89e-14,1.21e-10,Metamonada,FBpp0087463,7227,Ntmt
COG1761,32,0.9789,7.567,1.91e-14,1.22e-10,Metamonada,FBpp0080564,7227,Rpb11
COG1761,32,0.9789,7.567,1.91e-14,1.22e-10,Metamonada,FBpp0304829,7227,l(2)37Cg
COG0144,32,1,7.566,1.93e-14,1.23e-10,Metamonada,FBpp0070637,7227,Nsun2
COG0144,32,1,7.566,1.93e-14,1.23e-10,Metamonada,FBpp0077624,7227,CG4749
COG0144,32,1,7.566,1.93e-14,1.23e-10,Metamonada,FBpp0078203,7227,CG11109
COG0144,32,1,7.566,1.93e-14,1.23e-10,Metamonada,FBpp0087045,7227,CG8545
COG0144,32,1,7.566,1.93e-14,1.23e-10,Metamonada,FBpp0289234,7227,CG42358
KOG0254,32,0.9715,7.565,1.93e-14,1.23e-10,Metamonada,FBpp0070973,7227,CG4607
KOG0254,32,0.9715,7.565,1.93e-14,1.23e-10,Metamonada,FBpp0072148,7227,CG4797
KOG0254,32,0.9715,7.565,1.93e-14,1.23e-10,Metamonada,FBpp0075674,7227,CG10960
KOG0254,32,0.9715,7.565,1.93e-14,1.23e-10,Metamonada,FBpp0076043,7227,CG32054
KOG0254,32,0.9715,7.565,1.93e-14,1.23e-10,Metamonada,FBpp0076044,7227,CG32053
KOG0254,32,0.9715,7.565,1.93e-14,1.23e-10,Metamonada,FBpp0076045,7227,CG14160
KOG0254,32,0.9715,7.565,1.93e-14,1.23e-10,Metamonada,FBpp0077268,7227,CG15406
KOG0254,32,0.9715,7.565,1.93e-14,1.23e-10,Metamonada,FBpp0077271,7227,CG8837
KOG0254,32,0.9715,7.565,1.93e-14,1.23e-10,Metamonada,FBpp0077272,7227,CG33281
KOG0254,32,0.9715,7.565,1.93e-14,1.23e-10,Metamonada,FBpp0077274,7227,CG3285
KOG0254,32,0.9715,7.565,1.93e-14,1.23e-10,Metamonada,FBpp0077275,7227,CG15408
KOG0254,32,0.9715,7.565,1.93e-14,1.23e-10,Metamonada,FBpp0078291,7227,CG1213
KOG0254,32,0.9715,7.565,1.93e-14,1.23e-10,Metamonada,FBpp0081119,7227,CG14605
KOG0254,32,0.9715,7.565,1.93e-14,1.23e-10,Metamonada,FBpp0081121,7227,CG14606
KOG0254,32,0.9715,7.565,1.93e-14,1.23e-10,Metamonada,FBpp0081489,7227,CG31100
KOG0254,32,0.9715,7.565,1.93e-14,1.23e-10,Metamonada,FBpp0082721,7227,CG6901
KOG0254,32,0.9715,7.565,1.93e-14,1.23e-10,Metamonada,FBpp0082723,7227,CG17930
KOG0254,32,0.9715,7.565,1.93e-14,1.23e-10,Metamonada,FBpp0082790,7227,Glut3
KOG0254,32,0.9715,7.565,1.93e-14,1.23e-10,Metamonada,FBpp0086060,7227,CG6484
KOG0254,32,0.9715,7.565,1.93e-14,1.23e-10,Metamonada,FBpp0087178,7227,Tret1-1
KOG0254,32,0.9715,7.565,1.93e-14,1.23e-10,Metamonada,FBpp0087180,7227,Tret1-2
KOG0254,32,0.9715,7.565,1.93e-14,1.23e-10,Metamonada,FBpp0088616,7227,sut4
KOG0254,32,0.9715,7.565,1.93e-14,1.23e-10,Metamonada,FBpp0112109,7227,CG1208
KOG0254,32,0.9715,7.565,1.93e-14,1.23e-10,Metamonada,FBpp0112370,7227,CG33282
KOG0254,32,0.9715,7.565,1.93e-14,1.23e-10,Metamonada,FBpp0271727,7227,CG17929
KOG0254,32,0.9715,7.565,1.93e-14,1.23e-10,Metamonada,FBpp0292839,7227,CG42826
KOG0254,32,0.9715,7.565,1.93e-14,1.23e-10,Metamonada,FBpp0292840,7227,CG42825
KOG0254,32,0.9715,7.565,1.93e-14,1.23e-10,Metamonada,FBpp0300975,7227,CG8249
COG5178,32,0.9998,7.565,1.94e-14,1.23e-10,Metamonada,FBpp0087124,7227,Prp8
COG0463,32,0.9998,7.564,1.96e-14,1.25e-10,Metamonada,FBpp0079234,7227,wol
COG0463,32,0.9998,7.564,1.96e-14,1.25e-10,Metamonada,FBpp0080817,7227,CG10166
KOG0663,32,0.9514,7.564,1.96e-14,1.25e-10,Metamonada,FBpp0077905,7227,Pitslre
KOG0663,32,0.9514,7.564,1.96e-14,1.25e-10,Metamonada,FBpp0087515,7227,cdc2rk
COG5593,32,0.929,7.563,1.97e-14,1.26e-10,Metamonada,FBpp0075937,7227,CG7839
KOG0307,32,0.9625,7.56,2.02e-14,1.28e-10,Metamonada,FBpp0087724,7227,Sec31
COG1488,32,0.9804,7.559,2.03e-14,1.29e-10,Metamonada,FBpp0077168,7227,CG3714
KOG2425,32,0.892,7.559,2.03e-14,1.3e-10,Metamonada,FBpp0075969,7227,CG32075
KOG2425,32,0.892,7.559,2.03e-14,1.3e-10,Metamonada,FBpp0075970,7227,CG32069
COG5228,32,0.9976,7.559,2.04e-14,1.3e-10,Metamonada,FBpp0289500,7227,Pop2
COG0296,32,0.915,7.556,2.07e-14,1.32e-10,Metamonada,FBpp0086845,7227,AGBE
KOG0575,32,0.9401,7.555,2.09e-14,1.33e-10,Metamonada,FBpp0074608,7227,polo
KOG0575,32,0.9401,7.555,2.09e-14,1.33e-10,Metamonada,FBpp0078042,7227,SAK
COG0343,32,0.9771,7.555,2.1e-14,1.34e-10,Metamonada,FBpp0076201,7227,CG3434
COG0343,32,0.9771,7.555,2.1e-14,1.34e-10,Metamonada,FBpp0077636,7227,Tgt
KOG1639,32,0.9659,7.555,2.1e-14,1.34e-10,Metamonada,FBpp0073017,7227,Sc2
COG0557,32,1,7.553,2.13e-14,1.36e-10,Metamonada,FBpp0072388,7227,CG16940
COG0557,32,1,7.553,2.13e-14,1.36e-10,Metamonada,FBpp0083989,7227,Dis3
COG3277,32,0.8549,7.552,2.14e-14,1.36e-10,Metamonada,FBpp0071562,7227,CG4038
COG0092,32,0.9998,7.552,2.14e-14,1.36e-10,Metamonada,FBpp0083802,7227,RpS3
COG1552,32,0.9028,7.551,2.16e-14,1.37e-10,Metamonada,FBpp0077159,7227,RpL40
KOG0680,32,0.8625,7.55,2.17e-14,1.39e-10,Metamonada,FBpp0073983,7227,Arp6
KOG2443,32,0.9926,7.548,2.21e-14,1.4e-10,Metamonada,FBpp0077740,7227,Spp
KOG2443,32,0.9926,7.548,2.21e-14,1.4e-10,Metamonada,FBpp0290043,7227,SppL
COG5217,32,0.9018,7.548,2.21e-14,1.41e-10,Metamonada,FBpp0071405,7227,CG15306
COG5217,32,0.9018,7.548,2.21e-14,1.41e-10,Metamonada,FBpp0076502,7227,CG32371
COG5217,32,0.9018,7.548,2.21e-14,1.41e-10,Metamonada,FBpp0077157,7227,CG2955
COG5217,32,0.9018,7.548,2.21e-14,1.41e-10,Metamonada,FBpp0079053,7227,CG31907
COG5217,32,0.9018,7.548,2.21e-14,1.41e-10,Metamonada,FBpp0271746,7227,CG18190
COG5217,32,0.9018,7.548,2.21e-14,1.41e-10,Metamonada,FBpp0289513,7227,Eb1
COG0090,32,1,7.544,2.28e-14,1.45e-10,Metamonada,FBpp0072801,7227,RpL8
COG0090,32,1,7.544,2.28e-14,1.45e-10,Metamonada,FBpp0075941,7227,mRpL2
COG5249,32,0.9266,7.543,2.3e-14,1.47e-10,Metamonada,FBpp0271764,7227,CG11857
COG5226,32,0.9837,7.541,2.33e-14,1.49e-10,Metamonada,FBpp0073739,7227,mRNA-cap
COG5226,32,0.9837,7.541,2.33e-14,1.49e-10,Metamonada,FBpp0087183,7227,CG13197
COG0503,32,0.9266,7.539,2.36e-14,1.5e-10,Metamonada,FBpp0088438,7227,Aprt
COG5116,32,0.9373,7.535,2.43e-14,1.55e-10,Metamonada,FBpp0084754,7227,Rpn2
KOG1787,32,0.912,7.533,2.48e-14,1.58e-10,Metamonada,FBpp0288527,7227,rg
KOG1787,32,0.912,7.533,2.48e-14,1.58e-10,Metamonada,FBpp0298310,7227,CG43367
COG0142,32,0.9992,7.531,2.52e-14,1.6e-10,Metamonada,FBpp0076557,7227,qm
COG0142,32,0.9992,7.531,2.52e-14,1.6e-10,Metamonada,FBpp0077945,7227,CG10585
COG0142,32,0.9992,7.531,2.52e-14,1.6e-10,Metamonada,FBpp0085131,7227,qless
COG0142,32,0.9992,7.531,2.52e-14,1.6e-10,Metamonada,FBpp0087266,7227,Fpps
KOG0274,32,0.9464,7.53,2.54e-14,1.62e-10,Metamonada,FBpp0073101,7227,ago
COG3642,32,0.97,7.529,2.56e-14,1.63e-10,Metamonada,FBpp0076883,7227,Prpk
COG2217,32,0.9019,7.528,2.58e-14,1.64e-10,Metamonada,FBpp0271765,7227,ATP7
KOG0073,32,0.9745,7.527,2.6e-14,1.65e-10,Metamonada,FBpp0073468,7227,CG11356
KOG0073,32,0.9745,7.527,2.6e-14,1.65e-10,Metamonada,FBpp0081328,7227,Arl2
KOG1057,32,0.9196,7.524,2.66e-14,1.7e-10,Metamonada,FBpp0288801,7227,l(1)G0196
KOG3320,32,0.9147,7.52,2.74e-14,1.75e-10,Metamonada,FBpp0088441,7227,RpS7
COG5040,32,0.9986,7.518,2.78e-14,1.77e-10,Metamonada,FBpp0082987,7227,SR3-9
COG5040,32,0.9986,7.518,2.78e-14,1.77e-10,Metamonada,FBpp0087500,7227,14-3-3zeta
KOG0592,32,0.9936,7.516,2.82e-14,1.8e-10,Metamonada,FBpp0305420,7227,Pdk1
COG5229,32,0.8924,7.512,2.91e-14,1.85e-10,Metamonada,FBpp0080880,7227,barr
COG5035,32,0.8679,7.512,2.91e-14,1.85e-10,Metamonada,FBpp0074076,7227,CG9947
KOG4098,32,0.9626,7.512,2.92e-14,1.86e-10,Metamonada,FBpp0304954,7227,l(3)01239
KOG4046,32,0.8531,7.51,2.96e-14,1.89e-10,Metamonada,FBpp0076478,7227,CG8038
COG0175,32,0.9069,7.507,3.02e-14,1.93e-10,Metamonada,FBpp0073528,7227,CG4407
COG0175,32,0.9069,7.507,3.02e-14,1.93e-10,Metamonada,FBpp0080079,7227,CG16848
COG3425,32,0.9441,7.501,3.16e-14,2.01e-10,Metamonada,FBpp0086289,7227,Hmgs
COG2075,32,0.9996,7.5,3.18e-14,2.02e-10,Metamonada,FBpp0080102,7227,RpL24
COG2075,32,0.9996,7.5,3.18e-14,2.02e-10,Metamonada,FBpp0081879,7227,RpL24-like
COG1234,32,0.9369,7.498,3.23e-14,2.06e-10,Metamonada,FBpp0087449,7227,JhI-1
COG0096,32,1,7.496,3.3e-14,2.1e-10,Metamonada,FBpp0073623,7227,RpS15Aa
COG0096,32,1,7.496,3.3e-14,2.1e-10,Metamonada,FBpp0087321,7227,RpS15Ab
COG1208,32,1,7.494,3.34e-14,2.13e-10,Metamonada,FBpp0078510,7227,CG1129
COG1208,32,1,7.494,3.34e-14,2.13e-10,Metamonada,FBpp0086469,7227,CG8190
COG1208,32,1,7.494,3.34e-14,2.13e-10,Metamonada,FBpp0086475,7227,CG8207
COG1208,32,1,7.494,3.34e-14,2.13e-10,Metamonada,FBpp0089217,7227,CG3806
KOG0596,32,0.8198,7.48,3.73e-14,2.37e-10,Metamonada,FBpp0303766,7227,ald
COG1038,32,0.7572,7.479,3.75e-14,2.39e-10,Metamonada,FBpp0087539,7227,PCB
KOG0603,32,0.839,7.478,3.76e-14,2.4e-10,Metamonada,FBpp0083026,7227,CG7156
KOG0603,32,0.839,7.478,3.76e-14,2.4e-10,Metamonada,FBpp0304953,7227,JIL-1
KOG0603,32,0.839,7.478,3.76e-14,2.4e-10,Metamonada,FBpp0305864,7227,S6kII
COG0063,32,0.9106,7.47,4.01e-14,2.56e-10,Metamonada,FBpp0074800,7227,CG10424
COG0281,32,0.8526,7.468,4.07e-14,2.59e-10,Metamonada,FBpp0082129,7227,Men
COG0281,32,0.8526,7.468,4.07e-14,2.59e-10,Metamonada,FBpp0086304,7227,CG7848
COG0281,32,0.8526,7.468,4.07e-14,2.59e-10,Metamonada,FBpp0290922,7227,Men-b
COG0281,32,0.8526,7.468,4.07e-14,2.59e-10,Metamonada,FBpp0291082,7227,Menl-2
COG0281,32,0.8526,7.468,4.07e-14,2.59e-10,Metamonada,FBpp0291083,7227,Menl-1
COG2147,32,0.9366,7.457,4.42e-14,2.81e-10,Metamonada,FBpp0072312,7227,RpL19
KOG4471,32,0.8606,7.456,4.47e-14,2.85e-10,Metamonada,FBpp0078854,7227,mtm
KOG4471,32,0.8606,7.456,4.47e-14,2.85e-10,Metamonada,FBpp0111901,7227,CG3632
KOG1517,32,0.8781,7.45,4.66e-14,2.97e-10,Metamonada,FBpp0305180,7227,raptor
COG1383,32,0.9352,7.45,4.67e-14,2.97e-10,Metamonada,FBpp0076207,7227,RpS17
COG0693,32,0.9278,7.448,4.73e-14,3.01e-10,Metamonada,FBpp0085065,7227,dj-1beta
COG0693,32,0.9278,7.448,4.73e-14,3.01e-10,Metamonada,FBpp0086741,7227,DJ-1alpha
COG1644,32,0.8273,7.448,4.74e-14,3.02e-10,Metamonada,FBpp0084067,7227,Rpb10
COG1076,32,0.9031,7.447,4.77e-14,3.04e-10,Metamonada,FBpp0111355,7227,Hsc20
COG1093,32,0.9867,7.446,4.82e-14,3.07e-10,Metamonada,FBpp0074075,7227,eIF-2alpha
KOG1616,32,0.8892,7.443,4.93e-14,3.14e-10,Metamonada,FBpp0087705,7227,alc
COG5024,32,0.986,7.441,5.01e-14,3.19e-10,Metamonada,FBpp0071822,7227,CycB
COG5024,32,0.986,7.441,5.01e-14,3.19e-10,Metamonada,FBpp0072987,7227,CycJ
COG5024,32,0.986,7.441,5.01e-14,3.19e-10,Metamonada,FBpp0075807,7227,CycA
COG5024,32,0.986,7.441,5.01e-14,3.19e-10,Metamonada,FBpp0084103,7227,CycB3
COG5024,32,0.986,7.441,5.01e-14,3.19e-10,Metamonada,FBpp0294012,7227,CycE
COG5024,32,0.986,7.441,5.01e-14,3.19e-10,Metamonada,FBpp0305520,7227,CycG
COG1355,32,0.9167,7.434,5.26e-14,3.35e-10,Metamonada,FBpp0082187,7227,CG8031
KOG0283,32,0.8516,7.431,5.39e-14,3.43e-10,Metamonada,FBpp0290295,7227,CG34133
KOG1109,32,0.8467,7.421,5.82e-14,3.71e-10,Metamonada,FBpp0071429,7227,Tango5
KOG1109,32,0.8467,7.421,5.82e-14,3.71e-10,Metamonada,FBpp0075848,7227,CG32087
KOG1109,32,0.8467,7.421,5.82e-14,3.71e-10,Metamonada,FBpp0305002,7227,CG32088
KOG1416,32,0.9039,7.419,5.89e-14,3.75e-10,Metamonada,FBpp0078961,7227,CG9596
COG5088,32,0.7947,7.417,5.97e-14,3.8e-10,Metamonada,FBpp0078496,7227,MED31
KOG4081,32,0.8428,7.417,5.97e-14,3.8e-10,Metamonada,FBpp0082996,7227,Dlc90F
KOG2137,32,0.876,7.416,6.05e-14,3.85e-10,Metamonada,FBpp0084711,7227,CG1951
KOG2137,32,0.876,7.416,6.05e-14,3.85e-10,Metamonada,FBpp0303969,7227,CG34356
COG1500,32,0.9322,7.406,6.5e-14,4.14e-10,Metamonada,FBpp0076652,7227,CG8549
COG1936,32,0.9207,7.402,6.69e-14,4.26e-10,Metamonada,FBpp0087004,7227,Ak6
KOG4308,32,0.8534,7.399,6.88e-14,4.38e-10,Metamonada,FBpp0082435,7227,CG7886
KOG4308,32,0.8534,7.399,6.88e-14,4.38e-10,Metamonada,FBpp0087742,7227,CG8197
COG0115,32,0.9319,7.398,6.92e-14,4.41e-10,Metamonada,FBpp0073608,7227,CG1673
COG0550,32,0.9371,7.39,7.33e-14,4.67e-10,Metamonada,FBpp0070891,7227,Top3beta
COG0550,32,0.9371,7.39,7.33e-14,4.67e-10,Metamonada,FBpp0080787,7227,Top3alpha
KOG0584,32,0.8088,7.389,7.41e-14,4.72e-10,Metamonada,FBpp0305649,7227,Wnk
COG0058,32,0.8493,7.389,7.41e-14,4.72e-10,Metamonada,FBpp0077501,7227,GlyP
COG5638,32,0.9361,7.385,7.6e-14,4.84e-10,Metamonada,FBpp0070205,7227,CG11417
KOG0210,32,0.8777,7.375,8.2e-14,5.22e-10,Metamonada,FBpp0080040,7227,CG31729
KOG0616,32,0.8515,7.373,8.35e-14,5.32e-10,Metamonada,FBpp0075283,7227,Pka-C3
KOG0616,32,0.8515,7.373,8.35e-14,5.32e-10,Metamonada,FBpp0079448,7227,Pka-C1
KOG0616,32,0.8515,7.373,8.35e-14,5.32e-10,Metamonada,FBpp0085089,7227,Pka-C2
KOG0616,32,0.8515,7.373,8.35e-14,5.32e-10,Metamonada,FBpp0085090,7227,CG12069
KOG0616,32,0.8515,7.373,8.35e-14,5.32e-10,Metamonada,FBpp0088350,7227,for
KOG2858,32,0.8792,7.361,9.11e-14,5.8e-10,Metamonada,FBpp0073490,7227,CG1463
COG1490,32,0.8457,7.356,9.51e-14,6.05e-10,Metamonada,FBpp0290123,7227,CG18643
COG5092,32,0.8998,7.356,9.51e-14,6.06e-10,Metamonada,FBpp0076451,7227,Nmt
KOG3689,32,0.8685,7.352,9.73e-14,6.2e-10,Metamonada,FBpp0111456,7227,Pde11
KOG3689,32,0.8685,7.352,9.73e-14,6.2e-10,Metamonada,FBpp0289559,7227,Pde6
KOG3689,32,0.8685,7.352,9.73e-14,6.2e-10,Metamonada,FBpp0305507,7227,dnc
KOG3689,32,0.8685,7.352,9.73e-14,6.2e-10,Metamonada,FBpp0305705,7227,Pde9
KOG1479,32,0.9126,7.35,9.93e-14,6.33e-10,Metamonada,FBpp0075667,7227,Ent3
KOG1479,32,0.9126,7.35,9.93e-14,6.33e-10,Metamonada,FBpp0077753,7227,Ent1
KOG1479,32,0.9126,7.35,9.93e-14,6.33e-10,Metamonada,FBpp0078920,7227,Ent2
KOG0078,32,0.9275,7.348,1.01e-13,6.41e-10,Metamonada,FBpp0073502,7227,Rab40
KOG0078,32,0.9275,7.348,1.01e-13,6.41e-10,Metamonada,FBpp0074690,7227,Rab8
KOG0078,32,0.9275,7.348,1.01e-13,6.41e-10,Metamonada,FBpp0077029,7227,Rab10
KOG0078,32,0.9275,7.348,1.01e-13,6.41e-10,Metamonada,FBpp0084111,7227,RabX4
KOG0582,32,0.8737,7.347,1.02e-13,6.47e-10,Metamonada,FBpp0083057,7227,fray
KOG0582,32,0.8737,7.347,1.02e-13,6.47e-10,Metamonada,FBpp0110403,7227,Stlk
COG0252,32,0.8255,7.347,1.02e-13,6.48e-10,Metamonada,FBpp0070595,7227,CG6428
COG0252,32,0.8255,7.347,1.02e-13,6.48e-10,Metamonada,FBpp0081620,7227,CG8526
KOG1225,32,0.7816,7.346,1.02e-13,6.53e-10,Metamonada,FBpp0070939,7227,shf
KOG1225,32,0.7816,7.346,1.02e-13,6.53e-10,Metamonada,FBpp0289137,7227,Ten-a
KOG1225,32,0.7816,7.346,1.02e-13,6.53e-10,Metamonada,FBpp0297244,7227,Ten-m
KOG3285,32,0.8572,7.34,1.06e-13,6.78e-10,Metamonada,FBpp0076819,7227,mad2
KOG3893,32,0.8515,7.34,1.07e-13,6.83e-10,Metamonada,FBpp0071597,7227,CG9865
COG2866,32,0.8677,7.333,1.12e-13,7.14e-10,Metamonada,FBpp0070798,7227,CG3108
COG2866,32,0.8677,7.333,1.12e-13,7.14e-10,Metamonada,FBpp0070801,7227,CG3097
COG2866,32,0.8677,7.333,1.12e-13,7.14e-10,Metamonada,FBpp0073644,7227,NnaD
COG2866,32,0.8677,7.333,1.12e-13,7.14e-10,Metamonada,FBpp0074185,7227,CG8945
COG2866,32,0.8677,7.333,1.12e-13,7.14e-10,Metamonada,FBpp0076564,7227,CG8562
COG2866,32,0.8677,7.333,1.12e-13,7.14e-10,Metamonada,FBpp0076565,7227,CG18417
COG2866,32,0.8677,7.333,1.12e-13,7.14e-10,Metamonada,FBpp0076578,7227,CG8560
COG2866,32,0.8677,7.333,1.12e-13,7.14e-10,Metamonada,FBpp0076604,7227,CG14820
COG2866,32,0.8677,7.333,1.12e-13,7.14e-10,Metamonada,FBpp0079138,7227,CG7025
COG2866,32,0.8677,7.333,1.12e-13,7.14e-10,Metamonada,FBpp0079139,7227,CG18585
COG2866,32,0.8677,7.333,1.12e-13,7.14e-10,Metamonada,FBpp0079463,7227,CG4017
COG2866,32,0.8677,7.333,1.12e-13,7.14e-10,Metamonada,FBpp0079464,7227,CG17633
COG2866,32,0.8677,7.333,1.12e-13,7.14e-10,Metamonada,FBpp0083823,7227,CG4408
COG2866,32,0.8677,7.333,1.12e-13,7.14e-10,Metamonada,FBpp0085027,7227,CG31019
COG2866,32,0.8677,7.333,1.12e-13,7.14e-10,Metamonada,FBpp0086967,7227,CG12374
COG2866,32,0.8677,7.333,1.12e-13,7.14e-10,Metamonada,FBpp0087954,7227,CG2915
COG2866,32,0.8677,7.333,1.12e-13,7.14e-10,Metamonada,FBpp0112354,7227,CG32628
COG2866,32,0.8677,7.333,1.12e-13,7.14e-10,Metamonada,FBpp0271927,7227,CG32379
COG2866,32,0.8677,7.333,1.12e-13,7.14e-10,Metamonada,FBpp0288871,7227,CG42264
COG2866,32,0.8677,7.333,1.12e-13,7.14e-10,Metamonada,FBpp0297398,7227,CG43235
COG2866,32,0.8677,7.333,1.12e-13,7.14e-10,Metamonada,FBpp0304235,7227,CG8564
COG2866,32,0.8677,7.333,1.12e-13,7.14e-10,Metamonada,FBpp0304455,7227,CG8539
COG2866,32,0.8677,7.333,1.12e-13,7.14e-10,Metamonada,FBpp0304970,7227,CG8563
KOG1705,32,0.9066,7.326,1.18e-13,7.53e-10,Metamonada,FBpp0078894,7227,CG9548
COG1631,32,0.8182,7.325,1.19e-13,7.59e-10,Metamonada,FBpp0079168,7227,RpL36A
COG4870,32,0.8777,7.325,1.2e-13,7.63e-10,Metamonada,FBpp0073669,7227,CtsB1
COG4870,32,0.8777,7.325,1.2e-13,7.63e-10,Metamonada,FBpp0075508,7227,26-29-p
COG4870,32,0.8777,7.325,1.2e-13,7.63e-10,Metamonada,FBpp0078272,7227,CG11459
COG4870,32,0.8777,7.325,1.2e-13,7.63e-10,Metamonada,FBpp0078465,7227,CG12163
COG4870,32,0.8777,7.325,1.2e-13,7.63e-10,Metamonada,FBpp0079644,7227,CG5367
COG4870,32,0.8777,7.325,1.2e-13,7.63e-10,Metamonada,FBpp0085735,7227,cer
COG4870,32,0.8777,7.325,1.2e-13,7.63e-10,Metamonada,FBpp0086091,7227,CG4847
COG4870,32,0.8777,7.325,1.2e-13,7.63e-10,Metamonada,FBpp0086719,7227,Cp1
COG4870,32,0.8777,7.325,1.2e-13,7.63e-10,Metamonada,FBpp0086763,7227,CG6347
COG4870,32,0.8777,7.325,1.2e-13,7.63e-10,Metamonada,FBpp0086764,7227,CG6357
COG4870,32,0.8777,7.325,1.2e-13,7.63e-10,Metamonada,FBpp0086772,7227,CG6337
COG5112,32,0.8694,7.313,1.31e-13,8.33e-10,Metamonada,FBpp0070952,7227,CG3224
KOG0296,32,0.9079,7.309,1.35e-13,8.57e-10,Metamonada,FBpp0301081,7227,CG5114
COG1260,32,0.8188,7.301,1.43e-13,9.09e-10,Metamonada,FBpp0088368,7227,Inos
KOG3205,32,0.8764,7.296,1.48e-13,9.41e-10,Metamonada,FBpp0074665,7227,RhoGDI
KOG0640,32,0.814,7.293,1.52e-13,9.67e-10,Metamonada,FBpp0085224,7227,CstF-50
COG5308,32,0.8867,7.288,1.5700000000000001e-13,9.98e-10,Metamonada,FBpp0088820,7227,Nup154
KOG0666,32,0.8347,7.284,1.62e-13,1.03e-9,Metamonada,FBpp0076098,7227,Cdk8
KOG3305,32,0.8098,7.276,1.72e-13,1.1e-9,Metamonada,FBpp0298040,7227,CG14903
KOG0267,32,0.8431,7.265,1.87e-13,1.19e-9,Metamonada,FBpp0074025,7227,kat80
KOG0267,32,0.8431,7.265,1.87e-13,1.19e-9,Metamonada,FBpp0291686,7227,CG40583
COG5155,32,0.905,7.249,2.1e-13,1.34e-9,Metamonada,FBpp0076831,7227,Sse
KOG2157,32,0.8307,7.243,2.2e-13,1.4e-9,Metamonada,FBpp0073200,7227,CG32238
KOG2157,32,0.8307,7.243,2.2e-13,1.4e-9,Metamonada,FBpp0074177,7227,CG8918
KOG2157,32,0.8307,7.243,2.2e-13,1.4e-9,Metamonada,FBpp0078935,7227,TTLL3A
KOG2157,32,0.8307,7.243,2.2e-13,1.4e-9,Metamonada,FBpp0084177,7227,CG31108
KOG2157,32,0.8307,7.243,2.2e-13,1.4e-9,Metamonada,FBpp0289333,7227,TTLL3B
COG1443,32,0.8247,7.236,2.32e-13,1.48e-9,Metamonada,FBpp0083457,7227,CG5919
COG3407,32,0.8734,7.233,2.36e-13,1.5e-9,Metamonada,FBpp0073903,7227,CG8239
COG1190,32,0.9369,7.233,2.37e-13,1.51e-9,Metamonada,FBpp0071302,7227,Aats-lys
COG0225,32,0.8114,7.231,2.4e-13,1.53e-9,Metamonada,FBpp0075308,7227,Eip71CD
COG1245,32,0.8384,7.216,2.67e-13,1.7e-9,Metamonada,FBpp0076284,7227,pix
COG0520,32,0.7526,7.192,3.19e-13,2.03e-9,Metamonada,FBpp0076998,7227,mal
KOG2352,32,0.8401,7.192,3.2e-13,2.04e-9,Metamonada,FBpp0080918,7227,CG2614
KOG2104,32,0.8609,7.17,3.74e-13,2.38e-9,Metamonada,FBpp0080616,7227,Ntf-2r
KOG2104,32,0.8609,7.17,3.74e-13,2.38e-9,Metamonada,FBpp0305904,7227,Ntf-2
KOG3213,32,0.8069,7.167,3.83e-13,2.44e-9,Metamonada,FBpp0079634,7227,Bug22
KOG3213,32,0.8069,7.167,3.83e-13,2.44e-9,Metamonada,FBpp0079700,7227,CG17118
COG5542,32,0.7382,7.158,4.1e-13,2.61e-9,Metamonada,FBpp0086200,7227,veg
KOG2500,32,0.7899,7.15,4.33e-13,2.76e-9,Metamonada,FBpp0074128,7227,CG9132
COG0295,32,0.8075,7.133,4.92e-13,3.13e-9,Metamonada,FBpp0079215,7227,CG8349
COG0295,32,0.8075,7.133,4.92e-13,3.13e-9,Metamonada,FBpp0304687,7227,CG8360
COG0295,32,0.8075,7.133,4.92e-13,3.13e-9,Metamonada,FBpp0304688,7227,CG8353
COG4642,32,0.8117,7.104,6.08e-13,3.87e-9,Metamonada,FBpp0072352,7227,CG30429
COG4642,32,0.8117,7.104,6.08e-13,3.87e-9,Metamonada,FBpp0076108,7227,CG3222
COG4642,32,0.8117,7.104,6.08e-13,3.87e-9,Metamonada,FBpp0076109,7227,CG3306
COG4642,32,0.8117,7.104,6.08e-13,3.87e-9,Metamonada,FBpp0078116,7227,Als2
COG4642,32,0.8117,7.104,6.08e-13,3.87e-9,Metamonada,FBpp0078467,7227,rtp
COG4642,32,0.8117,7.104,6.08e-13,3.87e-9,Metamonada,FBpp0079456,7227,jp
COG4642,32,0.8117,7.104,6.08e-13,3.87e-9,Metamonada,FBpp0080018,7227,CG5458
COG4642,32,0.8117,7.104,6.08e-13,3.87e-9,Metamonada,FBpp0085980,7227,CG14490
KOG3504,32,0.7514,7.103,6.1e-13,3.88e-9,Metamonada,FBpp0071518,7227,RpL29
COG1976,32,0.7663,7.103,6.11e-13,3.89e-9,Metamonada,FBpp0072144,7227,eIF6
KOG4115,32,0.7409,7.086,6.89e-13,4.39e-9,Metamonada,FBpp0072204,7227,CG16837
KOG4115,32,0.7409,7.086,6.89e-13,4.39e-9,Metamonada,FBpp0072579,7227,robl62A
KOG4115,32,0.7409,7.086,6.89e-13,4.39e-9,Metamonada,FBpp0080683,7227,robl37BC
KOG4115,32,0.7409,7.086,6.89e-13,4.39e-9,Metamonada,FBpp0082792,7227,CG31275
KOG4115,32,0.7409,7.086,6.89e-13,4.39e-9,Metamonada,FBpp0085297,7227,CG10834
KOG4115,32,0.7409,7.086,6.89e-13,4.39e-9,Metamonada,FBpp0085641,7227,CG10822
KOG4115,32,0.7409,7.086,6.89e-13,4.39e-9,Metamonada,FBpp0086076,7227,robl
KOG4115,32,0.7409,7.086,6.89e-13,4.39e-9,Metamonada,FBpp0111300,7227,robls54B
KOG4115,32,0.7409,7.086,6.89e-13,4.39e-9,Metamonada,FBpp0303868,7227,robl22E
KOG1075,32,0.8235,7.082,7.12e-13,4.53e-9,Metamonada,FBpp0088302,7227,CG11231
COG5409,32,0.8266,7.08,7.19e-13,4.58e-9,Metamonada,FBpp0070578,7227,CG2901
COG5409,32,0.8266,7.08,7.19e-13,4.58e-9,Metamonada,FBpp0074304,7227,CG7536
COG5409,32,0.8266,7.08,7.19e-13,4.58e-9,Metamonada,FBpp0076785,7227,CG10483
COG5409,32,0.8266,7.08,7.19e-13,4.58e-9,Metamonada,FBpp0080847,7227,CG10481
KOG1727,32,0.8106,7.071,7.7e-13,4.91e-9,Metamonada,FBpp0081820,7227,Tctp
COG1258,32,0.8327,7.067,7.9e-13,5.03e-9,Metamonada,FBpp0077806,7227,CG3709
KOG0589,32,0.8295,7.042,9.46e-13,6.02e-9,Metamonada,FBpp0084112,7227,niki
KOG3150,32,0.8216,7.041,9.56e-13,6.09e-9,Metamonada,FBpp0079250,7227,CG8372
COG2260,32,0.7175,7.01,1.19e-12,7.56e-9,Metamonada,FBpp0087347,7227,CG7637
COG1227,32,0.7135,6.991,1.37e-12,8.72e-9,Metamonada,FBpp0070373,7227,pn
KOG2922,32,0.754,6.962,1.68e-12,1.07e-8,Metamonada,FBpp0079978,7227,spict
KOG1167,32,0.7218,6.935,2.03e-12,1.29e-8,Metamonada,FBpp0070911,7227,l(1)G0148
KOG1167,32,0.7218,6.935,2.03e-12,1.29e-8,Metamonada,FBpp0080603,7227,CG5790
KOG3207,32,0.7754,6.932,2.07e-12,1.32e-8,Metamonada,FBpp0085327,7227,Tbce
COG0394,32,0.7652,6.916,2.32e-12,1.48e-8,Metamonada,FBpp0082309,7227,CG31469
COG0394,32,0.7652,6.916,2.32e-12,1.48e-8,Metamonada,FBpp0083110,7227,CG14297
COG0394,32,0.7652,6.916,2.32e-12,1.48e-8,Metamonada,FBpp0099893,7227,primo-1
COG0394,32,0.7652,6.916,2.32e-12,1.48e-8,Metamonada,FBpp0100064,7227,primo-2
KOG1940,32,0.7615,6.874,3.13e-12,1.99e-8,Metamonada,FBpp0078901,7227,CG16947
KOG1308,32,0.7541,6.87,3.21e-12,2.04e-8,Metamonada,FBpp0070573,7227,HIP-R
KOG1308,32,0.7541,6.87,3.21e-12,2.04e-8,Metamonada,FBpp0070575,7227,HIP
KOG0597,32,0.7709,6.834,4.14e-12,2.64e-8,Metamonada,FBpp0074373,7227,fu
COG0075,32,0.687,6.8,5.23e-12,3.33e-8,Metamonada,FBpp0070875,7227,Spat
COG2053,32,0.6926,6.795,5.43e-12,3.46e-8,Metamonada,FBpp0071295,7227,RpS28b
COG2053,32,0.6926,6.795,5.43e-12,3.46e-8,Metamonada,FBpp0084966,7227,RpS28a
KOG1242,32,0.7573,6.772,6.37e-12,4.06e-8,Metamonada,FBpp0112471,7227,CG17514
COG5411,32,0.7498,6.768,6.53e-12,4.16e-8,Metamonada,FBpp0070304,7227,Ocrl
COG5411,32,0.7498,6.768,6.53e-12,4.16e-8,Metamonada,FBpp0071670,7227,Synj
COG5411,32,0.7498,6.768,6.53e-12,4.16e-8,Metamonada,FBpp0075739,7227,CG10426
COG5411,32,0.7498,6.768,6.53e-12,4.16e-8,Metamonada,FBpp0086120,7227,CG6805
COG5411,32,0.7498,6.768,6.53e-12,4.16e-8,Metamonada,FBpp0302002,7227,CG9784
COG0708,32,0.7246,6.687,1.14e-11,7.23e-8,Metamonada,FBpp0288680,7227,Rrp1
COG0069,32,0.6992,6.624,1.75e-11,1.12e-7,Metamonada,FBpp0297083,7227,CG9674
KOG3378,32,0.6974,6.583,2.3e-11,1.47e-7,Metamonada,FBpp0082699,7227,glob1
KOG3360,32,0.657,6.54,3.07e-11,1.95e-7,Metamonada,FBpp0071291,7227,CG10970
KOG3360,32,0.657,6.54,3.07e-11,1.95e-7,Metamonada,FBpp0078714,7227,CG14022
KOG3360,32,0.657,6.54,3.07e-11,1.95e-7,Metamonada,FBpp0080132,7227,Acyp
KOG3360,32,0.657,6.54,3.07e-11,1.95e-7,Metamonada,FBpp0082628,7227,Acyp2
KOG3360,32,0.657,6.54,3.07e-11,1.95e-7,Metamonada,FBpp0086725,7227,CG18371
KOG3360,32,0.657,6.54,3.07e-11,1.95e-7,Metamonada,FBpp0290228,7227,CG34161
KOG3360,32,0.657,6.54,3.07e-11,1.95e-7,Metamonada,FBpp0300420,7227,CG11052
KOG3808,32,0.6916,6.43,6.4e-11,4.07e-7,Metamonada,FBpp0289451,7227,ksh
COG1253,32,0.7044,6.367,9.65e-11,6.15e-7,Metamonada,FBpp0291436,7227,uex
COG2872,32,0.6609,6.326,1.26e-10,8.01e-7,Metamonada,FBpp0070543,7227,CG10802
KOG2182,32,0.6687,6.309,1.41e-10,8.96e-7,Metamonada,FBpp0076608,7227,CG9953
KOG2182,32,0.6687,6.309,1.41e-10,8.96e-7,Metamonada,FBpp0083169,7227,CG3734
KOG2182,32,0.6687,6.309,1.41e-10,8.96e-7,Metamonada,FBpp0083170,7227,CG18493
KOG2182,32,0.6687,6.309,1.41e-10,8.96e-7,Metamonada,FBpp0083171,7227,CG3739
KOG2182,32,0.6687,6.309,1.41e-10,8.96e-7,Metamonada,FBpp0112159,7227,CG11626
COG0778,32,0.6086,6.22,2.49e-10,1.58e-6,Metamonada,FBpp0075964,7227,CG6279
COG1454,32,0.5994,6.056,6.96e-10,4.43e-6,Metamonada,FBpp0071759,7227,T3dh
COG1720,32,0.5764,5.9,1.82e-9,1.16e-5,Metamonada,FBpp0087917,7227,CG12822
COG1720,32,0.5764,5.9,1.82e-9,1.16e-5,Metamonada,FBpp0088442,7227,CG18853
COG0328,32,0.5905,5.838,2.65e-9,1.69e-5,Metamonada,FBpp0087959,7227,rnh1
KOG0012,32,0.5512,5.777,3.81e-9,2.43e-5,Metamonada,FBpp0074054,7227,rngo
COG1078,32,0.5663,5.645,8.27e-9,5.27e-5,Metamonada,FBpp0288723,7227,fal
COG1836,32,0.5423,5.577,1.22e-8,7.77e-5,Metamonada,FBpp0075599,7227,CG10171
